seed,cell_id,class,model,nucleus_dice,cytoplasm_dice,foreground_dice,gt_nucleus_area,pred_nucleus_area,gt_cytoplasm_area,pred_cytoplasm_area,gt_nc,gt_circularity,nucleus_area_absolute_error,cytoplasm_area_absolute_error,pred_nc,nc_absolute_error,nc_relative_error,invalid_nc,pred_circularity,circularity_absolute_error,invalid_circularity,best_epoch,high_dice,high_nc_error,high_circularity_error
20260803,148497676-148497704-001,light_dysplastic,baseline,0.9763608761656908,0.8928368391131325,0.9345988576394116,2267,2344,7509,6563,0.3019043814089759,0.6398347308570745,77.0,946.0,0.3571537406673777,0.0552493592584018,0.183002234013041,False,0.7952673800483414,0.15543264919126687,False,11,True,False,False
20260803,148499274-148499302-001,light_dysplastic,baseline,0.9379860418743768,0.9166164213513034,0.9273012316128402,2529,2486,13429,14766,0.1883237769007372,0.6657502278352142,43.0,1337.0,0.16835974536096437,0.01996403153977283,0.10600852351093204,False,0.7269859237285954,0.06123569589338118,False,11,True,False,False
20260803,148499383-148499424-002,light_dysplastic,baseline,0.9334399360383769,0.8200979833656147,0.8767689597019959,2440,2563,10031,7523,0.24324593759346028,0.6783181650314228,123.0,2508.0,0.3406885550977004,0.09744261750424013,0.4005913433824866,False,0.7869384870747406,0.10862032204331773,False,11,False,False,False
20260803,148500154-148500165-001,light_dysplastic,baseline,0.7844387755102041,0.7764302339826045,0.7804345047464043,3734,5674,18917,13735,0.19738859227150182,0.7100987743205729,1940.0,5182.0,0.41310520567892245,0.21571661340742063,1.0928469476278704,False,0.612582244013201,0.09751653030737184,False,11,False,False,False
20260803,148503400-148503424-001,light_dysplastic,baseline,0.8773483628556092,0.8508035910858877,0.8640759769707484,3292,4160,19817,21062,0.16611999798153101,0.4763918584290513,868.0,1245.0,0.19751210711233502,0.03139210913080401,0.18897134927093392,False,0.5349611643408756,0.0585693059118243,False,11,False,False,False
20260803,148503900-148503914-001,light_dysplastic,baseline,0.9755631399317406,0.6757304020827307,0.8256467710072357,3735,3590,5950,4421,0.6277310924369748,0.8305136068540933,145.0,1529.0,0.812033476589007,0.18430238415203226,0.29360038521614457,False,0.824676326543463,0.005837280310630244,False,11,False,False,False
20260803,148719308-148719348-002,light_dysplastic,baseline,0.9808670380237345,0.8923777019340159,0.9366223699788752,2046,2083,4789,4001,0.4272290666109835,0.8505773892134673,37.0,788.0,0.5206198450387404,0.0933907784277569,0.21859598779782125,False,0.8365034804011445,0.014073908812322733,False,11,True,False,False
20260803,148881729-148881744-001,light_dysplastic,baseline,0.8270855904658722,0.8193820998072803,0.8232338451365762,5413,3817,39472,44069,0.13713518443453587,0.7994318713980407,1596.0,4597.0,0.08661417322834646,0.05052101120618942,0.36840029795568957,False,0.5436328051090636,0.2557990662889771,False,11,False,False,True
20260803,148884702-148884710-002,light_dysplastic,baseline,0.737546468401487,0.7998026250863515,0.7686745467439192,3968,6792,25800,24865,0.1537984496124031,0.7439455752042625,2824.0,935.0,0.2731550372008848,0.1193565875884817,0.7760534116947595,False,0.49279242783530225,0.2511531473689603,False,11,False,False,True
20260803,149014929-149015008-002,moderate_dysplastic,baseline,0.6383380547686497,0.4496021220159151,0.5439700883922824,2366,5047,5774,7798,0.4097679251818497,0.7786864630450933,2681.0,2024.0,0.6472172351885098,0.23744931000666014,0.5794712468772089,False,0.5813285620825253,0.197357900962568,False,11,False,False,True
20260803,149053423-149053447-001,light_dysplastic,baseline,0.9539340954942838,0.8430246098905364,0.8984793526924101,5932,5964,13767,11995,0.43088545071547907,0.8192906222350413,32.0,1772.0,0.4972071696540225,0.06632171893854344,0.15391924909316002,False,0.7451645032554741,0.07412611897956722,False,11,True,False,False
20260803,149054526-149054563-001,light_dysplastic,baseline,0.7153629712999438,0.5554020100502512,0.6353824906750976,3179,5706,6949,8971,0.4574758958123471,0.6895983343433245,2527.0,2022.0,0.6360494928101661,0.178573596997819,0.390344514952441,False,0.3681821999112851,0.3214161344320394,False,11,False,False,True
20260803,149056321-149056360-003,severe_dysplastic,baseline,0.9530120481927711,0.9310327828444663,0.9420224155186188,3216,3424,10295,9990,0.31238465274405053,0.7954415176954409,208.0,305.0,0.34274274274274275,0.030358089998692217,0.0971814477778394,False,0.699141119007897,0.09630039868754392,False,11,True,False,False
20260803,149056410-149056458-005,severe_dysplastic,baseline,0.9433534743202417,0.8052417532760958,0.8742976137981688,1297,1351,1089,1124,1.1910009182736456,0.6152844525160559,54.0,35.0,1.2019572953736655,0.010956377100019843,0.009199294251264587,False,0.7208598601734251,0.10557540765736917,False,11,False,False,False
20260803,149056785-149056813-002,severe_dysplastic,baseline,0.9591950810508664,0.9009489916963227,0.9300720363735946,1716,1862,3337,3407,0.5142343422235541,0.8126534754623163,146.0,70.0,0.5465218667449369,0.03228752452138273,0.06278744743947672,False,0.8496318673777695,0.03697839191545327,False,11,True,False,False
20260803,149056933-149056982-005,severe_dysplastic,baseline,0.9250645994832042,0.7483296213808464,0.8366971104320253,1664,1432,3638,4893,0.45739417262231996,0.7204659857689807,232.0,1255.0,0.2926629879419579,0.16473118468036207,0.3601506848791861,False,0.7258696184806317,0.0054036327116510074,False,11,False,False,False
20260803,149057164-149057197-001,severe_dysplastic,baseline,0.9221499156423234,0.5597722960151803,0.7409611058287519,2011,2138,1613,2603,1.2467451952882826,0.4789457772287188,127.0,990.0,0.8213599692662312,0.4253852260220514,0.3411963297980552,False,0.5863314334059319,0.10738565617721307,False,11,False,True,False
20260803,149057812-149057847-002,moderate_dysplastic,baseline,0.9388613489559862,0.633200094051258,0.7860307215036221,3516,3141,3196,5310,1.100125156445557,0.8353069215046935,375.0,2114.0,0.5915254237288136,0.5085997327167434,0.4623103720758711,False,0.844199983439004,0.008893061934310498,False,11,False,True,False
20260803,149058262-149058288-001,moderate_dysplastic,baseline,0.851326341764343,0.8102884329467737,0.8308073873555584,2070,2793,6453,6999,0.3207810320781032,0.62303769660094,723.0,546.0,0.39905700814402056,0.07827597606591735,0.24401608643360337,False,0.7745294201899747,0.15149172358903473,False,11,False,False,False
20260803,149058262-149058288-003,moderate_dysplastic,baseline,0.9345664739884393,0.8463855421686747,0.890476008078557,2299,2026,7450,9814,0.3085906040268456,0.7909223233535917,273.0,2364.0,0.20643977990625637,0.10215082412058926,0.33102269403189194,False,0.8446824559271795,0.053760132573587804,False,11,True,False,False
20260803,149059215-149059228-001,light_dysplastic,baseline,0.8441358024691358,0.8449450112627535,0.8445404068659446,2241,1647,16683,21052,0.13432835820895522,0.8497180326460076,594.0,4369.0,0.07823484704541137,0.05609351116354386,0.41758191888543034,False,0.48059777887834887,0.3691202537676588,False,11,False,False,True
20260803,149061548-149061568-002,severe_dysplastic,baseline,0.9719067543335326,0.8456199138343705,0.9087633340839516,3439,3253,3816,4540,0.9012054507337526,0.8046944019384197,186.0,724.0,0.7165198237885463,0.1846856269452063,0.2049315412632003,False,0.7725826384383174,0.03211176350010225,False,11,True,False,False
20260803,149061666-149061699-001,moderate_dysplastic,baseline,0.9751856547726862,0.6651990035339783,0.8201923291533322,2774,2747,5945,11316,0.46661059714045416,0.7605615005286058,27.0,5371.0,0.2427536231884058,0.22385697395204837,0.4797501290664781,False,0.7785458089558809,0.017984308427275053,False,11,False,False,False
20260803,149061666-149061726-001,light_dysplastic,baseline,0.9331919406150583,0.7775611596754921,0.8553765501452752,2508,2207,6418,9483,0.3907759426612652,0.7750387847763173,301.0,3065.0,0.23273225772434883,0.15804368493691637,0.40443451924417256,False,0.7345205187209695,0.04051826605534781,False,11,False,False,False
20260803,149062593-149062608-001,moderate_dysplastic,baseline,0.8819299466481095,0.6373517786561265,0.759640862652118,3802,4820,4158,3938,0.9143819143819144,0.7472263193728476,1018.0,220.0,1.2239715591670899,0.3095896447851755,0.3385776789086719,False,0.8223539475715791,0.07512762819873153,False,11,False,True,False
20260803,149096927-149096943-002,severe_dysplastic,baseline,0.7218755270703323,0.3890063424947146,0.5554409347825234,3784,2145,2029,8377,1.8649581074420898,0.4330859477112478,1639.0,6348.0,0.2560582547451355,1.6088998526969542,0.8626998019831453,False,0.5303018809390629,0.09721593322781513,False,11,False,True,False
20260803,149099398-149099421-001,light_dysplastic,baseline,0.9401840490797546,0.7811494424904587,0.8606667457851067,4833,4295,22296,31156,0.21676533907427342,0.6548874796990576,538.0,8860.0,0.13785466683784825,0.07891067223642517,0.3640356365910991,False,0.6748729572249773,0.019985477525919726,False,11,False,False,False
20260803,149099502-149099544-001,moderate_dysplastic,baseline,0.7841028884672149,0.8105006455314876,0.7973017669993512,3719,5767,10653,10260,0.34910353890922746,0.7173746319967647,2048.0,393.0,0.5620857699805069,0.2129822310712794,0.6100815295519777,False,0.55586539657769,0.1615092354190747,False,11,False,False,False
20260803,149101620-149101650-002,moderate_dysplastic,baseline,0.9851247064086791,0.7675348919903991,0.8763297991995391,4441,4500,4863,6386,0.9132222907670162,0.8268161556578415,59.0,1523.0,0.7046664578766051,0.20855583289041113,0.22837331789385823,False,0.8740958313611915,0.04727967570335001,False,11,False,False,False
20260803,149102510-149102527-003,moderate_dysplastic,baseline,0.964776496604012,0.8192771084337349,0.8920268025188735,3124,3207,4465,5412,0.6996640537513997,0.7885519221222621,83.0,947.0,0.5925720620842572,0.10709199166714256,0.15306179877492318,False,0.6670312310638972,0.12152069105836494,False,11,True,False,False
20260803,149105131-149105155-002,severe_dysplastic,baseline,0.9569995222169135,0.8884540117416829,0.9227267669792982,2083,2103,3072,3060,0.6780598958333334,0.7474148451163989,20.0,12.0,0.6872549019607843,0.009195006127450944,0.01356073795724546,False,0.8064290328831042,0.059014187766705306,False,11,True,False,False
20260803,149105131-149105155-003,severe_dysplastic,baseline,0.7517455391776571,0.7145379635079459,0.7331417513428015,969,1609,1869,1529,0.5184590690208668,0.5936821150517075,640.0,340.0,1.052321778940484,0.5338627099196172,1.02970844201722,False,0.858121981548532,0.2644398664968245,False,11,False,True,True
20260803,149105131-149105205-002,moderate_dysplastic,baseline,0.9466844385204932,0.792044457443697,0.8693644479820951,3104,2898,5889,7787,0.5270843946340635,0.7732303653793138,206.0,1898.0,0.3721587260819314,0.15492566855213213,0.2939289726661682,False,0.6347118103855143,0.1385185549937995,False,11,False,False,False
20260803,149143370-149143378-002,carcinoma_in_situ,baseline,0.7683573050719152,0.2367713004484305,0.5025643027601728,2034,3250,1755,2705,1.158974358974359,0.1562956438743513,1216.0,950.0,1.201478743068392,0.0425043840940329,0.03667410507471648,False,0.7149456125721538,0.5586499686978026,False,11,False,False,True
20260803,149143469-149143479-002,severe_dysplastic,baseline,0.783391695847924,0.5940505764698388,0.6887211361588814,3006,2991,4875,10824,0.6166153846153846,0.7290218844541125,15.0,5949.0,0.276330376940133,0.34028500767525155,0.5518585236548731,False,0.663940606313963,0.06508127814014952,False,11,False,True,False
20260803,149146635-149146651-001,carcinoma_in_situ,baseline,0.9638445991466427,0.5915826911677534,0.777713645157198,2286,2167,1644,3417,1.3905109489051095,0.6275516698945508,119.0,1773.0,0.6341820310213637,0.7563289178837458,0.5439211928234633,False,0.654559955128624,0.02700828523407317,False,11,False,True,False
20260803,149146886-149146936-002,carcinoma_in_situ,baseline,0.9843953185955787,0.6669997501873595,0.8256975343914691,3083,3069,1493,2510,2.0649698593436034,0.8137730539702447,14.0,1017.0,1.2227091633466136,0.8422606959969898,0.4078801849362276,False,0.8421143608120542,0.028341306841809466,False,11,False,True,False
20260803,149147848-149147864-001,carcinoma_in_situ,baseline,0.7294441892512632,0.5900591337701774,0.6597516615107203,2766,1588,4433,8081,0.6239566884728175,0.5153142750993217,1178.0,3648.0,0.1965103328795941,0.4274463555932234,0.6850566368361128,False,0.40538675068786056,0.10992752441146114,False,11,False,True,False
20260803,149148124-149148181-001,carcinoma_in_situ,baseline,0.9744360902255639,0.8087543144022592,0.8915952023139115,7470,7825,5849,6899,1.2771413916908874,0.7040223167426077,355.0,1050.0,1.1342223510653717,0.14291904062551564,0.11190532986403837,False,0.7997004866761467,0.09567816993353895,False,11,True,False,False
20260803,149148124-149148181-004,carcinoma_in_situ,baseline,0.9371664658288862,0.8184487821730869,0.8778076240009866,2759,3050,2933,2856,0.9406750767132629,0.662234560235989,291.0,77.0,1.0679271708683473,0.12725209415508443,0.13527727270337866,False,0.8445922519585818,0.18235769172259275,False,11,False,False,True
20260803,149181806-149181819-002,severe_dysplastic,baseline,0.966669840967527,0.7893856715367012,0.8780277562521142,10775,10227,9466,13258,1.138284386224382,0.8329012682232401,548.0,3792.0,0.7713833157338965,0.3669010704904856,0.3223278405668304,False,0.7575954700745061,0.07530579814873395,False,11,False,True,False
20260803,149182550-149182571-003,carcinoma_in_situ,baseline,0.9696805630752572,0.8046669757379076,0.8871737694065824,3596,3792,5455,7487,0.659211732355637,0.8380733860563566,196.0,2032.0,0.5064778950180312,0.15273383733760582,0.2316912733038776,False,0.8150386868862838,0.023034699170072837,False,11,False,False,False
20260803,149182550-149182608-002,carcinoma_in_situ,baseline,0.9548064918851435,0.6355228835665164,0.79516468772583,1960,2045,1569,2648,1.2492033142128744,0.7079267972010039,85.0,1079.0,0.7722809667673716,0.4769223474455029,0.3817809000651846,False,0.7674888508793922,0.059562053678388294,False,11,False,True,False
20260803,149182550-149182608-005,carcinoma_in_situ,baseline,0.923492835901595,0.6932862190812721,0.8083895274914336,1833,1866,1370,1460,1.337956204379562,0.5451279927649001,33.0,90.0,1.2780821917808218,0.059874012598740256,0.04475031966848675,False,0.7302112325570342,0.18508323979213415,False,11,False,False,True
20260803,149182657-149182667-002,carcinoma_in_situ,baseline,0.9451073985680191,0.6534172147555047,0.7992623066617619,1541,1392,2357,4637,0.6537971998302927,0.6164091548128765,149.0,2280.0,0.3001940910071167,0.353603108823176,0.5408444209772393,False,0.7644161356348215,0.14800698082194497,False,11,False,True,False
20260803,149185405-149185423-002,carcinoma_in_situ,baseline,0.8697229219143576,0.4096897577560561,0.6397063398352069,5603,4322,1060,3646,5.285849056603774,0.5937204498620198,1281.0,2586.0,1.1854086670323642,4.10044038957141,0.7757390666896811,False,0.6563431060745493,0.06262265621252949,False,11,False,True,False
20260803,149185604-149185629-001,carcinoma_in_situ,baseline,0.8435343364634008,0.6367027891277314,0.7401185627955661,5111,3728,1954,3675,2.615660184237462,0.6163103413830081,1383.0,1721.0,1.014421768707483,1.6012384155299788,0.6121734822458607,False,0.7562830600271371,0.13997271864412897,False,11,False,True,False
20260803,149185698-149185721-004,carcinoma_in_situ,baseline,0.8949443016281062,0.6370921579851173,0.7660182298066118,3224,2611,1372,2122,2.3498542274052476,0.7773846964419787,613.0,750.0,1.2304429783223374,1.1194112490829102,0.47637455960169267,False,0.8129578823447896,0.03557318590281089,False,11,False,True,False
20260803,149185850-149185864-001,carcinoma_in_situ,baseline,0.8793762421648066,0.7863960209705606,0.8328861315676837,3575,2966,3098,4341,1.1539703034215623,0.7021903896136864,609.0,1243.0,0.6832527067495968,0.47071759667196544,0.40791100721159407,False,0.7725646930326193,0.07037430341893292,False,11,False,True,False
20260803,149187049-149187073-001,carcinoma_in_situ,baseline,0.9411962931760741,0.751357220412595,0.8462767567943346,3127,2808,1603,2081,1.9507174048658764,0.6744910877577139,319.0,478.0,1.3493512734262374,0.601366131439639,0.30827931388743246,False,0.7524902445659568,0.07799915680824288,False,11,False,True,False
20260803,149315229-149315291-003,severe_dysplastic,baseline,0.9688149688149689,0.6468916079594611,0.8078532883872149,6602,6385,3154,4937,2.0932149651236527,0.7858870908255164,217.0,1783.0,1.2932955235973262,0.7999194415263264,0.38214854790631825,False,0.8420486400000021,0.05616154917448568,False,11,False,True,False
20260803,149315960-149315967-001,moderate_dysplastic,baseline,0.7937706465313827,0.41901665078208217,0.6063936486567325,5078,7636,6094,11743,0.833278634722678,0.7485030564377804,2558.0,5649.0,0.6502597292003747,0.18301890552230338,0.2196368396585301,False,0.4827154492573458,0.2657876071804346,False,11,False,False,True
20260803,149316117-149316122-002,carcinoma_in_situ,baseline,0.8181283107710418,0.7040187738339689,0.7610735423025053,1520,1878,1884,1525,0.8067940552016986,0.47355711809357637,358.0,359.0,1.2314754098360656,0.42468135463436707,0.5263807108091371,False,0.7410431145932607,0.2674859964996843,False,11,False,True,True
20260803,149316426-149316462-001,carcinoma_in_situ,baseline,0.933939393939394,0.7454991816693944,0.8397192878043942,1624,1676,1085,1359,1.4967741935483871,0.6918573469705027,52.0,274.0,1.2332597498160411,0.263514443732346,0.1760547909052631,False,0.7425058556466531,0.05064850867615034,False,11,False,True,False
20260803,149317002-149317010-001,severe_dysplastic,baseline,0.9694271297120808,0.8506995197327208,0.9100633247224008,1645,1724,2252,2537,0.7304618117229129,0.8387738467016614,79.0,285.0,0.6795427670476941,0.050919044675218794,0.0697079219613085,False,0.8361484057515839,0.002625440950077551,False,11,True,False,False
20260803,149317114-149317152-004,carcinoma_in_situ,baseline,0.9564068692206077,0.8642551536367172,0.9103310114286625,1185,1086,1217,1354,0.9737058340180772,0.7901103991573756,99.0,137.0,0.8020679468242246,0.17163788719385265,0.17627265332582243,False,0.8052722970792711,0.015161897921895484,False,11,True,False,False
20260803,149317204-149317230-001,severe_dysplastic,baseline,0.906986712387484,0.8125253070589823,0.8597560097232331,3720,3279,3332,4077,1.1164465786314526,0.6524422450492672,441.0,745.0,0.8042678440029434,0.3121787346285092,0.27961790647723883,False,0.7729072009877272,0.12046495593846007,False,11,False,True,False
20260803,149788716-149788727-003,light_dysplastic,baseline,0.887591677892531,0.8893698657090855,0.8884807718008083,3157,3524,9655,10674,0.32698083894355257,0.7401312495103445,367.0,1019.0,0.3301480232340266,0.0031671842904740233,0.00968611682137117,False,0.6745230734323504,0.06560817607799407,False,11,False,False,False
20260803,153276386-153276405-004,moderate_dysplastic,baseline,0.9726654641320938,0.7618250780901383,0.867245271111116,3544,3663,7547,10381,0.46959056578773023,0.7660305842055309,119.0,2834.0,0.3528561795588094,0.11673438622892085,0.24858705891171898,False,0.7579868159861867,0.008043768219344272,False,11,False,False,False
20260803,153314759-153314767-002,light_dysplastic,baseline,0.9881242387332522,0.7398347642961283,0.8639795015146903,3260,3308,4855,7491,0.6714727085478888,0.8523469905986318,48.0,2636.0,0.4415965825657456,0.2298761259821432,0.3423456839125797,False,0.8556934798880069,0.0033464892893750875,False,11,False,False,False
20260803,153314857-153314882-002,light_dysplastic,baseline,0.8313825472244756,0.7949957350014216,0.8131891411129486,7387,9871,18219,20468,0.405455842801471,0.7925504056156489,2484.0,2249.0,0.48226499902286496,0.07680915622139395,0.1894385495893653,False,0.5332509101190532,0.2592994954965957,False,11,False,False,True
20260803,153314956-153314985-001,severe_dysplastic,baseline,0.9180757323172184,0.7498868266183794,0.8339812794677989,4539,3859,3991,4845,1.1373089451265348,0.77024121659237,680.0,854.0,0.7964912280701755,0.3408177170563593,0.29967004027072025,False,0.7875172787880376,0.017276062195667574,False,11,False,True,False
20260803,153315615-153315624-002,severe_dysplastic,baseline,0.9674064444238091,0.582971329278888,0.7751888868513486,5270,5499,4357,9455,1.209547854028001,0.7369656729683174,229.0,5098.0,0.5815970386039133,0.6279508154240876,0.5191611842158388,False,0.7876475685358668,0.05068189556754943,False,11,False,True,False
20260803,153354589-153354597-001,light_dysplastic,baseline,0.8458364906963037,0.7753004491563145,0.8105684699263092,5867,6010,10933,13780,0.5366322143967804,0.8364850513705333,143.0,2847.0,0.4361393323657475,0.10049288203103296,0.1872654903479934,False,0.47265924613940385,0.36382580523112945,False,11,False,False,True
20260803,153654325-153654351-002,severe_dysplastic,baseline,0.9245837414299706,0.8047987442538401,0.8646912428419053,2668,2437,3986,4933,0.6693426994480682,0.7256005643419587,231.0,947.0,0.49401986620717614,0.1753228332408921,0.2619324472396781,False,0.8002079423445748,0.07460737800261608,False,11,False,False,False
20260803,153654325-153654360-003,severe_dysplastic,baseline,0.6094286606306587,0.7002848265147592,0.654856743572709,2205,998,5814,9634,0.37925696594427244,0.4312822234326085,1207.0,3820.0,0.10359144695868798,0.27566551898558445,0.7268549212914629,False,0.4692004308490154,0.03791820741640689,False,11,False,True,False
20260803,153657257-153657289-002,light_dysplastic,baseline,0.828042328042328,0.8054230821637826,0.8167327051030553,4695,6645,8051,6627,0.5831573717550614,0.8646746649337484,1950.0,1424.0,1.0027161611588955,0.41955878940383406,0.719459429419042,False,0.610288155849546,0.25438650908420246,False,11,False,True,True
20260803,153657698-153657708-001,light_dysplastic,baseline,0.9003095975232198,0.8576251927603279,0.8789673951417738,7491,8659,28671,32934,0.26127445851208536,0.8682300659249313,1168.0,4263.0,0.2629197789518431,0.001645320439757736,0.006297263620270831,False,0.35607443370782915,0.5121556322171021,False,11,False,False,True
20260803,153659229-153659243-003,severe_dysplastic,baseline,0.9281396910678308,0.8201112713785288,0.8741254812231798,2394,2073,2412,2441,0.9925373134328358,0.8109575815050853,321.0,29.0,0.849242113887751,0.14329519954508485,0.1443724616024926,False,0.7807859780996338,0.030171603405451553,False,11,False,False,False
20260803,153697342-153697366-001,moderate_dysplastic,baseline,0.9612621055920025,0.8606126914660831,0.9109373985290428,3320,3082,4110,5030,0.8077858880778589,0.8424585925784669,238.0,920.0,0.6127236580516898,0.19506223002616907,0.24147734124568745,False,0.8326489444789328,0.009809648099534107,False,11,True,False,False
20260803,153701139-153701148-001,light_dysplastic,baseline,0.9847614289283038,0.9084537101520904,0.9466075695401971,6035,5974,20900,23613,0.28875598086124404,0.8238828691144947,61.0,2713.0,0.25299623088976414,0.035759749971479904,0.12384029596383501,False,0.7228269281762649,0.10105594093822978,False,11,True,False,False
20260803,153826963-153826976-001,severe_dysplastic,baseline,0.9696004632310364,0.8582624645656162,0.9139314638983262,3552,3356,6345,5649,0.5598108747044918,0.8205046155064458,196.0,696.0,0.5940874491060365,0.034276574401544746,0.06122873763554648,False,0.8233242315830547,0.002819616076608855,False,11,True,False,False
20260803,153827595-153827664-001,carcinoma_in_situ,baseline,0.9514187446259673,0.7063655030800822,0.8288921238530247,2315,2337,1271,1651,1.8214004720692367,0.5691391447744507,22.0,380.0,1.4155057540884313,0.40589471798080545,0.22284747443389363,False,0.6448175901675436,0.07567844539309287,False,11,False,True,False
20260803,153828877-153828897-001,severe_dysplastic,baseline,0.9385211386221998,0.7098540145985401,0.8241875766103699,3100,2837,4696,6264,0.6601362862010222,0.8138201479900438,263.0,1568.0,0.4529054916985951,0.20723079450242704,0.31392075381017337,False,0.8199583653168189,0.006138217326775108,False,11,False,False,False
20260803,153829063-153829073-001,severe_dysplastic,baseline,0.9441590720795361,0.7552201257861635,0.8496895989328498,2896,3139,2217,1758,1.3062697338746054,0.8313936688676801,243.0,459.0,1.7855517633674631,0.4792820294928577,0.3669086484631187,False,0.8266481726649314,0.004745496202748667,False,11,False,True,False
20260803,153829063-153829073-002,severe_dysplastic,baseline,0.9510176694251845,0.8140643623361145,0.8825410158806495,2343,2128,1659,1697,1.4122965641952985,0.6454889777189768,215.0,38.0,1.2539776075427225,0.158318956652576,0.11210028301846098,False,0.7159126481847244,0.0704236704657476,False,11,False,False,False
20260803,153829664-153829678-001,moderate_dysplastic,baseline,0.9082499528034736,0.7189703566783049,0.8136101547408893,5757,4837,5848,8759,0.9844391244870041,0.7425531865302086,920.0,2911.0,0.552231989953191,0.4322071345338131,0.4390385192385754,False,0.7922088548632497,0.049655668333041025,False,11,False,True,False
20260803,153831426-153831438-001,carcinoma_in_situ,baseline,0.8924128503075871,0.4528301886792453,0.6726215194934162,3969,3346,596,1736,6.659395973154362,0.7001513162339066,623.0,1140.0,1.9274193548387097,4.731976618315652,0.7105713381243667,False,0.6210541788340649,0.0790971373998417,False,11,False,True,False
20260803,153831471-153831479-001,carcinoma_in_situ,baseline,0.9170586778905669,0.8093350946719506,0.8631968862812588,2152,1887,1225,1046,1.756734693877551,0.8636231912791748,265.0,179.0,1.8040152963671128,0.047280602489561785,0.026913896412727734,False,0.7829291754509288,0.08069401582824598,False,11,False,False,False
20260803,153915316-153915330-003,severe_dysplastic,baseline,0.9445591271011501,0.8202970297029702,0.8824280784020602,3204,3578,9107,7053,0.3518172834083672,0.7733774508106748,374.0,2054.0,0.50730185736566,0.15548457395729282,0.4419456898344783,False,0.8538602143765315,0.08048276356585671,False,11,False,False,False
20260803,153956040-153956058-006,normal_columnar,baseline,0.8886380737396539,0.667191011235955,0.7779145424878045,1181,1477,3331,5569,0.35454818372861,0.7657732154720922,296.0,2238.0,0.2652181720237026,0.0893300117049074,0.25195379316762195,False,0.8485122661499416,0.08273905067784937,False,11,False,False,False
20260803,153956444-153956458-001,normal_columnar,baseline,0.9368246051537822,0.5515592515592516,0.7441919283565168,1270,1136,2931,6689,0.4332992152848857,0.5314805158589951,134.0,3758.0,0.16983106592913738,0.2634681493557483,0.6080498925728057,False,0.6366322440529905,0.10515172819399532,False,11,False,True,False
20260803,153956444-153956458-003,normal_columnar,baseline,0.6712606404539927,0.6968373230822995,0.6840489817681461,1517,950,2105,3618,0.7206650831353919,0.6196546553066754,567.0,1513.0,0.2625760088446656,0.4580890742907263,0.635646778737976,False,0.7494796370907316,0.12982498178405621,False,11,False,True,False
20260803,153958345-153958364-001,normal_columnar,baseline,0.8963558920965452,0.8059925093632959,0.8511742007299206,1016,1097,1302,1368,0.7803379416282642,0.44246695451515533,81.0,66.0,0.8019005847953217,0.02156264316705747,0.027632406915467544,False,0.5847537914991483,0.14228683698399297,False,11,False,False,False
20260803,153958547-153958572-003,normal_columnar,baseline,0.9244921425833653,0.7463300058719906,0.8354110742276779,1220,1389,1810,1596,0.6740331491712708,0.6297449911824241,169.0,214.0,0.8703007518796992,0.19626760270842847,0.2911834703771919,False,0.6667442836307611,0.036999292448336996,False,11,False,False,False
20260803,153958547-153958572-004,normal_columnar,baseline,0.9186097668279807,0.7916666666666666,0.8551382167473236,1044,1229,1615,1121,0.6464396284829721,0.759951058177325,185.0,494.0,1.096342551293488,0.4499029228105158,0.6959694409466819,False,0.8216587826548112,0.06170772447748618,False,11,False,True,False
20260803,157181146-157181197-003,normal_columnar,baseline,0.909985528219971,0.7844670315350534,0.8472262798775122,1851,1604,1905,1932,0.9716535433070866,0.6637612966263272,247.0,27.0,0.8302277432712215,0.14142580003586513,0.14555152446929712,False,0.7631986022943787,0.09943730566805153,False,11,False,False,False
20260803,157181387-157181418-001,normal_superficiel,baseline,0.6877523553162853,0.8987300100616217,0.7932411826889535,550,936,98887,116784,0.005561903991424555,0.8534358081305954,386.0,17897.0,0.008014796547472256,0.002452892556047701,0.440937424019709,False,0.5813820605726443,0.2720537475579511,False,11,False,False,True
20260803,157183412-157183656-001,normal_intermediate,baseline,0.9465104431991849,0.9543961058716155,0.9504532745354002,997,966,32174,33566,0.030987754087151115,0.6987300728836787,31.0,1392.0,0.02877912173032235,0.0022086323568287665,0.07127206052290218,False,0.6823810291927329,0.016349043690945808,False,11,True,False,False
20260803,157183828-157183887-001,normal_intermediate,baseline,0.8866959064327485,0.834812784469535,0.8607543454511417,1213,1523,33655,45879,0.036042192839102656,0.750740116659001,310.0,12224.0,0.03319601560626866,0.0028461772328339935,0.07896573551459135,False,0.7201852096103922,0.030554907048608748,False,11,False,False,False
20260803,157184850-157184920-001,normal_columnar,baseline,0.8539553752535497,0.70958751393534,0.7817714445944448,1311,1647,5498,8854,0.238450345580211,0.5248658377693753,336.0,3356.0,0.1860176191551841,0.05243272642502689,0.21988857432297193,False,0.704078179146095,0.1792123413767197,False,11,False,False,True
20260803,157185164-157185177-001,normal_superficiel,baseline,0.9305699481865285,0.9188874043483541,0.9247286762674414,459,506,76912,87748,0.005967859371749532,0.8502512593631689,47.0,10836.0,0.00576651319688198,0.00020134617486755168,0.03373277243228719,False,0.6323773183427039,0.21787394102046498,False,11,True,False,True
20260803,157222647-157222660-001,normal_intermediate,baseline,0.6128668171557562,0.8923710245003652,0.7526189208280607,1094,2450,35447,39858,0.030862978531328463,0.7634578997376599,1356.0,4411.0,0.06146821215314366,0.030605233621815196,0.9916166054466818,False,0.6485341794432522,0.11492372029440767,False,11,False,False,False
20260803,157223394-157223428-001,normal_intermediate,baseline,0.8702194357366771,0.9245753892475725,0.8973974124921249,808,787,46589,52384,0.017343149670523084,0.880370394462147,21.0,5795.0,0.015023671350030543,0.0023194783204925403,0.13373260520431077,False,0.6743998389974037,0.2059705554647433,False,11,True,False,True
20260803,157223735-157223751-001,normal_superficiel,baseline,0.8851744186046512,0.9484703247974497,0.9168223717010504,739,637,88708,92605,0.00833070298056545,0.8683221163370768,102.0,3897.0,0.006878678257113547,0.001452024723451904,0.17427706278523133,False,0.6525143828990779,0.21580773343799886,False,11,True,False,True
20260803,157224172-157224207-003,normal_columnar,baseline,0.837272113436867,0.7072621727283497,0.7722671430826084,669,812,3079,5362,0.21727833712244235,0.7198831963066611,143.0,2283.0,0.1514360313315927,0.06584230579084965,0.30303068235957414,False,0.7953793235692356,0.07549612726257449,False,11,False,False,False
20260803,157224297-157224320-001,normal_superficiel,baseline,0.7935222672064778,0.9139707987403378,0.8537465329734077,636,846,71830,81862,0.008854239175831825,0.8832725780610445,210.0,10032.0,0.010334465319684346,0.0014802261438525213,0.16715823417761894,False,0.6957245688827399,0.1875480091783046,False,11,False,False,True
20260803,157224352-157224395-001,normal_superficiel,baseline,0.8945686900958466,0.8259627515334903,0.8602657208146685,575,677,85750,121131,0.006705539358600583,0.7618561902391834,102.0,35381.0,0.005588990431846514,0.0011165489267540695,0.16648659868404225,False,0.5074728497322581,0.25438334050692524,False,11,False,False,True
20260803,157227461-157227503-001,normal_columnar,baseline,0.8868096759470562,0.8675817521194994,0.8771957140332778,2082,2300,7105,7757,0.2930330752990852,0.8441202860157594,218.0,652.0,0.29650638133298957,0.0034733060339043886,0.011852908336204108,False,0.7917643570656497,0.052355928950109654,False,11,False,False,False
20260803,157227461-157227503-002,normal_columnar,baseline,0.7927387529597474,0.7604145903926649,0.7765766716762061,2746,3589,5227,4807,0.5253491486512339,0.6901618864894148,843.0,420.0,0.7466195132099023,0.22127036455866833,0.42118645083997847,False,0.5784765892755571,0.11168529721385767,False,11,False,False,False
20260803,157267059-157267072-004,normal_columnar,baseline,0.950836820083682,0.7731821214142762,0.8620094707489792,938,974,1251,1747,0.7498001598721024,0.8116558619057601,36.0,496.0,0.5575271894676589,0.19227297040444347,0.25643194582046325,False,0.8241415867828845,0.012485724877124404,False,11,False,False,False
20260803,157267647-157267732-001,normal_superficiel,baseline,0.665351223362273,0.885033052592984,0.7751921379776285,886,1648,44763,47968,0.01979313272122065,0.8744260092471228,762.0,3205.0,0.034356237491661105,0.014563104770440455,0.7357283582739556,False,0.6423533492318833,0.23207266001523952,False,11,False,False,True
20260803,158986813-158986820-002,normal_columnar,baseline,0.955585464333782,0.7791401979612942,0.8673628311475381,722,764,2923,3846,0.24700650017105713,0.7392916298373273,42.0,923.0,0.19864794591783672,0.048358554253220415,0.1957776756565337,False,0.749913720378615,0.01062209054128771,False,11,False,False,False
20260803,158987453-158987462-001,normal_superficiel,baseline,0.43167912984364376,0.8584315643177022,0.645055347080673,639,2303,80498,74918,0.00793808541827126,0.8198287861795152,1664.0,5580.0,0.030740276035131745,0.022802190616860486,2.8721432527206234,False,0.6576432345139251,0.16218555166559,False,11,False,False,True
20260803,158987493-158987499-001,normal_superficiel,baseline,0.9193054136874361,0.9068347142801572,0.9130700639837966,923,1035,67574,60961,0.013659099653712967,0.7950832165063928,112.0,6613.0,0.016978067945079642,0.003318968291366676,0.24296808775216686,False,0.6830124204113636,0.11207079609502923,False,11,True,False,False
20260803,158987493-158987505-001,normal_superficiel,baseline,0.5502793296089385,0.8329943747295543,0.6916368521692464,394,1038,45484,46956,0.008662386773370856,0.8590511727041416,644.0,1472.0,0.022105801175568617,0.01344341440219776,1.5517504590144293,False,0.704297270098679,0.1547539026054625,False,11,False,False,False
20260803,204870926-204870933-002,light_dysplastic,baseline,0.9383576103018788,0.6942987359188236,0.8163281731103512,4510,4964,5185,6444,0.8698167791706847,0.6221872766029176,454.0,1259.0,0.7703289882060832,0.09948779096460147,0.11437773904720214,False,0.838570723690913,0.2163834470879954,False,11,False,False,True
20260803,209522940-209522991-001,normal_intermediate,baseline,0.8385068762278979,0.9409076858982113,0.8897072810630546,1435,1110,36295,38114,0.03953712632594021,0.8570857405785781,325.0,1819.0,0.02912315684525371,0.0104139694806865,0.2633905662306029,False,0.6657597354353557,0.1913260051432224,False,11,False,False,True
20260803,209565409-209565466-001,normal_intermediate,baseline,0.8677354709418837,0.8656580861638341,0.866696778552859,1695,1299,53759,65154,0.03152960434531892,0.8536753848029748,396.0,11395.0,0.019937379132516805,0.011592225212802117,0.3676499532278428,False,0.6790351859306761,0.17464019887229865,False,11,False,False,True
20260803,209565698-209565729-001,normal_intermediate,baseline,0.896132949824225,0.8850226516019868,0.8905778007131059,1726,1403,75668,70900,0.02281017074588994,0.6715319544655338,323.0,4768.0,0.019788434414668547,0.0030217363312213946,0.13246739349254327,False,0.6485919838175376,0.022939970647996244,False,11,True,False,False
20260803,148497676-148497704-001,light_dysplastic,nc_aware_lambda_0p10,0.9603561585753657,0.9102193995381063,0.935287779056736,2267,2450,7509,6347,0.3019043814089759,0.6398347308570745,183.0,1162.0,0.38600913817551596,0.08410475676654006,0.27857985297919424,False,0.7723092411723201,0.1324745103152456,False,25,True,False,False
20260803,148499274-148499302-001,light_dysplastic,nc_aware_lambda_0p10,0.9528816199376947,0.8990724728816224,0.9259770464096586,2529,2607,13429,12015,0.1883237769007372,0.6657502278352142,78.0,1414.0,0.21697877652933834,0.02865499962860113,0.15215735337737685,False,0.7099852812158854,0.04423505338067124,False,25,True,False,False
20260803,148499383-148499424-002,light_dysplastic,nc_aware_lambda_0p10,0.8824809575625681,0.7839568991319964,0.8332189283472822,2440,3074,10031,6674,0.24324593759346028,0.6783181650314228,634.0,3357.0,0.46059334731795026,0.21734740972449,0.8935257803234659,False,0.7737983356889152,0.09548017065749237,False,25,False,False,False
20260803,148500154-148500165-001,light_dysplastic,nc_aware_lambda_0p10,0.705367339170156,0.7541751012145749,0.7297712201923654,3734,6774,18917,12699,0.19738859227150182,0.7100987743205729,3040.0,6218.0,0.5334278289629104,0.33603923669140856,1.7024161852930901,False,0.466485714514586,0.2436130598059869,False,25,False,True,True
20260803,148503400-148503424-001,light_dysplastic,nc_aware_lambda_0p10,0.9465535209170761,0.8753532845558519,0.9109534027364641,3292,3425,19817,18042,0.16611999798153101,0.4763918584290513,133.0,1775.0,0.18983482984148098,0.023714831859949964,0.14275637726777038,False,0.6147473523720267,0.13835549394297542,False,25,True,False,False
20260803,148503900-148503914-001,light_dysplastic,nc_aware_lambda_0p10,0.9693961952026469,0.5419045444165335,0.7556503698095902,3735,3519,5950,2808,0.6277310924369748,0.8305136068540933,216.0,3142.0,1.2532051282051282,0.6254740357681534,0.9964028337948198,False,0.8105326969592311,0.01998090989486212,False,25,False,True,False
20260803,148719308-148719348-002,light_dysplastic,nc_aware_lambda_0p10,0.9804496578690127,0.860435038212816,0.9204423480409143,2046,2046,4789,3716,0.4272290666109835,0.8505773892134673,0.0,1073.0,0.5505920344456404,0.12336296783465694,0.28875066966432805,False,0.8385992440550353,0.011978145158431985,False,25,True,False,False
20260803,148881729-148881744-001,light_dysplastic,nc_aware_lambda_0p10,0.9776785714285714,0.8785537289174282,0.9281161501729998,5413,5339,39472,35590,0.13713518443453587,0.7994318713980407,74.0,3882.0,0.15001404889013767,0.012878864455601796,0.09391295600578509,False,0.6511419500900245,0.14828992130801621,False,25,True,False,False
20260803,148884702-148884710-002,light_dysplastic,nc_aware_lambda_0p10,0.6232111967290455,0.7656620683595466,0.6944366325442961,3968,8750,25800,19724,0.1537984496124031,0.7439455752042625,4782.0,6076.0,0.44362198337051306,0.28982353375811,1.884425038506362,False,0.24159132015778012,0.5023542550464823,False,25,False,True,True
20260803,149014929-149015008-002,moderate_dysplastic,nc_aware_lambda_0p10,0.6300932090545939,0.4671442469266826,0.5486187279906383,2366,5144,5774,5533,0.4097679251818497,0.7786864630450933,2778.0,241.0,0.9296945599132478,0.5199266347313981,1.2688288515305597,False,0.6769381284657955,0.10174833457929777,False,25,False,True,False
20260803,149053423-149053447-001,light_dysplastic,nc_aware_lambda_0p10,0.9515890004939898,0.8507503624466126,0.9011696814703012,5932,6214,13767,11754,0.43088545071547907,0.8192906222350413,282.0,2013.0,0.5286710906925302,0.09778563997705109,0.22694062395018416,False,0.723462081863305,0.09582854037173638,False,25,True,False,False
20260803,149054526-149054563-001,light_dysplastic,nc_aware_lambda_0p10,0.6842445114076625,0.5972036293321434,0.640724070369903,3179,6113,6949,6497,0.4574758958123471,0.6895983343433245,2934.0,452.0,0.9408957980606434,0.4834199022482963,1.056708888849746,False,0.5744719546950874,0.11512637964823713,False,25,False,True,False
20260803,149056321-149056360-003,severe_dysplastic,nc_aware_lambda_0p10,0.9595990279465371,0.8845681320442285,0.9220835799953828,3216,3368,10295,8426,0.31238465274405053,0.7954415176954409,152.0,1869.0,0.3997151673391882,0.08733051459513769,0.27955994082318153,False,0.7144511279104793,0.08099038978496165,False,25,True,False,False
20260803,149056410-149056458-005,severe_dysplastic,nc_aware_lambda_0p10,0.9180457052797478,0.782991202346041,0.8505184538128945,1297,1241,1089,957,1.1910009182736456,0.6152844525160559,56.0,132.0,1.296760710553814,0.1057597922801683,0.08879901086428715,False,0.8069944213307069,0.19170996881465097,False,25,False,False,True
20260803,149056785-149056813-002,severe_dysplastic,nc_aware_lambda_0p10,0.9672830725462305,0.8756527415143603,0.9214679070302954,1716,1799,3337,2791,0.5142343422235541,0.8126534754623163,83.0,546.0,0.6445718380508778,0.13033749582732368,0.2534588448622458,False,0.8471524267317204,0.034498951269404166,False,25,True,False,False
20260803,149056933-149056982-005,severe_dysplastic,nc_aware_lambda_0p10,0.9655380894800484,0.8152538005668643,0.8903959450234563,1664,1644,3638,4124,0.45739417262231996,0.7204659857689807,20.0,486.0,0.39864209505334625,0.058752077568973715,0.12844927337588333,False,0.7386167946932101,0.018150808924229378,False,25,False,False,False
20260803,149057164-149057197-001,severe_dysplastic,nc_aware_lambda_0p10,0.8970821081203347,0.4827365728900256,0.6899093405051802,2011,2410,1613,1515,1.2467451952882826,0.4789457772287188,399.0,98.0,1.5907590759075907,0.34401388061930804,0.27592936069860025,False,0.5312381851682411,0.05229240793952228,False,25,False,True,False
20260803,149057812-149057847-002,moderate_dysplastic,nc_aware_lambda_0p10,0.9822971250531086,0.7264853160102855,0.854391220531697,3516,3545,3196,4193,1.100125156445557,0.8353069215046935,29.0,997.0,0.8454567135702361,0.25466844287532087,0.23149021717485535,False,0.8502820543428512,0.014975132838157657,False,25,False,True,False
20260803,149058262-149058288-001,moderate_dysplastic,nc_aware_lambda_0p10,0.8156028368794326,0.8206638541749582,0.8181333455271954,2070,3006,6453,6110,0.3207810320781032,0.62303769660094,936.0,343.0,0.49198036006546647,0.17119932798736326,0.533693632646108,False,0.7720663782438724,0.14902868164293237,False,25,False,False,False
20260803,149058262-149058288-003,moderate_dysplastic,nc_aware_lambda_0p10,0.9313285457809695,0.870794734275963,0.9010616400284662,2299,2157,7450,8958,0.3085906040268456,0.7909223233535917,142.0,1508.0,0.2407903549899531,0.06780024903689252,0.21970866398229782,False,0.8284520206251993,0.0375296972716076,False,25,True,False,False
20260803,149059215-149059228-001,light_dysplastic,nc_aware_lambda_0p10,0.8338965427605927,0.8841741776893363,0.8590353602249645,2241,1606,16683,17489,0.13432835820895522,0.8497180326460076,635.0,806.0,0.09182914975127222,0.042499208457683,0.3163806410179792,False,0.5325420038660744,0.31717602877993323,False,25,False,False,True
20260803,149061548-149061568-002,severe_dysplastic,nc_aware_lambda_0p10,0.9769775678866588,0.8061744575506044,0.8915760127186316,3439,3337,3816,3051,0.9012054507337526,0.8046944019384197,102.0,765.0,1.0937397574565717,0.19253430672281913,0.21364062204177495,False,0.7889413636522155,0.015753038286204224,False,25,True,False,False
20260803,149061666-149061699-001,moderate_dysplastic,nc_aware_lambda_0p10,0.9422481952561017,0.8322314692385471,0.8872398322473244,2774,3044,5945,6912,0.46661059714045416,0.7605615005286058,270.0,967.0,0.44039351851851855,0.02621707862193562,0.056186084492117865,False,0.5225644085009998,0.237997092027606,False,25,False,False,True
20260803,149061666-149061726-001,light_dysplastic,nc_aware_lambda_0p10,0.931861600509446,0.8594931080480214,0.8956773542787337,2508,2203,6418,7076,0.3907759426612652,0.7750387847763173,305.0,658.0,0.31133408705483323,0.07944185560643197,0.20329207518083806,False,0.7491311774183407,0.025907607357976592,False,25,True,False,False
20260803,149062593-149062608-001,moderate_dysplastic,nc_aware_lambda_0p10,0.8985610655250327,0.7032610299542571,0.8009110477396448,3802,4607,4158,2619,0.9143819143819144,0.7472263193728476,805.0,1539.0,1.7590683466972126,0.8446864323152982,0.9237775761440947,False,0.8173704424356593,0.0701441230628117,False,25,False,True,False
20260803,149096927-149096943-002,severe_dysplastic,nc_aware_lambda_0p10,0.6394995531724754,0.4187021700387881,0.5291008616056317,3784,1811,2029,7510,1.8649581074420898,0.4330859477112478,1973.0,5481.0,0.2411451398135819,1.6238129676285078,0.8706962855907714,False,0.5902660603145088,0.15718011260326098,False,25,False,True,False
20260803,149099398-149099421-001,light_dysplastic,nc_aware_lambda_0p10,0.9537305421363392,0.6841267349821737,0.8189286385592565,4833,4482,22296,22301,0.21676533907427342,0.6548874796990576,351.0,5.0,0.20097753463970225,0.015787804434571173,0.07283328445733263,False,0.7051770136545776,0.05028953395552005,False,25,False,False,False
20260803,149099502-149099544-001,moderate_dysplastic,nc_aware_lambda_0p10,0.839341967098355,0.8486908869494622,0.8440164270239086,3719,4852,10653,9055,0.34910353890922746,0.7173746319967647,1133.0,1598.0,0.5358365543898399,0.18673301548061244,0.5348913997625391,False,0.5016441952123091,0.21573043678445558,False,25,False,False,True
20260803,149101620-149101650-002,moderate_dysplastic,nc_aware_lambda_0p10,0.9814432989690721,0.8195782845148364,0.9005107917419543,4441,4289,4863,5618,0.9132222907670162,0.8268161556578415,152.0,755.0,0.763438946244215,0.14978334452280118,0.1640161240270144,False,0.8771955418048211,0.050379386146979566,False,25,True,False,False
20260803,149102510-149102527-003,moderate_dysplastic,nc_aware_lambda_0p10,0.9503054317318804,0.7733333333333333,0.8618193825326068,3124,2933,4465,4685,0.6996640537513997,0.7885519221222621,191.0,220.0,0.6260405549626468,0.07362349878875296,0.10522677729008367,False,0.7398439203780349,0.04870800174422718,False,25,False,False,False
20260803,149105131-149105155-002,severe_dysplastic,nc_aware_lambda_0p10,0.9009086975335353,0.8391406391045315,0.8700246683190334,2083,2539,3072,2467,0.6780598958333334,0.7474148451163989,456.0,605.0,1.0291852452371302,0.3511253494037968,0.5178374856321208,False,0.7880054319108272,0.040590586794428285,False,25,False,True,False
20260803,149105131-149105155-003,severe_dysplastic,nc_aware_lambda_0p10,0.6657506011679835,0.5698401667824878,0.6177953839752357,969,1942,1869,1009,0.5184590690208668,0.5936821150517075,973.0,860.0,1.9246778989098117,1.4062188298889449,2.7122991989424508,False,0.8610981140315621,0.2674159989798546,False,25,False,True,True
20260803,149105131-149105205-002,moderate_dysplastic,nc_aware_lambda_0p10,0.8681298748412842,0.7896819357784204,0.8289059053098523,3104,2409,5889,7253,0.5270843946340635,0.7732303653793138,695.0,1364.0,0.3321384254791121,0.19494596915495144,0.3698565187720586,False,0.3760617601948441,0.39716860518446967,False,25,False,False,True
20260803,149143370-149143378-002,carcinoma_in_situ,nc_aware_lambda_0p10,0.7981796596755045,0.36737692872887584,0.5827782942021902,2034,3020,1755,2328,1.158974358974359,0.1562956438743513,986.0,573.0,1.2972508591065293,0.1382765001321702,0.11930926663923094,False,0.6512960415170994,0.4950003976427481,False,25,False,False,True
20260803,149143469-149143479-002,severe_dysplastic,nc_aware_lambda_0p10,0.9037827656568828,0.8226380648105888,0.8632104152337358,3006,3365,4875,6080,0.6166153846153846,0.7290218844541125,359.0,1205.0,0.553453947368421,0.06316143724696355,0.10243230446489122,False,0.7304346124421187,0.0014127279880061794,False,25,False,False,False
20260803,149146635-149146651-001,carcinoma_in_situ,nc_aware_lambda_0p10,0.9337175792507204,0.6058723884810842,0.7697949838659023,2286,2572,1644,1898,1.3905109489051095,0.6275516698945508,286.0,254.0,1.3551106427818758,0.03540030612323375,0.025458469559436713,False,0.6547078568162242,0.02715618692167343,False,25,False,False,False
20260803,149146886-149146936-002,carcinoma_in_situ,nc_aware_lambda_0p10,0.9690328727965698,0.6116923076923076,0.7903625902444387,3083,3214,1493,1757,2.0649698593436034,0.8137730539702447,131.0,264.0,1.8292544109277178,0.23571544841588565,0.11414952775208315,False,0.8203616664513788,0.006588612481134071,False,25,False,False,False
20260803,149147848-149147864-001,carcinoma_in_situ,nc_aware_lambda_0p10,0.9604212055192447,0.7525520620661494,0.8564866337926971,2766,2742,4433,5363,0.6239566884728175,0.5153142750993217,24.0,930.0,0.5112809994406116,0.11267568903220593,0.18058225920412646,False,0.5175620697881341,0.002247794688812421,False,25,False,False,False
20260803,149148124-149148181-001,carcinoma_in_situ,nc_aware_lambda_0p10,0.9774015065662289,0.7912386450462687,0.8843200758062488,7470,7531,5849,5930,1.2771413916908874,0.7040223167426077,61.0,81.0,1.2699831365935919,0.007158255097295507,0.005604899769882553,False,0.7723078803291097,0.06828556358650195,False,25,False,False,False
20260803,149148124-149148181-004,carcinoma_in_situ,nc_aware_lambda_0p10,0.932519498134961,0.7806635071090048,0.8565915026219829,2759,3139,2933,2342,0.9406750767132629,0.662234560235989,380.0,591.0,1.3403074295473953,0.39963235283413245,0.42483524640113546,False,0.8106920187889225,0.14845745855293346,False,25,False,True,False
20260803,149181806-149181819-002,severe_dysplastic,nc_aware_lambda_0p10,0.9677172509445693,0.8389685426920608,0.903342896818315,10775,10134,9466,9226,1.138284386224382,0.8329012682232401,641.0,240.0,1.0984175157164535,0.03986687050792859,0.03502361621294672,False,0.7514341417647907,0.08146712645844933,False,25,True,False,False
20260803,149182550-149182571-003,carcinoma_in_situ,nc_aware_lambda_0p10,0.9723678616976053,0.8689712619741774,0.9206695618358913,3596,3461,5455,6550,0.659211732355637,0.8380733860563566,135.0,1095.0,0.5283969465648855,0.13081478579075156,0.19844092713940273,False,0.822954190095463,0.015119195960893617,False,25,True,False,False
20260803,149182550-149182608-002,carcinoma_in_situ,nc_aware_lambda_0p10,0.8303249097472925,0.6257186081694402,0.7280217589583664,1960,2749,1569,1736,1.2492033142128744,0.7079267972010039,789.0,167.0,1.5835253456221199,0.33432203140924543,0.2676279833534695,False,0.761912135808952,0.053985338607948075,False,25,False,True,False
20260803,149182550-149182608-005,carcinoma_in_situ,nc_aware_lambda_0p10,0.910436335799949,0.6761019005256773,0.7932691181628131,1833,2086,1370,1103,1.337956204379562,0.5451279927649001,253.0,267.0,1.8912058023572076,0.5532495979776455,0.41350320934532325,False,0.6854755745822008,0.14034758181730067,False,25,False,True,False
20260803,149182657-149182667-002,carcinoma_in_situ,nc_aware_lambda_0p10,0.9617271835132483,0.7742489270386266,0.8679880552759374,1541,1516,2357,3468,0.6537971998302927,0.6164091548128765,25.0,1111.0,0.4371395617070358,0.21665763812325695,0.3313830447674757,False,0.7680666361194327,0.1516574813065562,False,25,False,False,False
20260803,149185405-149185423-002,carcinoma_in_situ,nc_aware_lambda_0p10,0.8471167658526575,0.3815052871656645,0.614311026509161,5603,4143,1060,3763,5.285849056603774,0.5937204498620198,1460.0,2703.0,1.1009832580387988,4.184865798564975,0.7917110311021204,False,0.55600757852931,0.03771287133270973,False,25,False,True,False
20260803,149185604-149185629-001,carcinoma_in_situ,nc_aware_lambda_0p10,0.8443188241944601,0.6310904872389791,0.7377046557167196,5111,3734,1954,2787,2.615660184237462,0.6163103413830081,1377.0,833.0,1.3397918909221385,1.2758682933153234,0.48778041322935123,False,0.736136033326164,0.11982569194315584,False,25,False,True,False
20260803,149185698-149185721-004,carcinoma_in_situ,nc_aware_lambda_0p10,0.9393391418707875,0.6601164483260553,0.7997277950984214,3224,2859,1372,1376,2.3498542274052476,0.7773846964419787,365.0,4.0,2.077761627906977,0.2720925994982708,0.11579121825250499,False,0.7946483402380148,0.017263643796036066,False,25,False,True,False
20260803,149185850-149185864-001,carcinoma_in_situ,nc_aware_lambda_0p10,0.9259465478841871,0.8585154191848753,0.8922309835345312,3575,3609,3098,3355,1.1539703034215623,0.7021903896136864,34.0,257.0,1.0757078986587183,0.07826240476284396,0.06782006149615108,False,0.7692245842125277,0.0670341945988413,False,25,True,False,False
20260803,149187049-149187073-001,carcinoma_in_situ,nc_aware_lambda_0p10,0.9616528925619835,0.7584381204500331,0.8600455065060083,3127,2923,1603,1419,1.9507174048658764,0.6744910877577139,204.0,184.0,2.0599013389711063,0.10918393410522986,0.05597114059767992,False,0.7551824801019252,0.0806913923442113,False,25,False,False,False
20260803,149315229-149315291-003,severe_dysplastic,nc_aware_lambda_0p10,0.967840970143526,0.7528621584490918,0.8603515642963089,6602,6427,3154,3397,2.0932149651236527,0.7858870908255164,175.0,243.0,1.8919634972034147,0.20125146792023796,0.09614462686765787,False,0.830785163635135,0.04489807280961855,False,25,False,False,False
20260803,149315960-149315967-001,moderate_dysplastic,nc_aware_lambda_0p10,0.9156162801885884,0.7736063708759955,0.844611325532292,5078,5315,6094,7970,0.833278634722678,0.7485030564377804,237.0,1876.0,0.6668757841907151,0.1664028505319629,0.19969628873426515,False,0.7265908365668978,0.021912219870882543,False,25,False,False,False
20260803,149316117-149316122-002,carcinoma_in_situ,nc_aware_lambda_0p10,0.8111366245694603,0.7051559123186169,0.7581462684440385,1520,1964,1884,1355,0.8067940552016986,0.47355711809357637,444.0,529.0,1.4494464944649446,0.642652439263246,0.7965497992579826,False,0.7295045935790393,0.2559474754854629,False,25,False,True,True
20260803,149316426-149316462-001,carcinoma_in_situ,nc_aware_lambda_0p10,0.9485160508782556,0.7854137447405329,0.8669648978093942,1624,1678,1085,1054,1.4967741935483871,0.6918573469705027,54.0,31.0,1.5920303605313093,0.09525616698292216,0.06364093111210609,False,0.7375932105063477,0.04573586353584502,False,25,False,False,False
20260803,149317002-149317010-001,severe_dysplastic,nc_aware_lambda_0p10,0.9186602870813397,0.7612679544328875,0.8399641207571136,1645,1908,2252,1786,0.7304618117229129,0.8387738467016614,263.0,466.0,1.0683090705487122,0.33784725882579925,0.46251123726467697,False,0.7061050810670941,0.1326687656345673,False,25,False,True,False
20260803,149317114-149317152-004,carcinoma_in_situ,nc_aware_lambda_0p10,0.975,0.8279475982532751,0.9014737991266375,1185,1135,1217,1073,0.9737058340180772,0.7901103991573756,50.0,144.0,1.0577819198508853,0.08407608583280812,0.08634640622358744,False,0.80376982824568,0.01365942908830442,False,25,True,False,False
20260803,149317204-149317230-001,severe_dysplastic,nc_aware_lambda_0p10,0.9363853391377616,0.7867331156556109,0.8615592273966862,3720,3401,3332,2487,1.1164465786314526,0.6524422450492672,319.0,845.0,1.3675110574989948,0.25106447886754224,0.22487798233688538,False,0.7754273846525367,0.12298513960326951,False,25,False,False,False
20260803,149788716-149788727-003,light_dysplastic,nc_aware_lambda_0p10,0.9433249370277078,0.8551036592273705,0.8992142981275392,3157,3195,9655,7999,0.32698083894355257,0.7401312495103445,38.0,1656.0,0.3994249281160145,0.07244408917246192,0.2215538618490921,False,0.6660580460322001,0.07407320347814439,False,25,True,False,False
20260803,153276386-153276405-004,moderate_dysplastic,nc_aware_lambda_0p10,0.9791309319611207,0.7798025816249051,0.8794667567930129,3544,3452,7547,8257,0.46959056578773023,0.7660305842055309,92.0,710.0,0.4180695167736466,0.05152104901408361,0.1097145961888351,False,0.7687432811653052,0.0027126969597742745,False,25,False,False,False
20260803,153314759-153314767-002,light_dysplastic,nc_aware_lambda_0p10,0.9703937007874016,0.803551190026445,0.8869724454069233,3260,3090,4855,5733,0.6714727085478888,0.8523469905986318,170.0,878.0,0.5389848246991105,0.1324878838487783,0.19730911599695106,False,0.842649149277968,0.00969784132066387,False,25,False,False,False
20260803,153314857-153314882-002,light_dysplastic,nc_aware_lambda_0p10,0.9298367269747211,0.8604497179330985,0.8951432224539098,7387,8476,18219,19538,0.405455842801471,0.7925504056156489,1089.0,1319.0,0.433821271368615,0.02836542856714397,0.06995918078766498,False,0.6343195683535138,0.15823083726213516,False,25,True,False,False
20260803,153314956-153314985-001,severe_dysplastic,nc_aware_lambda_0p10,0.9478683966635774,0.7839473684210526,0.865907882542315,4539,4093,3991,3609,1.1373089451265348,0.77024121659237,446.0,382.0,1.1341091715156553,0.0031997736108795305,0.0028134578657214946,False,0.8219458456180191,0.051704629025649096,False,25,False,False,False
20260803,153315615-153315624-002,severe_dysplastic,nc_aware_lambda_0p10,0.9675356139160771,0.7650957290132547,0.8663156714646659,5270,5049,4357,6507,1.209547854028001,0.7369656729683174,221.0,2150.0,0.7759336099585062,0.43361424406949467,0.3584925425917989,False,0.7716959023279361,0.03473022935961867,False,25,False,True,False
20260803,153354589-153354597-001,light_dysplastic,nc_aware_lambda_0p10,0.8254454876413106,0.7961284849419659,0.8107869862916383,5867,4571,10933,15000,0.5366322143967804,0.8364850513705333,1296.0,4067.0,0.30473333333333336,0.23189888106344708,0.43213665282369884,False,0.5169658958124413,0.31951915555809196,False,25,False,False,True
20260803,153654325-153654351-002,severe_dysplastic,nc_aware_lambda_0p10,0.9267509532410194,0.8508912108174554,0.8888210820292375,2668,2315,3986,4149,0.6693426994480682,0.7256005643419587,353.0,163.0,0.5579657748855146,0.11137692456255366,0.16639721066231528,False,0.7453315580728995,0.019730993730940782,False,25,False,False,False
20260803,153654325-153654360-003,severe_dysplastic,nc_aware_lambda_0p10,0.7921272580210299,0.8479848758271032,0.8200560669240666,2205,1504,5814,5823,0.37925696594427244,0.4312822234326085,701.0,9.0,0.2582861068177915,0.12097085912648092,0.31896722017503043,False,0.6230062224240163,0.19172399899140774,False,25,False,False,True
20260803,153657257-153657289-002,light_dysplastic,nc_aware_lambda_0p10,0.975284179789342,0.9133120894842948,0.9442981346368184,4695,4894,8051,7326,0.5831573717550614,0.8646746649337484,199.0,725.0,0.668031668031668,0.08487429627660659,0.14554244676479675,False,0.7900205926317911,0.07465407230195731,False,25,True,False,False
20260803,153657698-153657708-001,light_dysplastic,nc_aware_lambda_0p10,0.9235606484069312,0.8965028271620257,0.9100317377844784,7491,6821,28671,27746,0.26127445851208536,0.8682300659249313,670.0,925.0,0.24583723780004324,0.015437220712042121,0.0590840823702088,False,0.6878236101168891,0.18040645580804227,False,25,True,False,True
20260803,153659229-153659243-003,severe_dysplastic,nc_aware_lambda_0p10,0.9326794471689701,0.8061551613592648,0.8694173042641175,2394,2092,2412,2267,0.9925373134328358,0.8109575815050853,302.0,145.0,0.9228054697838554,0.06973184364898044,0.07025607244097498,False,0.7809897164266276,0.029967865078457723,False,25,False,False,False
20260803,153697342-153697366-001,moderate_dysplastic,nc_aware_lambda_0p10,0.989409984871407,0.8024832129735209,0.895946598922464,3320,3290,4110,3783,0.8077858880778589,0.8424585925784669,30.0,327.0,0.8696801480306635,0.06189425995280462,0.07662201611130745,False,0.8397975595837668,0.0026610329947001077,False,25,True,False,False
20260803,153701139-153701148-001,light_dysplastic,nc_aware_lambda_0p10,0.974976985521801,0.9424903601993793,0.9587336728605902,6035,5914,20900,21632,0.28875598086124404,0.8238828691144947,121.0,732.0,0.2733912721893491,0.015364708671894933,0.05320982587526815,False,0.7153834173737975,0.1084994517406972,False,25,True,False,False
20260803,153826963-153826976-001,severe_dysplastic,nc_aware_lambda_0p10,0.7552128964429647,0.6522681932517999,0.7037405448473824,3552,2155,6345,5184,0.5598108747044918,0.8205046155064458,1397.0,1161.0,0.41570216049382713,0.14410871421066462,0.257423467994021,False,0.36129287631907975,0.4592117391873661,False,25,False,False,True
20260803,153827595-153827664-001,carcinoma_in_situ,nc_aware_lambda_0p10,0.9621714041461851,0.7596697088222512,0.8609205564842182,2315,2364,1271,1030,1.8214004720692367,0.5691391447744507,49.0,241.0,2.295145631067961,0.4737451589987245,0.2600992511884366,False,0.6203709701784865,0.05123182540403581,False,25,False,True,False
20260803,153828877-153828897-001,severe_dysplastic,nc_aware_lambda_0p10,0.946164199192463,0.7143533870203695,0.8302587931064163,3100,2844,4696,3748,0.6601362862010222,0.8138201479900438,256.0,948.0,0.7588046958377801,0.09866840963675794,0.14946649992242955,False,0.8441895086301978,0.030369360640154053,False,25,False,False,False
20260803,153829063-153829073-001,severe_dysplastic,nc_aware_lambda_0p10,0.957,0.7763226820324778,0.8666613410162389,2896,3104,2217,1601,1.3062697338746054,0.8313936688676801,208.0,616.0,1.938788257339163,0.6325185234645576,0.4842170210676065,False,0.8154368362269641,0.015956832640716012,False,25,False,True,False
20260803,153829063-153829073-002,severe_dysplastic,nc_aware_lambda_0p10,0.8331673306772909,0.4993489583333333,0.6662581445053121,2343,1673,1659,1413,1.4122965641952985,0.6454889777189768,670.0,246.0,1.1840056617126682,0.2282909024826303,0.16164504440868757,False,0.6265835759209902,0.01890540179798661,False,25,False,False,False
20260803,153829664-153829678-001,moderate_dysplastic,nc_aware_lambda_0p10,0.9429892141756548,0.7485029940119761,0.8457461040938155,5757,5276,5848,7178,0.9844391244870041,0.7425531865302086,481.0,1330.0,0.7350236834772917,0.24941544100971236,0.25335765457516657,False,0.7798530729306088,0.03729988640040016,False,25,False,False,False
20260803,153831426-153831438-001,carcinoma_in_situ,nc_aware_lambda_0p10,0.922772799156563,0.5497012493210212,0.7362370242387921,3969,3619,596,1245,6.659395973154362,0.7001513162339066,350.0,649.0,2.906827309236948,3.7525686639174145,0.5634997701811327,False,0.5118130272665254,0.18833828896738114,False,25,False,True,True
20260803,153831471-153831479-001,carcinoma_in_situ,nc_aware_lambda_0p10,0.9617258176757133,0.7131027764247443,0.8374142970502287,2152,2159,1225,828,1.756734693877551,0.8636231912791748,7.0,397.0,2.607487922705314,0.8507532288277628,0.4842807212221775,False,0.8220840710636517,0.041539120215523084,False,25,False,True,False
20260803,153915316-153915330-003,severe_dysplastic,nc_aware_lambda_0p10,0.9036093418259024,0.7427352705945082,0.8231723062102052,3204,3861,9107,5897,0.3518172834083672,0.7733774508106748,657.0,3210.0,0.6547396981516025,0.3029224147432353,0.8610195348819412,False,0.8050211284369133,0.03164367762623854,False,25,False,True,False
20260803,153956040-153956058-006,normal_columnar,nc_aware_lambda_0p10,0.8629886737303617,0.703859380970577,0.7834240273504693,1181,1556,3331,4520,0.35454818372861,0.7657732154720922,375.0,1189.0,0.34424778761061947,0.010300396117990551,0.02905209373116199,False,0.8110652518392243,0.04529203636713208,False,25,False,False,False
20260803,153956444-153956458-001,normal_columnar,nc_aware_lambda_0p10,0.8239409249902837,0.5689859266079179,0.6964634257991008,1270,1303,2931,4672,0.4332992152848857,0.5314805158589951,33.0,1741.0,0.2788955479452055,0.1544036673396802,0.3563433893938019,False,0.41515014681762974,0.1163303690413654,False,25,False,False,False
20260803,153956444-153956458-003,normal_columnar,nc_aware_lambda_0p10,0.8215330602691633,0.7723577235772358,0.7969453919231995,1517,1901,2105,2323,0.7206650831353919,0.6196546553066754,384.0,218.0,0.8183383555746879,0.09767327243929602,0.13553194013842065,False,0.7401405769546567,0.12048592164798133,False,25,False,False,False
20260803,153958345-153958364-001,normal_columnar,nc_aware_lambda_0p10,0.862488306828812,0.7569820758649437,0.8097351913468778,1016,1122,1302,1097,0.7803379416282642,0.44246695451515533,106.0,205.0,1.0227894257064722,0.24245148407820805,0.3107002241517077,False,0.6212428716525097,0.17877591713735436,False,25,False,False,True
20260803,153958547-153958572-003,normal_columnar,nc_aware_lambda_0p10,0.912613981762918,0.7287602265575834,0.8206871041602507,1220,1412,1810,1368,0.6740331491712708,0.6297449911824241,192.0,442.0,1.0321637426900585,0.35813059351878773,0.5313241086658762,False,0.5873351732162949,0.04240981796612919,False,25,False,True,False
20260803,153958547-153958572-004,normal_columnar,nc_aware_lambda_0p10,0.9397146801656696,0.8331688055281342,0.8864417428469019,1044,1129,1615,1424,0.6464396284829721,0.759951058177325,85.0,191.0,0.7928370786516854,0.1463974501687133,0.22646696961524526,False,0.8442182491830335,0.08426719100570845,False,25,False,False,False
20260803,157181146-157181197-003,normal_columnar,nc_aware_lambda_0p10,0.9157319528329019,0.7446808510638298,0.8302064019483658,1851,1626,1905,1667,0.9716535433070866,0.6637612966263272,225.0,238.0,0.9754049190161967,0.003751375709110105,0.0038608121939532796,False,0.6586301914537431,0.005131105172584083,False,25,False,False,False
20260803,157181387-157181418-001,normal_superficiel,nc_aware_lambda_0p10,0.8346456692913385,0.9219074944654588,0.8782765818783986,550,720,98887,94896,0.005561903991424555,0.8534358081305954,170.0,3991.0,0.007587253414264037,0.0020253494228394814,0.3640813190307869,False,0.533580252343693,0.3198555557869024,False,25,False,False,True
20260803,157183412-157183656-001,normal_intermediate,nc_aware_lambda_0p10,0.7235594456601021,0.9537087254745573,0.8386340855673298,997,1745,32174,30516,0.030987754087151115,0.6987300728836787,748.0,1658.0,0.05718311705334906,0.026195362966197944,0.8453183658990453,False,0.6486378597541556,0.050092213129523167,False,25,False,False,False
20260803,157183828-157183887-001,normal_intermediate,nc_aware_lambda_0p10,0.8937269372693727,0.8722399179398586,0.8829834276046156,1213,1497,33655,40437,0.036042192839102656,0.750740116659001,284.0,6782.0,0.03702055048594109,0.0009783576468384361,0.02714403385975929,False,0.7127355521955617,0.03800456446343925,False,25,False,False,False
20260803,157184850-157184920-001,normal_columnar,nc_aware_lambda_0p10,0.8859618717504333,0.7893191932582142,0.8376405325043237,1311,1574,5498,5063,0.238450345580211,0.5248658377693753,263.0,435.0,0.3108828757653565,0.0724325301851455,0.3037623042507866,False,0.7352808103993156,0.21041497262994024,False,25,False,False,True
20260803,157185164-157185177-001,normal_superficiel,nc_aware_lambda_0p10,0.9449339207048458,0.9550766308792107,0.9500052757920283,459,449,76912,74724,0.005967859371749532,0.8502512593631689,10.0,2188.0,0.006008778973288368,4.091960153883561e-05,0.006855514427514761,False,0.669223265062127,0.18102799430104188,False,25,True,False,True
20260803,157222647-157222660-001,normal_intermediate,nc_aware_lambda_0p10,0.6869701726844584,0.9390650277228544,0.8130176002036564,1094,2091,35447,36876,0.030862978531328463,0.7634578997376599,997.0,1429.0,0.05670354702245363,0.025840568491125166,0.8372403598225586,False,0.6770949140926268,0.08636298564503309,False,25,False,False,False
20260803,157223394-157223428-001,normal_intermediate,nc_aware_lambda_0p10,0.951278928136419,0.9407186999313344,0.9459988140338766,808,834,46589,49529,0.017343149670523084,0.880370394462147,26.0,2940.0,0.01683861979850189,0.0005045298720211949,0.029089340302376365,False,0.6795520450262408,0.20081834943590626,False,25,True,False,True
20260803,157223735-157223751-001,normal_superficiel,nc_aware_lambda_0p10,0.9457789979409746,0.9468034391282157,0.9462912185345952,739,718,88708,89593,0.00833070298056545,0.8683221163370768,21.0,885.0,0.008014018952373511,0.00031668402819193947,0.03800951965410161,False,0.669980568871668,0.19834154746540877,False,25,True,False,True
20260803,157224172-157224207-003,normal_columnar,nc_aware_lambda_0p10,0.8134969325153374,0.6678691678691678,0.7406830501922526,669,961,3079,5237,0.21727833712244235,0.7198831963066611,292.0,2158.0,0.18350200496467442,0.03377633215776793,0.15545119294401252,False,0.707710124537011,0.012173071769650101,False,25,False,False,False
20260803,157224297-157224320-001,normal_superficiel,nc_aware_lambda_0p10,0.8523908523908524,0.939616764845284,0.8960038086180682,636,807,71830,75860,0.008854239175831825,0.8832725780610445,171.0,4030.0,0.010638017400474558,0.001783778224642733,0.2014376110259238,False,0.671583472164735,0.21168910589630952,False,25,True,False,True
20260803,157224352-157224395-001,normal_superficiel,nc_aware_lambda_0p10,0.9105990783410138,0.8438754004175695,0.8772372393792917,575,510,85750,116851,0.006705539358600583,0.7618561902391834,65.0,31101.0,0.004364532609904922,0.0023410067486956615,0.34906329830056293,False,0.4779423832927801,0.2839138069464033,False,25,False,False,True
20260803,157227461-157227503-001,normal_columnar,nc_aware_lambda_0p10,0.9131578947368421,0.796779740503361,0.8549688176201016,2082,2478,7105,5689,0.2930330752990852,0.8441202860157594,396.0,1416.0,0.4355774301283178,0.1425443548292326,0.48644293222126045,False,0.7763083417236195,0.06781194429213988,False,25,False,False,False
20260803,157227461-157227503-002,normal_columnar,nc_aware_lambda_0p10,0.9109288575243182,0.7907958199356914,0.8508623387300047,2746,2497,5227,4725,0.5253491486512339,0.6901618864894148,249.0,502.0,0.5284656084656084,0.0031164598143744726,0.005932157480826007,False,0.8324728154424554,0.14231092895304065,False,25,False,False,False
20260803,157267059-157267072-004,normal_columnar,nc_aware_lambda_0p10,0.9115646258503401,0.7092095721537346,0.8103870990020374,938,1120,1251,1507,0.7498001598721024,0.8116558619057601,182.0,256.0,0.7431984074319841,0.006601752440118291,0.008804670882670264,False,0.8265803310110366,0.01492446910527645,False,25,False,False,False
20260803,157267647-157267732-001,normal_superficiel,nc_aware_lambda_0p10,0.8346613545816733,0.94426916712631,0.8894652608539917,886,1122,44763,45887,0.01979313272122065,0.8744260092471228,236.0,1124.0,0.024451369668969426,0.004658236947748775,0.2353342282460716,False,0.6588330321028432,0.2155929771442796,False,25,False,False,True
20260803,158986813-158986820-002,normal_columnar,nc_aware_lambda_0p10,0.9632248939179632,0.8161091695789648,0.8896670317484641,722,692,2923,3086,0.24700650017105713,0.7392916298373273,30.0,163.0,0.22423849643551522,0.022768003735541914,0.09217535386486103,False,0.7522662316298838,0.012974601792556495,False,25,False,False,False
20260803,158987453-158987462-001,normal_superficiel,nc_aware_lambda_0p10,0.7246891651865008,0.8465609179885252,0.785625041587513,639,1050,80498,67652,0.00793808541827126,0.8198287861795152,411.0,12846.0,0.015520605451427895,0.007582520033156634,0.9550873474299678,False,0.61781289878121,0.20201588739830512,False,25,False,False,True
20260803,158987493-158987499-001,normal_superficiel,nc_aware_lambda_0p10,0.9479574706211528,0.8799338159255429,0.9139456432733478,923,864,67574,53301,0.013659099653712967,0.7950832165063928,59.0,14273.0,0.016209827207744696,0.0025507275540317294,0.1867283269297683,False,0.7282014187461465,0.06688179776024628,False,25,True,False,False
20260803,158987493-158987505-001,normal_superficiel,nc_aware_lambda_0p10,0.6227164416203336,0.7239816769764542,0.673349059298394,394,865,45484,35507,0.008662386773370856,0.8590511727041416,471.0,9977.0,0.024361393528036724,0.015699006754665866,1.8121096478020347,False,0.6832355032384357,0.17581566946570581,False,25,False,False,True
20260803,204870926-204870933-002,light_dysplastic,nc_aware_lambda_0p10,0.9242697822623474,0.6483144982130783,0.7862921402377128,4510,4905,5185,5168,0.8698167791706847,0.6221872766029176,395.0,17.0,0.9491099071207431,0.07929312795005838,0.09116061990093981,False,0.8447551401022523,0.22256786349933466,False,25,False,False,True
20260803,209522940-209522991-001,normal_intermediate,nc_aware_lambda_0p10,0.7320227625452664,0.9516783880868165,0.8418505753160415,1435,2431,36295,36364,0.03953712632594021,0.8570857405785781,996.0,69.0,0.06685183148168518,0.027314705155744967,0.6908447034280506,False,0.6904934151717568,0.16659232540682134,False,25,False,False,True
20260803,209565409-209565466-001,normal_intermediate,nc_aware_lambda_0p10,0.9592255793487826,0.9182023924991918,0.9387139859239872,1695,1714,53759,60682,0.03152960434531892,0.8536753848029748,19.0,6923.0,0.028245608252859166,0.003283996092459756,0.10415265297467419,False,0.6743433533182923,0.17933203148468246,False,25,True,False,True
20260803,209565698-209565729-001,normal_intermediate,nc_aware_lambda_0p10,0.46914922533297093,0.9090165253782595,0.6890828753556152,1726,5632,75668,73436,0.02281017074588994,0.6715319544655338,3906.0,2232.0,0.07669263031755542,0.053882459571665486,2.3621084674653927,False,0.373327834875882,0.2982041195896518,False,25,False,False,True
20260804,148497676-148497704-001,light_dysplastic,baseline,0.9805973403095706,0.9199776161163962,0.9502874782129833,2267,2320,7509,6787,0.3019043814089759,0.6398347308570745,53.0,722.0,0.34182996905849417,0.03992558764951826,0.13224536595932052,False,0.795147125803492,0.15531239494641746,False,23,True,False,False
20260804,148499274-148499302-001,light_dysplastic,baseline,0.9221854304635762,0.8660766961651918,0.894131063314384,2529,2303,13429,11996,0.1883237769007372,0.6657502278352142,226.0,1433.0,0.19198066022007335,0.0036568833193361405,0.019417961776020697,False,0.675360609295137,0.009610381459922768,False,23,True,False,False
20260804,148499383-148499424-002,light_dysplastic,baseline,0.8945858044767553,0.7088559722659943,0.8017208883713748,2440,2787,10031,5834,0.24324593759346028,0.6783181650314228,347.0,4197.0,0.4777168323620158,0.2344708947685555,0.9639212607906612,False,0.7736991847952737,0.09538101976385083,False,23,False,False,False
20260804,148500154-148500165-001,light_dysplastic,baseline,0.7595841455490578,0.7466283716283716,0.7531062585887147,3734,5500,18917,13115,0.19738859227150182,0.7100987743205729,1766.0,5802.0,0.41936713686618377,0.22197854459468194,1.1245706627194354,False,0.48970149458580897,0.22039727973476392,False,23,False,False,True
20260804,148503400-148503424-001,light_dysplastic,baseline,0.9298959746720941,0.8494155154091392,0.8896557450406166,3292,3341,19817,17823,0.16611999798153101,0.4763918584290513,49.0,1994.0,0.187454412837345,0.021334414855814,0.12842696055910954,False,0.5631680765209914,0.08677621809194014,False,23,False,False,False
20260804,148503900-148503914-001,light_dysplastic,baseline,0.9650020749757919,0.6191241032230431,0.7920630890994176,3735,3494,5950,3389,0.6277310924369748,0.8305136068540933,241.0,2561.0,1.03098259073473,0.4032514982977553,0.6423942684406283,False,0.8046025459590344,0.0259110608950589,False,23,False,True,False
20260804,148719308-148719348-002,light_dysplastic,baseline,0.9854285008644109,0.823886393979852,0.9046574474221314,2046,2003,4789,3450,0.4272290666109835,0.8505773892134673,43.0,1339.0,0.5805797101449275,0.153350643533944,0.3589415996640944,False,0.8462190642441185,0.004358324969348737,False,23,True,False,False
20260804,148881729-148881744-001,light_dysplastic,baseline,0.9129213483146067,0.8300390232741417,0.8714801857943741,5413,4555,39472,39199,0.13713518443453587,0.7994318713980407,858.0,273.0,0.116201943927141,0.020933240507394868,0.1526456390318172,False,0.5687387854767955,0.23069308592124527,False,23,False,False,True
20260804,148884702-148884710-002,light_dysplastic,baseline,0.9689932056825201,0.897166758740431,0.9330799822114755,3968,4127,25800,24884,0.1537984496124031,0.7439455752042625,159.0,916.0,0.16584954187429674,0.012051092261893631,0.07835588678804853,False,0.6769934107157782,0.06695216448848429,False,23,True,False,False
20260804,149014929-149015008-002,moderate_dysplastic,baseline,0.6306810609089697,0.49544072948328266,0.5630608951961262,2366,5137,5774,6070,0.4097679251818497,0.7786864630450933,2771.0,296.0,0.8462932454695222,0.43652532028767255,1.0652963010651644,False,0.5307567959011302,0.24792966714396303,False,23,False,True,True
20260804,149053423-149053447-001,light_dysplastic,baseline,0.9479630263608353,0.896309839185105,0.9221364327729702,5932,5752,13767,13034,0.43088545071547907,0.8192906222350413,180.0,733.0,0.44130735000767224,0.01042189929219317,0.02418711304309476,False,0.6771799751525942,0.14211064708244714,False,23,True,False,False
20260804,149054526-149054563-001,light_dysplastic,baseline,0.7328490718321227,0.6613295210864903,0.6970892964593065,3179,5494,6949,7041,0.4574758958123471,0.6895983343433245,2315.0,92.0,0.7802868910666099,0.32281099525426277,0.7056334389981455,False,0.2892698695620385,0.40032846478128603,False,23,False,True,True
20260804,149056321-149056360-003,severe_dysplastic,baseline,0.9601236476043277,0.8983112496752403,0.929217448639784,3216,3254,10295,8950,0.31238465274405053,0.7954415176954409,38.0,1345.0,0.3635754189944134,0.051190766250362896,0.16387041402412117,False,0.731233632932032,0.06420788476340888,False,23,True,False,False
20260804,149056410-149056458-005,severe_dysplastic,baseline,0.9342367477082503,0.8493761140819964,0.8918064308951233,1297,1212,1089,1155,1.1910009182736456,0.6152844525160559,85.0,66.0,1.0493506493506493,0.14165026892299637,0.11893370342200464,False,0.773090997561675,0.15780654504561908,False,23,True,False,False
20260804,149056785-149056813-002,severe_dysplastic,baseline,0.9648617511520737,0.8767434317223484,0.9208025914372111,1716,1756,3337,2829,0.5142343422235541,0.8126534754623163,40.0,508.0,0.6207140332272888,0.10647969100373467,0.20706412465412505,False,0.8429301326387482,0.03027665717643191,False,23,True,False,False
20260804,149056933-149056982-005,severe_dysplastic,baseline,0.9627791563275434,0.8141702921068987,0.8884747242172211,1664,1560,3638,4407,0.45739417262231996,0.7204659857689807,104.0,769.0,0.35398230088495575,0.10341187173736421,0.2260886820131646,False,0.7300165090305315,0.009550523261550814,False,23,False,False,False
20260804,149057164-149057197-001,severe_dysplastic,baseline,0.907897714415026,0.5437813720022309,0.7258395432086284,2011,2408,1613,1973,1.2467451952882826,0.4789457772287188,397.0,360.0,1.220476431829701,0.026268763458581645,0.021069856525615924,False,0.4461279814020587,0.03281779582666006,False,23,False,False,False
20260804,149057812-149057847-002,moderate_dysplastic,baseline,0.948438200567927,0.6707669135182628,0.8096025570430949,3516,3175,3196,4771,1.100125156445557,0.8353069215046935,341.0,1575.0,0.6654789352337036,0.43464622121185337,0.39508761669313436,False,0.820771899039788,0.014535022464905567,False,23,False,True,False
20260804,149058262-149058288-001,moderate_dysplastic,baseline,0.8593392894244753,0.8313520367728642,0.8453456630986698,2070,2743,6453,6165,0.3207810320781032,0.62303769660094,673.0,288.0,0.44493106244931063,0.12415003037120742,0.38702301861152777,False,0.7768914961170756,0.15385379951613565,False,23,False,False,False
20260804,149058262-149058288-003,moderate_dysplastic,baseline,0.8972360028348689,0.8793103448275862,0.8882731738312275,2299,1934,7450,9022,0.3085906040268456,0.7909223233535917,365.0,1572.0,0.21436488583462646,0.09422571819221917,0.3053411595217027,False,0.8387826414859577,0.04786031813236602,False,23,False,False,False
20260804,149059215-149059228-001,light_dysplastic,baseline,0.6307217073855659,0.8264092880123094,0.7285654976989376,2241,1320,16683,19062,0.13432835820895522,0.8497180326460076,921.0,2379.0,0.06924771797293043,0.06508064023602479,0.48448560391979983,False,0.4744500024874205,0.3752680301585872,False,23,False,False,True
20260804,149061548-149061568-002,severe_dysplastic,baseline,0.9626630679262258,0.8096636412172985,0.8861633545717622,3439,3230,3816,3676,0.9012054507337526,0.8046944019384197,209.0,140.0,0.8786724700761698,0.022532980657582802,0.025003128461005455,False,0.7725913131570361,0.03210308878138357,False,23,False,False,False
20260804,149061666-149061699-001,moderate_dysplastic,baseline,0.9695652173913043,0.8464748844835296,0.908020050937417,2774,2746,5945,7473,0.46661059714045416,0.7605615005286058,28.0,1528.0,0.36745617556536864,0.09915442157508553,0.2124988366828765,False,0.782824444026014,0.022262943497408205,False,23,True,False,False
20260804,149061666-149061726-001,light_dysplastic,baseline,0.9028871391076115,0.836100293776047,0.8694937164418293,2508,2064,6418,8219,0.3907759426612652,0.7750387847763173,444.0,1801.0,0.25112544105122275,0.13965050161004244,0.35736627821231215,False,0.7411323516764841,0.03390643309983321,False,23,False,False,False
20260804,149062593-149062608-001,moderate_dysplastic,baseline,0.8862486766262793,0.6908167357305173,0.7885327061783982,3802,4699,4158,3323,0.9143819143819144,0.7472263193728476,897.0,835.0,1.4140836593439663,0.4997017449620519,0.5464906847038256,False,0.7225471093796603,0.02467920999318729,False,23,False,True,False
20260804,149096927-149096943-002,severe_dysplastic,baseline,0.6865361289204643,0.4723107804935648,0.5794234547070145,3784,1987,2029,6440,1.8649581074420898,0.4330859477112478,1797.0,4411.0,0.3085403726708075,1.5564177347712822,0.8345586391467898,False,0.6308626122586461,0.19777666454739834,False,23,False,True,True
20260804,149099398-149099421-001,light_dysplastic,baseline,0.9357838310906903,0.7044969744460406,0.8201404027683654,4833,4308,22296,23646,0.21676533907427342,0.6548874796990576,525.0,1350.0,0.18218726211621417,0.034578076958059256,0.15951774203379118,False,0.6880992602626466,0.03321178056358898,False,23,False,False,False
20260804,149099502-149099544-001,moderate_dysplastic,baseline,0.9326217478318879,0.9140211008736334,0.9233214243527607,3719,3776,10653,10294,0.34910353890922746,0.7173746319967647,57.0,359.0,0.36681562074995144,0.01771208184072398,0.05073575352547735,False,0.7102332990119199,0.0071413329848447615,False,23,True,False,False
20260804,149101620-149101650-002,moderate_dysplastic,baseline,0.9782657912610369,0.7947663551401869,0.8865160732006119,4441,4393,4863,5837,0.9132222907670162,0.8268161556578415,48.0,974.0,0.7526126434812404,0.16060964728577587,0.175871168540697,False,0.8667420760861011,0.0399259204282596,False,23,False,False,False
20260804,149102510-149102527-003,moderate_dysplastic,baseline,0.9439480097481722,0.7535659425060347,0.8487569761271034,3124,3031,4465,4649,0.6996640537513997,0.7885519221222621,93.0,184.0,0.6519681651968166,0.04769588855458318,0.0681696024388409,False,0.8342499886166864,0.045698066494424316,False,23,False,False,False
20260804,149105131-149105155-002,severe_dysplastic,baseline,0.9637935061901425,0.8949880668257757,0.9293907865079591,2083,2198,3072,2794,0.6780598958333334,0.7474148451163989,115.0,278.0,0.7866857551896922,0.10862585935635882,0.1602007430657953,False,0.7818034335429129,0.034388588426514044,False,23,True,False,False
20260804,149105131-149105155-003,severe_dysplastic,baseline,0.7651006711409396,0.7454601415820252,0.7552804063614824,969,1564,1869,1380,0.5184590690208668,0.5936821150517075,595.0,489.0,1.1333333333333333,0.6148742643124665,1.185962624804803,False,0.8331119417771269,0.23942982672541935,False,23,False,True,True
20260804,149105131-149105205-002,moderate_dysplastic,baseline,0.7407555466719968,0.7675271340569082,0.7541413403644526,3104,1899,5889,7747,0.5270843946340635,0.7732303653793138,1205.0,1858.0,0.2451271459919969,0.2819572486420666,0.5349365615372806,False,0.17213573317699624,0.6010946322023175,False,23,False,True,True
20260804,149143370-149143378-002,carcinoma_in_situ,baseline,0.808826479438315,0.4269899841855561,0.6179082318119355,2034,2951,1755,2039,1.158974358974359,0.1562956438743513,917.0,284.0,1.447278077488965,0.288303718514606,0.2487574185958033,False,0.6524507371781081,0.4961550933037568,False,23,False,True,True
20260804,149143469-149143479-002,severe_dysplastic,baseline,0.9244444444444444,0.8680721167604694,0.8962582806024568,3006,2844,4875,5608,0.6166153846153846,0.7290218844541125,162.0,733.0,0.507132667617689,0.10948271699769552,0.17755401855885736,False,0.7655739778997013,0.03655209344558874,False,23,True,False,False
20260804,149146635-149146651-001,carcinoma_in_situ,baseline,0.9732084513177957,0.7322432294328053,0.8527258403753004,2286,2305,1644,2270,1.3905109489051095,0.6275516698945508,19.0,626.0,1.0154185022026432,0.37509244670246633,0.26975132935593576,False,0.6775572418299866,0.050005571935435755,False,23,False,True,False
20260804,149146886-149146936-002,carcinoma_in_situ,baseline,0.9843290891283056,0.7010422380691168,0.8426856635987112,3083,3043,1493,2153,2.0649698593436034,0.8137730539702447,40.0,660.0,1.4133766836971668,0.6515931756464366,0.3155459423062076,False,0.8431653126539828,0.02939225868373807,False,23,False,True,False
20260804,149147848-149147864-001,carcinoma_in_situ,baseline,0.9262422360248447,0.7527770127604884,0.8395096243926665,2766,2386,4433,6460,0.6239566884728175,0.5153142750993217,380.0,2027.0,0.36934984520123837,0.2546068432715791,0.4080514560125834,False,0.49546722823500605,0.019847046864315654,False,23,False,False,False
20260804,149148124-149148181-001,carcinoma_in_situ,baseline,0.9770076191760502,0.8129559849274433,0.8949818020517467,7470,7361,5849,6624,1.2771413916908874,0.7040223167426077,109.0,775.0,1.111262077294686,0.1658793143962014,0.12988317941320826,False,0.784415739356786,0.08039342261417826,False,23,True,False,False
20260804,149148124-149148181-004,carcinoma_in_situ,baseline,0.944,0.8110132983704814,0.8775066491852407,2759,2991,2933,2406,0.9406750767132629,0.662234560235989,232.0,527.0,1.243142144638404,0.302467067925141,0.3215422135342973,False,0.8200465310483305,0.15781197081234144,False,23,False,True,False
20260804,149181806-149181819-002,severe_dysplastic,baseline,0.9595905952783276,0.8543101343101344,0.906950364794231,10775,9938,9466,11009,1.138284386224382,0.8329012682232401,837.0,1543.0,0.9027159596693615,0.23556842655502064,0.2069502335757693,False,0.7667126032091164,0.06618866501412368,False,23,True,False,False
20260804,149182550-149182571-003,carcinoma_in_situ,baseline,0.9785744293516314,0.8906305664410402,0.9346024978963359,3596,3545,5455,5773,0.659211732355637,0.8380733860563566,51.0,318.0,0.6140654772215486,0.04514625513408843,0.06848510794499126,False,0.8124407721984185,0.025632613857938136,False,23,True,False,False
20260804,149182550-149182608-002,carcinoma_in_situ,baseline,0.9677091278921942,0.6875323331608898,0.827620730526542,1960,1973,1569,2297,1.2492033142128744,0.7079267972010039,13.0,728.0,0.8589464518937745,0.39025686231909995,0.31240435041645004,False,0.7598850375749018,0.051958240373897846,False,23,False,True,False
20260804,149182550-149182608-005,carcinoma_in_situ,baseline,0.925504397309881,0.7402597402597403,0.8328820687848106,1833,2033,1370,1556,1.337956204379562,0.5451279927649001,200.0,186.0,1.306555269922879,0.031400934456683016,0.023469311539933948,False,0.6481860059683562,0.10305801320345609,False,23,False,False,False
20260804,149182657-149182667-002,carcinoma_in_situ,baseline,0.9408142319534725,0.714630972299684,0.8277226021265782,1541,1382,2357,3022,0.6537971998302927,0.6164091548128765,159.0,665.0,0.457313037723362,0.1964841621069307,0.30052723020334465,False,0.7462083950227699,0.12979924020989342,False,23,False,False,False
20260804,149185405-149185423-002,carcinoma_in_situ,baseline,0.8287385129490392,0.390535263036986,0.6096368879930126,5603,3973,1060,3293,5.285849056603774,0.5937204498620198,1630.0,2233.0,1.2064986334649257,4.079350423138848,0.7717491755261561,False,0.580869676944775,0.01285077291724479,False,23,False,True,False
20260804,149185604-149185629-001,carcinoma_in_situ,baseline,0.7965622792559454,0.511377245508982,0.6539697623824636,5111,3383,1954,3056,2.615660184237462,0.6163103413830081,1728.0,1102.0,1.107002617801047,1.5086575664364148,0.5767786651910081,False,0.704883076565608,0.0885727351825999,False,23,False,True,False
20260804,149185698-149185721-004,carcinoma_in_situ,baseline,0.9181208053691275,0.6559031281533805,0.7870119667612541,3224,2736,1372,1601,2.3498542274052476,0.7773846964419787,488.0,229.0,1.7089319175515303,0.6409223098537173,0.27274970065344634,False,0.7710405301133175,0.006344166328661194,False,23,False,True,False
20260804,149185850-149185864-001,carcinoma_in_situ,baseline,0.8706304152972811,0.752639087018545,0.8116347511579131,3575,3119,3098,3912,1.1539703034215623,0.7021903896136864,456.0,814.0,0.7972903885480572,0.35667991487350503,0.3090890681734785,False,0.7552231692196016,0.05303277960591524,False,23,False,True,False
20260804,149187049-149187073-001,carcinoma_in_situ,baseline,0.965505859052649,0.7973739182333631,0.881439888643006,3127,2932,1603,1748,1.9507174048658764,0.6744910877577139,195.0,145.0,1.677345537757437,0.2733718671084393,0.1401390720600882,False,0.7284059104723338,0.05391482271461989,False,23,False,True,False
20260804,149315229-149315291-003,severe_dysplastic,baseline,0.9674411376175305,0.7301812004530012,0.8488111690352658,6602,6267,3154,3910,2.0932149651236527,0.7858870908255164,335.0,756.0,1.6028132992327366,0.49040166589091605,0.23428144733357528,False,0.8145286796185692,0.028641588793052786,False,23,False,True,False
20260804,149315960-149315967-001,moderate_dysplastic,baseline,0.8101223949718822,0.6258177756502313,0.7179700853110568,5078,7014,6094,6440,0.833278634722678,0.7485030564377804,1936.0,346.0,1.0891304347826087,0.2558518000599307,0.3070419453429702,False,0.2945538381577991,0.45394921827998125,False,23,False,True,True
20260804,149316117-149316122-002,carcinoma_in_situ,baseline,0.8766114180478821,0.7931330472103004,0.8348722326290913,1520,1738,1884,1611,0.8067940552016986,0.47355711809357637,218.0,273.0,1.0788330229671013,0.2720389677654027,0.33718472369342056,False,0.5818042366100784,0.10824711851650204,False,23,False,True,False
20260804,149316426-149316462-001,carcinoma_in_situ,baseline,0.9470404984423676,0.8179814896430145,0.8825109940426911,1624,1586,1085,1184,1.4967741935483871,0.6918573469705027,38.0,99.0,1.339527027027027,0.15724716652136017,0.10505730399538236,False,0.7371112497342749,0.04525390276377217,False,23,False,False,False
20260804,149317002-149317010-001,severe_dysplastic,baseline,0.9812249923053247,0.8366324827092774,0.908928737507301,1645,1604,2252,1941,0.7304618117229129,0.8387738467016614,41.0,311.0,0.8263781555899021,0.09591634386698922,0.13130900345324253,False,0.8282185063305743,0.010555340371087185,False,23,True,False,False
20260804,149317114-149317152-004,carcinoma_in_situ,baseline,0.9400715563506261,0.7620704654197478,0.8510710108851869,1185,1051,1217,1082,0.9737058340180772,0.7901103991573756,134.0,135.0,0.9713493530499075,0.0023564809681696497,0.0024201134118012166,False,0.795967117533776,0.005856718376400449,False,23,False,False,False
20260804,149317204-149317230-001,severe_dysplastic,baseline,0.9577117832215684,0.8374920025591811,0.8976018928903747,3720,3587,3332,2920,1.1164465786314526,0.6524422450492672,133.0,412.0,1.2284246575342466,0.11197807890279399,0.10029855502938824,False,0.7577043909036971,0.10526214585442994,False,23,True,False,False
20260804,149788716-149788727-003,light_dysplastic,baseline,0.934,0.8407606827815328,0.8873803413907664,3157,2843,9655,7803,0.32698083894355257,0.7401312495103445,314.0,1852.0,0.36434704600794565,0.03736620706439309,0.11427609308553581,False,0.6196200966740827,0.12051115283626179,False,23,False,False,False
20260804,153276386-153276405-004,moderate_dysplastic,baseline,0.9777650265385167,0.800731484303566,0.8892482554210414,3544,3427,7547,8858,0.46959056578773023,0.7660305842055309,117.0,1311.0,0.38688191465342064,0.08270865113430959,0.17612891107949846,False,0.768435199718139,0.002404615512608066,False,23,False,False,False
20260804,153314759-153314767-002,light_dysplastic,baseline,0.9597710287804102,0.8376223635079221,0.8986966961441661,3260,3029,4855,5054,0.6714727085478888,0.8523469905986318,231.0,199.0,0.5993272655322517,0.07214544301563708,0.1074434368720957,False,0.8368044197582011,0.015542570840430758,False,23,True,False,False
20260804,153314857-153314882-002,light_dysplastic,baseline,0.9399052891349297,0.8673850087401185,0.9036451489375241,7387,7606,18219,20110,0.405455842801471,0.7925504056156489,219.0,1891.0,0.37821979114868226,0.02723605165278875,0.06717373781289143,False,0.677047950727723,0.11550245488792599,False,23,True,False,False
20260804,153314956-153314985-001,severe_dysplastic,baseline,0.9393620750087627,0.8065233506300964,0.8729427128194296,4539,4020,3991,4103,1.1373089451265348,0.77024121659237,519.0,112.0,0.979770899341945,0.15753804578458985,0.13851812908139347,False,0.8152215081728764,0.044980291580506426,False,23,False,False,False
20260804,153315615-153315624-002,severe_dysplastic,baseline,0.9757318952234206,0.7893691478293767,0.8825505215263987,5270,5114,4357,6216,1.209547854028001,0.7369656729683174,156.0,1859.0,0.8227155727155727,0.3868322813124282,0.31981534274056955,False,0.7852089344625056,0.04824326149418823,False,23,False,True,False
20260804,153354589-153354597-001,light_dysplastic,baseline,0.790159756934235,0.8183457660463972,0.8042527614903161,5867,4336,10933,13465,0.5366322143967804,0.8364850513705333,1531.0,2532.0,0.322020051986632,0.2146121624101484,0.39992336786568455,False,0.36567794302094275,0.47080710834959055,False,23,False,False,True
20260804,153654325-153654351-002,severe_dysplastic,baseline,0.9209621993127147,0.8483965014577259,0.8846793503852204,2668,2279,3986,4246,0.6693426994480682,0.7256005643419587,389.0,260.0,0.5367404616109279,0.1326022378371403,0.19810784496288278,False,0.750732423751458,0.025131859409499246,False,23,False,False,False
20260804,153654325-153654360-003,severe_dysplastic,baseline,0.6478025285972305,0.8252541972097422,0.7365283629034864,2205,1117,5814,6873,0.37925696594427244,0.4312822234326085,1088.0,1059.0,0.16252000581987489,0.21673696012439755,0.5714763553740214,False,0.5688892405460779,0.1376070171134694,False,23,False,False,False
20260804,153657257-153657289-002,light_dysplastic,baseline,0.9540463603090688,0.9011404366243075,0.9275933984666882,4695,5141,8051,7294,0.5831573717550614,0.8646746649337484,446.0,757.0,0.7048258842884563,0.12166851253339483,0.20863717032342993,False,0.7620877197098885,0.10258694522385992,False,23,True,False,False
20260804,153657698-153657708-001,light_dysplastic,baseline,0.9400795283148224,0.9118822964976812,0.9259809124062518,7491,7095,28671,27606,0.26127445851208536,0.8682300659249313,396.0,1065.0,0.2570093457943925,0.004265112717692865,0.016324199532485296,False,0.6678766339741037,0.20035343195082767,False,23,True,False,True
20260804,153659229-153659243-003,severe_dysplastic,baseline,0.8755284170972287,0.7204834880207209,0.7980059525589749,2394,1864,2412,2221,0.9925373134328358,0.8109575815050853,530.0,191.0,0.8392615938766321,0.15327571955620367,0.15442801298629738,False,0.6831281248555875,0.12782945664949785,False,23,False,False,False
20260804,153697342-153697366-001,moderate_dysplastic,baseline,0.9650872817955112,0.8152110710547739,0.8901491764251426,3320,3096,4110,4489,0.8077858880778589,0.8424585925784669,224.0,379.0,0.6896858988638895,0.11809998921396936,0.14620191409022504,False,0.8300609444276471,0.012397648150819784,False,23,False,False,False
20260804,153701139-153701148-001,light_dysplastic,baseline,0.9561987041036717,0.9450791272591067,0.9506389156813893,6035,5540,20900,21816,0.28875598086124404,0.8238828691144947,495.0,916.0,0.25394206087275395,0.034813919988490094,0.12056477348064246,False,0.7176054542759007,0.10627741483859399,False,23,True,False,False
20260804,153826963-153826976-001,severe_dysplastic,baseline,0.9397014925373134,0.6358576823693103,0.7877795874533118,3552,3148,6345,3717,0.5598108747044918,0.8205046155064458,404.0,2628.0,0.8469195587839655,0.28710868407947376,0.5128663700301641,False,0.7417688362723606,0.07873577923408526,False,23,False,True,False
20260804,153827595-153827664-001,carcinoma_in_situ,baseline,0.9145399203933505,0.6720647773279352,0.7933023488606429,2315,1956,1271,1199,1.8214004720692367,0.5691391447744507,359.0,72.0,1.6313594662218516,0.19004100584738515,0.10433779085040794,False,0.46508972906638674,0.10404941570806397,False,23,False,False,False
20260804,153828877-153828897-001,severe_dysplastic,baseline,0.9430921604834648,0.6346321424125483,0.7888621514480065,3100,2857,4696,3337,0.6601362862010222,0.8138201479900438,243.0,1359.0,0.8561582259514534,0.19602193975043125,0.29694117246202556,False,0.834462636367959,0.02064248837791527,False,23,False,False,False
20260804,153829063-153829073-001,severe_dysplastic,baseline,0.9537739256049115,0.817565989254847,0.8856699574298792,2896,2642,2217,2064,1.3062697338746054,0.8313936688676801,254.0,153.0,1.2800387596899225,0.026230974184682898,0.020080809823303385,False,0.7810573950279359,0.05033627383974415,False,23,False,False,False
20260804,153829063-153829073-002,severe_dysplastic,baseline,0.8805542283803154,0.48991150442477877,0.6852328664025471,2343,1843,1659,1166,1.4122965641952985,0.6454889777189768,500.0,493.0,1.5806174957118353,0.16832093151653682,0.11918234215212503,False,0.7313728757831414,0.08588389806416452,False,23,False,False,False
20260804,153829664-153829678-001,moderate_dysplastic,baseline,0.9093492469451548,0.7088093806374023,0.8090793137912786,5757,4800,5848,7456,0.9844391244870041,0.7425531865302086,957.0,1608.0,0.6437768240343348,0.3406623004526693,0.3460467447222246,False,0.7907757408803288,0.04822255435012013,False,23,False,True,False
20260804,153831426-153831438-001,carcinoma_in_situ,baseline,0.9199042043640234,0.5283867341202922,0.7241454692421578,3969,3547,596,1183,6.659395973154362,0.7001513162339066,422.0,587.0,2.9983093829247673,3.661086590229595,0.5497624792437392,False,0.4927089466502118,0.20744236958369477,False,23,False,True,True
20260804,153831471-153831479-001,carcinoma_in_situ,baseline,0.950599520383693,0.625,0.7877997601918465,2152,2018,1225,823,1.756734693877551,0.8636231912791748,134.0,402.0,2.452004860267315,0.6952701663897638,0.3957739168236118,False,0.7573700561517162,0.1062531351274586,False,23,False,True,False
20260804,153915316-153915330-003,severe_dysplastic,baseline,0.9665809768637532,0.7828234847045411,0.8747022307841472,3204,3409,9107,6682,0.3518172834083672,0.7733774508106748,205.0,2425.0,0.5101765938341813,0.15835931042581414,0.4501167730444561,False,0.8288627887931899,0.05548533798251509,False,23,False,False,False
20260804,153956040-153956058-006,normal_columnar,baseline,0.8839820359281437,0.706821299413892,0.7954016676710178,1181,1491,3331,4688,0.35454818372861,0.7657732154720922,310.0,1357.0,0.31804607508532423,0.03650210864328579,0.1029535825168515,False,0.8237957628905026,0.0580225474184104,False,23,False,False,False
20260804,153956444-153956458-001,normal_columnar,baseline,0.8475499092558983,0.5775387999511181,0.7125443546035082,1270,934,2931,5252,0.4332992152848857,0.5314805158589951,336.0,2321.0,0.17783701447067785,0.25546220081420784,0.5895732146042136,False,0.6027329863799337,0.07125247052093853,False,23,False,True,False
20260804,153956444-153956458-003,normal_columnar,baseline,0.8705128205128205,0.8169386854874283,0.8437257530001244,1517,1603,2105,2429,0.7206650831353919,0.6196546553066754,86.0,324.0,0.659942363112392,0.06072272002299994,0.08425916168943937,False,0.7642867726485211,0.14463211734184567,False,23,False,False,False
20260804,153958345-153958364-001,normal_columnar,baseline,0.8650717703349282,0.7928286852589641,0.8289502277969462,1016,1074,1302,1208,0.7803379416282642,0.44246695451515533,58.0,94.0,0.8890728476821192,0.10873490605385505,0.1393431754501032,False,0.5733048502789629,0.1308378957638076,False,23,False,False,False
20260804,153958547-153958572-003,normal_columnar,baseline,0.8812454742939899,0.7262905162064826,0.8037679952502362,1220,1542,1810,1522,0.6740331491712708,0.6297449911824241,322.0,288.0,1.0131406044678055,0.33910745529653474,0.5031012979289988,False,0.4199398163857604,0.20980517479666372,False,23,False,True,True
20260804,153958547-153958572-004,normal_columnar,baseline,0.9074315514993481,0.8472314876584389,0.8773315195788935,1044,1257,1615,1383,0.6464396284829721,0.759951058177325,213.0,232.0,0.9088937093275488,0.26245408084457666,0.40599874030270666,False,0.7887538556628791,0.028802797485554144,False,23,False,True,False
20260804,157181146-157181197-003,normal_columnar,baseline,0.937482158150157,0.709658593522031,0.8235703758360939,1851,1652,1905,1522,0.9716535433070866,0.6637612966263272,199.0,383.0,1.0854139290407359,0.11376038573364922,0.11707904472556539,False,0.6917985758908931,0.028037279264565895,False,23,False,False,False
20260804,157181387-157181418-001,normal_superficiel,baseline,0.815748031496063,0.9268159332138219,0.8712819823549425,550,720,98887,91332,0.005561903991424555,0.8534358081305954,170.0,7555.0,0.007883326763894364,0.0023214227724698087,0.4173041231788967,False,0.5281921064264418,0.3252437017041536,False,23,False,False,True
20260804,157183412-157183656-001,normal_intermediate,baseline,0.928234677841802,0.9589260797741816,0.9435803788079918,997,912,32174,30177,0.030987754087151115,0.6987300728836787,85.0,1997.0,0.030221692017099115,0.0007660620700520003,0.02472064762260426,False,0.6943760285695202,0.004354044314158534,False,23,True,False,False
20260804,157183828-157183887-001,normal_intermediate,baseline,0.9205409974640744,0.9144510456607536,0.9174960215624139,1213,1153,33655,37544,0.036042192839102656,0.750740116659001,60.0,3889.0,0.03071063285744726,0.0053315599816553955,0.14792141210839888,False,0.6734817279196011,0.07725838873939983,False,23,True,False,False
20260804,157184850-157184920-001,normal_columnar,baseline,0.9430591737997767,0.822800735507597,0.8829299546536868,1311,1376,5498,4835,0.238450345580211,0.5248658377693753,65.0,663.0,0.2845915201654602,0.04614117458524919,0.1935035194411519,False,0.6912663740812177,0.16640053631184237,False,23,False,False,True
20260804,157185164-157185177-001,normal_superficiel,baseline,0.91415313225058,0.9399839289713224,0.9270685306109512,459,403,76912,74914,0.005967859371749532,0.8502512593631689,56.0,1998.0,0.005379501828763649,0.0005883575429858831,0.09857118527043295,False,0.6791339315657767,0.1711173277973922,False,23,True,False,True
20260804,157222647-157222660-001,normal_intermediate,baseline,0.8753036437246964,0.9695556419225289,0.9224296428236126,1094,1376,35447,34024,0.030862978531328463,0.7634578997376599,282.0,1423.0,0.0404420409122972,0.009579062380968738,0.31036382335626356,False,0.6326479218601475,0.13080997787751236,False,23,True,False,False
20260804,157223394-157223428-001,normal_intermediate,baseline,0.9584664536741214,0.9608236366561209,0.9596450451651212,808,757,46589,46656,0.017343149670523084,0.880370394462147,51.0,67.0,0.016225137174211247,0.001118012496311837,0.06446049633738653,False,0.706788431379103,0.17358196308304408,False,23,True,False,True
20260804,157223735-157223751-001,normal_superficiel,baseline,0.8604471858134156,0.9488827740543256,0.9046649799338706,739,558,88708,86458,0.00833070298056545,0.8683221163370768,181.0,2250.0,0.006454000786509056,0.0018767021940563943,0.22524833139563355,False,0.6767558137361469,0.19156630260092988,False,23,True,False,True
20260804,157224172-157224207-003,normal_columnar,baseline,0.9215976331360947,0.6840938265841988,0.8028457298601468,669,683,3079,5490,0.21727833712244235,0.7198831963066611,14.0,2411.0,0.124408014571949,0.09287032255049335,0.4274236279456182,False,0.8387688209637805,0.11888562465711938,False,23,False,False,False
20260804,157224297-157224320-001,normal_superficiel,baseline,0.8883071553228621,0.9622422246212876,0.9252746899720748,636,510,71830,73597,0.008854239175831825,0.8832725780610445,126.0,1767.0,0.006929630283843091,0.0019246088919887333,0.21734126586230162,False,0.6294530283233024,0.2538195497377421,False,23,True,False,True
20260804,157224352-157224395-001,normal_superficiel,baseline,0.93215859030837,0.9090110361084325,0.9205848132084012,575,560,85750,100910,0.006705539358600583,0.7618561902391834,15.0,15160.0,0.005549499554058071,0.0011560398045425118,0.17237501231689428,False,0.5241473526700753,0.2377088375691081,False,23,True,False,True
20260804,157227461-157227503-001,normal_columnar,baseline,0.9053318824809575,0.8123493273193872,0.8588406049001724,2082,2513,7105,5754,0.2930330752990852,0.8441202860157594,431.0,1351.0,0.4367396593673966,0.14370658406831144,0.49040912365443284,False,0.7698450609911033,0.07427522502465611,False,23,False,False,False
20260804,157227461-157227503-002,normal_columnar,baseline,0.9574311926605504,0.7981475888452633,0.8777893907529069,2746,2704,5227,4706,0.5253491486512339,0.6901618864894148,42.0,521.0,0.574585635359116,0.049236486707882055,0.09372127681754755,False,0.8645062764102117,0.17434438992079693,False,23,False,False,True
20260804,157267059-157267072-004,normal_columnar,baseline,0.9381598793363499,0.762929538354738,0.850544708845544,938,1051,1251,1630,0.7498001598721024,0.8116558619057601,113.0,379.0,0.6447852760736197,0.10501488379848267,0.14005697699426822,False,0.8368552056273487,0.025199343721588607,False,23,False,False,False
20260804,157267647-157267732-001,normal_superficiel,baseline,0.9135200974421437,0.9477669773929986,0.9306435374175712,886,756,44763,45563,0.01979313272122065,0.8744260092471228,130.0,800.0,0.016592410508526657,0.003200722212693994,0.16170055327873006,False,0.6678198581026024,0.2066061511445204,False,23,True,False,True
20260804,158986813-158986820-002,normal_columnar,baseline,0.9052312357846853,0.721502011622709,0.8133666237036972,722,597,2923,3788,0.24700650017105713,0.7392916298373273,125.0,865.0,0.15760295670538543,0.0894035434656717,0.36194667531859614,False,0.7202160267539043,0.019075603083423043,False,23,False,False,False
20260804,158987453-158987462-001,normal_superficiel,baseline,0.9133284777858703,0.8325005677946854,0.8729145227902779,639,734,80498,60398,0.00793808541827126,0.8198287861795152,95.0,20100.0,0.012152720288751284,0.004214634870480023,0.5308715863895771,False,0.6886242876787462,0.13120449850076898,False,23,False,False,False
20260804,158987493-158987499-001,normal_superficiel,baseline,0.9477572559366755,0.8887158384838598,0.9182365472102676,923,972,67574,54420,0.013659099653712967,0.7950832165063928,49.0,13154.0,0.017861080485115765,0.004201980831402798,0.3076098226165322,False,0.650699402431246,0.14438381407514678,False,23,True,False,False
20260804,158987493-158987505-001,normal_superficiel,baseline,0.632768361581921,0.6074389457745528,0.6201036536782369,394,845,45484,21219,0.008662386773370856,0.8590511727041416,451.0,24265.0,0.039822800320467505,0.03116041354709665,3.5967935360887022,False,0.6690086812475498,0.1900424914565918,False,23,False,False,True
20260804,204870926-204870933-002,light_dysplastic,baseline,0.9291760420015001,0.6249011857707509,0.7770386138861255,4510,4823,5185,4935,0.8698167791706847,0.6221872766029176,313.0,250.0,0.9773049645390071,0.10748818536832239,0.12357552115203423,False,0.8164296501341081,0.19424237353119045,False,23,False,False,True
20260804,209522940-209522991-001,normal_intermediate,baseline,0.9607079646017699,0.96826138330906,0.9644846739554149,1435,1390,36295,36487,0.03953712632594021,0.8570857405785781,45.0,192.0,0.03809576013374626,0.0014413661921939477,0.03645509603342773,False,0.7103991936007512,0.1466865469778269,False,23,True,False,False
20260804,209565409-209565466-001,normal_intermediate,baseline,0.9371890547263682,0.8804760526450207,0.9088325536856945,1695,1521,53759,63707,0.03152960434531892,0.8536753848029748,174.0,9948.0,0.023874927402012337,0.007654676943306585,0.24276975028685135,False,0.6833499829446672,0.17032540185830758,False,23,True,False,True
20260804,209565698-209565729-001,normal_intermediate,baseline,0.826131164209456,0.8786468575267501,0.852389010868103,1726,2208,75668,67229,0.02281017074588994,0.6715319544655338,482.0,8439.0,0.03284296955183031,0.010032798805940369,0.4398195479619586,False,0.3642045878502245,0.3073273666153093,False,23,False,False,True
20260804,148497676-148497704-001,light_dysplastic,nc_aware_lambda_0p10,0.9598640900403482,0.9184944106410075,0.9391792503406778,2267,2442,7509,6625,0.3019043814089759,0.6398347308570745,175.0,884.0,0.36860377358490565,0.06669939217592974,0.2209281327303519,False,0.7762391793006667,0.13640444844359212,False,24,True,False,False
20260804,148499274-148499302-001,light_dysplastic,nc_aware_lambda_0p10,0.9422924901185771,0.8840959644105497,0.9131942272645635,2529,2531,13429,11747,0.1883237769007372,0.6657502278352142,2.0,1682.0,0.21545926619562442,0.02713548929488721,0.14408879034111305,False,0.7159626089484892,0.05021238111327497,False,24,True,False,False
20260804,148499383-148499424-002,light_dysplastic,nc_aware_lambda_0p10,0.8944053353093738,0.7033498917335371,0.7988776135214555,2440,2958,10031,5671,0.24324593759346028,0.6783181650314228,518.0,4360.0,0.5216011285487568,0.2783551909552966,1.1443317383938165,False,0.7844672687703742,0.10614910373895137,False,24,False,True,False
20260804,148500154-148500165-001,light_dysplastic,nc_aware_lambda_0p10,0.7793840351979887,0.7635420248179289,0.7714630300079588,3734,5812,18917,13076,0.19738859227150182,0.7100987743205729,2078.0,5841.0,0.44447843377179563,0.2470898415002938,1.251787587465256,False,0.5591590399987361,0.15093973432183683,False,24,False,False,False
20260804,148503400-148503424-001,light_dysplastic,nc_aware_lambda_0p10,0.9390702572589138,0.8793728614473214,0.9092215593531177,3292,3355,19817,19345,0.16611999798153101,0.4763918584290513,63.0,472.0,0.1734298268286379,0.007309828847106875,0.04400303956709655,False,0.6280858343253436,0.1516939758962923,False,24,True,False,False
20260804,148503900-148503914-001,light_dysplastic,nc_aware_lambda_0p10,0.9686680469289165,0.7092043990884772,0.8389362230086969,3735,3510,5950,4143,0.6277310924369748,0.8305136068540933,225.0,1807.0,0.8472121650977552,0.21948107266078043,0.34964131244065183,False,0.8158546453244067,0.014658961529686598,False,24,False,False,False
20260804,148719308-148719348-002,light_dysplastic,nc_aware_lambda_0p10,0.9729596853490659,0.9063511552628641,0.939655420305965,2046,2022,4789,4170,0.4272290666109835,0.8505773892134673,24.0,619.0,0.4848920863309353,0.0576630197199518,0.13496947950635965,False,0.7943114100089077,0.05626597920455956,False,24,True,False,False
20260804,148881729-148881744-001,light_dysplastic,nc_aware_lambda_0p10,0.9702782261893458,0.7759524125817355,0.8731153193855407,5413,5118,39472,28277,0.13713518443453587,0.7994318713980407,295.0,11195.0,0.18099515507302755,0.043859970638491674,0.31982784718229434,False,0.6397329882449835,0.15969888315305725,False,24,False,False,False
20260804,148884702-148884710-002,light_dysplastic,nc_aware_lambda_0p10,0.8068253633874025,0.7946904163293135,0.800757889858358,3968,5526,25800,21134,0.1537984496124031,0.7439455752042625,1558.0,4666.0,0.2614744014384404,0.10767595182603731,0.7001062233798385,False,0.6266320395539478,0.11731353565031477,False,24,False,False,False
20260804,149014929-149015008-002,moderate_dysplastic,nc_aware_lambda_0p10,0.5886304266699838,0.4204475103917927,0.5045389685308882,2366,5673,5774,5533,0.4097679251818497,0.7786864630450933,3307.0,241.0,1.0253027290800651,0.6155348038982155,1.502151007729661,False,0.5015973621830166,0.2770891008620766,False,24,False,True,True
20260804,149053423-149053447-001,light_dysplastic,nc_aware_lambda_0p10,0.8774243599689682,0.7891196013289037,0.8332719806489359,5932,6958,13767,10313,0.43088545071547907,0.8192906222350413,1026.0,3454.0,0.6746824396392902,0.24379698892381113,0.5658033305967053,False,0.5029926616211606,0.3162979606138807,False,24,False,False,True
20260804,149054526-149054563-001,light_dysplastic,nc_aware_lambda_0p10,0.6763110307414105,0.5654283438337316,0.6208696872875711,3179,6222,6949,6860,0.4574758958123471,0.6895983343433245,3043.0,89.0,0.9069970845481049,0.4495211887357578,0.9826095981033922,False,0.60733017673599,0.08226815760733452,False,24,False,True,False
20260804,149056321-149056360-003,severe_dysplastic,nc_aware_lambda_0p10,0.962671905697446,0.8847305389221557,0.9237012223098009,3216,3401,10295,8409,0.31238465274405053,0.7954415176954409,185.0,1886.0,0.4044476156498989,0.09206296290584837,0.29470931874479867,False,0.6862052391241289,0.10923627857131202,False,24,True,False,False
20260804,149056410-149056458-005,severe_dysplastic,nc_aware_lambda_0p10,0.8969450101832994,0.8028571428571428,0.8499010765202211,1297,1158,1089,1011,1.1910009182736456,0.6152844525160559,139.0,78.0,1.1454005934718101,0.04560032480183551,0.038287364698734554,False,0.7548005545107493,0.13951610199469344,False,24,False,False,False
20260804,149056785-149056813-002,severe_dysplastic,nc_aware_lambda_0p10,0.9725870930896631,0.8295182781004441,0.9010526855950536,1716,1786,3337,2517,0.5142343422235541,0.8126534754623163,70.0,820.0,0.709574890742948,0.19534054851939386,0.3798660505805399,False,0.8495487813181052,0.03689530585578893,False,24,True,False,False
20260804,149056933-149056982-005,severe_dysplastic,nc_aware_lambda_0p10,0.9522912743251726,0.8100181676615624,0.8811547209933674,1664,1522,3638,4068,0.45739417262231996,0.7204659857689807,142.0,430.0,0.37413962635201575,0.08325454627030421,0.18201885645839358,False,0.7024829549297359,0.017983030839244796,False,24,False,False,False
20260804,149057164-149057197-001,severe_dysplastic,nc_aware_lambda_0p10,0.9148882751694702,0.5071561916614811,0.7110222334154757,2011,1972,1613,1601,1.2467451952882826,0.4789457772287188,39.0,12.0,1.2317301686445972,0.01501502664368548,0.012043370736105265,False,0.6203199111317294,0.14137413390301057,False,24,False,False,False
20260804,149057812-149057847-002,moderate_dysplastic,nc_aware_lambda_0p10,0.9761121441853812,0.6730633554395372,0.8245877498124592,3516,3475,3196,3891,1.100125156445557,0.8353069215046935,41.0,695.0,0.8930866101259316,0.20703854631962537,0.18819527661132499,False,0.8609334501128277,0.02562652860813419,False,24,False,False,False
20260804,149058262-149058288-001,moderate_dysplastic,nc_aware_lambda_0p10,0.8048211508553654,0.7726231871766601,0.7887221690160128,2070,3074,6453,5338,0.3207810320781032,0.62303769660094,1004.0,1115.0,0.5758711127763207,0.25509008069821754,0.795213120403542,False,0.66413410229032,0.04109640568938,False,24,False,True,False
20260804,149058262-149058288-003,moderate_dysplastic,nc_aware_lambda_0p10,0.9407791038054493,0.865518362040949,0.9031487329231991,2299,2142,7450,7935,0.3085906040268456,0.7909223233535917,157.0,485.0,0.26994328922495275,0.038647314801892874,0.12523773912698802,False,0.8417280583523021,0.05080573499871044,False,24,True,False,False
20260804,149059215-149059228-001,light_dysplastic,nc_aware_lambda_0p10,0.9288782816229116,0.8723482077542063,0.900613244688559,2241,1949,16683,16125,0.13432835820895522,0.8497180326460076,292.0,558.0,0.12086821705426357,0.013460141154691657,0.10020252708833624,False,0.6826916009806688,0.16702643166533881,False,24,True,False,True
20260804,149061548-149061568-002,severe_dysplastic,nc_aware_lambda_0p10,0.9700223713646532,0.7889651309340429,0.879493751149348,3439,3266,3816,3325,0.9012054507337526,0.8046944019384197,173.0,491.0,0.9822556390977444,0.0810501883639918,0.0899352066310684,False,0.7809796698936649,0.023714732044754827,False,24,False,False,False
20260804,149061666-149061699-001,moderate_dysplastic,nc_aware_lambda_0p10,0.9683636363636363,0.7823024433193925,0.8753330398415144,2774,2726,5945,7684,0.46661059714045416,0.7605615005286058,48.0,1739.0,0.3547631441957314,0.11184745294472276,0.23970139968693427,False,0.7844115496500749,0.02385004912146904,False,24,False,False,False
20260804,149061666-149061726-001,light_dysplastic,nc_aware_lambda_0p10,0.9494276795005203,0.8557170115954792,0.9025723455479997,2508,2297,6418,7208,0.3907759426612652,0.7750387847763173,211.0,790.0,0.31867369589345174,0.07210224676781346,0.18450998228499224,False,0.7478088213709221,0.027229963405395186,False,24,True,False,False
20260804,149062593-149062608-001,moderate_dysplastic,nc_aware_lambda_0p10,0.8834187179807572,0.6691915513474144,0.7763051346640858,3802,4201,4158,2707,0.9143819143819144,0.7472263193728476,399.0,1451.0,1.5519024750646473,0.6375205606827329,0.6972139906110022,False,0.8190286859989946,0.07180236662614703,False,24,False,True,False
20260804,149096927-149096943-002,severe_dysplastic,nc_aware_lambda_0p10,0.760706113108859,0.43387270765911545,0.5972894103839872,3784,2334,2029,7241,1.8649581074420898,0.4330859477112478,1450.0,5212.0,0.3223311697279381,1.5426269377141517,0.8271639477553816,False,0.6681080138915143,0.2350220661802665,False,24,False,True,True
20260804,149099398-149099421-001,light_dysplastic,nc_aware_lambda_0p10,0.9555175363558597,0.7587644988922194,0.8571410176240395,4833,4519,22296,23742,0.21676533907427342,0.6548874796990576,314.0,1446.0,0.19033779799511413,0.02642754107915929,0.12191718138536299,False,0.7111730034294184,0.056285523730360776,False,24,False,False,False
20260804,149099502-149099544-001,moderate_dysplastic,nc_aware_lambda_0p10,0.8294064340734028,0.8650745050010206,0.8472404695372117,3719,5109,10653,8943,0.34910353890922746,0.7173746319967647,1390.0,1710.0,0.5712848037571285,0.22218126484790107,0.6364318995739887,False,0.4646596590523508,0.25271497294441386,False,24,False,False,True
20260804,149101620-149101650-002,moderate_dysplastic,nc_aware_lambda_0p10,0.9854180906812485,0.7438683638621546,0.8646432272717015,4441,4337,4863,4800,0.9132222907670162,0.8268161556578415,104.0,63.0,0.9035416666666667,0.009680624100349533,0.0106005006642119,False,0.8769941812050537,0.05017802554721218,False,24,False,False,False
20260804,149102510-149102527-003,moderate_dysplastic,nc_aware_lambda_0p10,0.9603274559193955,0.7387261738726174,0.8495268148960065,3124,3228,4465,4139,0.6996640537513997,0.7885519221222621,104.0,326.0,0.7798985262140614,0.08023447246266169,0.11467554658113603,False,0.658791501340465,0.12976042078179706,False,24,False,False,False
20260804,149105131-149105155-002,severe_dysplastic,nc_aware_lambda_0p10,0.9483546617915904,0.8329588014981273,0.8906567316448588,2083,2293,3072,2268,0.6780598958333334,0.7474148451163989,210.0,804.0,1.0110229276895943,0.33296303185626097,0.4910518124586009,False,0.811524514611061,0.06410966949466212,False,24,True,True,False
20260804,149105131-149105155-003,severe_dysplastic,nc_aware_lambda_0p10,0.7250280583613917,0.6489838098518773,0.6870059341066346,969,1704,1869,1034,0.5184590690208668,0.5936821150517075,735.0,835.0,1.6479690522243713,1.1295099832035045,2.1785862609180886,False,0.8474083686734419,0.2537262536217344,False,24,False,True,True
20260804,149105131-149105205-002,moderate_dysplastic,nc_aware_lambda_0p10,0.8167678300455236,0.7395667520243615,0.7781672910349425,3104,2168,5889,8560,0.5270843946340635,0.7732303653793138,936.0,2671.0,0.25327102803738316,0.2738133665966804,0.5194857785554448,False,0.1795190505425344,0.5937113148367794,False,24,False,True,True
20260804,149143370-149143378-002,carcinoma_in_situ,nc_aware_lambda_0p10,0.7822239322816468,0.3224115334207077,0.5523177328511772,2034,3164,1755,2060,1.158974358974359,0.1562956438743513,1130.0,305.0,1.5359223300970875,0.3769479711227284,0.32524243781706486,False,0.6834864063621353,0.5271907624877841,False,24,False,True,True
20260804,149143469-149143479-002,severe_dysplastic,nc_aware_lambda_0p10,0.9579512026302128,0.7113521201884612,0.834651661409337,3006,2773,4875,6374,0.6166153846153846,0.7290218844541125,233.0,1499.0,0.43504863508001257,0.181566749535372,0.2944565763503422,False,0.7172292133410534,0.01179267111305915,False,24,False,False,False
20260804,149146635-149146651-001,carcinoma_in_situ,nc_aware_lambda_0p10,0.9669077361385053,0.6972054163065399,0.8320565762225226,2286,2277,1644,1827,1.3905109489051095,0.6275516698945508,9.0,183.0,1.2463054187192117,0.14420553018589777,0.10370678964639272,False,0.6941161221318363,0.06656445223728547,False,24,False,False,False
20260804,149146886-149146936-002,carcinoma_in_situ,nc_aware_lambda_0p10,0.9811691501555592,0.6371903417999373,0.8091797459777482,3083,3024,1493,1696,2.0649698593436034,0.8137730539702447,59.0,203.0,1.7830188679245282,0.2819509914190752,0.13653993718279372,False,0.8523915608429001,0.038618506872655445,False,24,False,True,False
20260804,149147848-149147864-001,carcinoma_in_situ,nc_aware_lambda_0p10,0.291537986411365,0.5761853763022101,0.4338616813567876,2766,472,4433,5838,0.6239566884728175,0.5153142750993217,2294.0,1405.0,0.08084960602946215,0.5431070824433554,0.8704229348830528,False,0.5931974191354058,0.0778831440360841,False,24,False,True,False
20260804,149148124-149148181-001,carcinoma_in_situ,nc_aware_lambda_0p10,0.9818616703209089,0.7961473888839798,0.8890045296024444,7470,7581,5849,5468,1.2771413916908874,0.7040223167426077,111.0,381.0,1.38643013899049,0.1092887472996027,0.08557287582859778,False,0.8009719705307399,0.09694965378813214,False,24,False,False,False
20260804,149148124-149148181-004,carcinoma_in_situ,nc_aware_lambda_0p10,0.9347196182035111,0.7551424050632911,0.8449310116334011,2759,3108,2933,2123,0.9406750767132629,0.662234560235989,349.0,810.0,1.4639660857277437,0.5232910090144808,0.5562924602514266,False,0.8040994253288788,0.14186486509288976,False,24,False,True,False
20260804,149181806-149181819-002,severe_dysplastic,nc_aware_lambda_0p10,0.9566690873880417,0.8129480533803904,0.8848085703842161,10775,9880,9466,8668,1.138284386224382,0.8329012682232401,895.0,798.0,1.1398246423627134,0.0015402561383313085,0.0013531370576936221,False,0.7685097150562672,0.06439155316697287,False,24,False,False,False
20260804,149182550-149182571-003,carcinoma_in_situ,nc_aware_lambda_0p10,0.9841048522030117,0.8739622641509434,0.9290335581769775,3596,3576,5455,6470,0.659211732355637,0.8380733860563566,20.0,1015.0,0.5527047913446677,0.10650694101096936,0.16156687482412005,False,0.8039363061014512,0.03413707995490545,False,24,True,False,False
20260804,149182550-149182608-002,carcinoma_in_situ,nc_aware_lambda_0p10,0.854655056932351,0.6418918918918919,0.7482734744121214,1960,2519,1569,1687,1.2492033142128744,0.7079267972010039,559.0,118.0,1.4931831653823355,0.24397985116946108,0.19530820410526134,False,0.638719272758728,0.06920752444227596,False,24,False,False,False
20260804,149182550-149182608-005,carcinoma_in_situ,nc_aware_lambda_0p10,0.849353569421023,0.6724990490680868,0.7609263092445548,1833,1725,1370,1259,1.337956204379562,0.5451279927649001,108.0,111.0,1.3701350277998412,0.03217882342027911,0.02405071202198959,False,0.8384814333977206,0.29335344063282054,False,24,False,False,True
20260804,149182657-149182667-002,carcinoma_in_situ,nc_aware_lambda_0p10,0.9527925531914894,0.7108811539667608,0.8318368535791251,1541,1467,2357,4021,0.6537971998302927,0.6164091548128765,74.0,1664.0,0.36483461825416563,0.2889625815761271,0.441975186917207,False,0.7792014267295281,0.16279227191665158,False,24,False,True,True
20260804,149185405-149185423-002,carcinoma_in_situ,nc_aware_lambda_0p10,0.884440039643211,0.3879627625027062,0.6362014010729586,5603,4487,1060,3559,5.285849056603774,0.5937204498620198,1116.0,2499.0,1.2607474009553246,4.02510165564845,0.7614861588099282,False,0.6376811703087703,0.04396072044675048,False,24,False,True,False
20260804,149185604-149185629-001,carcinoma_in_situ,nc_aware_lambda_0p10,0.8131893649135028,0.5548387096774193,0.6840140372954611,5111,3502,1954,2851,2.615660184237462,0.6163103413830081,1609.0,897.0,1.228340933005963,1.387319251231499,0.5303895090051356,False,0.6983061583721862,0.08199581698917813,False,24,False,True,False
20260804,149185698-149185721-004,carcinoma_in_situ,nc_aware_lambda_0p10,0.9292828685258964,0.6671495834842448,0.7982162260050706,3224,2800,1372,1389,2.3498542274052476,0.7773846964419787,424.0,17.0,2.015838732901368,0.3340154945038796,0.14214300975158603,False,0.7901780005472792,0.01279330410530044,False,24,False,True,False
20260804,149185850-149185864-001,carcinoma_in_situ,nc_aware_lambda_0p10,0.9011568311612241,0.813081308130813,0.8571190696460186,3575,3254,3098,3568,1.1539703034215623,0.7021903896136864,321.0,470.0,0.9119955156950673,0.24197478772649494,0.209688739233837,False,0.7763873014385104,0.07419691182482402,False,24,False,False,False
20260804,149187049-149187073-001,carcinoma_in_situ,nc_aware_lambda_0p10,0.9414938458944528,0.6922817660936973,0.8168878059940751,3127,2804,1603,1364,1.9507174048658764,0.6744910877577139,323.0,239.0,2.0557184750733137,0.10500107020743732,0.0538268721643895,False,0.7315327697347234,0.05704168197700943,False,24,False,False,False
20260804,149315229-149315291-003,severe_dysplastic,nc_aware_lambda_0p10,0.9798240291262136,0.6949179046129789,0.8373709668695962,6602,6582,3154,3241,2.0932149651236527,0.7858870908255164,20.0,87.0,2.030854674483184,0.06236029064046855,0.029791618103192107,False,0.8414441350728162,0.05555704424729979,False,24,False,False,False
20260804,149315960-149315967-001,moderate_dysplastic,nc_aware_lambda_0p10,0.9178790199081164,0.6511516887456738,0.784515354326895,5078,5370,6094,10664,0.833278634722678,0.7485030564377804,292.0,4570.0,0.503563390847712,0.3297152438749661,0.3956837898536881,False,0.7269880870228987,0.021514969414881624,False,24,False,True,False
20260804,149316117-149316122-002,carcinoma_in_situ,nc_aware_lambda_0p10,0.8158590308370044,0.6544283413848632,0.7351436861109337,1520,1885,1884,1221,0.8067940552016986,0.47355711809357637,365.0,663.0,1.5438165438165439,0.7370224886148453,0.913518847026882,False,0.7402188248745739,0.26666170678099754,False,24,False,True,True
20260804,149316426-149316462-001,carcinoma_in_situ,nc_aware_lambda_0p10,0.9525930639516386,0.7965533748204883,0.8745732193860634,1624,1519,1085,1004,1.4967741935483871,0.6918573469705027,105.0,81.0,1.5129482071713147,0.016174013622927585,0.010805907054474925,False,0.8038729913570747,0.11201564438657197,False,24,False,False,False
20260804,149317002-149317010-001,severe_dysplastic,nc_aware_lambda_0p10,0.9321058688147296,0.7387928875532181,0.8354493781839738,1645,1831,2252,1741,0.7304618117229129,0.8387738467016614,186.0,511.0,1.051694428489374,0.321232616766461,0.43976587392420796,False,0.7661410110786296,0.0726328356230318,False,24,False,True,False
20260804,149317114-149317152-004,carcinoma_in_situ,nc_aware_lambda_0p10,0.9485359361135759,0.7657091561938959,0.857122546153736,1185,1069,1217,1011,0.9737058340180772,0.7901103991573756,116.0,206.0,1.0573689416419387,0.08366310762386153,0.08592227629605842,False,0.7970771559874934,0.006966756830117826,False,24,False,False,False
20260804,149317204-149317230-001,severe_dysplastic,nc_aware_lambda_0p10,0.9366367649152784,0.8188350405136829,0.8777359027144807,3720,3303,3332,3209,1.1164465786314526,0.6524422450492672,417.0,123.0,1.0292926145216579,0.0871539641097947,0.078063642017683,False,0.7205293256727877,0.06808708062352054,False,24,False,False,False
20260804,149788716-149788727-003,light_dysplastic,nc_aware_lambda_0p10,0.9144102085278556,0.8444618133095132,0.8794360109186844,3157,3269,9655,8257,0.32698083894355257,0.7401312495103445,112.0,1398.0,0.39590650357272616,0.0689256646291736,0.21079355615549145,False,0.6691011108536478,0.07103013865669672,False,24,False,False,False
20260804,153276386-153276405-004,moderate_dysplastic,nc_aware_lambda_0p10,0.9802913453299057,0.777328897338403,0.8788101213341544,3544,3458,7547,9285,0.46959056578773023,0.7660305842055309,86.0,1738.0,0.37242864835756595,0.09716191743016428,0.20690728818175674,False,0.7661643143647586,0.00013373015922768516,False,24,False,False,False
20260804,153314759-153314767-002,light_dysplastic,nc_aware_lambda_0p10,0.9776813391196528,0.7951012717852096,0.8863913054524313,3260,3192,4855,5760,0.6714727085478888,0.8523469905986318,68.0,905.0,0.5541666666666667,0.11730604188122207,0.17469938195332324,False,0.8547837191174015,0.0024367285187696375,False,24,False,False,False
20260804,153314857-153314882-002,light_dysplastic,nc_aware_lambda_0p10,0.9155701064030725,0.8285275451357695,0.872048825769421,7387,8496,18219,16288,0.405455842801471,0.7925504056156489,1109.0,1931.0,0.5216110019646365,0.11615515916316549,0.2864797110355837,False,0.6328306266756359,0.159719778940013,False,24,False,False,False
20260804,153314956-153314985-001,severe_dysplastic,nc_aware_lambda_0p10,0.9427507563416337,0.7687768240343348,0.8557637901879842,4539,4055,3991,3465,1.1373089451265348,0.77024121659237,484.0,526.0,1.1702741702741704,0.03296522514763556,0.02898526060454691,False,0.8126073250614262,0.042366108469056196,False,24,False,False,False
20260804,153315615-153315624-002,severe_dysplastic,nc_aware_lambda_0p10,0.9673849737914968,0.7226920680138876,0.8450385209026923,5270,5032,4357,6876,1.209547854028001,0.7369656729683174,238.0,2519.0,0.7318208260616638,0.47772702796633715,0.39496298671643226,False,0.7781111136266191,0.041145440658301724,False,24,False,True,False
20260804,153354589-153354597-001,light_dysplastic,nc_aware_lambda_0p10,0.8086575240227634,0.7864820911506882,0.7975698075867258,5867,4852,10933,14278,0.5366322143967804,0.8364850513705333,1015.0,3345.0,0.339823504692534,0.19680870970424647,0.3667471644025529,False,0.42583221930452064,0.41065283206601266,False,24,False,False,True
20260804,153654325-153654351-002,severe_dysplastic,nc_aware_lambda_0p10,0.9013171225937183,0.7514182568334193,0.8263676897135688,2668,2267,3986,3770,0.6693426994480682,0.7256005643419587,401.0,216.0,0.6013262599469495,0.06801643950111869,0.101616612746492,False,0.7389356944462172,0.013335130104258464,False,24,False,False,False
20260804,153654325-153654360-003,severe_dysplastic,nc_aware_lambda_0p10,0.7605790645879733,0.7127267471272675,0.7366529058576203,2205,1387,5814,8023,0.37925696594427244,0.4312822234326085,818.0,2209.0,0.1728779758195189,0.20637899012475355,0.5441652085300657,False,0.5809097675361877,0.1496275441035792,False,24,False,False,False
20260804,153657257-153657289-002,light_dysplastic,nc_aware_lambda_0p10,0.9611879160266257,0.8795506834483692,0.9203692997374975,4695,5070,8051,6727,0.5831573717550614,0.8646746649337484,375.0,1324.0,0.753679203210941,0.1705218314558795,0.29241084363186026,False,0.7841380641075307,0.08053660082621772,False,24,True,False,False
20260804,153657698-153657708-001,light_dysplastic,nc_aware_lambda_0p10,0.9531011516581102,0.8940532927168804,0.9235772221874953,7491,6923,28671,32388,0.26127445851208536,0.8682300659249313,568.0,3717.0,0.21375200691614177,0.04752245159594359,0.18188639632124284,False,0.7048247722960854,0.16340529362884593,False,24,True,False,True
20260804,153659229-153659243-003,severe_dysplastic,nc_aware_lambda_0p10,0.9314885070296809,0.8043336944745395,0.8679111007521102,2394,2087,2412,2203,0.9925373134328358,0.8109575815050853,307.0,209.0,0.9473445301861099,0.04519278324672593,0.045532532734600666,False,0.7771441269665066,0.03381345453857876,False,24,False,False,False
20260804,153697342-153697366-001,moderate_dysplastic,nc_aware_lambda_0p10,0.9639569355593697,0.7805325987144169,0.8722447671368934,3320,3089,4110,3513,0.8077858880778589,0.8424585925784669,231.0,597.0,0.8793054369484771,0.07151954887061818,0.08853764517124067,False,0.8234577383563981,0.019000854222068764,False,24,False,False,False
20260804,153701139-153701148-001,light_dysplastic,nc_aware_lambda_0p10,0.9729821292453629,0.9366880832903438,0.9548351062678533,6035,5772,20900,21746,0.28875598086124404,0.8238828691144947,263.0,846.0,0.2654281247125908,0.023327856148653237,0.0807871590812308,False,0.7186371904132581,0.10524567870123658,False,24,True,False,False
20260804,153826963-153826976-001,severe_dysplastic,nc_aware_lambda_0p10,0.9519174041297935,0.694784838985466,0.8233511215576297,3552,3228,6345,4182,0.5598108747044918,0.8205046155064458,324.0,2163.0,0.7718794835007173,0.21206860879622558,0.3788212047273387,False,0.7743060574967654,0.046198558009680424,False,24,False,False,False
20260804,153827595-153827664-001,carcinoma_in_situ,nc_aware_lambda_0p10,0.9344522567475618,0.700503355704698,0.8174778062261299,2315,2094,1271,1113,1.8214004720692367,0.5691391447744507,221.0,158.0,1.8814016172506738,0.060001145181437066,0.03294229531574478,False,0.49497173530277205,0.07416740947167866,False,24,False,False,False
20260804,153828877-153828897-001,severe_dysplastic,nc_aware_lambda_0p10,0.9606557377049181,0.6973957132979949,0.8290257255014565,3100,3000,4696,3982,0.6601362862010222,0.8138201479900438,100.0,714.0,0.7533902561526871,0.0932539699516649,0.14126450952092956,False,0.8369162721072718,0.023096124117228056,False,24,False,False,False
20260804,153829063-153829073-001,severe_dysplastic,nc_aware_lambda_0p10,0.9586366057163146,0.7223650385604113,0.840500822138363,2896,2737,2217,1673,1.3062697338746054,0.8313936688676801,159.0,544.0,1.6359832635983265,0.32971352972372103,0.2524082651271981,False,0.7918474669228736,0.039546201944806514,False,24,False,True,False
20260804,153829063-153829073-002,severe_dysplastic,nc_aware_lambda_0p10,0.9030898876404494,0.5807345807345807,0.7419122341875151,2343,1929,1659,1227,1.4122965641952985,0.6454889777189768,414.0,432.0,1.5721271393643033,0.15983057516900478,0.11317060881576564,False,0.6783204722490462,0.032831494530069394,False,24,False,False,False
20260804,153829664-153829678-001,moderate_dysplastic,nc_aware_lambda_0p10,0.9385351490614648,0.6907017825598202,0.8146184658106426,5757,5111,5848,6606,0.9844391244870041,0.7425531865302086,646.0,758.0,0.7736905843172873,0.21074854016971678,0.2140795919706531,False,0.7826771118323967,0.04012392530218811,False,24,False,False,False
20260804,153831426-153831438-001,carcinoma_in_situ,nc_aware_lambda_0p10,0.9245158740613885,0.552901023890785,0.7387084489760867,3969,3622,596,1162,6.659395973154362,0.7001513162339066,347.0,566.0,3.117039586919105,3.5423563862352574,0.5319335069699781,False,0.579287790590986,0.12086352564292058,False,24,False,True,False
20260804,153831471-153831479-001,carcinoma_in_situ,nc_aware_lambda_0p10,0.9565419474785034,0.6872817955112219,0.8219118714948627,2152,2151,1225,780,1.756734693877551,0.8636231912791748,1.0,445.0,2.7576923076923077,1.0009576138147567,0.5697827039680597,False,0.8204376506400063,0.04318554063916846,False,24,False,True,False
20260804,153915316-153915330-003,severe_dysplastic,nc_aware_lambda_0p10,0.9473526323683816,0.7356774368721152,0.8415150346202485,3204,3463,9107,5625,0.3518172834083672,0.7733774508106748,259.0,3482.0,0.6156444444444444,0.26382716103607723,0.7498961068201344,False,0.8361843034077502,0.06280685259707541,False,24,False,True,False
20260804,153956040-153956058-006,normal_columnar,nc_aware_lambda_0p10,0.8502519798416127,0.6747865394274234,0.762519259634518,1181,1597,3331,4633,0.35454818372861,0.7657732154720922,416.0,1302.0,0.3447010576300453,0.009847126098564696,0.027773653277121033,False,0.8236593152254977,0.05788609975340553,False,24,False,False,False
20260804,153956444-153956458-001,normal_columnar,nc_aware_lambda_0p10,0.8605429527705467,0.5766367137355584,0.7185898332530525,1270,1419,2931,4859,0.4332992152848857,0.5314805158589951,149.0,1928.0,0.2920353982300885,0.14126381705479718,0.32601834033689375,False,0.63315821813796,0.10167770227896489,False,24,False,False,False
20260804,153956444-153956458-003,normal_columnar,nc_aware_lambda_0p10,0.71733561058924,0.6895496283340621,0.703442619461651,1517,1996,2105,2469,0.7206650831353919,0.6196546553066754,479.0,364.0,0.808424463345484,0.08775938021009211,0.1217753717897734,False,0.48156704877691175,0.13808760652976365,False,24,False,False,False
20260804,153958345-153958364-001,normal_columnar,nc_aware_lambda_0p10,0.8880491261218706,0.7734573119188504,0.8307532190203605,1016,1101,1302,1064,0.7803379416282642,0.44246695451515533,85.0,238.0,1.0347744360902256,0.25443649446196137,0.32605894809126307,False,0.5870279947764591,0.14456104026130373,False,24,False,False,False
20260804,153958547-153958572-003,normal_columnar,nc_aware_lambda_0p10,0.8882395909422937,0.6871008939974457,0.7876702424698696,1220,1518,1810,1322,0.6740331491712708,0.6297449911824241,298.0,488.0,1.1482602118003025,0.4742270626290317,0.7035653359879419,False,0.5605968401382432,0.06914815104418093,False,24,False,True,False
20260804,153958547-153958572-004,normal_columnar,nc_aware_lambda_0p10,0.8589119858469704,0.6137524557956778,0.7363322208213241,1044,1217,1615,930,0.6464396284829721,0.759951058177325,173.0,685.0,1.3086021505376344,0.6621625220546623,1.024320707701472,False,0.8408285458704434,0.08087748769311842,False,24,False,True,False
20260804,157181146-157181197-003,normal_columnar,nc_aware_lambda_0p10,0.946984572230014,0.7482517482517482,0.8476181602408811,1851,1714,1905,1527,0.9716535433070866,0.6637612966263272,137.0,378.0,1.1224623444662738,0.15080880115918716,0.1552082498846761,False,0.7431007973763766,0.07933950075004936,False,24,False,False,False
20260804,157181387-157181418-001,normal_superficiel,nc_aware_lambda_0p10,0.8513238289205702,0.9110423327791277,0.881183080849849,550,432,98887,96588,0.005561903991424555,0.8534358081305954,118.0,2299.0,0.004472605292582929,0.0010892986988416259,0.19581475799705056,False,0.5963974427540067,0.25703836537658864,False,24,False,False,True
20260804,157183412-157183656-001,normal_intermediate,nc_aware_lambda_0p10,0.6832126852809376,0.9406828518352444,0.8119477685580909,997,1904,32174,30270,0.030987754087151115,0.6987300728836787,907.0,1904.0,0.06290056161215725,0.03191280752500614,1.029818992891946,False,0.6817061047011116,0.01702396818256713,False,24,False,False,False
20260804,157183828-157183887-001,normal_intermediate,nc_aware_lambda_0p10,0.9241432422025414,0.8593615642073792,0.8917524032049603,1213,1384,33655,41936,0.036042192839102656,0.750740116659001,171.0,8281.0,0.033002670736360165,0.003039522102742491,0.08432999030665686,False,0.6971202845436735,0.053619832115327504,False,24,True,False,False
20260804,157184850-157184920-001,normal_columnar,nc_aware_lambda_0p10,0.9200571020699501,0.7589587559161596,0.8395079289930548,1311,1491,5498,6334,0.238450345580211,0.5248658377693753,180.0,836.0,0.235396274076413,0.003054071503797995,0.012807944095960897,False,0.7551577982762293,0.23029196050685397,False,24,False,False,True
20260804,157185164-157185177-001,normal_superficiel,nc_aware_lambda_0p10,0.9184845005740528,0.9223359573451372,0.920410228959595,459,412,76912,82132,0.005967859371749532,0.8502512593631689,47.0,5220.0,0.005016315199922077,0.0009515441718274554,0.15941809189392048,False,0.6265854725133455,0.2236657868498234,False,24,True,False,True
20260804,157222647-157222660-001,normal_intermediate,nc_aware_lambda_0p10,0.6672782874617736,0.9188405003695289,0.7930593939156513,1094,2176,35447,37619,0.030862978531328463,0.7634578997376599,1082.0,2172.0,0.057843111193811636,0.026980132662483173,0.8741625009587473,False,0.6464987865047316,0.11695911323292829,False,24,False,False,False
20260804,157223394-157223428-001,normal_intermediate,nc_aware_lambda_0p10,0.9490291262135923,0.9017969415486959,0.9254130338811442,808,840,46589,52023,0.017343149670523084,0.880370394462147,32.0,5434.0,0.016146704342310133,0.0011964453282129507,0.0689826454995569,False,0.7067001355699629,0.17367025889218413,False,24,True,False,True
20260804,157223735-157223751-001,normal_superficiel,nc_aware_lambda_0p10,0.8362204724409449,0.9206893099113331,0.878454891176139,739,531,88708,91066,0.00833070298056545,0.8683221163370768,208.0,2358.0,0.005830935804800914,0.0024997671757645366,0.30003075980930904,False,0.7125352587415605,0.15578685759551625,False,24,False,False,False
20260804,157224172-157224207-003,normal_columnar,nc_aware_lambda_0p10,0.7507130633200229,0.7255654014019309,0.7381392323609769,669,1084,3079,4482,0.21727833712244235,0.7198831963066611,415.0,1403.0,0.24185631414547076,0.024577977023028413,0.11311695510732393,False,0.7896857975491187,0.06980260124245763,False,24,False,False,False
20260804,157224297-157224320-001,normal_superficiel,nc_aware_lambda_0p10,0.8740359897172236,0.9338800478152568,0.9039580187662402,636,531,71830,77913,0.008854239175831825,0.8832725780610445,105.0,6083.0,0.006815293981748874,0.0020389451940829506,0.2302529783326175,False,0.6335315576644901,0.24974102039655444,False,24,True,False,True
20260804,157224352-157224395-001,normal_superficiel,nc_aware_lambda_0p10,0.8703170028818443,0.7984485606142128,0.8343827817480285,575,466,85750,127987,0.006705539358600583,0.7618561902391834,109.0,42237.0,0.0036409947885332103,0.003064544570067373,0.4569487191836647,False,0.48084488866256586,0.2810113015766175,False,24,False,False,True
20260804,157227461-157227503-001,normal_columnar,nc_aware_lambda_0p10,0.9133581925860934,0.7883426097711812,0.8508504011786373,2082,2477,7105,5831,0.2930330752990852,0.8441202860157594,395.0,1274.0,0.4247984908249014,0.13176541552581622,0.4496590213657913,False,0.7724894470859305,0.07163083892982891,False,24,False,False,False
20260804,157227461-157227503-002,normal_columnar,nc_aware_lambda_0p10,0.9328769728085188,0.8382496581363548,0.8855633154724367,2746,2513,5227,5011,0.5253491486512339,0.6901618864894148,233.0,216.0,0.501496707244063,0.02385244140717091,0.045402940245489326,False,0.8507262307482456,0.16056434425883082,False,24,False,False,False
20260804,157267059-157267072-004,normal_columnar,nc_aware_lambda_0p10,0.9300699300699301,0.7365335287651155,0.8333017294175228,938,1064,1251,1478,0.7498001598721024,0.8116558619057601,126.0,227.0,0.7198917456021651,0.02990841426993729,0.03988846092881335,False,0.764023102813518,0.04763275909224207,False,24,False,False,False
20260804,157267647-157267732-001,normal_superficiel,nc_aware_lambda_0p10,0.8334220329962746,0.925893055247393,0.8796575441218337,886,993,44763,45377,0.01979313272122065,0.8744260092471228,107.0,614.0,0.021883332966040066,0.002090200244819415,0.10559696018298285,False,0.6642685765728232,0.21015743267429954,False,24,False,False,True
20260804,158986813-158986820-002,normal_columnar,nc_aware_lambda_0p10,0.9678321678321679,0.7729899290077596,0.8704110484199638,722,708,2923,3134,0.24700650017105713,0.7392916298373273,14.0,211.0,0.22590938098276964,0.021097119188287494,0.08541084450341532,False,0.758757813831572,0.019466183994244712,False,24,False,False,False
20260804,158987453-158987462-001,normal_superficiel,nc_aware_lambda_0p10,0.6108663729809104,0.826551551379805,0.7187089621803577,639,1404,80498,65211,0.00793808541827126,0.8198287861795152,765.0,15287.0,0.021530109950775176,0.013592024532503915,1.7120390846561249,False,0.6779933190627548,0.14183546711676032,False,24,False,False,False
20260804,158987493-158987499-001,normal_superficiel,nc_aware_lambda_0p10,0.9420935412026726,0.9003070656929661,0.9212003034478193,923,873,67574,58132,0.013659099653712967,0.7950832165063928,50.0,9442.0,0.01501754627399711,0.0013584466202841428,0.09944631845455841,False,0.6918502896915887,0.10323292681480412,False,24,True,False,False
20260804,158987493-158987505-001,normal_superficiel,nc_aware_lambda_0p10,0.5588652482269504,0.7374256423237565,0.6481454452753534,394,1016,45484,33526,0.008662386773370856,0.8590511727041416,622.0,11958.0,0.030304838036151048,0.021642451262780193,2.4981513383777147,False,0.6581352498607805,0.20091592284336102,False,24,False,False,True
20260804,204870926-204870933-002,light_dysplastic,nc_aware_lambda_0p10,0.9212108427381078,0.6107309332539919,0.7659708879960498,4510,4971,5185,4898,0.8698167791706847,0.6221872766029176,461.0,287.0,1.0149040424663127,0.14508726329562804,0.166801905835909,False,0.8172805975907097,0.19509332098779208,False,24,False,False,True
20260804,209522940-209522991-001,normal_intermediate,nc_aware_lambda_0p10,0.9397590361445783,0.9510928664636799,0.9454259513041291,1435,1470,36295,37273,0.03953712632594021,0.8570857405785781,35.0,978.0,0.03943873581412819,9.839051181202013e-05,0.0024884970775023293,False,0.6998741602261972,0.15721158035238092,False,24,True,False,False
20260804,209565409-209565466-001,normal_intermediate,nc_aware_lambda_0p10,0.9550698239222829,0.9113474865831057,0.9332086552526944,1695,1599,53759,60090,0.03152960434531892,0.8536753848029748,96.0,6331.0,0.026610084872690964,0.004919519472627958,0.1560236340144339,False,0.6356985431023613,0.2179768417006135,False,24,True,False,True
20260804,209565698-209565729-001,normal_intermediate,nc_aware_lambda_0p10,0.811398212992031,0.8743888409548461,0.8428935269734386,1726,2415,75668,63412,0.02281017074588994,0.6715319544655338,689.0,12256.0,0.038084274269854286,0.015274103523964345,0.6695887595649335,False,0.3993297534690001,0.2722022009965337,False,24,False,False,True
20260805,148497676-148497704-001,light_dysplastic,baseline,0.9571277719112988,0.8776444929116685,0.9173861324114836,2267,2468,7509,6246,0.3019043814089759,0.6398347308570745,201.0,1263.0,0.39513288504642974,0.09322850363745383,0.30880040363097044,False,0.7622388057631393,0.12240407490606475,False,22,True,False,False
20260805,148499274-148499302-001,light_dysplastic,baseline,0.9443275301320069,0.8970527345955509,0.9206901323637788,2529,2698,13429,13138,0.1883237769007372,0.6657502278352142,169.0,291.0,0.20535850205510733,0.01703472515437013,0.09045397761627957,False,0.7080425138540033,0.042292286018789094,False,22,True,False,False
20260805,148499383-148499424-002,light_dysplastic,baseline,0.89130020940415,0.6695267810712429,0.7804134952376964,2440,2813,10031,5353,0.24324593759346028,0.6783181650314228,373.0,4678.0,0.5254997197832991,0.2822537821898389,1.1603590367150722,False,0.7814454139383665,0.10312724890694369,False,22,False,True,False
20260805,148500154-148500165-001,light_dysplastic,baseline,0.7571881714928885,0.6963119350795012,0.7267500532861948,3734,6039,18917,11397,0.19738859227150182,0.7100987743205729,2305.0,7520.0,0.5298762832324296,0.3324876909609278,1.6844236169433073,False,0.5317532617515639,0.178345512569009,False,22,False,True,True
20260805,148503400-148503424-001,light_dysplastic,baseline,0.8787350931260887,0.7760998030203545,0.8274174480732216,3292,4171,19817,15212,0.16611999798153101,0.4763918584290513,879.0,4605.0,0.274191427820142,0.10807142983861098,0.6505585154901738,False,0.49204827980291815,0.015656421373866858,False,22,False,False,False
20260805,148503900-148503914-001,light_dysplastic,baseline,0.9716721672167217,0.5141094481891922,0.742890807702957,3735,3537,5950,2803,0.6277310924369748,0.8305136068540933,198.0,3147.0,1.2618622904031396,0.6341311979661648,1.0101940072943338,False,0.8206995804435118,0.009814026410581489,False,22,False,True,False
20260805,148719308-148719348-002,light_dysplastic,baseline,0.9822772517601359,0.7922826359308444,0.8872799438454901,2046,2073,4789,3193,0.4272290666109835,0.8505773892134673,27.0,1596.0,0.6492326965236455,0.22200362991266198,0.5196348460999317,False,0.8187417075563598,0.031835681657107484,False,22,False,False,False
20260805,148881729-148881744-001,light_dysplastic,baseline,0.9688771166398638,0.855145162738784,0.9120111396893239,5413,5158,39472,38475,0.13713518443453587,0.7994318713980407,255.0,997.0,0.13406107862248212,0.0030741058120537512,0.022416445555412286,False,0.6332366551689074,0.16619521622913336,False,22,True,False,True
20260805,148884702-148884710-002,light_dysplastic,baseline,0.8503160827172399,0.8651987110633728,0.8577573968903063,3968,5365,25800,22612,0.1537984496124031,0.7439455752042625,1397.0,3188.0,0.23726339996462056,0.08346495035221746,0.5426869248398563,False,0.5371502164371464,0.20679535876711608,False,22,False,False,True
20260805,149014929-149015008-002,moderate_dysplastic,baseline,0.5565749235474006,0.4384133611691023,0.4974941423582514,2366,6136,5774,5722,0.4097679251818497,0.7786864630450933,3770.0,52.0,1.0723523243621111,0.6625843991802615,1.6169708302946981,False,0.4190002290048888,0.35968623404020444,False,22,False,True,True
20260805,149053423-149053447-001,light_dysplastic,baseline,0.9267218601373965,0.8844832143801216,0.905602537258759,5932,5422,13767,12714,0.43088545071547907,0.8192906222350413,510.0,1053.0,0.4264590215510461,0.004426429164432977,0.010272843708784465,False,0.6661167325369429,0.15317388969809842,False,22,True,False,False
20260805,149054526-149054563-001,light_dysplastic,baseline,0.7065229469941104,0.6393625735348872,0.6729427602644988,3179,5820,6949,6480,0.4574758958123471,0.6895983343433245,2641.0,469.0,0.8981481481481481,0.44067225233580104,0.963266683781471,False,0.2788082611742933,0.4107900731690312,False,22,False,True,True
20260805,149056321-149056360-003,severe_dysplastic,baseline,0.9541973269259648,0.906506174120577,0.9303517505232709,3216,3443,10295,8979,0.31238465274405053,0.7954415176954409,227.0,1316.0,0.383450272858893,0.07106562011484246,0.22749322669139752,False,0.72585895861692,0.06958255907852096,False,22,True,False,False
20260805,149056410-149056458-005,severe_dysplastic,baseline,0.9015459723352319,0.7969413763806287,0.8492436743579304,1297,1161,1089,1265,1.1910009182736456,0.6152844525160559,136.0,176.0,0.9177865612648222,0.27321435700882346,0.22939875479365057,False,0.8258480767904492,0.21056362427439335,False,22,False,True,True
20260805,149056785-149056813-002,severe_dysplastic,baseline,0.966743119266055,0.8948701709943002,0.9308066451301776,1716,1772,3337,2979,0.5142343422235541,0.8126534754623163,56.0,358.0,0.5948304800268547,0.08059613780330055,0.15673006342738474,False,0.8598812906579165,0.047227815195600265,False,22,True,False,False
20260805,149056933-149056982-005,severe_dysplastic,baseline,0.9625734611815651,0.8291502102178622,0.8958618356997137,1664,1569,3638,4211,0.45739417262231996,0.7204659857689807,95.0,573.0,0.37259558299691287,0.0847985896254071,0.1853945880959853,False,0.7478236707538604,0.02735768498487967,False,22,True,False,False
20260805,149057164-149057197-001,severe_dysplastic,baseline,0.9096974029068382,0.5469597487867542,0.7283285758467962,2011,2186,1613,1890,1.2467451952882826,0.4789457772287188,175.0,277.0,1.1566137566137566,0.090131438674526,0.07229333365134921,False,0.5560123567557194,0.07706657952700058,False,22,False,False,False
20260805,149057812-149057847-002,moderate_dysplastic,baseline,0.9666715607106152,0.702771099582437,0.8347213301465262,3516,3295,3196,4707,1.100125156445557,0.8353069215046935,221.0,1511.0,0.7000212449543234,0.4001039114912336,0.36368911796802095,False,0.8256750256811063,0.009631895823587255,False,22,False,True,False
20260805,149058262-149058288-001,moderate_dysplastic,baseline,0.8555486670799752,0.8453411708634522,0.8504449189717137,2070,2769,6453,6136,0.3207810320781032,0.62303769660094,699.0,317.0,0.451271186440678,0.13049015436257477,0.4067876043967555,False,0.7925396202986993,0.1695019236977593,False,22,False,False,True
20260805,149058262-149058288-003,moderate_dysplastic,baseline,0.9196879302432308,0.872331519464211,0.8960097248537209,2299,2059,7450,9273,0.3085906040268456,0.7909223233535917,240.0,1823.0,0.22204248894640355,0.08654811508044208,0.28046166503257464,False,0.8387289972703424,0.04780667391675075,False,22,True,False,False
20260805,149059215-149059228-001,light_dysplastic,baseline,0.8501460345989665,0.8533504364072391,0.8517482355031027,2241,2210,16683,19178,0.13432835820895522,0.8497180326460076,31.0,2495.0,0.11523620815517781,0.019092150053777415,0.14212939232597788,False,0.6853026852130534,0.16441534743295427,False,22,False,False,True
20260805,149061548-149061568-002,severe_dysplastic,baseline,0.9737470167064439,0.8060085836909872,0.8898778001987155,3439,3265,3816,3174,0.9012054507337526,0.8046944019384197,174.0,642.0,1.0286704473850032,0.12746499665125066,0.14143817606661607,False,0.7982025676535742,0.006491834284845455,False,22,False,False,False
20260805,149061666-149061699-001,moderate_dysplastic,baseline,0.9521829521829522,0.8169801344512425,0.8845815433170974,2774,2998,5945,7294,0.46661059714045416,0.7605615005286058,224.0,1349.0,0.4110227584315876,0.05558783870886658,0.11913085540420924,False,0.6591307003666734,0.1014308001619324,False,22,False,False,False
20260805,149061666-149061726-001,light_dysplastic,baseline,0.951077943615257,0.8501354825262281,0.9006067130707425,2508,2316,6418,7975,0.3907759426612652,0.7750387847763173,192.0,1557.0,0.29040752351097177,0.10036841915029343,0.25684324788142676,False,0.7495052630586185,0.025533521717698737,False,22,True,False,False
20260805,149062593-149062608-001,moderate_dysplastic,baseline,0.8953460902433262,0.7478980381689577,0.821622064206142,3802,4664,4158,3335,0.9143819143819144,0.7472263193728476,862.0,823.0,1.3985007496251873,0.4841188352432729,0.5294486889778748,False,0.8036249753145938,0.0563986559417462,False,22,False,True,False
20260805,149096927-149096943-002,severe_dysplastic,baseline,0.7217537942664418,0.476902980643629,0.5993283874550355,3784,2146,2029,6392,1.8649581074420898,0.4330859477112478,1638.0,4363.0,0.3357321652065081,1.5292259422355816,0.8199782698361748,False,0.4898227549111489,0.056736807199901096,False,22,False,True,False
20260805,149099398-149099421-001,light_dysplastic,baseline,0.951919974185221,0.7037547289466203,0.8278373515659206,4833,4464,22296,23433,0.21676533907427342,0.6548874796990576,369.0,1137.0,0.19050057611061325,0.026264762963660176,0.12116624322681735,False,0.6526371025675974,0.002250377131460146,False,22,False,False,False
20260805,149099502-149099544-001,moderate_dysplastic,baseline,0.9444228527011271,0.9023597974586797,0.9233913250799034,3719,4000,10653,10281,0.34910353890922746,0.7173746319967647,281.0,372.0,0.38906721136076255,0.03996367245153509,0.11447480051792241,False,0.7276231385844144,0.010248506587649753,False,22,True,False,False
20260805,149101620-149101650-002,moderate_dysplastic,baseline,0.9798418532130527,0.7723887721978232,0.876115312705438,4441,4538,4863,5611,0.9132222907670162,0.8268161556578415,97.0,748.0,0.8087684904651578,0.10445380030185847,0.11437925571754497,False,0.872675774663432,0.045859619005590546,False,22,False,False,False
20260805,149102510-149102527-003,moderate_dysplastic,baseline,0.9506535947712418,0.8007902535396774,0.8757219241554596,3124,2996,4465,4646,0.6996640537513997,0.7885519221222621,128.0,181.0,0.6448557899268188,0.05480826382458093,0.07833500262835055,False,0.6100315153298878,0.17852040679237435,False,22,False,False,True
20260805,149105131-149105155-002,severe_dysplastic,baseline,0.9744455159112826,0.8985218402258761,0.9364836780685794,2083,2065,3072,2949,0.6780598958333334,0.7474148451163989,18.0,123.0,0.7002373685995252,0.022177472766191864,0.03270719916525471,False,0.7825030845759732,0.03508823945957429,False,22,True,False,False
20260805,149105131-149105155-003,severe_dysplastic,baseline,0.7479737553068313,0.7136618839675608,0.730817819637196,969,1622,1869,1337,0.5184590690208668,0.5936821150517075,653.0,532.0,1.213163799551234,0.6947047305303673,1.3399387378903562,False,0.8289002189771391,0.23521810392543152,False,22,False,True,True
20260805,149105131-149105205-002,moderate_dysplastic,baseline,0.8755776750799857,0.8111045080227524,0.843341091551369,3104,2522,5889,5890,0.5270843946340635,0.7732303653793138,582.0,1.0,0.42818336162988113,0.0989010330041824,0.18763758967908006,False,0.4564828771149826,0.3167474882643312,False,22,False,False,True
20260805,149143370-149143378-002,carcinoma_in_situ,baseline,0.7897815912636506,0.393885949441505,0.5918337703525778,2034,3094,1755,1647,1.158974358974359,0.1562956438743513,1060.0,108.0,1.8785670916818458,0.7195927327074867,0.6208869991371463,False,0.6865296613550398,0.5302340174806885,False,22,False,True,True
20260805,149143469-149143479-002,severe_dysplastic,baseline,0.9730005094243505,0.8752,0.9241002547121753,3006,2883,4875,5125,0.6166153846153846,0.7290218844541125,123.0,250.0,0.5625365853658536,0.05407879924953096,0.08770250126140046,False,0.7193361383304221,0.009685746123690442,False,22,True,False,False
20260805,149146635-149146651-001,carcinoma_in_situ,baseline,0.9758796193848196,0.7677750743444174,0.8718273468646185,2286,2233,1644,2055,1.3905109489051095,0.6275516698945508,53.0,411.0,1.08661800486618,0.3038929440389295,0.218547524369147,False,0.6675277128316895,0.039976042937138745,False,22,False,True,False
20260805,149146886-149146936-002,carcinoma_in_situ,baseline,0.9812252964426877,0.6736615550174873,0.8274434257300876,3083,2989,1493,2224,2.0649698593436034,0.8137730539702447,94.0,731.0,1.3439748201438848,0.7209950391997186,0.3491550672191581,False,0.8212291109235791,0.0074560569533344,False,22,False,True,False
20260805,149147848-149147864-001,carcinoma_in_situ,baseline,0.848759354076408,0.6969981238273921,0.7728787389519001,2766,2312,4433,6227,0.6239566884728175,0.5153142750993217,454.0,1794.0,0.3712863337080456,0.2526703547647719,0.404947898603832,False,0.4585516661008315,0.05676260899849023,False,22,False,False,False
20260805,149148124-149148181-001,carcinoma_in_situ,baseline,0.9839743589743589,0.8057942548490057,0.8948843069116823,7470,7506,5849,6370,1.2771413916908874,0.7040223167426077,36.0,521.0,1.1783359497645212,0.0988054419263662,0.07736446818240181,False,0.7956686519686959,0.09164633522608812,False,22,True,False,False
20260805,149148124-149148181-004,carcinoma_in_situ,baseline,0.9503105590062112,0.8010269576379975,0.8756687583221043,2759,3037,2933,2520,0.9406750767132629,0.662234560235989,278.0,413.0,1.20515873015873,0.2644836534454672,0.28116336748945214,False,0.833060898189896,0.170826337953907,False,22,False,True,True
20260805,149181806-149181819-002,severe_dysplastic,baseline,0.954238850875916,0.8499542983595516,0.9020965746177338,10775,9832,9466,11321,1.138284386224382,0.8329012682232401,943.0,1855.0,0.8684745163854783,0.26980986983890376,0.23703183147580012,False,0.7702063978868245,0.06269487033641552,False,22,True,True,False
20260805,149182550-149182571-003,carcinoma_in_situ,baseline,0.9831029185867896,0.8991973119283181,0.9411501152575539,3596,3565,5455,5259,0.659211732355637,0.8380733860563566,31.0,196.0,0.677885529568359,0.018673797212722,0.02832742193251164,False,0.797260343253328,0.040813042803028665,False,22,True,False,False
20260805,149182550-149182608-002,carcinoma_in_situ,baseline,0.9512680258577823,0.6817813765182186,0.8165247011880004,1960,2062,1569,2136,1.2492033142128744,0.7079267972010039,102.0,567.0,0.9653558052434457,0.2838475089694288,0.22722264543913423,False,0.7740122787239829,0.066085481522979,False,22,False,True,False
20260805,149182550-149182608-005,carcinoma_in_situ,baseline,0.844548774126239,0.62272,0.7336343870631195,1833,2001,1370,1755,1.337956204379562,0.5451279927649001,168.0,385.0,1.1401709401709401,0.19778526420862197,0.14782630084221493,False,0.6757896802645516,0.13066168749965146,False,22,False,False,False
20260805,149182657-149182667-002,carcinoma_in_situ,baseline,0.9473684210526315,0.69063270336894,0.8190005622107858,1541,1613,2357,2511,0.6537971998302927,0.6164091548128765,72.0,154.0,0.642373556352051,0.011423643478241763,0.017472736206993248,False,0.7482946100439932,0.13188545523111672,False,22,False,False,False
20260805,149185405-149185423-002,carcinoma_in_situ,baseline,0.7910689246036027,0.372328200413698,0.5816985625086504,5603,3668,1060,3291,5.285849056603774,0.5937204498620198,1935.0,2231.0,1.1145548465512003,4.171294210052574,0.7891434992260609,False,0.4319953724489255,0.16172507741309428,False,22,False,True,False
20260805,149185604-149185629-001,carcinoma_in_situ,baseline,0.8144282069125492,0.4531979695431472,0.6338130882278482,5111,3511,1954,2971,2.615660184237462,0.6163103413830081,1600.0,1017.0,1.1817569841804105,1.4339032000570513,0.5481991355371487,False,0.7251503287650888,0.10883998738208067,False,22,False,True,False
20260805,149185698-149185721-004,carcinoma_in_situ,baseline,0.9150260811038197,0.6092809068366986,0.7621534939702591,3224,2719,1372,1451,2.3498542274052476,0.7773846964419787,505.0,79.0,1.8738800827015851,0.4759741447036625,0.20255466768871616,False,0.7767760237072783,0.0006086727347004439,False,22,False,True,False
20260805,149185850-149185864-001,carcinoma_in_situ,baseline,0.8798798798798799,0.7024344859668166,0.7911571829233482,3575,3085,3098,3351,1.1539703034215623,0.7021903896136864,490.0,253.0,0.9206207102357505,0.23334959318581172,0.20221438132293468,False,0.7951774840360353,0.09298709442234887,False,22,False,False,False
20260805,149187049-149187073-001,carcinoma_in_situ,baseline,0.9631344023805588,0.7393976644130301,0.8512660333967945,3127,2922,1603,1651,1.9507174048658764,0.6744910877577139,205.0,48.0,1.7698364627498486,0.1808809421160278,0.09272529631382877,False,0.7379045457185792,0.06341345796086528,False,22,False,False,False
20260805,149315229-149315291-003,severe_dysplastic,baseline,0.9705204974666053,0.7245153220762977,0.8475179097714515,6602,6424,3154,3242,2.0932149651236527,0.7858870908255164,178.0,88.0,1.9814929056138186,0.11172205950983405,0.05337340311334491,False,0.8195938663494186,0.03370677552390211,False,22,False,False,False
20260805,149315960-149315967-001,moderate_dysplastic,baseline,0.8389356910501293,0.6939457202505219,0.7664407056503256,5078,6911,6094,5881,0.833278634722678,0.7485030564377804,1833.0,213.0,1.1751402822649208,0.3418616475422428,0.4102604135477486,False,0.33402981791045605,0.4144732385273243,False,22,False,True,True
20260805,149316117-149316122-002,carcinoma_in_situ,baseline,0.9240426867545511,0.8412880966072456,0.8826653916808984,1520,1666,1884,1594,0.8067940552016986,0.47355711809357637,146.0,290.0,1.0451693851944792,0.23837532999278066,0.2954595822766748,False,0.5505511479923396,0.07699402989876325,False,22,False,False,False
20260805,149316426-149316462-001,carcinoma_in_situ,baseline,0.9571162212554382,0.8195991091314031,0.8883576651934206,1624,1594,1085,1160,1.4967741935483871,0.6918573469705027,30.0,75.0,1.3741379310344828,0.12263626251390436,0.08193365512904582,False,0.7466801968204093,0.054822849849906596,False,22,False,False,False
20260805,149317002-149317010-001,severe_dysplastic,baseline,0.9628463476070529,0.8186112423240435,0.8907287949655482,1645,1531,2252,1982,0.7304618117229129,0.8387738467016614,114.0,270.0,0.772452068617558,0.041990256894645084,0.05748445536276429,False,0.8242659722038136,0.01450787449784785,False,22,True,False,False
20260805,149317114-149317152-004,carcinoma_in_situ,baseline,0.9372197309417041,0.7402422611036339,0.838730996022669,1185,1045,1217,1012,0.9737058340180772,0.7901103991573756,140.0,205.0,1.0326086956521738,0.05890286163409664,0.06049342530649537,False,0.7963235754169165,0.006213176259540876,False,22,False,False,False
20260805,149317204-149317230-001,severe_dysplastic,baseline,0.9599118335858934,0.7736003940239697,0.8667561138049316,3720,3539,3332,2759,1.1164465786314526,0.6524422450492672,181.0,573.0,1.2827111272200074,0.16626454858855477,0.1489228440016528,False,0.7668428676231659,0.11440062257389871,False,22,False,False,False
20260805,149788716-149788727-003,light_dysplastic,baseline,0.9201145767027371,0.8513100072314624,0.8857122919670998,3157,3127,9655,8322,0.32698083894355257,0.7401312495103445,30.0,1333.0,0.37575102138908917,0.0487701824455366,0.14915257251934377,False,0.6724995992990632,0.06763165021128126,False,22,False,False,False
20260805,153276386-153276405-004,moderate_dysplastic,baseline,0.9832606555071036,0.7658984349204253,0.8745795452137645,3544,3565,7547,7596,0.46959056578773023,0.7660305842055309,21.0,49.0,0.46932596103212215,0.0002646047556080777,0.0005634785095942016,False,0.7638760309629581,0.002154553242572854,False,22,False,False,False
20260805,153314759-153314767-002,light_dysplastic,baseline,0.9795536132355237,0.8409743644293161,0.9102639888324199,3260,3147,4855,4546,0.6714727085478888,0.8523469905986318,113.0,309.0,0.6922569291684998,0.020784220620611027,0.03095314136060283,False,0.831188691630505,0.02115829896812682,False,22,True,False,False
20260805,153314857-153314882-002,light_dysplastic,baseline,0.9108103096606712,0.8779723451631526,0.894391327411912,7387,8792,18219,18158,0.405455842801471,0.7925504056156489,1405.0,61.0,0.48419429452582885,0.07873845172435784,0.19419687476556302,False,0.5996558785272669,0.19289452708838206,False,22,True,False,True
20260805,153314956-153314985-001,severe_dysplastic,baseline,0.9428836777339216,0.8408212560386473,0.8918524668862844,4539,4075,3991,4289,1.1373089451265348,0.77024121659237,464.0,298.0,0.9501049195616694,0.18720402556486537,0.16460246950890545,False,0.818230839308684,0.04798962271631402,False,22,True,False,False
20260805,153315615-153315624-002,severe_dysplastic,baseline,0.9825718323127649,0.7962469135802469,0.8894093729465059,5270,5345,4357,5768,1.209547854028001,0.7369656729683174,75.0,1411.0,0.9266643550624133,0.2828834989655876,0.23387521555953533,False,0.7951556198603017,0.05818994689198431,False,22,False,True,False
20260805,153354589-153354597-001,light_dysplastic,baseline,0.8247757205573583,0.8309005548442168,0.8278381377007875,5867,4611,10933,12497,0.5366322143967804,0.8364850513705333,1256.0,1564.0,0.36896855245258864,0.1676636619441918,0.3124362366065236,False,0.546614007178507,0.28987104419202625,False,22,False,False,True
20260805,153654325-153654351-002,severe_dysplastic,baseline,0.9290474323794591,0.8214771743164666,0.8752623033479628,2668,2434,3986,4097,0.6693426994480682,0.7256005643419587,234.0,111.0,0.5940932389553332,0.07524946049273507,0.11242275165178181,False,0.7185569552528914,0.007043609089067315,False,22,False,False,False
20260805,153654325-153654360-003,severe_dysplastic,baseline,0.6552449654343252,0.7566890380313199,0.7059670017328226,2205,1122,5814,5361,0.37925696594427244,0.4312822234326085,1083.0,453.0,0.20928931169557918,0.16996765424869326,0.44815842911963527,False,0.5907065967936803,0.1594243733610718,False,22,False,False,False
20260805,153657257-153657289-002,light_dysplastic,baseline,0.9320099255583126,0.906781317178034,0.9193956213681733,4695,5380,8051,7300,0.5831573717550614,0.8646746649337484,685.0,751.0,0.736986301369863,0.15382892961480155,0.26378585486450473,False,0.6263700020134111,0.23830466292033736,False,22,True,False,True
20260805,153657698-153657708-001,light_dysplastic,baseline,0.9049791974231647,0.8891712707182321,0.8970752340706984,7491,7411,28671,25629,0.26127445851208536,0.8682300659249313,80.0,3042.0,0.2891646182059386,0.027890159693853223,0.10674618983613098,False,0.5918437830582898,0.2763862828666416,False,22,True,False,True
20260805,153659229-153659243-003,severe_dysplastic,baseline,0.9271790275599373,0.7252085264133457,0.8261937769866414,2394,2069,2412,1904,0.9925373134328358,0.8109575815050853,325.0,508.0,1.0866596638655461,0.09412235043271033,0.09482994173512024,False,0.7430024793213836,0.06795510218370171,False,22,False,False,False
20260805,153697342-153697366-001,moderate_dysplastic,baseline,0.9662151642534641,0.8033841754051477,0.8847996698293059,3320,3103,4110,4282,0.8077858880778589,0.8424585925784669,217.0,172.0,0.724661373190098,0.08312451488776085,0.10290401604011781,False,0.8180418906772113,0.024416701901255555,False,22,False,False,False
20260805,153701139-153701148-001,light_dysplastic,baseline,0.9757052013696397,0.9373894930607697,0.9565473472152046,6035,6231,20900,20387,0.28875598086124404,0.8238828691144947,196.0,513.0,0.30563594447442,0.016879963613175952,0.05845733517101447,False,0.6957093205026004,0.12817354861189434,False,22,True,False,False
20260805,153826963-153826976-001,severe_dysplastic,baseline,0.9557678177810434,0.707047619047619,0.8314077184143311,3552,3253,6345,4155,0.5598108747044918,0.8205046155064458,299.0,2190.0,0.7829121540312876,0.2231012793267958,0.3985290227088598,False,0.764881174556086,0.05562344095035987,False,22,False,False,False
20260805,153827595-153827664-001,carcinoma_in_situ,baseline,0.9666303162486368,0.7104283054003724,0.8385293108245047,2315,2270,1271,877,1.8214004720692367,0.5691391447744507,45.0,394.0,2.588369441277081,0.7669689692078441,0.4210872676722474,False,0.596890619749938,0.027751474975487245,False,22,False,True,False
20260805,153828877-153828897-001,severe_dysplastic,baseline,0.9475975221831575,0.6259933350422968,0.7867954286127272,3100,2873,4696,3106,0.6601362862010222,0.8138201479900438,227.0,1590.0,0.9249839021249195,0.2648476159238974,0.40120081301277555,False,0.8294381730709711,0.015618025080927356,False,22,False,True,False
20260805,153829063-153829073-001,severe_dysplastic,baseline,0.959880139836857,0.8413449564134495,0.9006125481251532,2896,3111,2217,1798,1.3062697338746054,0.8313936688676801,215.0,419.0,1.7302558398220245,0.42398610594741903,0.32457751287882664,False,0.800439151141127,0.03095451772655311,False,22,True,True,False
20260805,153829063-153829073-002,severe_dysplastic,baseline,0.8989661654135338,0.551457674745346,0.7252119200794399,2343,1913,1659,1188,1.4122965641952985,0.6454889777189768,430.0,471.0,1.6102693602693603,0.19797279607406182,0.14017782165252343,False,0.7226287018974917,0.07713972417851489,False,22,False,False,False
20260805,153829664-153829678-001,moderate_dysplastic,baseline,0.9351561056715315,0.7006688963210702,0.8179125009963009,5757,5069,5848,7308,0.9844391244870041,0.7425531865302086,688.0,1460.0,0.6936234263820471,0.290815698104957,0.2954122763499733,False,0.7662965040030322,0.023743317472823544,False,22,False,True,False
20260805,153831426-153831438-001,carcinoma_in_situ,baseline,0.9152903569525839,0.5291479820627802,0.7222191695076821,3969,3539,596,1188,6.659395973154362,0.7001513162339066,430.0,592.0,2.978956228956229,3.6804397441981336,0.552668621353386,False,0.4325318668635369,0.2676194493703697,False,22,False,True,True
20260805,153831471-153831479-001,carcinoma_in_situ,baseline,0.962772184500117,0.6559517830236062,0.8093619837618616,2152,2119,1225,766,1.756734693877551,0.8636231912791748,33.0,459.0,2.766318537859008,1.009583843981457,0.5746930784750297,False,0.8365594967071739,0.027063694572000863,False,22,False,True,False
20260805,153915316-153915330-003,severe_dysplastic,baseline,0.9186029519216717,0.7674715727609557,0.8430372623413137,3204,3639,9107,6547,0.3518172834083672,0.7733774508106748,435.0,2560.0,0.5558270963800214,0.20400981297165416,0.5798726859651384,False,0.7886717610971276,0.015294310286452784,False,22,False,False,False
20260805,153956040-153956058-006,normal_columnar,baseline,0.8551774076755974,0.6731027740437492,0.7641400908596733,1181,1581,3331,4852,0.35454818372861,0.7657732154720922,400.0,1521.0,0.32584501236603464,0.028703171362575386,0.08095681129686723,False,0.8357578878179297,0.0699846723458375,False,22,False,False,False
20260805,153956444-153956458-001,normal_columnar,baseline,0.8276643990929705,0.6116803278688525,0.7196723634809115,1270,1376,2931,4877,0.4332992152848857,0.5314805158589951,106.0,1946.0,0.282140660241952,0.15115855504293368,0.34885409633030107,False,0.49747429202670956,0.034006223832285576,False,22,False,False,False
20260805,153956444-153956458-003,normal_columnar,baseline,0.7646447140381283,0.7437395659432388,0.7541921399906835,1517,1368,2105,2687,0.7206650831353919,0.6196546553066754,149.0,582.0,0.5091179754372906,0.21154710769810126,0.29354386538870564,False,0.6628956200960883,0.04324096478941286,False,22,False,False,False
20260805,153958345-153958364-001,normal_columnar,baseline,0.8875520592318371,0.8049264998013508,0.846239279516594,1016,1145,1302,1215,0.7803379416282642,0.44246695451515533,129.0,87.0,0.9423868312757202,0.162048889647456,0.2076647479739034,False,0.5490864966901634,0.10661954217500808,False,22,False,False,False
20260805,153958547-153958572-003,normal_columnar,baseline,0.9130598419269853,0.7129909365558912,0.8130253892414383,1220,1437,1810,1500,0.6740331491712708,0.6297449911824241,217.0,310.0,0.958,0.2839668508287292,0.421294456931994,False,0.6240479809190045,0.005697010263419622,False,22,False,True,False
20260805,153958547-153958572-004,normal_columnar,baseline,0.9128065395095368,0.8219623131903834,0.8673844263499602,1044,1158,1615,1463,0.6464396284829721,0.759951058177325,114.0,152.0,0.7915242652084757,0.14508463672550365,0.22443613586908906,False,0.8081838531004142,0.048232794923089184,False,22,False,False,False
20260805,157181146-157181197-003,normal_columnar,baseline,0.9051138043156961,0.6763038548752834,0.7907088295954898,1851,1532,1905,1623,0.9716535433070866,0.6637612966263272,319.0,282.0,0.9439309919901417,0.0277225513169449,0.028531283580056622,False,0.6553004179722074,0.008460878654119819,False,22,False,False,False
20260805,157181387-157181418-001,normal_superficiel,baseline,0.49765698219306465,0.9176365762655232,0.707646779229294,550,1584,98887,98640,0.005561903991424555,0.8534358081305954,1034.0,247.0,0.016058394160583942,0.010496490169159387,1.886872429461331,False,0.4987482760508619,0.35468753207973347,False,22,False,False,True
20260805,157183412-157183656-001,normal_intermediate,baseline,0.764728532922603,0.9670776662005848,0.865903099561594,997,1600,32174,30762,0.030987754087151115,0.6987300728836787,603.0,1412.0,0.05201222287237501,0.021024468785223894,0.6784547944746601,False,0.6713771410188561,0.02735293186482257,False,22,False,False,False
20260805,157183828-157183887-001,normal_intermediate,baseline,0.92265625,0.8877402326028979,0.905198241301449,1213,1347,33655,39087,0.036042192839102656,0.750740116659001,134.0,5432.0,0.03446158569345307,0.0015806071456495874,0.04385313900201464,False,0.677438139920922,0.07330197673807903,False,22,True,False,False
20260805,157184850-157184920-001,normal_columnar,baseline,0.9001074113856069,0.7796740912158905,0.8398907513007488,1311,1482,5498,4873,0.238450345580211,0.5248658377693753,171.0,625.0,0.3041247691360558,0.0656744235558448,0.2754206456501334,False,0.684078160075185,0.15921232230580962,False,22,False,False,False
20260805,157185164-157185177-001,normal_superficiel,baseline,0.9292502639915523,0.9215571231699163,0.9254036935807344,459,488,76912,69666,0.005967859371749532,0.8502512593631689,29.0,7246.0,0.0070048517210691014,0.0010369923493195694,0.1737337545976756,False,0.7229510148122242,0.12730024455094469,False,22,True,False,False
20260805,157222647-157222660-001,normal_intermediate,baseline,0.7508579272477693,0.9515518546555639,0.8512048909516666,1094,1820,35447,33245,0.030862978531328463,0.7634578997376599,726.0,2202.0,0.054745074447285304,0.02388209591595684,0.7737853981370332,False,0.6691872362638078,0.09427066347385205,False,22,False,False,False
20260805,157223394-157223428-001,normal_intermediate,baseline,0.9476778365667254,0.9465521355285135,0.9471149860476195,808,893,46589,45613,0.017343149670523084,0.880370394462147,85.0,976.0,0.019577751956679018,0.0022346022861559345,0.1288389646425682,False,0.731122298466375,0.14924809599577205,False,22,True,False,False
20260805,157223735-157223751-001,normal_superficiel,baseline,0.9403183023872679,0.954498328343604,0.947408315365436,739,769,88708,82978,0.00833070298056545,0.8683221163370768,30.0,5730.0,0.009267516691171153,0.0009368137106057026,0.11243964322671085,False,0.6014241209298121,0.26689799540726467,False,22,True,False,True
20260805,157224172-157224207-003,normal_columnar,baseline,0.7583333333333333,0.666591852766244,0.7124625930497887,669,531,3079,5832,0.21727833712244235,0.7198831963066611,138.0,2753.0,0.09104938271604938,0.12622895440639298,0.5809524093644478,False,0.8492935840300445,0.12941038772338342,False,22,False,False,False
20260805,157224297-157224320-001,normal_superficiel,baseline,0.9345650500384911,0.9641413118623473,0.9493531809504192,636,663,71830,71371,0.008854239175831825,0.8832725780610445,27.0,459.0,0.00928948732678539,0.0004352481509535648,0.04915148448406301,False,0.6972038206006584,0.1860687574603861,False,22,True,False,True
20260805,157224352-157224395-001,normal_superficiel,baseline,0.8041958041958042,0.9759525170468651,0.8900741606213347,575,855,85750,87449,0.006705539358600583,0.7618561902391834,280.0,1699.0,0.009777127239876957,0.0030715878812763737,0.4579989346274865,False,0.5326964127747298,0.2291597774644536,False,22,False,False,True
20260805,157227461-157227503-001,normal_columnar,baseline,0.879222972972973,0.8094450293277184,0.8443340011503457,2082,2654,7105,6193,0.2930330752990852,0.8441202860157594,572.0,912.0,0.42854836105280153,0.13551528575371635,0.46245572503949484,False,0.7350946318116001,0.10902565420415933,False,22,False,False,False
20260805,157227461-157227503-002,normal_columnar,baseline,0.9397333333333333,0.7883255907897394,0.8640294620615363,2746,2879,5227,4675,0.5253491486512339,0.6901618864894148,133.0,552.0,0.6158288770053476,0.09047972835411366,0.17222747264164334,False,0.8600357960474954,0.16987390955808057,False,22,False,False,True
20260805,157267059-157267072-004,normal_columnar,baseline,0.9619852164730729,0.7739541160593792,0.8679696662662261,938,956,1251,1713,0.7498001598721024,0.8116558619057601,18.0,462.0,0.5580852305896089,0.19171492928249345,0.2556876936749408,False,0.8194630732306393,0.00780721132487916,False,22,False,False,False
20260805,157267647-157267732-001,normal_superficiel,baseline,0.925639500297442,0.9494422970734401,0.937540898685441,886,795,44763,45787,0.01979313272122065,0.8744260092471228,91.0,1024.0,0.017363006967043047,0.002430125754177604,0.12277000404126545,False,0.6474963543649347,0.22692965488218808,False,22,True,False,True
20260805,158986813-158986820-002,normal_columnar,baseline,0.9539106145251397,0.762576398683592,0.8582435066043659,722,710,2923,3458,0.24700650017105713,0.7392916298373273,12.0,535.0,0.205320994794679,0.041685505376378135,0.16876210377219386,False,0.743174847513742,0.003883217676414641,False,22,False,False,False
20260805,158987453-158987462-001,normal_superficiel,baseline,0.43095806341629733,0.7366125150421179,0.5837852892292076,639,2294,80498,52462,0.00793808541827126,0.8198287861795152,1655.0,28036.0,0.04372688803324311,0.035788802614971846,4.507925123542112,False,0.20389900563323357,0.6159297805462816,False,22,False,False,True
20260805,158987493-158987499-001,normal_superficiel,baseline,0.9419759539989545,0.8348741631700025,0.8884250585844785,923,990,67574,48489,0.013659099653712967,0.7950832165063928,67.0,19085.0,0.02041700179422137,0.006757902140508403,0.4947183631029757,False,0.6636058368596344,0.13147737964675843,False,22,False,False,False
20260805,158987493-158987505-001,normal_superficiel,baseline,0.5612535612535613,0.7566890172215547,0.658971289237558,394,1010,45484,31919,0.008662386773370856,0.8590511727041416,616.0,13565.0,0.031642595319402236,0.022980208546031382,2.6525663862390347,False,0.7068860091097271,0.15216516359441445,False,22,False,False,False
20260805,204870926-204870933-002,light_dysplastic,baseline,0.9260273972602739,0.6315162347333929,0.7787718159968334,4510,4980,5185,4886,0.8698167791706847,0.6221872766029176,470.0,299.0,1.0192386410151453,0.1494218618444606,0.17178524677539328,False,0.8488753973518254,0.22668812074890776,False,22,False,False,True
20260805,209522940-209522991-001,normal_intermediate,baseline,0.9686730024639212,0.9776135984890568,0.973143300476489,1435,1406,36295,35713,0.03953712632594021,0.8570857405785781,29.0,582.0,0.03936941729902276,0.00016770902691744943,0.0042417039577168515,False,0.7281827739506227,0.12890296662795542,False,22,True,False,False
20260805,209565409-209565466-001,normal_intermediate,baseline,0.9400807202732071,0.8703966942148761,0.9052387072440415,1695,1526,53759,67241,0.03152960434531892,0.8536753848029748,169.0,13482.0,0.02269448699454202,0.0088351173507769,0.2802076755020579,False,0.6687206350466446,0.1849547497563302,False,22,True,False,True
20260805,209565698-209565729-001,normal_intermediate,baseline,0.8894660894660895,0.8737481991637092,0.8816071443148994,1726,1739,75668,66627,0.02281017074588994,0.6715319544655338,13.0,9041.0,0.026100529815240067,0.003290359069350126,0.1442433229755634,False,0.43392823103242567,0.23760372343310815,False,22,False,False,True
20260805,148497676-148497704-001,light_dysplastic,nc_aware_lambda_0p10,0.9779638607315998,0.7475352945815916,0.8627495776565957,2267,2271,7509,5170,0.3019043814089759,0.6398347308570745,4.0,2339.0,0.4392649903288201,0.1373606089198442,0.4549790012976574,False,0.723182568239863,0.0833478373827885,False,24,False,False,False
20260805,148499274-148499302-001,light_dysplastic,nc_aware_lambda_0p10,0.9297512437810945,0.9029302642538048,0.9163407540174497,2529,2496,13429,12985,0.1883237769007372,0.6657502278352142,33.0,444.0,0.1922217943781286,0.003898017477391408,0.020698378309753615,False,0.7171173102878181,0.05136708245260391,False,24,True,False,False
20260805,148499383-148499424-002,light_dysplastic,nc_aware_lambda_0p10,0.8870710295291301,0.73558768374569,0.81132935663741,2440,2572,10031,6500,0.24324593759346028,0.6783181650314228,132.0,3531.0,0.3956923076923077,0.1524463700988474,0.6267144474954571,False,0.7019722526053792,0.023654087573956373,False,24,False,False,False
20260805,148500154-148500165-001,light_dysplastic,nc_aware_lambda_0p10,0.7449011609664261,0.6730191880955488,0.7089601745309875,3734,5827,18917,11727,0.19738859227150182,0.7100987743205729,2093.0,7190.0,0.49688752451607404,0.29949893224457225,1.5172984998754289,False,0.4522735621690185,0.2578252121515544,False,24,False,True,True
20260805,148503400-148503424-001,light_dysplastic,nc_aware_lambda_0p10,0.9524373981330567,0.8291527850436411,0.8907950915883489,3292,3457,19817,16502,0.16611999798153101,0.4763918584290513,165.0,3315.0,0.20948975881711307,0.043369760835582055,0.2610733222322913,False,0.5702440151621389,0.09385215673308756,False,24,True,False,False
20260805,148503900-148503914-001,light_dysplastic,nc_aware_lambda_0p10,0.882942143818209,0.4847657070813196,0.6838539254497643,3735,2954,5950,3568,0.6277310924369748,0.8305136068540933,781.0,2382.0,0.827914798206278,0.20018370576930322,0.3188999067932821,False,0.6509434404005389,0.1795701664535544,False,24,False,False,True
20260805,148719308-148719348-002,light_dysplastic,nc_aware_lambda_0p10,0.9707776126795443,0.785625466301915,0.8782015394907297,2046,1992,4789,3253,0.4272290666109835,0.8505773892134673,54.0,1536.0,0.6123578235474946,0.1851287569365111,0.43332333420503627,False,0.8177353803477696,0.03284200886569766,False,24,False,False,False
20260805,148881729-148881744-001,light_dysplastic,nc_aware_lambda_0p10,0.9533339747907246,0.7485568301849714,0.850945402487848,5413,4980,39472,41946,0.13713518443453587,0.7994318713980407,433.0,2474.0,0.11872407380918323,0.01841111062535264,0.13425421380409977,False,0.57648376699348,0.2229481044045607,False,24,False,False,True
20260805,148884702-148884710-002,light_dysplastic,nc_aware_lambda_0p10,0.9576168563816905,0.8943867285344721,0.9260017924580812,3968,4290,25800,22906,0.1537984496124031,0.7439455752042625,322.0,2894.0,0.1872871736662883,0.0334887240538852,0.2177428081718214,False,0.6881326102184816,0.05581296498578092,False,24,True,False,False
20260805,149014929-149015008-002,moderate_dysplastic,nc_aware_lambda_0p10,0.6489303346132749,0.5974489340825975,0.6231896343479362,2366,4926,5774,5437,0.4097679251818497,0.7786864630450933,2560.0,337.0,0.9060143461467721,0.49624642096492244,1.2110396627677302,False,0.2503237694144521,0.5283626936306411,False,24,False,True,True
20260805,149053423-149053447-001,light_dysplastic,nc_aware_lambda_0p10,0.9552438209752839,0.819805778683611,0.8875247998294475,5932,6044,13767,11256,0.43088545071547907,0.8192906222350413,112.0,2511.0,0.5369580668088131,0.10607261609333402,0.2461730136030093,False,0.7130746258208287,0.10621599641421264,False,24,False,False,False
20260805,149054526-149054563-001,light_dysplastic,nc_aware_lambda_0p10,0.8948114544939042,0.7915126800050974,0.8431620672495008,3179,3875,6949,8745,0.4574758958123471,0.6895983343433245,696.0,1796.0,0.44311034877072614,0.014365547041620963,0.0314016886385309,False,0.6359131436612467,0.05368519068207778,False,24,False,False,False
20260805,149056321-149056360-003,severe_dysplastic,nc_aware_lambda_0p10,0.958276020174232,0.9028445931813428,0.9305603066777874,3216,3327,10295,8829,0.31238465274405053,0.7954415176954409,111.0,1466.0,0.37682636765205574,0.06444171490800521,0.206288971154526,False,0.7212878959265981,0.07415362176884277,False,24,True,False,False
20260805,149056410-149056458-005,severe_dysplastic,nc_aware_lambda_0p10,0.95234375,0.8222222222222222,0.8872829861111111,1297,1263,1089,1161,1.1910009182736456,0.6152844525160559,34.0,72.0,1.0878552971576227,0.10314562111602288,0.08660407639437913,False,0.7020405318187991,0.0867560793027432,False,24,False,False,False
20260805,149056785-149056813-002,severe_dysplastic,nc_aware_lambda_0p10,0.9682539682539683,0.9091192032368502,0.9386865857454092,1716,1812,3337,3089,0.5142343422235541,0.8126534754623163,96.0,248.0,0.5865976044027194,0.07236326217916522,0.1407201260540872,False,0.8343737846497182,0.021720309187401976,False,24,True,False,False
20260805,149056933-149056982-005,severe_dysplastic,nc_aware_lambda_0p10,0.9506754633993089,0.8281632127686961,0.8894193380840025,1664,1519,3638,4131,0.45739417262231996,0.7204659857689807,145.0,493.0,0.3677075768579037,0.08968659576441629,0.19608120315356334,False,0.7228795900157113,0.0024136042467306495,False,24,False,False,False
20260805,149057164-149057197-001,severe_dysplastic,nc_aware_lambda_0p10,0.9437827536922344,0.5461384152457373,0.7449605844689858,2011,2187,1613,2375,1.2467451952882826,0.4789457772287188,176.0,762.0,0.9208421052631579,0.32590309002512474,0.2614029152499373,False,0.5489777620350146,0.0700319848062958,False,24,False,True,False
20260805,149057812-149057847-002,moderate_dysplastic,nc_aware_lambda_0p10,0.9221575237511492,0.6984326018808777,0.8102950628160135,3516,3010,3196,4779,1.100125156445557,0.8353069215046935,506.0,1583.0,0.629838878426449,0.47028627801910794,0.42748395287552776,False,0.765674577484381,0.0696323440203126,False,24,False,True,False
20260805,149058262-149058288-001,moderate_dysplastic,nc_aware_lambda_0p10,0.9168539325842696,0.8234591087587502,0.8701565206715098,2070,2380,6453,5261,0.3207810320781032,0.62303769660094,310.0,1192.0,0.4523854780459989,0.13160444596789567,0.4102612765288953,False,0.7816555335322315,0.1586178369312915,False,24,False,False,False
20260805,149058262-149058288-003,moderate_dysplastic,nc_aware_lambda_0p10,0.9187543900725825,0.8256832400395127,0.8722188150560476,2299,1972,7450,7735,0.3085906040268456,0.7909223233535917,327.0,285.0,0.2549450549450549,0.0536455490817907,0.17383995021823037,False,0.8581816860958223,0.06725936274223066,False,24,False,False,False
20260805,149059215-149059228-001,light_dysplastic,nc_aware_lambda_0p10,0.9252873563218391,0.8800050524188455,0.9026462043703423,2241,1935,16683,14985,0.13432835820895522,0.8497180326460076,306.0,1698.0,0.12912912912912913,0.00519922907982609,0.03870508390085852,False,0.61415923791952,0.23555879472648766,False,24,True,False,True
20260805,149061548-149061568-002,severe_dysplastic,nc_aware_lambda_0p10,0.9547112462006079,0.8023681984775867,0.8785397223390973,3439,3141,3816,3278,0.9012054507337526,0.8046944019384197,298.0,538.0,0.9582062233068944,0.057000772573141845,0.06324940586780357,False,0.764372550491994,0.04032185144642564,False,24,False,False,False
20260805,149061666-149061699-001,moderate_dysplastic,nc_aware_lambda_0p10,0.962080173347779,0.830794504181601,0.89643733876469,2774,2764,5945,7447,0.46661059714045416,0.7605615005286058,10.0,1502.0,0.3711561702699073,0.09545442687054684,0.2045693408726278,False,0.7386872398024329,0.021874260726172934,False,24,True,False,False
20260805,149061666-149061726-001,light_dysplastic,nc_aware_lambda_0p10,0.9526184538653366,0.8308601356341906,0.8917392947497635,2508,2304,6418,8475,0.3907759426612652,0.7750387847763173,204.0,2057.0,0.27185840707964604,0.11891753558161916,0.30431052244732804,False,0.7237960203773037,0.05124276439901354,False,24,True,False,False
20260805,149062593-149062608-001,moderate_dysplastic,nc_aware_lambda_0p10,0.8619342981851597,0.6570325152609942,0.7594834067230769,3802,4904,4158,3869,0.9143819143819144,0.7472263193728476,1102.0,289.0,1.2675109847505814,0.35312907036866703,0.3861938634399877,False,0.5691672120637478,0.1780591073090998,False,24,False,True,True
20260805,149096927-149096943-002,severe_dysplastic,nc_aware_lambda_0p10,0.6536203522504892,0.486566428395366,0.5700933903229276,3784,1837,2029,6085,1.8649581074420898,0.4330859477112478,1947.0,4056.0,0.3018898931799507,1.563068214262139,0.8381246580821746,False,0.54296992442591,0.10988397671466216,False,24,False,True,False
20260805,149099398-149099421-001,light_dysplastic,nc_aware_lambda_0p10,0.9053748870822041,0.6628625772705659,0.784118732176385,4833,4023,22296,21867,0.21676533907427342,0.6548874796990576,810.0,429.0,0.18397585402661545,0.03278948504765797,0.1512664982381,False,0.6042235741894801,0.050663905509577445,False,24,False,False,False
20260805,149099502-149099544-001,moderate_dysplastic,nc_aware_lambda_0p10,0.9502852485737572,0.9185784129371944,0.9344318307554758,3719,3643,10653,10619,0.34910353890922746,0.7173746319967647,76.0,34.0,0.3430643186740748,0.006039220235152687,0.017299174207308077,False,0.5711793741299511,0.14619525786681353,False,24,True,False,False
20260805,149101620-149101650-002,moderate_dysplastic,nc_aware_lambda_0p10,0.9681307219840074,0.7092645466180959,0.8386976343010517,4441,4188,4863,5294,0.9132222907670162,0.8268161556578415,253.0,431.0,0.7910842463165848,0.12213804445043142,0.13374389996979563,False,0.8560153440616771,0.02919918840383562,False,24,False,False,False
20260805,149102510-149102527-003,moderate_dysplastic,nc_aware_lambda_0p10,0.9272573839662447,0.7396978021978022,0.8334775930820235,3124,2801,4465,4271,0.6996640537513997,0.7885519221222621,323.0,194.0,0.6558183095293842,0.04384574422201548,0.06266676317035902,False,0.5916723468386925,0.19687957528356959,False,24,False,False,True
20260805,149105131-149105155-002,severe_dysplastic,nc_aware_lambda_0p10,0.9485057471264368,0.9031924072476273,0.925849077187032,2083,2267,3072,2723,0.6780598958333334,0.7474148451163989,184.0,349.0,0.8325376423062798,0.15447774647294643,0.22782282155217648,False,0.8165408104301508,0.06912596531375192,False,24,True,False,False
20260805,149105131-149105155-003,severe_dysplastic,nc_aware_lambda_0p10,0.7026831036983321,0.6653620352250489,0.6840225694616905,969,1789,1869,1197,0.5184590690208668,0.5936821150517075,820.0,672.0,1.4945697577276524,0.9761106887067856,1.8827114121830266,False,0.8505064363800627,0.2568243213283552,False,24,False,True,True
20260805,149105131-149105205-002,moderate_dysplastic,nc_aware_lambda_0p10,0.6264582874752366,0.7341434499110847,0.6803008686931606,3104,1439,5889,7607,0.5270843946340635,0.7732303653793138,1665.0,1718.0,0.18916787169712107,0.33791652293694247,0.6411039394698951,False,0.13085916404271025,0.6423712013366035,False,24,False,True,True
20260805,149143370-149143378-002,carcinoma_in_situ,nc_aware_lambda_0p10,0.8416629809818664,0.6384872080088988,0.7400750944953827,2034,2488,1755,1841,1.158974358974359,0.1562956438743513,454.0,86.0,1.3514394350896253,0.1924650761152662,0.16606485601694684,False,0.4798083116881175,0.3235126678137662,False,24,False,False,True
20260805,149143469-149143479-002,severe_dysplastic,nc_aware_lambda_0p10,0.9164265129682997,0.7802351065949392,0.8483308097816195,3006,2546,4875,5163,0.6166153846153846,0.7290218844541125,460.0,288.0,0.49312415262444315,0.12349123199094142,0.20027238177910123,False,0.6996361444774626,0.02938573997664995,False,24,False,False,False
20260805,149146635-149146651-001,carcinoma_in_situ,nc_aware_lambda_0p10,0.9762275049988891,0.737733499377335,0.8569805021881121,2286,2215,1644,2371,1.3905109489051095,0.6275516698945508,71.0,727.0,0.9342049768030367,0.4563059721020728,0.3281568148057761,False,0.6700279952119942,0.042476325317443386,False,24,False,True,False
20260805,149146886-149146936-002,carcinoma_in_situ,nc_aware_lambda_0p10,0.980366704527016,0.7173370319001386,0.8488518682135773,3083,3080,1493,2112,2.0649698593436034,0.8137730539702447,3.0,619.0,1.4583333333333333,0.6066365260102702,0.29377486043706347,False,0.8356272440844623,0.02185419011421763,False,24,False,True,False
20260805,149147848-149147864-001,carcinoma_in_situ,nc_aware_lambda_0p10,0.8579234972677595,0.6988086373790022,0.7783660673233809,2766,3090,4433,6311,0.6239566884728175,0.5153142750993217,324.0,1878.0,0.4896212961495801,0.13433539232323738,0.2152956759809037,False,0.5138580914187828,0.0014561836805389028,False,24,False,False,False
20260805,149148124-149148181-001,carcinoma_in_situ,nc_aware_lambda_0p10,0.9773651396042288,0.862335075927309,0.9198501077657688,7470,7286,5849,6202,1.2771413916908874,0.7040223167426077,184.0,353.0,1.1747823282811996,0.10235906340968781,0.0801469468679748,False,0.7821840263634385,0.0781617096208308,False,24,True,False,False
20260805,149148124-149148181-004,carcinoma_in_situ,nc_aware_lambda_0p10,0.9495234733498059,0.8372426141450313,0.8933830437474186,2759,2907,2933,2652,0.9406750767132629,0.662234560235989,148.0,281.0,1.0961538461538463,0.15547876944058336,0.1652840688622896,False,0.7888871054995872,0.12665254526359815,False,24,True,False,False
20260805,149181806-149181819-002,severe_dysplastic,nc_aware_lambda_0p10,0.9584960231381056,0.8232848232848233,0.8908904232114645,10775,9970,9466,11217,1.138284386224382,0.8329012682232401,805.0,1751.0,0.888829455291076,0.24945493093330606,0.2191497263798947,False,0.7601357365275024,0.07276553169573763,False,24,True,False,False
20260805,149182550-149182571-003,carcinoma_in_situ,nc_aware_lambda_0p10,0.965418691054587,0.8593115622241836,0.9123651266393853,3596,3402,5455,5875,0.659211732355637,0.8380733860563566,194.0,420.0,0.579063829787234,0.08014790256840298,0.12158124173664199,False,0.7786923255303964,0.05938106052596026,False,24,True,False,False
20260805,149182550-149182608-002,carcinoma_in_situ,nc_aware_lambda_0p10,0.9672258064516129,0.6683569979716024,0.8177914022116077,1960,1915,1569,2375,1.2492033142128744,0.7079267972010039,45.0,806.0,0.8063157894736842,0.44288752473919024,0.3545356990047336,False,0.7719236898643894,0.06399689266338549,False,24,False,True,False
20260805,149182550-149182608-005,carcinoma_in_situ,nc_aware_lambda_0p10,0.8664527277215502,0.6346629015178257,0.750557814619688,1833,2218,1370,1463,1.337956204379562,0.5451279927649001,385.0,93.0,1.5160628844839372,0.17810668010437514,0.13311836845107974,False,0.46144586512187646,0.08368212764302363,False,24,False,False,False
20260805,149182657-149182667-002,carcinoma_in_situ,nc_aware_lambda_0p10,0.9465076660988075,0.6653726708074534,0.8059401684531304,1541,1394,2357,2795,0.6537971998302927,0.6164091548128765,147.0,438.0,0.49874776386404296,0.15504943596624976,0.23715182453316044,False,0.7110715912632891,0.09466243645041261,False,24,False,False,False
20260805,149185405-149185423-002,carcinoma_in_situ,nc_aware_lambda_0p10,0.45327812284334024,0.24991979467436637,0.3515989587588533,5603,1642,1060,5174,5.285849056603774,0.5937204498620198,3961.0,4114.0,0.3173560108233475,4.968493045780426,0.9399610266229811,False,0.3397546609433604,0.2539657889186594,False,24,False,True,True
20260805,149185604-149185629-001,carcinoma_in_situ,nc_aware_lambda_0p10,0.6210710913260489,0.25163511187607573,0.43635310160106233,5111,2302,1954,3856,2.615660184237462,0.6163103413830081,2809.0,1902.0,0.5969917012448133,2.0186684829926484,0.7717622202590992,False,0.5878149572569622,0.02849538412604591,False,24,False,True,False
20260805,149185698-149185721-004,carcinoma_in_situ,nc_aware_lambda_0p10,0.8212065813528336,0.3964478274659055,0.6088272044093695,3224,2246,1372,1781,2.3498542274052476,0.7773846964419787,978.0,409.0,1.2610892756878158,1.0887649517174318,0.46333277855575195,False,0.5014141242322053,0.2759705722097734,False,24,False,True,True
20260805,149185850-149185864-001,carcinoma_in_situ,nc_aware_lambda_0p10,0.86331569664903,0.6347671983244724,0.7490414474867512,3575,3229,3098,3109,1.1539703034215623,0.7021903896136864,346.0,11.0,1.0385976198134448,0.11537268360811748,0.09997881512827377,False,0.7525382747630218,0.050347885149335414,False,24,False,False,False
20260805,149187049-149187073-001,carcinoma_in_situ,nc_aware_lambda_0p10,0.9359170491245963,0.740263722784422,0.8380903859545091,3127,2756,1603,1658,1.9507174048658764,0.6744910877577139,371.0,55.0,1.6622436670687575,0.28847373779711893,0.14788076899133643,False,0.7091015003881207,0.03461041263040676,False,24,False,True,False
20260805,149315229-149315291-003,severe_dysplastic,nc_aware_lambda_0p10,0.8248487006051975,0.5219201567474896,0.6733844286763435,6602,4634,3154,5012,2.0932149651236527,0.7858870908255164,1968.0,1858.0,0.9245810055865922,1.1686339595370605,0.5582959326741164,False,0.6805451527711563,0.1053419380543601,False,24,False,True,False
20260805,149315960-149315967-001,moderate_dysplastic,nc_aware_lambda_0p10,0.9473467708761827,0.909467228823304,0.9284069998497433,5078,4646,6094,6951,0.833278634722678,0.7485030564377804,432.0,857.0,0.6683930369730974,0.16488559774958067,0.1978754680647582,False,0.5915533290862458,0.15694972735153456,False,24,True,False,False
20260805,149316117-149316122-002,carcinoma_in_situ,nc_aware_lambda_0p10,0.8051795173631549,0.7009877282250823,0.7530836227941186,1520,1878,1884,1457,0.8067940552016986,0.47355711809357637,358.0,427.0,1.2889498970487303,0.48215584184703175,0.5976187369250706,False,0.656503147009343,0.1829460289157666,False,24,False,True,True
20260805,149316426-149316462-001,carcinoma_in_situ,nc_aware_lambda_0p10,0.9492481203007519,0.7547671840354767,0.8520076521681144,1624,1568,1085,1170,1.4967741935483871,0.6918573469705027,56.0,85.0,1.34017094017094,0.15660325337744707,0.10462710369096218,False,0.7170689446858332,0.025211597715330436,False,24,False,False,False
20260805,149317002-149317010-001,severe_dysplastic,nc_aware_lambda_0p10,0.9815950920245399,0.7883698760724499,0.8849824840484949,1645,1615,2252,1944,0.7304618117229129,0.8387738467016614,30.0,308.0,0.8307613168724279,0.10029950514951502,0.13730952971163948,False,0.8144839650232188,0.024289881678442593,False,24,False,False,False
20260805,149317114-149317152-004,carcinoma_in_situ,nc_aware_lambda_0p10,0.8643986583612842,0.6550700042426814,0.7597343313019828,1185,902,1217,1140,0.9737058340180772,0.7901103991573756,283.0,77.0,0.7912280701754386,0.18247776384263859,0.18740524094878727,False,0.7117504392470638,0.07835995991031175,False,24,False,False,False
20260805,149317204-149317230-001,severe_dysplastic,nc_aware_lambda_0p10,0.9273356401384083,0.7607445008460237,0.844040070492216,3720,3216,3332,2578,1.1164465786314526,0.6524422450492672,504.0,754.0,1.2474786656322732,0.13103208700082059,0.11736519430803946,False,0.7591620889097989,0.10671984386053168,False,24,False,False,False
20260805,149788716-149788727-003,light_dysplastic,nc_aware_lambda_0p10,0.9292536830176461,0.8454530210720475,0.8873533520448468,3157,3020,9655,8236,0.32698083894355257,0.7401312495103445,137.0,1419.0,0.36668285575522097,0.039702016811668406,0.12141963890086946,False,0.6437242497049624,0.09640699980538203,False,24,False,False,False
20260805,153276386-153276405-004,moderate_dysplastic,nc_aware_lambda_0p10,0.9162079510703364,0.7571024639827656,0.836655207526551,3544,2996,7547,7307,0.46959056578773023,0.7660305842055309,548.0,240.0,0.4100177911591624,0.059572774628567804,0.12686082751217156,False,0.7247708812542194,0.04125970295131154,False,24,False,False,False
20260805,153314759-153314767-002,light_dysplastic,nc_aware_lambda_0p10,0.9251812788398154,0.7839805825242718,0.8545809306820435,3260,2808,4855,4209,0.6714727085478888,0.8523469905986318,452.0,646.0,0.6671418389166073,0.0043308696312814865,0.006449797774878349,False,0.7937169158978035,0.05863007470082837,False,24,False,False,False
20260805,153314857-153314882-002,light_dysplastic,nc_aware_lambda_0p10,0.9314045096441185,0.8814646532139516,0.9064345814290351,7387,7337,18219,19196,0.405455842801471,0.7925504056156489,50.0,977.0,0.3822150448010002,0.023240798000470797,0.05732002903167301,False,0.6766502325410859,0.11590017307456302,False,24,True,False,False
20260805,153314956-153314985-001,severe_dysplastic,nc_aware_lambda_0p10,0.9332549941245594,0.8178335074886799,0.8755442508066196,4539,3971,3991,4622,1.1373089451265348,0.77024121659237,568.0,631.0,0.8591518823020338,0.27815706282450103,0.24457454541431436,False,0.7953046588171439,0.025063442224773858,False,24,False,True,False
20260805,153315615-153315624-002,severe_dysplastic,nc_aware_lambda_0p10,0.9607209325105299,0.7923611111111111,0.8765410218108205,5270,4939,4357,4283,1.209547854028001,0.7369656729683174,331.0,74.0,1.153163670324539,0.05638418370346199,0.04661587956178304,False,0.7818318580305796,0.044866185062262254,False,24,False,False,False
20260805,153354589-153354597-001,light_dysplastic,nc_aware_lambda_0p10,0.7827803364977911,0.7871011311835219,0.7849407338406564,5867,4772,10933,12759,0.5366322143967804,0.8364850513705333,1095.0,1826.0,0.37401050239046946,0.16262171200631098,0.30304071317894676,False,0.35656663222586743,0.4799184191446659,False,24,False,False,True
20260805,153654325-153654351-002,severe_dysplastic,nc_aware_lambda_0p10,0.8778128286014721,0.6497821350762527,0.7637974818388624,2668,2087,3986,3358,0.6693426994480682,0.7256005643419587,581.0,628.0,0.621500893388922,0.04784180605914623,0.07147569492115327,False,0.6649539344554021,0.06064662988655667,False,24,False,False,False
20260805,153654325-153654360-003,severe_dysplastic,nc_aware_lambda_0p10,0.48802190280629704,0.6488939307997731,0.568457916803035,2205,717,5814,4764,0.37925696594427244,0.4312822234326085,1488.0,1050.0,0.15050377833753148,0.22875318760674096,0.6031598757252039,False,0.6433515783885101,0.21206935495590157,False,24,False,False,True
20260805,153657257-153657289-002,light_dysplastic,nc_aware_lambda_0p10,0.9708880714661061,0.9321034136546185,0.9514957425603623,4695,4820,8051,7885,0.5831573717550614,0.8646746649337484,125.0,166.0,0.611287254280279,0.02812988252521753,0.04823712371745331,False,0.7417685944577663,0.12290607047598212,False,24,True,False,False
20260805,153657698-153657708-001,light_dysplastic,nc_aware_lambda_0p10,0.8147648996705601,0.8199784137854033,0.8173716567279816,7491,5865,28671,25067,0.26127445851208536,0.8682300659249313,1626.0,3604.0,0.23397295248733394,0.027301506024751426,0.10449318960237741,False,0.2941709085394224,0.574059157385509,False,24,False,False,True
20260805,153659229-153659243-003,severe_dysplastic,nc_aware_lambda_0p10,0.827906976744186,0.5141632944537015,0.6710351355989437,2394,1691,2412,1789,0.9925373134328358,0.8109575815050853,703.0,623.0,0.9452207937395193,0.04731651969331652,0.04767223496860848,False,0.6605259141929609,0.15043166731212443,False,24,False,False,False
20260805,153697342-153697366-001,moderate_dysplastic,nc_aware_lambda_0p10,0.9478688005070511,0.7682763654056685,0.8580725829563598,3320,2991,4110,4111,0.8077858880778589,0.8424585925784669,329.0,1.0,0.7275602043298468,0.08022568374801209,0.09931540723433914,False,0.8119145309080953,0.030544061670371603,False,24,False,False,False
20260805,153701139-153701148-001,light_dysplastic,nc_aware_lambda_0p10,0.9540935419728538,0.9181727760122268,0.9361331589925403,6035,5532,20900,20321,0.28875598086124404,0.8238828691144947,503.0,579.0,0.2722306973082033,0.016525283553040726,0.057229035653969515,False,0.7176076388749472,0.10627523023954755,False,24,True,False,False
20260805,153826963-153826976-001,severe_dysplastic,nc_aware_lambda_0p10,0.9370043393685471,0.6833412887828162,0.8101728140756816,3552,3131,6345,4130,0.5598108747044918,0.8205046155064458,421.0,2215.0,0.7581113801452785,0.1983005054407867,0.35422704376441405,False,0.7234793273812522,0.09702528812519362,False,24,False,False,False
20260805,153827595-153827664-001,carcinoma_in_situ,nc_aware_lambda_0p10,0.8116016427104723,0.5786206896551724,0.6951111661828224,2315,1581,1271,1629,1.8214004720692367,0.5691391447744507,734.0,358.0,0.9705340699815838,0.850866402087653,0.46714928868538275,False,0.4864473080346236,0.08269183673982711,False,24,False,True,False
20260805,153828877-153828897-001,severe_dysplastic,nc_aware_lambda_0p10,0.9206078197029196,0.7180208699730332,0.8193143448379764,3100,2757,4696,3833,0.6601362862010222,0.8138201479900438,343.0,863.0,0.7192799373858596,0.05914365118483744,0.08959295652757186,False,0.705032199315266,0.10878794867477781,False,24,False,False,False
20260805,153829063-153829073-001,severe_dysplastic,nc_aware_lambda_0p10,0.9575539568345324,0.8232094288304623,0.8903816928324974,2896,2664,2217,2195,1.3062697338746054,0.8313936688676801,232.0,22.0,1.2136674259681093,0.09260230790649615,0.07089059373765734,False,0.8118600975932883,0.019533571274391814,False,24,False,False,False
20260805,153829063-153829073-002,severe_dysplastic,nc_aware_lambda_0p10,0.8579088471849866,0.49479691171534074,0.6763528794501636,2343,1760,1659,1320,1.4122965641952985,0.6454889777189768,583.0,339.0,1.3333333333333333,0.07896323086196522,0.055911185336467696,False,0.6603971120960944,0.014908134377117577,False,24,False,False,False
20260805,153829664-153829678-001,moderate_dysplastic,nc_aware_lambda_0p10,0.8824214202561118,0.6895191122071517,0.7859702662316317,5757,4551,5848,6317,0.9844391244870041,0.7425531865302086,1206.0,469.0,0.7204369162577172,0.2640022082292869,0.26817497749480657,False,0.7728014650082609,0.030248278478052226,False,24,False,True,False
20260805,153831426-153831438-001,carcinoma_in_situ,nc_aware_lambda_0p10,0.8687973086627419,0.4186046511627907,0.6437009799127663,3969,3165,596,1597,6.659395973154362,0.7001513162339066,804.0,1001.0,1.981840951784596,4.677555021369766,0.7023991872276304,False,0.425233625759137,0.2749176904747696,False,24,False,True,True
20260805,153831471-153831479-001,carcinoma_in_situ,nc_aware_lambda_0p10,0.9523121387283237,0.7232537577365163,0.8377829482324199,2152,2000,1225,1037,1.756734693877551,0.8636231912791748,152.0,188.0,1.9286403085824493,0.1719056147048983,0.09785513854133629,False,0.8044458474990792,0.05917734378009554,False,24,False,False,False
20260805,153915316-153915330-003,severe_dysplastic,nc_aware_lambda_0p10,0.9528513695554558,0.788896061975468,0.8708737157654619,3204,3477,9107,6383,0.3518172834083672,0.7733774508106748,273.0,2724.0,0.5447281842393858,0.19291090083101864,0.5483253995844797,False,0.859690820740875,0.08631336993020022,False,24,False,False,False
20260805,153956040-153956058-006,normal_columnar,nc_aware_lambda_0p10,0.8887212372689551,0.6925431615036121,0.7906321993862836,1181,1470,3331,4836,0.35454818372861,0.7657732154720922,289.0,1505.0,0.303970223325062,0.050577960403548006,0.14265428528602384,False,0.8302144367705891,0.06444122129849694,False,24,False,False,False
20260805,153956444-153956458-001,normal_columnar,nc_aware_lambda_0p10,0.9047824213700991,0.6421247683755404,0.7734535948728198,1270,1051,2931,5164,0.4332992152848857,0.5314805158589951,219.0,2233.0,0.20352439969016267,0.22977481559472301,0.5302901025416084,False,0.6131584466760098,0.08167793081701469,False,24,False,False,False
20260805,153956444-153956458-003,normal_columnar,nc_aware_lambda_0p10,0.8222379603399433,0.8082162162162162,0.8152270882780798,1517,1307,2105,2520,0.7206650831353919,0.6196546553066754,210.0,415.0,0.5186507936507937,0.2020142894845982,0.2803160773234914,False,0.5372974863712849,0.08235716893539047,False,24,False,False,False
20260805,153958345-153958364-001,normal_columnar,nc_aware_lambda_0p10,0.8555722138930535,0.7874321179208689,0.8215021659069612,1016,985,1302,1276,0.7803379416282642,0.44246695451515533,31.0,26.0,0.7719435736677116,0.008394367960552596,0.010757335707272036,False,0.63596067120357,0.1934937166884147,False,24,False,False,True
20260805,153958547-153958572-003,normal_columnar,nc_aware_lambda_0p10,0.8948529411764706,0.7077862595419847,0.8013196003592277,1220,1500,1810,1465,0.6740331491712708,0.6297449911824241,280.0,345.0,1.023890784982935,0.3498576358116643,0.5190503125721693,False,0.6263602068030232,0.003384784379400929,False,24,False,True,False
20260805,153958547-153958572-004,normal_columnar,nc_aware_lambda_0p10,0.8988377098579423,0.8035460992907801,0.8511919045743612,1044,1279,1615,1205,0.6464396284829721,0.759951058177325,235.0,410.0,1.0614107883817427,0.41497115989877065,0.641932362562978,False,0.8129670967115792,0.053016038534254184,False,24,False,True,False
20260805,157181146-157181197-003,normal_columnar,nc_aware_lambda_0p10,0.8853046594982079,0.6042099021642455,0.7447572808312267,1851,1497,1905,1468,0.9716535433070866,0.6637612966263272,354.0,437.0,1.0197547683923707,0.04810122508528403,0.049504451367631666,False,0.5199258768020968,0.14383541982423043,False,24,False,False,False
20260805,157181387-157181418-001,normal_superficiel,nc_aware_lambda_0p10,0.8513238289205702,0.9263189482561478,0.888821388588359,550,432,98887,94392,0.005561903991424555,0.8534358081305954,118.0,4495.0,0.004576659038901602,0.0009852449525229534,0.17710982501976466,False,0.5963974427540067,0.25703836537658864,False,24,False,False,True
20260805,157183412-157183656-001,normal_intermediate,nc_aware_lambda_0p10,0.8834519572953736,0.9605770307227278,0.9220144940090507,997,1251,32174,30353,0.030987754087151115,0.6987300728836787,254.0,1821.0,0.04121503640496821,0.010227282317817093,0.33003205901903737,False,0.6798654941690403,0.018864578714638425,False,24,True,False,False
20260805,157183828-157183887-001,normal_intermediate,nc_aware_lambda_0p10,0.8857979502196194,0.8707567567567568,0.878277353488188,1213,1519,33655,40345,0.036042192839102656,0.750740116659001,306.0,6690.0,0.03765026645185277,0.001608073612750116,0.04461518212131151,False,0.723770163137365,0.026969953521636003,False,24,False,False,False
20260805,157184850-157184920-001,normal_columnar,nc_aware_lambda_0p10,0.943382077240345,0.8358513300583928,0.889616703649369,1311,1356,5498,5291,0.238450345580211,0.5248658377693753,45.0,207.0,0.2562842562842563,0.017833910704045275,0.07479056434196656,False,0.685410439159379,0.1605446013900037,False,24,False,False,False
20260805,157185164-157185177-001,normal_superficiel,nc_aware_lambda_0p10,0.9334763948497854,0.9277389277389277,0.9306076612943566,459,473,76912,76241,0.005967859371749532,0.8502512593631689,14.0,671.0,0.006204010965228683,0.0002361515934791508,0.039563939903970696,False,0.7087832610263908,0.14146799833677814,False,24,True,False,False
20260805,157222647-157222660-001,normal_intermediate,nc_aware_lambda_0p10,0.8874441284030882,0.9592821443489032,0.9233631363759958,1094,1367,35447,33982,0.030862978531328463,0.7634578997376599,273.0,1465.0,0.0402271790948149,0.009364200563486438,0.30340225107340946,False,0.65154862231401,0.11190927742364987,False,24,True,False,False
20260805,157223394-157223428-001,normal_intermediate,nc_aware_lambda_0p10,0.9259475218658892,0.9373455957150865,0.9316465587904879,808,907,46589,49749,0.017343149670523084,0.880370394462147,99.0,3160.0,0.018231522241653097,0.0008883725711300132,0.051220301254654745,False,0.6737034703239538,0.2066669241381932,False,24,True,False,True
20260805,157223735-157223751-001,normal_superficiel,nc_aware_lambda_0p10,0.9125364431486881,0.951159526212601,0.9318479846806446,739,633,88708,83690,0.00833070298056545,0.8683221163370768,106.0,5018.0,0.007563627673557175,0.0007670753070082754,0.09206704905318362,False,0.6480527460929304,0.2202693702441464,False,24,True,False,True
20260805,157224172-157224207-003,normal_columnar,nc_aware_lambda_0p10,0.7857142857142857,0.6849251479633283,0.735319716838807,669,983,3079,5538,0.21727833712244235,0.7198831963066611,314.0,2459.0,0.17750090285301554,0.039777434269426815,0.18307048795445852,False,0.8133093491658981,0.09342615285923705,False,24,False,False,False
20260805,157224297-157224320-001,normal_superficiel,nc_aware_lambda_0p10,0.9493975903614458,0.9574091768484824,0.953403383604964,636,609,71830,75737,0.008854239175831825,0.8832725780610445,27.0,3907.0,0.008040983931235724,0.0008132552445961009,0.09183887961103063,False,0.6733049479074211,0.2099676301536234,False,24,True,False,True
20260805,157224352-157224395-001,normal_superficiel,nc_aware_lambda_0p10,0.880838894184938,0.9376148520733054,0.9092268731291218,575,474,85750,94373,0.006705539358600583,0.7618561902391834,101.0,8623.0,0.005022622995984021,0.0016829163626165622,0.25093662657155075,False,0.4455265345918885,0.31632965564729487,False,24,True,False,True
20260805,157227461-157227503-001,normal_columnar,nc_aware_lambda_0p10,0.9169420577219652,0.8379762084023491,0.8774591330621572,2082,2457,7105,6177,0.2930330752990852,0.8441202860157594,375.0,928.0,0.3977659057795046,0.10473283048041943,0.3574083675201387,False,0.7803590965598424,0.06376118945591702,False,24,False,False,False
20260805,157227461-157227503-002,normal_columnar,nc_aware_lambda_0p10,0.911089303238469,0.7402862985685071,0.825687800903488,2746,2349,5227,4553,0.5253491486512339,0.6901618864894148,397.0,674.0,0.5159235668789809,0.009425581772253055,0.017941522994619822,False,0.8021691925548511,0.1120073060654363,False,24,False,False,False
20260805,157267059-157267072-004,normal_columnar,nc_aware_lambda_0p10,0.9494123658661217,0.8074621612108412,0.8784372635384814,938,1019,1251,1590,0.7498001598721024,0.8116558619057601,81.0,339.0,0.6408805031446541,0.1089196567274483,0.14526472157768774,False,0.8379997656833158,0.02634390377755569,False,24,False,False,False
20260805,157267647-157267732-001,normal_superficiel,nc_aware_lambda_0p10,0.9119905493207324,0.9351620947630923,0.9235763220419124,886,807,44763,49873,0.01979313272122065,0.8744260092471228,79.0,5110.0,0.016181099993984722,0.003612032727235929,0.18247996909526554,False,0.639583975289192,0.2348420339579308,False,24,True,False,True
20260805,158986813-158986820-002,normal_columnar,nc_aware_lambda_0p10,0.9610027855153204,0.7834252496646296,0.872214017589975,722,714,2923,3786,0.24700650017105713,0.7392916298373273,8.0,863.0,0.18858954041204437,0.05841695975901276,0.23649872865624713,False,0.7476619325117058,0.008370302674378438,False,24,False,False,False
20260805,158987453-158987462-001,normal_superficiel,nc_aware_lambda_0p10,0.5671641791044776,0.7613259749707895,0.6642450770376336,639,1572,80498,55583,0.00793808541827126,0.8198287861795152,933.0,24915.0,0.02828202867783315,0.02034394325956189,2.5625046447720163,False,0.7087413153921316,0.11108747078738357,False,24,False,False,False
20260805,158987493-158987499-001,normal_superficiel,nc_aware_lambda_0p10,0.9467018469656993,0.8555450429141042,0.9011234449399017,923,972,67574,50802,0.013659099653712967,0.7950832165063928,49.0,16772.0,0.019133104995866304,0.0054740053421533375,0.40072953206204776,False,0.702438663288802,0.0926445532175908,False,24,True,False,False
20260805,158987493-158987505-001,normal_superficiel,nc_aware_lambda_0p10,0.5632594710507506,0.5311476427761995,0.547203556913475,394,1005,45484,18935,0.008662386773370856,0.8590511727041416,611.0,26549.0,0.053076313704779506,0.04441392693140865,5.126624043604548,False,0.6966226913731068,0.1624284813310347,False,24,False,False,True
20260805,204870926-204870933-002,light_dysplastic,nc_aware_lambda_0p10,0.9383985727778361,0.7121493500146613,0.8252739613962488,4510,5019,5185,5046,0.8698167791706847,0.6221872766029176,509.0,139.0,0.9946492271105827,0.124832447939898,0.14351563158310895,False,0.8286979262204243,0.20651064961750665,False,24,False,False,True
20260805,209522940-209522991-001,normal_intermediate,nc_aware_lambda_0p10,0.9612565445026178,0.9695593164002991,0.9654079304514585,1435,1430,36295,35911,0.03953712632594021,0.8570857405785781,5.0,384.0,0.039820667761967084,0.0002835414360268726,0.007171342255559704,False,0.7082308666169578,0.14885487396162034,False,24,True,False,False
20260805,209565409-209565466-001,normal_intermediate,nc_aware_lambda_0p10,0.9543944427665358,0.8643895726882965,0.9093920077274162,1695,1616,53759,65428,0.03152960434531892,0.8536753848029748,79.0,11669.0,0.024698905667298404,0.006830698678020518,0.21663709972735148,False,0.6761942223734128,0.17748116242956202,False,24,True,False,True
20260805,209565698-209565729-001,normal_intermediate,nc_aware_lambda_0p10,0.821724305893814,0.8903800744406942,0.8560521901672541,1726,2380,75668,74250,0.02281017074588994,0.6715319544655338,654.0,1418.0,0.03205387205387206,0.009243701307982116,0.4052269570446147,False,0.3580211243609325,0.31351083010460135,False,24,False,False,True
