split,cell_id,class,seed,model,degradation,severity,clean_foreground_dice,degraded_foreground_dice,delta_foreground_dice,clean_nucleus_dice,degraded_nucleus_dice,delta_nucleus_dice,clean_cytoplasm_dice,degraded_cytoplasm_dice,delta_cytoplasm_dice,clean_nc_absolute_error,degraded_nc_absolute_error,delta_nc_absolute_error,clean_circularity_absolute_error,degraded_circularity_absolute_error,delta_circularity_absolute_error,clean_nucleus_area_absolute_error,degraded_nucleus_area_absolute_error,delta_nucleus_area_absolute_error,clean_cytoplasm_area_absolute_error,degraded_cytoplasm_area_absolute_error,delta_cytoplasm_area_absolute_error
calibration,148497676-148497718-001,light_dysplastic,20260803,baseline,gaussian_blur,1,0.9390103630893591,0.9349143637480838,-0.004095999341275358,0.9740962140620553,0.970185106683623,-0.003911107378432255,0.9039245121166631,0.8996436208125446,-0.0042808913041185725,0.021309513785056272,0.019187026091697812,-0.00212248769335846,0.0561570267673307,0.10433022139405912,0.04817319462672842,28,79,51,1296,1378,82
calibration,148710162-148710195-001,light_dysplastic,20260803,baseline,gaussian_noise,10,0.8683251705934278,0.8667396947364175,-0.001585475857010299,0.8696320491882025,0.8660809114608478,-0.003551137727354714,0.8670182919986533,0.8673984780119873,0.00038018601333400515,0.07996535545916844,0.08213411733878453,0.0021687618796160935,0.3332514102771413,0.3959058655102113,0.06265445523307,1317,1369,52,1973,1965,-8
calibration,148848523-148848538-001,moderate_dysplastic,20260803,baseline,gaussian_blur,1,0.7232491282238616,0.7249019435693154,0.0016528153454538064,0.9133398247322297,0.9110070257611241,-0.0023327989711056096,0.5331584317154934,0.5387968613775065,0.005638429662013111,0.800361246067189,0.8438859435991666,0.04352469753197763,0.0011252231698338777,0.015313072214752754,0.014187849044918877,211,362,151,1749,1728,-21
calibration,148848523-148848538-001,moderate_dysplastic,20260803,baseline,gaussian_blur,2,0.7232491282238616,0.7200624624164544,-0.0031866658074071186,0.9133398247322297,0.9068885611965452,-0.006451263535684593,0.5331584317154934,0.5332363636363636,7.793192087024448e-05,0.800361246067189,0.8879522047027029,0.08759095863551392,0.0011252231698338777,0.03978401633229889,0.03865879316246501,211,462,251,1749,1735,-14
calibration,148883900-148883907-001,light_dysplastic,20260803,baseline,gaussian_noise,10,0.9172780775512707,0.918598992978978,0.001320915427707292,0.9760835509138381,0.9732334047109208,-0.0028501462029173474,0.8584726041887032,0.8639645812470352,0.005491977058332043,0.0065643317769491505,0.034007483631016744,0.027443151854067593,0.012991399860354247,0.003380027132692698,-0.009611372727661549,177,58,-119,472,537,65
calibration,149014631-149014646-001,moderate_dysplastic,20260803,baseline,gaussian_noise,20,0.9193624069537014,0.9203682978974634,0.0010058909437620223,0.9467110741049126,0.9746779209240337,0.027966846819121094,0.8920137398024903,0.8660586748708933,-0.02595506493159705,0.08714861210856889,0.044926550966139456,-0.042222061142429435,0.003504821637556388,0.0905945132096242,0.0870896915720678,256,46,-210,290,505,215
calibration,149053341-149053350-002,moderate_dysplastic,20260803,baseline,gaussian_blur,3,0.831878139513129,0.8326937584838332,0.0008156189707042572,0.9593537633029876,0.960912906610703,0.0015591433077154493,0.7044025157232704,0.7044746103569633,7.209463369295399e-05,0.17041480863298525,0.19775603773934858,0.02734122910636333,0.04860390013096516,0.02409661288403564,-0.02450728724692952,263,88,-175,4540,5032,492
calibration,149054642-149054677-002,light_dysplastic,20260803,baseline,gaussian_noise,10,0.7754012307906915,0.7782471669201194,0.0028459361294279617,0.8393884135222331,0.8445436784817192,0.005155264959486039,0.7114140480591498,0.7119506553585196,0.0005366072993698845,0.24938929275383337,0.2468480655926333,-0.0025412271612000603,0.22711406702606785,0.31406373279274913,0.08694966576668128,985,948,-37,7280,7252,-28
calibration,149054642-149054677-002,light_dysplastic,20260803,baseline,gaussian_noise,30,0.7754012307906915,0.7703957404039257,-0.005005490386765787,0.8393884135222331,0.8229988726042841,-0.016389540917949086,0.7114140480591498,0.7177926082035672,0.0063785601444174,0.24938929275383337,0.2475001343755759,-0.0018891583782574828,0.22711406702606785,0.44553141165946747,0.21841734463339962,985,1018,33,7280,6935,-345
calibration,149056545-149056555-001,severe_dysplastic,20260803,baseline,gaussian_noise,20,0.878103849131834,0.879423361847169,0.001319512715334925,0.9474118374922664,0.9474370112945265,2.5173802260081146e-05,0.8087958607714016,0.8114097123998114,0.002613851628409769,0.028048959305836285,0.027199648686857647,-0.0008493106189786381,0.01742918915609637,0.16955708344206044,0.15212789428596407,109,136,27,18,38,20
calibration,149056785-149056797-004,severe_dysplastic,20260803,baseline,gaussian_noise,10,0.8182611833337117,0.8240889998370379,0.0058278165033262,0.9076017404658305,0.9342898134863702,0.02668807302053966,0.7289206262015929,0.7138881861877056,-0.015032440013887371,0.15448947964906812,0.21321608650750257,0.05872660685843445,0.05435739079982005,0.15807924702851772,0.10372185622869767,263,159,-104,17,295,278
calibration,149058170-149058202-001,severe_dysplastic,20260803,baseline,gaussian_blur,2,0.8464761058584975,0.8401049708235792,-0.006371135034918374,0.9026461940542306,0.9020761811345431,-0.0005700129196875015,0.7903060176627644,0.7781337605126152,-0.012172257150149246,0.6739786620520566,0.7168838997835281,0.04290523773147148,0.01008177882728456,0.0294362708543352,0.01935449202705064,592,597,5,799,924,125
calibration,149058170-149058202-002,severe_dysplastic,20260803,baseline,gaussian_blur,3,0.8877703707609911,0.8784285583333347,-0.009341812427656415,0.9711080897348743,0.9621510532625449,-0.008957036472329372,0.8044326517871079,0.7947060634041243,-0.00972658838298357,0.1673050676126122,0.2018939561537746,0.03458888854116238,0.00778838928113279,0.005632651337608929,-0.002155737943523861,134,179,45,435,526,91
calibration,149058881-149058910-001,light_dysplastic,20260803,baseline,gaussian_noise,30,0.9282178584060452,0.9187889123587956,-0.009428946047249642,0.9764638346727899,0.9652576722640417,-0.011206162408748166,0.8799718821393006,0.8723201524535493,-0.00765172968575123,0.02543033770145292,0.019409739812862814,-0.006020597888590107,0.08542362325408404,0.15064883390097272,0.06522521064688869,126,186,60,223,56,-167
calibration,149060932-149060940-001,moderate_dysplastic,20260803,baseline,gaussian_noise,20,0.8207471339913424,0.8251869088941106,0.0044397749027682565,0.9382123575284943,0.9404605655649684,0.0022482080364740753,0.7032819104541905,0.7099132522232527,0.006631341769062216,0.15346081701057507,0.14789897030443921,-0.005561846706135853,0.09393473390567808,0.1665098910903654,0.07257515718468732,513,467,-46,9571,9086,-485
calibration,149060932-149060940-001,moderate_dysplastic,20260803,baseline,gaussian_noise,30,0.8207471339913424,0.8204857388109155,-0.00026139518042689325,0.9382123575284943,0.9235052045509562,-0.014707152977538107,0.7032819104541905,0.7174662730708748,0.01418436261668432,0.15346081701057507,0.15003130690485558,-0.0034295101057194854,0.09393473390567808,0.17327779976656144,0.07934306586088336,513,586,73,9571,8675,-896
calibration,149061221-149061289-001,severe_dysplastic,20260803,baseline,gaussian_blur,1,0.6613655183366041,0.6612440612050323,-0.00012145713157174498,0.7900677200902935,0.7912584777694047,0.001190757679111254,0.5326633165829145,0.53122964464066,-0.0014336719422545219,0.013886011850755997,0.021149386401350112,0.007263374550594115,0.0024412054916534975,0.08689740738679519,0.08445620189514169,1666,1654,-12,3025,3111,86
calibration,149061221-149061289-001,severe_dysplastic,20260803,baseline,gaussian_blur,2,0.6613655183366041,0.659998455643467,-0.0013670626931370222,0.7900677200902935,0.793995206257096,0.003927486166802496,0.5326633165829145,0.526001705029838,-0.006661611553076541,0.013886011850755997,0.04202817911998913,0.02814216726923313,0.0024412054916534975,0.10494045200941182,0.10249924651775832,1666,1619,-47,3025,3370,345
calibration,149061221-149061289-001,severe_dysplastic,20260803,baseline,gaussian_blur,3,0.6613655183366041,0.6637894921637566,0.002423973827152537,0.7900677200902935,0.8008150789607743,0.010747358870480839,0.5326633165829145,0.5267639053667388,-0.005899411216175765,0.013886011850755997,0.06580659453292714,0.051920582682171146,0.0024412054916534975,0.13535163384179938,0.13291042835014588,1666,1544,-122,3025,3623,598
calibration,149096505-149096567-001,moderate_dysplastic,20260803,baseline,gaussian_blur,2,0.6896871684999406,0.6910352009346288,0.0013480324346881734,0.6581795035009548,0.6506621102093123,-0.007517393291642471,0.7211948334989263,0.7314082916599451,0.010213458161018818,0.027449659856403685,0.07116454535273858,0.0437148854963349,0.445613615008103,0.44050389740756285,-0.005109717600540131,2191,2899,708,5033,4827,-206
calibration,149096505-149096567-001,moderate_dysplastic,20260803,baseline,gaussian_blur,3,0.6896871684999406,0.6822164425070154,-0.007470725992925198,0.6581795035009548,0.628387840843562,-0.029791662657392748,0.7211948334989263,0.7360450441704689,0.014850210671542574,0.027449659856403685,0.09762544571419779,0.0701757858577941,0.445613615008103,0.3921597441465723,-0.053453870861530695,2191,3333,1142,5033,4735,-298
calibration,149098972-149098988-001,severe_dysplastic,20260803,baseline,gaussian_blur,2,0.8647875921792647,0.8564709275290465,-0.008316664650218186,0.8989740914623544,0.8885464817668207,-0.01042760969553369,0.8306010928961749,0.8243953732912723,-0.006205719604902571,0.04494172298039434,0.051501306610859277,0.006559583630464938,0.07669063163971412,0.16671802802323066,0.09002739638351653,121,211,90,329,227,-102
calibration,149101437-149101456-001,moderate_dysplastic,20260803,baseline,gaussian_noise,20,0.8191191397177828,0.8223434102021494,0.003224270484366576,0.943864229765013,0.9336709847082887,-0.010193245056724365,0.6943740496705525,0.71101583569601,0.016641786025457517,0.19530151089155823,0.209794974593411,0.014493463701852782,0.0005677248572862892,0.2099990658005284,0.20943134094324212,150,307,157,7831,7158,-673
calibration,149101437-149101456-001,moderate_dysplastic,20260803,baseline,gaussian_noise,30,0.8191191397177828,0.8130964919248018,-0.006022647792981006,0.943864229765013,0.9234698889871303,-0.020394340777882713,0.6943740496705525,0.7027230948624734,0.008349045191920923,0.19530151089155823,0.21817473814989574,0.022873227258337514,0.0005677248572862892,0.2076385994062777,0.20707087454899142,150,395,245,7831,7394,-437
calibration,149101620-149101650-003,moderate_dysplastic,20260803,baseline,gaussian_noise,20,0.8023253920544086,0.797693101208837,-0.004632290845571596,0.9443099273607748,0.9328779328779329,-0.011431994482841934,0.6603408567480423,0.6625082695397411,0.002167412791698742,0.2838674466825072,0.305356357674073,0.0214889109915658,0.09001429721678211,0.16661240221551293,0.07659810499873082,263,24,-239,2647,2373,-274
calibration,149101894-149101909-001,severe_dysplastic,20260803,baseline,gaussian_noise,10,0.8137224132024368,0.8142048103805479,0.00048239717811116023,0.9138950480413895,0.9036918138041734,-0.010203234237216141,0.7135497783634839,0.7247178069569223,0.011168028593438462,0.10424126810054901,0.2308382228364193,0.1265969547358703,0.12690937818931697,0.00941696721082036,-0.11749241097849661,174,254,80,931,1266,335
calibration,149101894-149101909-002,severe_dysplastic,20260803,baseline,gaussian_blur,1,0.48169610917175254,0.47361551096378196,-0.00808059820797058,0.5170004657661854,0.5329038196042338,0.015903353838048417,0.4463917525773196,0.4143272023233301,-0.03206455025398952,1.9911628347052701,2.016679651656019,0.0255168169507487,0.21848525197396806,0.1906535889258728,-0.027831663048095256,775,749,-26,770,896,126
calibration,149101894-149101909-002,severe_dysplastic,20260803,baseline,gaussian_blur,3,0.48169610917175254,0.47766818751575,-0.00402792165600252,0.5170004657661854,0.5599259602036094,0.042925494437423994,0.4463917525773196,0.3954104148278906,-0.050981337749429034,1.9911628347052701,2.0810170991015724,0.08985426439630229,0.21848525197396806,0.09219623221993423,-0.12628901975403384,775,761,-14,770,1096,326
calibration,149102510-149102519-002,moderate_dysplastic,20260803,baseline,gaussian_blur,3,0.887580261980434,0.8782645782982132,-0.009315683682220799,0.9243373493975904,0.9248554913294798,0.000518141931889371,0.8508231745632776,0.8316736652669466,-0.01914950929633097,0.18117088991526092,0.2156715748412656,0.034500684926004666,0.04763666879298256,0.0530445176524349,0.0054078488594523355,286,284,-2,819,1197,378
calibration,149147060-149147075-003,carcinoma_in_situ,20260803,baseline,gaussian_blur,2,0.85913535491933,0.8571557930110562,-0.0019795619082738636,0.9635220125786164,0.9600126442231706,-0.0035093683554457966,0.7547486972600437,0.7542989417989417,-0.00044975546110193054,0.24397044960657976,0.2820235180722038,0.03805306846562406,0.030244455129330272,0.03249998867203763,0.0022555335427073553,102,135,33,577,676,99
calibration,149147060-149147075-003,carcinoma_in_situ,20260803,baseline,gaussian_blur,3,0.85913535491933,0.8612238856988712,0.0020885307795411867,0.9635220125786164,0.9575411913814955,-0.005980821197120845,0.7547486972600437,0.764906580016247,0.01015788275620333,0.24397044960657976,0.3147517411422134,0.07078129153563362,0.030244455129330272,0.047408346828416215,0.017163891699085942,102,150,48,577,783,206
calibration,149185497-149185527-003,carcinoma_in_situ,20260803,baseline,gaussian_noise,10,0.7660304838467203,0.7565542007682147,-0.009476283078505676,0.948306595365419,0.9325131174235571,-0.01579347794186181,0.5837543723280217,0.5805952841128721,-0.0031590882151496524,2.2648840419342697,2.3224897280043466,0.05760568607007688,0.058879972047463536,0.029777989854549824,-0.02910198219291371,278,361,83,1005,1019,14
calibration,149185604-149185657-002,carcinoma_in_situ,20260803,baseline,gaussian_blur,1,0.8147381218170877,0.8142260762178343,-0.0005120455992534412,0.9677353062063296,0.9675825872182773,-0.00015271898805235828,0.6617409374278458,0.6608695652173913,-0.0008713722104545241,1.0417057467681092,1.074104382615021,0.032398635846911716,0.10026517930884904,0.1068477303919525,0.006582551083103461,20,35,15,947,986,39
calibration,149185604-149185657-002,carcinoma_in_situ,20260803,baseline,gaussian_blur,2,0.8147381218170877,0.8129117363065084,-0.0018263855105793425,0.9677353062063296,0.9666356781324243,-0.00109962807390529,0.6617409374278458,0.6591877944805923,-0.002553142947253506,1.0417057467681092,1.1440028385894263,0.10229709182131708,0.10026517930884904,0.10420650633589157,0.003941327027042529,20,71,51,947,1073,126
calibration,149185604-149185657-002,carcinoma_in_situ,20260803,baseline,gaussian_blur,3,0.8147381218170877,0.8107390328705645,-0.003999088946523233,0.9677353062063296,0.9644859813084112,-0.003249324897918404,0.6617409374278458,0.6569920844327177,-0.004748852995128061,1.0417057467681092,1.2172308639767964,0.17552511720868713,0.10026517930884904,0.10026955837709683,4.379068247795104e-06,20,122,102,947,1164,217
calibration,149315671-149315740-003,carcinoma_in_situ,20260803,baseline,gaussian_blur,1,0.7259984700219935,0.7240487269653924,-0.0019497430566011165,0.9410480349344978,0.9377396384882235,-0.003308396446274342,0.5109489051094891,0.5103578154425612,-0.0005910896669278909,1.9155253712097153,1.94226047251852,0.026735101308804632,0.005728818150948833,0.03118268986720829,0.025453871716259457,310,329,19,1271,1306,35
calibration,149315671-149315740-003,carcinoma_in_situ,20260803,baseline,gaussian_blur,2,0.7259984700219935,0.7164535494525377,-0.009544920569455773,0.9410480349344978,0.9277019549981557,-0.013346079936342181,0.5109489051094891,0.5052051439069197,-0.005743761202569364,1.9155253712097153,2.0053228078520338,0.08979743664231843,0.005728818150948833,0.06766155152357312,0.06193273337262428,310,384,74,1271,1386,115
calibration,149315671-149315740-004,carcinoma_in_situ,20260803,baseline,gaussian_blur,2,0.5624536196787954,0.55728926245459,-0.005164357224205385,0.8593363051015354,0.8534906588003933,-0.005845646301142038,0.2655709342560554,0.2610878661087866,-0.004483068147268787,1.5418568219995092,1.5835948773448774,0.04173805534536812,0.11718782051844545,0.04626364581559217,-0.07092417470285328,424,454,30,1052,1130,78
calibration,149315671-149315740-004,carcinoma_in_situ,20260803,baseline,gaussian_blur,3,0.5624536196787954,0.5613826852819572,-0.0010709343968381413,0.8593363051015354,0.8545319832057298,-0.004804321895805597,0.2655709342560554,0.26823338735818475,0.0026624531021293696,1.5418568219995092,1.6484498333246973,0.10659301132518806,0.11718782051844545,0.10072707828650684,-0.016460742231938608,424,435,11,1052,1208,156
calibration,149315775-149315790-001,carcinoma_in_situ,20260803,baseline,gaussian_blur,2,0.86329525416624,0.8558640042672603,-0.007431249898979697,0.9760266833437565,0.97098726779378,-0.005039415549976556,0.7505638249887235,0.7407407407407407,-0.009823084247982838,0.19391005595786692,0.23603404034786124,0.04212398438999432,0.10980473092080789,0.13327894223632175,0.02347421131551386,79,73,-6,466,568,102
calibration,149315775-149315790-001,carcinoma_in_situ,20260803,baseline,gaussian_noise,20,0.86329525416624,0.8548697628960518,-0.008425491270188212,0.9760266833437565,0.9490852986554992,-0.026941384688257353,0.7505638249887235,0.7606542271366045,0.010090402147880928,0.19391005595786692,0.26495609338004844,0.07104603742218152,0.10980473092080789,0.02575106139019323,-0.08405366953061466,79,181,102,466,373,-93
calibration,149316025-149316032-001,carcinoma_in_situ,20260803,baseline,gaussian_blur,1,0.8849901854801072,0.8807046951531983,-0.004285490326908947,0.9686202122750346,0.9688724925063408,0.00025228023130619004,0.80136015868518,0.7925368978000557,-0.008823260885124307,0.4959551655954213,0.5244106178571886,0.028455452261767267,0.02843085420499003,0.04017295050626324,0.011742096301273208,130,127,-3,587,649,62
calibration,149357956-149358043-001,carcinoma_in_situ,20260803,baseline,gaussian_blur,2,0.7745643190396148,0.7693534768135419,-0.0052108422260728204,0.9129180105245289,0.908444745303774,-0.004473265220754974,0.6362106275547007,0.63026220832331,-0.005948419231390667,0.9997738897438582,0.992139939970474,-0.007633949773384163,0.22266898259996043,0.3214512148911825,0.09878223229122207,357,339,-18,1111,1109,-2
calibration,153314857-153314909-001,severe_dysplastic,20260803,baseline,gaussian_blur,1,0.8679055077913584,0.8632888790721827,-0.004616628719175786,0.925867150306053,0.9248922169276151,-0.0009749333784379033,0.809943865276664,0.8016855412167501,-0.00825832405991389,0.43256577140263175,0.46040584557260666,0.027840074169974915,0.06128034488484302,0.06465182091284094,0.0033714760279979217,327,331,4,401,457,56
calibration,153314956-153314985-002,severe_dysplastic,20260803,baseline,gaussian_blur,1,0.8364732753097788,0.8276801271020737,-0.008793148207705048,0.9458581483486735,0.9421352893235534,-0.003722859025120151,0.727088402270884,0.7132249648805941,-0.013863437390289945,0.6984740864847587,0.7282684905061467,0.029794404021388,0.08360241006690372,0.09200306350375609,0.008400653436852368,398,424,26,850,901,51
calibration,153654325-153654351-003,severe_dysplastic,20260803,baseline,gaussian_blur,3,0.8536457084764135,0.8511570391140656,-0.0024886693623479283,0.936080740117746,0.941692789968652,0.00561204985090602,0.771210676835081,0.7606212882594792,-0.010589388575601877,0.5633885659889637,0.6143457462272378,0.050957180238274113,0.06585604069018958,0.0869867336451734,0.02113069295498382,304,275,-29,742,924,182
calibration,153655593-153655600-001,light_dysplastic,20260803,baseline,gaussian_blur,2,0.6289184959524099,0.6219988536928194,-0.006919642259590519,0.7974994875999181,0.7820659523561844,-0.015433535243733698,0.46033750430490183,0.46193175502945427,0.0015942507245524373,0.8900408607089788,0.9561821331335129,0.06614127242453405,0.26787071858156575,0.17456758478046286,-0.09330313380110289,1844,1989,145,1685,1971,286
calibration,153655593-153655600-001,light_dysplastic,20260803,baseline,gaussian_blur,3,0.6289184959524099,0.6204704829921168,-0.008448012960293072,0.7974994875999181,0.7731568998109641,-0.02434258778895393,0.46033750430490183,0.4677840661732695,0.007446561868367674,0.8900408607089788,0.9956123699136373,0.10557150920465852,0.26787071858156575,0.06653894325203691,-0.20133177532952884,1844,2080,236,1685,2162,477
calibration,153656862-153656891-001,light_dysplastic,20260803,baseline,gaussian_noise,10,0.8606546426997788,0.8570864703635818,-0.0035681723361969953,0.8972743459800028,0.8898146817985921,-0.007459664181410641,0.8240349394195549,0.8243582589285714,0.0003233195090165397,0.03823099210696024,0.015727708733550227,-0.02250328337341001,0.08719963820981602,0.2050476940249566,0.11784805581514057,1454,774,-680,1776,2056,280
calibration,153656957-153656964-001,light_dysplastic,20260803,baseline,gaussian_noise,20,0.8908190328641592,0.8879238705568471,-0.002895162307312127,0.9398260869565217,0.9377391304347826,-0.0020869565217390695,0.8418119787717968,0.8381086106789116,-0.003703368092885184,0.026241508318239598,0.025832583371181328,-0.0004089249470582701,0.18266903678494972,0.23002108353676765,0.04735204675181792,598,598,0,5880,5822,-58
calibration,153657121-153657151-001,severe_dysplastic,20260803,baseline,gaussian_noise,30,0.8318381768538804,0.8224134533252349,-0.00942472352864554,0.8634265544393158,0.8362038664323375,-0.027222688006978357,0.800249799268445,0.8086230402181322,0.008373240949687277,0.1678507088522918,0.1735449455506069,0.005694236698315092,0.1468073149879464,0.2408746667755562,0.09406735178760978,840,836,-4,153,374,221
calibration,153657327-153657363-002,light_dysplastic,20260803,baseline,gaussian_noise,20,0.9432409572295362,0.934075774168877,-0.009165183060659166,0.9601248536870854,0.9511791150721666,-0.008945738614918874,0.9263570607719868,0.9169724332655873,-0.009384627506399457,0.013632925482497449,0.014372859130980992,0.0007399336484835428,0.1841531103593067,0.2521513536074519,0.06799824324814518,263,399,136,1391,739,-652
calibration,153659229-153659256-003,severe_dysplastic,20260803,baseline,gaussian_blur,2,0.6702274359230319,0.6672927675313098,-0.002934668391722073,0.7286784247402754,0.7246728065923412,-0.004005618147934209,0.6117764471057884,0.6099127284702783,-0.0018637186355100477,0.880678611380284,0.8897970135369249,0.009118402156640837,0.08329905797238513,0.14219024680786185,0.05889118883547673,1123,1136,13,1850,1911,61
calibration,153659229-153659256-003,severe_dysplastic,20260803,baseline,gaussian_blur,3,0.6702274359230319,0.6650782344802963,-0.005149201442735563,0.7286784247402754,0.7243636363636363,-0.004314788376639123,0.6117764471057884,0.6057928325969563,-0.0059836145088321135,0.880678611380284,0.8935764085552494,0.01289779717496542,0.08329905797238513,0.17769329612760865,0.09439423815522352,1123,1137,14,1850,1949,99
calibration,153697342-153697366-002,moderate_dysplastic,20260803,baseline,gaussian_noise,20,0.7851810324569333,0.7940046657955342,0.008823633338600922,0.9482333607230896,0.9327820186598813,-0.015451342063208306,0.6221287041907768,0.655227312931187,0.03309860874041015,1.3491095030399154,1.4137629475846056,0.06465344454469024,0.09035074955459754,0.16820571784392135,0.07785496828932381,256,560,304,1863,1813,-50
calibration,153697342-153697384-002,moderate_dysplastic,20260803,baseline,gaussian_noise,30,0.8755532534277761,0.8662404102233467,-0.009312843204429377,0.9794882639035737,0.9447961790514273,-0.034692084852146365,0.7716182429519787,0.7876846413952661,0.01606639844328739,0.2672063638247275,0.2987917642627924,0.0315854004380649,0.039659335278533825,0.21954383619439144,0.17988450091585761,6,449,443,1859,1498,-361
calibration,153698259-153698268-002,moderate_dysplastic,20260803,baseline,gaussian_noise,20,0.8799020233864205,0.8829854828142847,0.0030834594278641436,0.9760060457207633,0.9519562132576526,-0.024049832463110765,0.7837980010520779,0.8140147523709168,0.03021675131883894,0.35091153733338887,0.5130010565352734,0.16208951920188452,0.004925591113394634,0.16913346586841094,0.1642078747550163,127,233,106,560,554,-6
calibration,153827595-153827618-002,severe_dysplastic,20260803,baseline,gaussian_noise,10,0.8479859600041446,0.8393241748096498,-0.008661785194494787,0.9543052533416226,0.9435382685069009,-0.010766984834721716,0.7416666666666667,0.7351100811123986,-0.0065565855542680795,0.018300052064079142,0.00633708576162173,-0.011962966302457412,0.0058790873315912595,0.11438491467133349,0.10850582733974223,29,58,29,92,97,5
calibration,153827595-153827657-001,carcinoma_in_situ,20260803,baseline,gaussian_blur,2,0.8631301812615921,0.8634844870034486,0.00035430574185646435,0.9521434138737335,0.9521575984990619,1.4184625328428346e-05,0.7741169486494509,0.7748113755078352,0.0006944268583842783,0.8643938212912523,0.9313838973407698,0.06699007604951746,0.0005688491957253072,0.09030578778889464,0.08973693859316934,253,272,19,607,684,77
calibration,153827595-153827657-001,carcinoma_in_situ,20260803,baseline,gaussian_blur,3,0.8631301812615921,0.8590871963577464,-0.004042984903845692,0.9521434138737335,0.950619219313372,-0.0015241945603614582,0.7741169486494509,0.767555173402121,-0.006561775247329926,0.8643938212912523,0.9696954603476018,0.10530163905634948,0.0005688491957253072,0.1009464457413658,0.10037759654564049,253,289,36,607,727,120
calibration,153828952-153828980-001,severe_dysplastic,20260803,baseline,gaussian_blur,1,0.8397487904384775,0.8355969759248276,-0.004151814513649876,0.973137635004154,0.9711271515824542,-0.002010483421699738,0.706359945872801,0.700066800267201,-0.006293145605600015,0.6001561580864169,0.6253326924085867,0.02517653432216982,0.013712700502879871,0.022659513419083233,0.008946812916203362,23,32,9,670,708,38
calibration,153828952-153829000-003,severe_dysplastic,20260803,baseline,gaussian_noise,10,0.872366790582404,0.8661873544865738,-0.00617943609583016,0.9781082197439075,0.9723089735581928,-0.0057992461857147015,0.7666253614209004,0.7600657354149548,-0.006559626005945618,0.7385517914228759,0.7812219652857104,0.04267017386283456,0.09016619976391427,0.02143049622649318,-0.06873570353742109,42,81,39,413,426,13
calibration,153829700-153829711-001,moderate_dysplastic,20260803,baseline,gaussian_blur,2,0.8542091296018702,0.8474046205741973,-0.006804509027672934,0.9255819286779039,0.9233935513377544,-0.0021883773401495388,0.7828363305258366,0.7714156898106402,-0.011420640715196329,0.047015855729249156,0.033725964620614834,-0.013289891108634322,0.1375775721607071,0.18825292343217348,0.050675351271466385,619,644,25,416,502,86
calibration,153830261-153830340-001,severe_dysplastic,20260803,baseline,gaussian_blur,1,0.7712107530522792,0.7694994050156154,-0.001711348036663729,0.8837123991195891,0.8882395909422937,0.004527191822704557,0.6587091069849691,0.6507592190889371,-0.007949887896032015,1.787265693008663,1.8221618294405706,0.03489613643190759,0.12947978596503762,0.13951152400111155,0.010031738036073934,616,592,-24,536,579,43
calibration,153830261-153830340-001,severe_dysplastic,20260803,baseline,gaussian_blur,2,0.7712107530522792,0.7663301800472528,-0.004880573005026312,0.8837123991195891,0.8905908096280087,0.006878410508419641,0.6587091069849691,0.642069550466497,-0.016639556518472043,1.787265693008663,1.8768471188240448,0.08958142581538175,0.12947978596503762,0.15995879576218797,0.030479009797150347,616,584,-32,536,632,96
calibration,153830680-153830693-001,carcinoma_in_situ,20260803,baseline,gaussian_blur,2,0.6402245778060265,0.6409503954584215,0.0007258176523949889,0.7427814569536424,0.7591964518653797,0.016414994911737257,0.5376676986584107,0.5227043390514632,-0.014963359606947502,1.3311725088686732,1.334111754512025,0.0029392456433516845,0.08551815859006517,0.16093560892321213,0.07541745033314695,601,543,-58,334,378,44
calibration,153830680-153830693-001,carcinoma_in_situ,20260803,baseline,gaussian_blur,3,0.6402245778060265,0.6383232594373358,-0.0019013183686906743,0.7427814569536424,0.7666063582321013,0.023824901278458932,0.5376676986584107,0.5100401606425703,-0.02762753801584039,1.3311725088686732,1.3155745091053876,-0.015597999763285575,0.08551815859006517,0.1951935942122507,0.10967543562218551,601,507,-94,334,388,54
calibration,153830680-153830693-001,carcinoma_in_situ,20260803,baseline,gaussian_noise,10,0.6402245778060265,0.6457728176119859,0.005548239805959421,0.7427814569536424,0.7109004739336493,-0.03188098301999309,0.5376676986584107,0.5806451612903226,0.042977462631911933,1.3311725088686732,1.5445924106822622,0.21341990181358894,0.08551815859006517,0.24569017075132826,0.1601720121612631,601,789,188,334,380,46
calibration,153831352-153831372-003,severe_dysplastic,20260803,baseline,gaussian_blur,1,0.8779267449190804,0.8731917791318515,-0.004734965787228873,0.9695387293298521,0.9692013224290934,-0.0003374069007586744,0.7863147605083088,0.7771822358346095,-0.009132524673699294,0.13662344657766146,0.17614444987340638,0.03952100329574493,0.026353670286501485,0.02568417336013229,-0.0006694969263691952,119,121,2,415,524,109
calibration,153831471-153831486-003,carcinoma_in_situ,20260803,baseline,gaussian_blur,2,0.8142073274274813,0.8224797409306226,0.00827241350314134,0.9154133704251065,0.9183991683991684,0.0029857979740618434,0.7130012844298559,0.7265603134620767,0.013559029032220837,0.5419619179180204,0.5808520492026275,0.038890131284607055,0.050997767879475076,0.17399703959695845,0.12299927171748337,969,928,-41,559,698,139
calibration,153831471-153831486-003,carcinoma_in_situ,20260803,baseline,gaussian_blur,3,0.8142073274274813,0.8197290469410274,0.005521719513546186,0.9154133704251065,0.9143999304771009,-0.0010134399480056233,0.7130012844298559,0.7250581634049541,0.012056878975098217,0.5419619179180204,0.6432806486253904,0.10131873070736996,0.050997767879475076,0.2516922931520388,0.2006945252725637,969,965,-4,559,859,300
calibration,153831471-153831486-004,carcinoma_in_situ,20260803,baseline,gaussian_blur,2,0.8400476428421029,0.8421710397826982,0.002123396940595379,0.9246231155778895,0.9291002277904328,0.004477112212543322,0.7554721701063164,0.7552418517749637,-0.00023031833135267465,0.7312102932429194,0.7186264868007375,-0.012583806442181933,0.04893664466400227,0.1699649332478933,0.12102828858389103,425,366,-59,875,895,20
calibration,153915230-153915252-001,moderate_dysplastic,20260803,baseline,gaussian_noise,30,0.7666537782491052,0.7741466358442985,0.0074928575951933585,0.8819305473808122,0.8800100515140094,-0.0019204958668028738,0.6513770091173983,0.6682832201745877,0.01690621105718948,0.24064955790538678,0.1850863920799477,-0.055563165825439076,0.022146324645677007,0.09961847689814773,0.07747215225247073,203,739,536,1811,2140,329
calibration,153915634-153915665-007,severe_dysplastic,20260803,baseline,gaussian_blur,2,0.6937880016357418,0.688184306695778,-0.005603694939963821,0.7932159165035877,0.7910545217107411,-0.002161394792846605,0.5943600867678959,0.5853140916808149,-0.009045995087080927,1.0127330586338452,0.913036981901887,-0.09969607673195824,0.046385874562216545,0.08736362460211033,0.04097775003989379,1254,1248,-6,764,662,-102
calibration,153915634-153915665-007,severe_dysplastic,20260803,baseline,gaussian_blur,3,0.6937880016357418,0.6902745447961929,-0.0035134568395489563,0.7932159165035877,0.79375,0.0005340834964122632,0.5943600867678959,0.5867990895923857,-0.007560997175510176,1.0127330586338452,0.788941161943998,-0.22379189668984723,0.046385874562216545,0.11789256362261857,0.07150668906040203,1254,1202,-52,764,541,-223
calibration,153916001-153916020-001,severe_dysplastic,20260803,baseline,gaussian_noise,20,0.8797381103931554,0.8870511733107153,0.007313062917559843,0.9484204890237373,0.9592875318066157,0.010867042782878422,0.8110557317625736,0.8148148148148148,0.0037590830522411522,0.1304314074328441,0.15600084009427728,0.02556943266143319,0.042316080335948136,0.0010051047179490125,-0.041310975617999124,263,162,-101,199,394,195
calibration,153956040-153956072-001,normal_columnar,20260803,baseline,gaussian_noise,10,0.9084738684613785,0.9040494235456749,-0.004424444915703596,0.9677143468035065,0.964852121731676,-0.0028622250718305375,0.8492333901192505,0.8432467253596736,-0.005986664759576876,0.05402198838738259,0.048699294568270324,-0.0053226938191122675,0.028893548841495753,0.08402977366176734,0.055136224820271584,17,28,11,474,396,-78
calibration,153956040-153956072-001,normal_columnar,20260803,baseline,gaussian_noise,20,0.9084738684613785,0.9055132911729404,-0.0029605772884380155,0.9677143468035065,0.9627408993576018,-0.004973447445904777,0.8492333901192505,0.8482856829882791,-0.0009477071309713647,0.05402198838738259,0.02892079296833916,-0.02510119541904343,0.028893548841495753,0.14247405408447145,0.1135805052429757,17,24,7,474,211,-263
calibration,157181671-157181708-001,normal_superficiel,20260803,baseline,gaussian_noise,20,0.9114437081399247,0.9041379623059091,-0.0073057458340155534,0.8933601609657947,0.8796680497925311,-0.013692111173263632,0.9295272553140547,0.9286078748192873,-0.0009193804947673634,0.0006308090137572527,0.0009536579794706245,0.00032284896571337183,0.23859524043536395,0.28380780672645056,0.04521256629108661,40,70,30,3641,3840,199
calibration,157185433-157185479-001,normal_columnar,20260803,baseline,gaussian_blur,2,0.49764611657532454,0.48855326733873394,-0.009092849236590594,0.6512968299711815,0.6435196195005946,-0.007777210470586993,0.34399540317946753,0.33358691517687333,-0.010408488002594196,0.3639657226242592,0.3658457182382183,0.001879995613959129,0.009478714059301563,0.055187741301374715,0.04570902724207315,1438,1479,41,629,666,37
calibration,157185433-157185479-001,normal_columnar,20260803,baseline,gaussian_blur,3,0.49764611657532454,0.4885886493138015,-0.009057467261523011,0.6512968299711815,0.6444073455759599,-0.0068894843952216345,0.34399540317946753,0.3327699530516432,-0.011225450127824332,0.3639657226242592,0.3406606347698151,-0.023305087854444073,0.009478714059301563,0.08066024531671967,0.07118153125741811,1438,1467,29,629,733,104
calibration,157222534-157223349-001,normal_intermediate,20260803,baseline,gaussian_noise,20,0.9292567849413944,0.9232817852015391,-0.005974999739855269,0.9369144284821986,0.9110021023125437,-0.025912326169654887,0.9215991414005903,0.9355614680905346,0.013962326689944349,0.0013741220131963383,0.0064207562171498984,0.00504663420395356,0.08790065569645156,0.13769204437379445,0.049791388677342896,67,107,40,3675,2644,-1031
calibration,157223659-157223667-002,normal_superficiel,20260803,baseline,gaussian_noise,30,0.9061697474153091,0.9112784889216425,0.005108741506333447,0.9210810810810811,0.9074285714285715,-0.013652509652509637,0.8912584137495371,0.9151284064147135,0.02386999266517642,0.0014189204320150892,0.0019418361371519605,0.0005229157051368713,0.19903111685680097,0.259727973909177,0.06069685705237604,29,21,-8,9278,6634,-2644
calibration,157223779-157224126-001,normal_superficiel,20260803,baseline,gaussian_blur,1,0.8896649773141047,0.8868892582079819,-0.0027757191061227315,0.8109627547434997,0.8058659217877095,-0.005096832955790109,0.9683671998847097,0.9679125946282544,-0.00045460525645524275,0.0012165020892264088,0.0013058535748616401,8.935148563523135e-05,0.2185275822221946,0.266256782624794,0.047729200402599425,143,152,9,3394,3415,21
calibration,158986766-158986776-002,normal_columnar,20260803,baseline,gaussian_blur,2,0.8783570536303671,0.8725666968924849,-0.005790356737882196,0.9428902499586161,0.9372816503077691,-0.005608599650847035,0.8138238573021181,0.8078517434772007,-0.005972113824917469,0.008187393614468075,0.04002336066781498,0.0318359670533469,0.03188911062916533,0.012454103605290423,-0.019435007023874906,345,375,30,417,288,-129
calibration,158986920-158986928-001,normal_columnar,20260803,baseline,gaussian_blur,3,0.6439461092567706,0.6415586728562509,-0.002387436400519749,0.8292902066486972,0.8252202132591563,-0.004069993389540949,0.45860201186484395,0.45789713245334546,-0.0007048794114984935,0.20869963325624025,0.3282287666199898,0.11952913336374954,0.02728361469144902,0.014588904701507532,-0.012694709989941488,170,239,69,401,918,517
calibration,209048086-209048137-001,normal_superficiel,20260803,baseline,gaussian_noise,10,0.7907437460950013,0.798679729763619,0.007935983668617697,0.6798307475317349,0.6969837587006961,0.017153011168961174,0.9016567446582676,0.9003757008265418,-0.001281043831725781,0.008986224858253561,0.008645765228104287,-0.00034045963014927433,0.15220823306082176,0.203114737616663,0.050906504555841225,681,653,-28,7848,7506,-342
calibration,209307421-209307561-001,normal_intermediate,20260803,baseline,gaussian_noise,20,0.8506151220987626,0.8453747698873337,-0.005240352211428823,0.7818280739934712,0.7707997852925389,-0.01102828870093231,0.9194021702040538,0.9199497544821286,0.0005475842780747753,0.03318776201119235,0.036217328728186435,0.0030295667169940865,0.40951272922988036,0.46896905396353017,0.05945632473364981,802,852,50,871,697,-174
calibration,148494967-148494986-001,light_dysplastic,20260803,nc_aware_lambda_0p10,gaussian_noise,10,0.8091496883670526,0.8113944739361956,0.002244785569142982,0.8781229980781551,0.8813262134374751,0.0032032153593199997,0.74017637865595,0.741462734434916,0.001286355778965964,0.05091034963099808,0.052642318406767946,0.0017319687757698654,0.07283777126426205,0.12842331016228714,0.05558553889802509,1004,945,-59,15726,15675,-51
calibration,148710162-148710195-001,light_dysplastic,20260803,nc_aware_lambda_0p10,gaussian_noise,20,0.8435418839216404,0.850522760980436,0.006980877058795576,0.8594032980650081,0.876274198073506,0.01687090000849789,0.8276804697782728,0.8247713238873658,-0.002909145890906961,0.021326155100720334,0.0030778074056807547,-0.01824834769503958,0.22284976115770216,0.27062029454773984,0.04777053339003767,1235,1033,-202,3074,3553,479
calibration,148710162-148710195-001,light_dysplastic,20260803,nc_aware_lambda_0p10,gaussian_noise,30,0.8435418839216404,0.8355135086707904,-0.008028375250849984,0.8594032980650081,0.8465384615384616,-0.012864836526546575,0.8276804697782728,0.8244885558031193,-0.003191913975153504,0.021326155100720334,0.02615732340636312,0.004831168305642786,0.22284976115770216,0.26961691065889404,0.046767149501191874,1235,1326,91,3074,3086,12
calibration,148848523-148848538-001,moderate_dysplastic,20260803,nc_aware_lambda_0p10,gaussian_blur,1,0.7663888634709466,0.760624764618806,-0.005764098852140576,0.8860410094637224,0.8820926344773331,-0.003948374986389336,0.6467367174781707,0.639156894760279,-0.007579822717891704,1.246256392184057,1.275411566263219,0.029155174079162016,0.0209371501994986,0.036939541952591526,0.016002391753092926,1112,1137,25,1853,1873,20
calibration,148848523-148848538-001,moderate_dysplastic,20260803,nc_aware_lambda_0p10,gaussian_noise,10,0.7663888634709466,0.7640090166225881,-0.002379846848358458,0.8860410094637224,0.8906914630527253,0.004650453589002845,0.6467367174781707,0.6373265701924511,-0.00941014728571965,1.246256392184057,1.2833475244081645,0.037091132224107426,0.0209371501994986,0.041434978037326764,0.020497827837828164,1112,1077,-35,1853,1907,54
calibration,148848523-148848538-001,moderate_dysplastic,20260803,nc_aware_lambda_0p10,gaussian_noise,20,0.7663888634709466,0.7652004887563223,-0.0011883747146242962,0.8860410094637224,0.8964420592327569,0.010401049769034443,0.6467367174781707,0.6339589182798877,-0.012777799198283035,1.246256392184057,1.2036273541335856,-0.04262903805047147,0.0209371501994986,0.10653283872623565,0.08559568852673705,1112,1030,-82,1853,1843,-10
calibration,148848523-148848559-003,moderate_dysplastic,20260803,nc_aware_lambda_0p10,gaussian_noise,20,0.7667327026942901,0.7763580282172846,0.009625325522994554,0.8539894228558289,0.8697892271662764,0.015799804310447474,0.6794759825327511,0.6829268292682927,0.003450846735541635,0.004174077808733412,0.02010272324113932,0.015928645432405908,0.008047694958302598,0.09231845339552935,0.08427075843722676,635,556,-79,1298,1404,106
calibration,148882307-148882410-001,light_dysplastic,20260803,nc_aware_lambda_0p10,gaussian_noise,10,0.7359469289710713,0.7350919049147004,-0.0008550240563708345,0.7258332518815365,0.7260461478294877,0.00021289594795126376,0.7460606060606061,0.7441376619999133,-0.0019229440606928216,0.43233618250832656,0.43421033676186477,0.0018741542535382072,0.01369087132740665,0.08162203090079534,0.06793115957338869,2793,2790,-3,4534,4563,29
calibration,148882671-148882687-002,light_dysplastic,20260803,nc_aware_lambda_0p10,gaussian_noise,20,0.6873767377759916,0.6911492997580286,0.003772561982037015,0.7285031419517697,0.7329910834909484,0.0044879415391787525,0.6462503336002136,0.6493075160251087,0.0030571824248951662,0.42238034778258693,0.4063301839344976,-0.016050163848089327,0.096428324142256,0.18376347654048109,0.08733515239822509,5055,4941,-114,2008,1875,-133
calibration,148883900-148883907-001,light_dysplastic,20260803,nc_aware_lambda_0p10,gaussian_noise,20,0.8639486411258398,0.870382700560395,0.006434059434555217,0.9105706811355488,0.9124477698960256,0.0018770887604767639,0.8173266011161308,0.8283176312247644,0.01099103010863367,0.07604455883676497,0.0878639385102582,0.011819379673493224,0.031234946456073276,0.1525740149998065,0.12133906854373322,923,893,-30,379,139,-240
calibration,148884702-148884710-001,light_dysplastic,20260803,nc_aware_lambda_0p10,gaussian_noise,10,0.4697632957720096,0.46520086837512775,-0.004562427396881841,0.32417131604857236,0.3202691200907875,-0.0039021959577848486,0.6153552754954468,0.6101326166594679,-0.005222658835978833,0.6449050386454266,0.6677378431531864,0.02283280450775982,0.08699009653224055,0.1326560331402069,0.04566593660796636,16468,16765,297,8833,9245,412
calibration,148884702-148884710-001,light_dysplastic,20260803,nc_aware_lambda_0p10,gaussian_noise,20,0.4697632957720096,0.46687733411099797,-0.0028859616610116268,0.32417131604857236,0.3225095863588154,-0.0016617296897569744,0.6153552754954468,0.6112450818631806,-0.004110193632266168,0.6449050386454266,0.6469560369617885,0.002050998316361907,0.08699009653224055,0.2378321902944021,0.15084209376216157,16468,16606,138,8833,8724,-109
calibration,149014631-149014646-001,moderate_dysplastic,20260803,nc_aware_lambda_0p10,gaussian_noise,30,0.8266415055506077,0.8366085711981164,0.00996706564750871,0.8749519045786841,0.892639842983317,0.017687938404632897,0.7783311065225312,0.7805772994129159,0.002246192890384635,0.37902404291778286,0.3628933739715376,-0.016130668946245263,0.2161530431632398,0.37358121554753326,0.15742817238429346,650,547,-103,1373,1430,57
calibration,149053341-149053350-002,moderate_dysplastic,20260803,nc_aware_lambda_0p10,gaussian_noise,30,0.897168484517979,0.8998854731886317,0.0027169886706526203,0.9512010113780025,0.9512288297465936,2.781836859111486e-05,0.8431359576579557,0.8485421166306696,0.005406158972713904,0.03170039195230678,0.04579700329219227,0.01409661133988549,0.05093667907371613,0.18927309206230802,0.1383364129885919,374,317,-57,257,42,-215
calibration,149053533-149053553-001,moderate_dysplastic,20260803,nc_aware_lambda_0p10,gaussian_noise,20,0.7114046003039669,0.7179629593364656,0.006558359032498684,0.9206518518518518,0.9257311669128508,0.005079315060999012,0.5021573487560819,0.5101947517600804,0.008037403003998578,1.5847340953617612,1.5653084105832527,-0.01942568477850859,0.11176317204878594,0.16673988616507796,0.054976714116292014,943,993,50,4153,4109,-44
calibration,149053533-149053553-001,moderate_dysplastic,20260803,nc_aware_lambda_0p10,gaussian_noise,30,0.7114046003039669,0.7179749556772212,0.006570355373254344,0.9206518518518518,0.9174247314983274,-0.0032271203535244597,0.5021573487560819,0.5185251798561151,0.01636783110003326,1.5847340953617612,1.4634936782320893,-0.12124041712967193,0.11176317204878594,0.2649280050107604,0.15316483296197447,943,1107,164,4153,3926,-227
calibration,149054277-149054304-002,light_dysplastic,20260803,nc_aware_lambda_0p10,gaussian_noise,20,0.9055563838285512,0.9051064625794536,-0.0004499212490975957,0.9543251881637282,0.9527138157894737,-0.0016113723742545716,0.856787579493374,0.8574991093694335,0.0007115298760594913,0.0221846618146177,0.018343552210464686,-0.0038411096041530146,0.13048047907218985,0.1757285702584339,0.045248091186244066,145,116,-29,485,408,-77
calibration,149056410-149056458-002,severe_dysplastic,20260803,nc_aware_lambda_0p10,gaussian_noise,10,0.7925378560867992,0.7887580861157341,-0.0037797699710651056,0.8878193261754905,0.8887234834387793,0.0009041572632887407,0.6972563859981078,0.6887926887926888,-0.008463697205418952,0.551069262102919,0.599519919802403,0.04845065769948409,0.09894253590064384,0.03233561827028131,-0.06660691763036253,163,149,-14,318,353,35
calibration,149056785-149056797-003,severe_dysplastic,20260803,nc_aware_lambda_0p10,gaussian_noise,20,0.9063550309255133,0.897217255654887,-0.009137775270626314,0.9598845598845599,0.9485714285714286,-0.011313131313131275,0.8528255019664666,0.8458630827383452,-0.006962419228121353,0.12862667050471344,0.16901698671024712,0.04039031620553368,0.03020301510832779,0.10580307210247053,0.07560005699414274,111,146,35,277,346,69
calibration,149056785-149056797-003,severe_dysplastic,20260803,nc_aware_lambda_0p10,gaussian_noise,30,0.9063550309255133,0.8997425279254407,-0.006612503000072545,0.9598845598845599,0.9408352668213457,-0.019049293063214234,0.8528255019664666,0.8586497890295358,0.005824287063069256,0.12862667050471344,0.15353846396338633,0.024911793458672893,0.03020301510832779,0.26195101977562607,0.23174800466729828,111,94,-17,277,368,91
calibration,149056933-149056945-002,severe_dysplastic,20260803,nc_aware_lambda_0p10,gaussian_blur,3,0.8814572013798319,0.8762448077080681,-0.005212393671763738,0.9351151749604361,0.9253361641896674,-0.009779010770768704,0.8277992277992278,0.8271534512264689,-0.0006457765727588827,0.13491788058382514,0.17865576937597472,0.04373788879214957,0.09466779546087889,0.11917954080948767,0.024511745348608782,367,402,35,16,63,47
calibration,149057756-149057788-001,moderate_dysplastic,20260803,nc_aware_lambda_0p10,gaussian_noise,20,0.8670407692601594,0.8698454402059212,0.002804670945761867,0.9316490403446925,0.9350851581508516,0.0034361178061590447,0.8024324981756263,0.8046057222609909,0.002173224085364578,0.0019158888153458231,0.03191964530770652,0.0300037564923607,0.08560834317296073,0.007937358240964643,-0.07767098493199609,510,573,63,987,494,-493
calibration,149057756-149057788-001,moderate_dysplastic,20260803,nc_aware_lambda_0p10,gaussian_noise,30,0.8670407692601594,0.8611095023362936,-0.005931266923865808,0.9316490403446925,0.9218099021412653,-0.009839138203427189,0.8024324981756263,0.8004091025313219,-0.0020233956443044265,0.0019158888153458231,0.06401039026746003,0.062094501452114204,0.08560834317296073,0.07218432461845359,-0.013424018554507144,510,619,109,987,13,-974
calibration,149057812-149057847-003,moderate_dysplastic,20260803,nc_aware_lambda_0p10,gaussian_blur,2,0.8393791486034052,0.8296842718327864,-0.009694876770618865,0.964402105790925,0.9553107988352956,-0.00909130695562943,0.7143561914158856,0.704057744830277,-0.010298446585608523,0.3615736246288004,0.38663095129422265,0.025057326665422264,0.11533395037992655,0.13531666902695905,0.019982718647032494,256,335,79,1919,2036,117
calibration,149057812-149057847-006,moderate_dysplastic,20260803,nc_aware_lambda_0p10,gaussian_blur,3,0.8720201754421837,0.8669441717799189,-0.005076003662264794,0.9165555851772861,0.9035449299258038,-0.013010655251482262,0.8274847657070813,0.8303434136340339,0.002858647926952562,0.08369297452919777,0.038993578492679926,-0.04469939603651785,0.06732435756297173,0.114832376961583,0.04750801939861127,263,151,-112,342,105,-237
calibration,149058170-149058202-001,severe_dysplastic,20260803,nc_aware_lambda_0p10,gaussian_blur,1,0.866535098330312,0.8628154536927577,-0.0037196446375542536,0.9571406467584713,0.9540229885057471,-0.0031176582527242536,0.7759295499021527,0.7716079188797682,-0.004321631022384476,0.13672351003086525,0.1873628212498646,0.05063931121899934,0.003251518923654162,0.03295212716341189,0.02970060823975773,251,276,25,18,72,54
calibration,149058170-149058202-001,severe_dysplastic,20260803,nc_aware_lambda_0p10,gaussian_noise,10,0.866535098330312,0.8591840523651066,-0.007351045965205305,0.9571406467584713,0.9526176790430325,-0.004522967715438808,0.7759295499021527,0.7657504256871808,-0.010179124214971913,0.13672351003086525,0.16600909895707594,0.029285588926210693,0.003251518923654162,0.026734730956686215,0.023483212033032053,251,277,26,18,41,23
calibration,149058170-149058202-002,severe_dysplastic,20260803,nc_aware_lambda_0p10,gaussian_noise,20,0.9121189535175482,0.9083324530029329,-0.0037865005146153763,0.9652613827993255,0.9673070441523425,0.002045661353016981,0.858976524235771,0.8493578618535231,-0.009618662382247845,0.012472629225996235,0.045971739394793376,0.03349911016879714,0.004155720950961617,0.03515708947299323,0.031001368522031614,88,84,-4,51,210,159
calibration,149060932-149060940-001,moderate_dysplastic,20260803,nc_aware_lambda_0p10,gaussian_noise,20,0.869638194688366,0.8768984470448017,0.007260252356435681,0.9405004190111337,0.948176130326998,0.007675711315864309,0.7987759703655983,0.8056207637626054,0.006844793397007054,0.09325592384000353,0.07502155517254641,-0.018234368667457118,0.06667502522334134,0.16044744661726473,0.09377242139392339,495,377,-118,3473,2673,-800
calibration,149060932-149060940-001,moderate_dysplastic,20260803,nc_aware_lambda_0p10,gaussian_noise,30,0.869638194688366,0.8766255062338524,0.006987311545486374,0.9405004190111337,0.9539143623847859,0.013413943373652204,0.7987759703655983,0.7993366500829188,0.0005606797173204336,0.09325592384000353,0.06748312003756979,-0.02577280380243374,0.06667502522334134,0.12835872888092636,0.06168370365758502,495,277,-218,3473,2578,-895
calibration,149061666-149061683-003,moderate_dysplastic,20260803,nc_aware_lambda_0p10,gaussian_noise,30,0.8882560565401509,0.8973388857499599,0.009082829209808962,0.884321223709369,0.8954248366013072,0.011103612891938175,0.8921908893709327,0.8992529348986126,0.007062045527679861,0.1508794002095733,0.08758161455122987,-0.06329778565834343,0.08219894826246121,0.24159623929150675,0.15939729102904554,474,268,-206,484,334,-150
calibration,149096505-149096567-001,moderate_dysplastic,20260803,nc_aware_lambda_0p10,gaussian_blur,1,0.6347930179488004,0.6357618711617627,0.0009688532129623617,0.6069853379425438,0.6084217893386212,0.0014364513960773984,0.6626006979550569,0.6631019529849043,0.0005012550298473251,0.1097442598159225,0.09941093043889576,-0.010333329377026745,0.2453461042888967,0.2965711011224902,0.051224996833593495,417,233,-184,4493,4503,10
calibration,149096505-149096567-001,moderate_dysplastic,20260803,nc_aware_lambda_0p10,gaussian_noise,10,0.6347930179488004,0.6338911300881604,-0.0009018878606399383,0.6069853379425438,0.6057504873294347,-0.0012348506131091286,0.6626006979550569,0.6620317728468861,-0.0005689251081708591,0.1097442598159225,0.12150969095988873,0.01176543114396622,0.2453461042888967,0.3962929425874683,0.15094683829857158,417,598,181,4493,4613,120
calibration,149096505-149096614-003,severe_dysplastic,20260803,nc_aware_lambda_0p10,gaussian_blur,1,0.7905619789464196,0.797836359272887,0.007274380326467433,0.8778661675245671,0.8745890089243776,-0.0032771586001895114,0.703257790368272,0.7210837096213963,0.017825919253124378,0.06379157248950595,0.09891415901785372,0.035122586528347766,0.06333507093309176,0.07441305559122668,0.01107798465813492,253,261,8,216,161,-55
calibration,149098972-149098988-001,severe_dysplastic,20260803,nc_aware_lambda_0p10,gaussian_blur,2,0.7253317066774696,0.7312463875200362,0.005914680842566633,0.7591021078565563,0.7626459143968871,0.0035438065403308183,0.6915613054983828,0.6998468606431854,0.008285555144802559,0.7020008650104101,0.6077197704100903,-0.09428109460031986,0.04965941314895139,0.10881756741256488,0.05915815426361348,1676,1566,-110,2387,2142,-245
calibration,149098972-149098988-001,severe_dysplastic,20260803,nc_aware_lambda_0p10,gaussian_blur,3,0.7253317066774696,0.7266237012349618,0.001291994557492182,0.7591021078565563,0.7570197386711148,-0.0020823691854414683,0.6915613054983828,0.6962276637988087,0.0046663583004259435,0.7020008650104101,0.5754726640769365,-0.1265282009334736,0.04965941314895139,0.16304508041769494,0.11338566726874355,1676,1564,-112,2387,2013,-374
calibration,149098972-149099015-002,moderate_dysplastic,20260803,nc_aware_lambda_0p10,gaussian_noise,20,0.8894936827440489,0.8961548523769758,0.006661169632926844,0.9528773978315263,0.9623003194888179,0.009422921657291639,0.8261099676565716,0.8300093852651338,0.0038994176085621612,0.04818854675181844,0.059948436136858685,0.011759889385040245,0.0013714551700604316,0.062213095460628365,0.06084164029056793,158,57,-101,1993,2036,43
calibration,149098972-149099015-002,moderate_dysplastic,20260803,nc_aware_lambda_0p10,gaussian_noise,30,0.8894936827440489,0.8989175816483953,0.009423898904346362,0.9528773978315263,0.9662629757785467,0.013385577947020444,0.8261099676565716,0.8315721875182439,0.0054622198616722795,0.04818854675181844,0.06942254572108705,0.021233998969268614,0.0013714551700604316,0.06259072084568928,0.06121926567562885,158,14,-144,1993,2117,124
calibration,149099680-149099714-001,moderate_dysplastic,20260803,nc_aware_lambda_0p10,gaussian_noise,20,0.9212377928633473,0.9124550780876052,-0.008782714775742106,0.9177007993909402,0.9087061668681983,-0.008994632522741908,0.9247747863357544,0.9162039893070121,-0.008570797028742305,0.022786060081971093,0.028778579068997112,0.005992518987026019,0.17301882228658128,0.3517616688029291,0.1787428465163478,575,672,97,389,330,-59
calibration,149101620-149101650-003,moderate_dysplastic,20260803,nc_aware_lambda_0p10,gaussian_blur,2,0.8286946863794673,0.8190975964729597,-0.00959708990650765,0.911864406779661,0.9029850746268657,-0.008879332152795238,0.7455249659792735,0.7352101183190535,-0.010314847660220061,0.25241263396864133,0.28772904483430795,0.035316410865666614,0.13677065072184547,0.15208111042878059,0.01531045970693512,268,326,58,1345,1596,251
calibration,149101620-149101664-001,moderate_dysplastic,20260803,nc_aware_lambda_0p10,gaussian_noise,30,0.9358198640113252,0.9303218969329974,-0.005497967078327837,0.9692116034881652,0.9597173144876325,-0.009494289000532619,0.9024281245344853,0.9009264793783622,-0.0015016451561230548,0.06857197832843143,0.06045132616775112,-0.008120652160680308,0.011405865026227313,0.13599730576791202,0.12459144074168471,145,104,-41,750,708,-42
calibration,149101894-149101909-003,severe_dysplastic,20260803,nc_aware_lambda_0p10,gaussian_noise,10,0.9211984473156304,0.9204210807302156,-0.0007773665854148293,0.9316590195604927,0.9275571600481348,-0.004101859512357864,0.9107378750707681,0.9132850014122964,0.0025471263415283163,0.07631777602730733,0.077121316081814,0.0008035400545066684,0.06839782896823732,0.12114778290424211,0.05274995393600479,231,245,14,442,419,-23
calibration,149101894-149101909-003,severe_dysplastic,20260803,nc_aware_lambda_0p10,gaussian_noise,30,0.9211984473156304,0.914847726097488,-0.006350721218142397,0.9316590195604927,0.9285714285714286,-0.003087590989064082,0.9107378750707681,0.9011240236235474,-0.009613851447220711,0.07631777602730733,0.07431866880942811,-0.0019991072178792146,0.06839782896823732,0.32224858156935005,0.25385075260111273,231,178,-53,442,542,100
calibration,149101894-149101918-001,severe_dysplastic,20260803,nc_aware_lambda_0p10,gaussian_blur,1,0.4073894976449846,0.40453242373581283,-0.002857073909171781,0.4122651542006381,0.4118271954674221,-0.000437958733216004,0.40251384108933114,0.3972376520042036,-0.005276189085127558,3.0626274440114227,3.120847109677105,0.058219665665682374,0.02366569417623532,0.003997183822928685,-0.019668510353306634,3316,3322,6,3953,3975,22
calibration,149105131-149105260-001,moderate_dysplastic,20260803,nc_aware_lambda_0p10,gaussian_noise,20,0.876554219868343,0.8678707931855525,-0.00868342668279054,0.937948865268601,0.9321175278622087,-0.005831337406392301,0.8151595744680851,0.8036240585088964,-0.011535515959188669,0.3036617073523039,0.33025823046835767,0.02659652311605376,0.08211853000534086,0.14268198621159744,0.06056345620625658,342,395,53,1296,1433,137
calibration,149143295-149143307-001,severe_dysplastic,20260803,nc_aware_lambda_0p10,gaussian_noise,10,0.9019233052608367,0.9040690071186472,0.002145701857810489,0.9730385297135927,0.9697814969781497,-0.0032570327354429773,0.8308080808080808,0.8383565172591447,0.007548436451063956,0.016369519315145187,0.0491839680948869,0.03281444877974171,0.04941455544879958,0.07311518800255279,0.02370063255375321,131,167,36,2,310,308
calibration,149143295-149143307-001,severe_dysplastic,20260803,nc_aware_lambda_0p10,gaussian_noise,20,0.9019233052608367,0.9022055919319754,0.0002822866711386096,0.9730385297135927,0.9684054479755397,-0.004633081738052991,0.8308080808080808,0.8360057358884109,0.005197655080330099,0.016369519315145187,0.07228685183542916,0.05591733252028397,0.04941455544879958,0.0919322367699189,0.04251768132111933,131,205,74,2,496,494
calibration,149143295-149143307-001,severe_dysplastic,20260803,nc_aware_lambda_0p10,gaussian_noise,30,0.9019233052608367,0.8960203151936516,-0.005902990067185199,0.9730385297135927,0.9637363661788012,-0.009302163534791519,0.8308080808080808,0.8283042642085019,-0.0025038165995788786,0.016369519315145187,0.09028013031384108,0.07391061099869589,0.04941455544879958,0.1640727104448263,0.11465815499602672,131,139,8,2,759,757
calibration,149143434-149143442-001,moderate_dysplastic,20260803,nc_aware_lambda_0p10,gaussian_noise,30,0.9291543409451689,0.9203642245663896,-0.008790116378779356,0.9552848851467343,0.9475158605915794,-0.007769024555154824,0.9030237967436036,0.8932125885411997,-0.009811208202403887,0.07748573402037284,0.08365592311258996,0.006170189092217115,0.016939040675641115,0.05915576563598679,0.042216724960345675,535,631,96,604,554,-50
calibration,149147060-149147075-001,carcinoma_in_situ,20260803,nc_aware_lambda_0p10,gaussian_blur,1,0.8616415988398936,0.8567301878183322,-0.0049114110215613405,0.9425943545829368,0.9388535031847134,-0.0037408513982234437,0.7806888430968502,0.774606872451951,-0.006081970644899126,0.11106338991934306,0.1370228055800129,0.025959415660669838,0.0035608334486837423,0.00018128119422833322,-0.003379552254455409,171,184,13,19,56,37
calibration,149148124-149148181-003,carcinoma_in_situ,20260803,nc_aware_lambda_0p10,gaussian_noise,20,0.8173832008410403,0.8100647734310953,-0.007318427409945039,0.8596072186836518,0.8515007898894155,-0.008106428794236287,0.7751591829984289,0.768628756972775,-0.0065304260256539015,0.3622760693780657,0.38747052348027505,0.02519445410220933,0.260492583122795,0.060225138036781534,-0.20026744508601346,1048,1108,60,1759,1841,82
calibration,149181806-149181819-003,severe_dysplastic,20260803,nc_aware_lambda_0p10,gaussian_blur,3,0.8105610030077974,0.8073280002725833,-0.0032330027352140966,0.9381724286329077,0.9188715100131559,-0.019300918619751806,0.6829495773826872,0.6957844905320109,0.012834913149323612,0.07315470938157725,0.11016187897260477,0.03700716959102751,0.04091089066672671,0.055352509437866515,0.014441618771139808,425,555,130,497,1086,589
calibration,149182125-149182135-001,carcinoma_in_situ,20260803,nc_aware_lambda_0p10,gaussian_noise,10,0.6491792851048312,0.6394291312206767,-0.009750153884154567,0.862413869748833,0.8602102437933348,-0.0022036259554982784,0.4359447004608295,0.41864801864801865,-0.017296681812810855,3.2426493061923103,3.3946615171809307,0.1520122109886204,0.048502312567308414,0.009778729715850143,-0.03872358285145827,619,591,-28,1022,1047,25
calibration,149182550-149182571-004,carcinoma_in_situ,20260803,nc_aware_lambda_0p10,gaussian_blur,3,0.8957351961081604,0.8952018222380713,-0.0005333738700891155,0.9321374174987308,0.9384721742136191,0.006334756714888257,0.8593329747175901,0.8519314702625236,-0.007401504455066488,0.040302444677769,0.07667420914752399,0.036371764469754986,0.05605138593606729,0.08011928682633906,0.024067900890271776,59,64,5,900,1379,479
calibration,149182657-149182667-003,carcinoma_in_situ,20260803,nc_aware_lambda_0p10,gaussian_noise,10,0.8823900541971784,0.8762913283584645,-0.006098725838713959,0.9095238095238095,0.910775747948107,0.001251938424297494,0.8552562988705473,0.8418069087688219,-0.013449390101725411,0.14650070816162009,0.1761156407182244,0.0296149325566043,0.19254139790831892,0.15681815598378634,-0.03572324192453258,232,229,-3,287,397,110
calibration,149182657-149182681-001,carcinoma_in_situ,20260803,nc_aware_lambda_0p10,gaussian_blur,1,0.812722933936197,0.8119554484042792,-0.0007674855319177443,0.9,0.8958960545080019,-0.004103945491998107,0.7254458678723938,0.7280148423005566,0.002568974428162729,0.2218544045595725,0.24831630090645407,0.026461896346881564,0.2526103032747168,0.30437802483211096,0.051767721557394175,556,585,29,408,531,123
calibration,149182657-149182681-001,carcinoma_in_situ,20260803,nc_aware_lambda_0p10,gaussian_blur,2,0.812722933936197,0.8072244956340162,-0.005498438302180775,0.9,0.8861489191353082,-0.013851080864691778,0.7254458678723938,0.7283000721327242,0.0028542042603303397,0.2218544045595725,0.29695020633061286,0.07509580177104036,0.2526103032747168,0.3124110668871144,0.05980076361239761,556,651,95,408,764,356
calibration,149185497-149185527-003,carcinoma_in_situ,20260803,nc_aware_lambda_0p10,gaussian_blur,1,0.8030827067669173,0.8011715127334351,-0.0019111940334821664,0.9614035087719298,0.9580985915492958,-0.0033049172226340406,0.6447619047619048,0.6442444339175746,-0.0005174708443301812,1.6608771168041687,1.6933085216000494,0.03243140479588069,0.06726832408058114,0.08066296279575691,0.013394638715175766,188,208,20,532,543,11
calibration,149185604-149185657-002,carcinoma_in_situ,20260803,nc_aware_lambda_0p10,gaussian_blur,1,0.8652338339834045,0.8656145482221718,0.00038071423876728794,0.9661705006765899,0.9653946680606378,-0.0007758326159521545,0.7642971672902191,0.7658344283837056,0.0015372610934865083,0.5739918122585483,0.662676955333358,0.08868514307480968,0.06881981479659771,0.05765912620729996,-0.011160688589297751,145,187,42,358,421,63
calibration,149185604-149185657-002,carcinoma_in_situ,20260803,nc_aware_lambda_0p10,gaussian_blur,2,0.8652338339834045,0.8595784618386368,-0.005655372144767634,0.9661705006765899,0.9610636277302944,-0.0051068729462955265,0.7642971672902191,0.7580932959469794,-0.006203871343239742,0.5739918122585483,0.819492790710735,0.24550097845218666,0.06881981479659771,0.08749990860470191,0.018680093808104203,145,275,130,358,539,181
calibration,149185604-149185657-002,carcinoma_in_situ,20260803,nc_aware_lambda_0p10,gaussian_noise,10,0.8652338339834045,0.8611549367675653,-0.004078897215839206,0.9661705006765899,0.9633955574095318,-0.002774943267058183,0.7642971672902191,0.7589143161255987,-0.00538285116462045,0.5739918122585483,0.6005769420014233,0.02658512974287497,0.06881981479659771,0.011125809965490174,-0.05769400483110754,145,163,18,358,374,16
calibration,149314881-149314903-001,carcinoma_in_situ,20260803,nc_aware_lambda_0p10,gaussian_noise,30,0.7591080968543928,0.749880295319332,-0.009227801535060864,0.9257483049446006,0.9111891620672353,-0.014559142877365261,0.5924678887641851,0.5885714285714285,-0.003896460192756579,0.23858294178602346,0.21931789193659512,-0.01926504984942834,0.10284549869779536,0.16408054540845973,0.061235046710664376,449,517,68,5638,5576,-62
calibration,149315671-149315740-003,carcinoma_in_situ,20260803,nc_aware_lambda_0p10,gaussian_noise,20,0.7479860514571376,0.7439613352437424,-0.004024716213395174,0.9034690799396682,0.9080029917726253,0.004533911832957149,0.592503022974607,0.5799196787148594,-0.012583344259747609,1.5302187029698868,1.5108785175017159,-0.019340185468170956,0.14004487623446027,0.22486939098921999,0.08482451475475972,502,458,-44,601,610,9
calibration,149315671-149315740-004,carcinoma_in_situ,20260803,nc_aware_lambda_0p10,gaussian_blur,1,0.6506662915606897,0.6512026547457124,0.0005363631850227035,0.9039345937659683,0.9044814340588988,0.0005468402929305061,0.397397989355411,0.39792387543252594,0.0005258860771149565,0.8823915742860136,0.9678916494133887,0.08550007512737512,0.06690405393314025,0.07421905185046085,0.007314997917320598,300,291,-9,431,474,43
calibration,149315671-149315740-004,carcinoma_in_situ,20260803,nc_aware_lambda_0p10,gaussian_blur,2,0.6506662915606897,0.6579162752149952,0.007249983654305514,0.9039345937659683,0.9123898392949715,0.00845524552900323,0.397397989355411,0.40344271113501884,0.006044721779607853,0.8823915742860136,1.1994175158536429,0.3170259415676293,0.06690405393314025,0.07443587949768937,0.007531825564549122,300,244,-56,431,599,168
calibration,149315671-149315740-004,carcinoma_in_situ,20260803,nc_aware_lambda_0p10,gaussian_noise,20,0.6506662915606897,0.6515576395070111,0.0008913479463213969,0.9039345937659683,0.9050943884147918,0.0011597946488235422,0.397397989355411,0.39802089059923035,0.0006229012438193626,0.8823915742860136,1.13570560828761,0.25331403400159647,0.06690405393314025,0.11201840099334814,0.04511434706020789,300,253,-47,431,559,128
calibration,149315671-149315740-004,carcinoma_in_situ,20260803,nc_aware_lambda_0p10,gaussian_noise,30,0.6506662915606897,0.6458070322554883,-0.004859259305201369,0.9039345937659683,0.8690275435637999,-0.034907050202168444,0.397397989355411,0.4225865209471767,0.025188531591765706,0.8823915742860136,1.7501185914979018,0.8677270172118883,0.06690405393314025,0.2840322192067869,0.21712816527364664,300,56,-244,431,936,505
calibration,149315775-149315790-001,carcinoma_in_situ,20260803,nc_aware_lambda_0p10,gaussian_noise,10,0.8632315845954506,0.8600151655174049,-0.003216419078045707,0.9673313534153585,0.9669439112817232,-0.0003874421336352851,0.7591318157755426,0.7530864197530864,-0.006045396022456129,0.12369693332614085,0.148530957186771,0.02483402386063016,0.07547787623782709,0.015571639164202011,-0.05990623707362508,4,29,25,190,242,52
calibration,149316025-149316032-001,carcinoma_in_situ,20260803,nc_aware_lambda_0p10,gaussian_blur,1,0.9010764478107918,0.8998470592168619,-0.0012293885939298477,0.9810040705563093,0.979379107183322,-0.0016249633729873425,0.8211488250652742,0.8203150112504018,-0.0008338138148723528,0.14257055105549732,0.18745709737858762,0.044886546323090304,0.019873828030718577,0.0337432033200169,0.013869375289298325,42,51,9,122,169,47
calibration,149316025-149316032-001,carcinoma_in_situ,20260803,nc_aware_lambda_0p10,gaussian_blur,2,0.9010764478107918,0.892493346624841,-0.008583101185950737,0.9810040705563093,0.9763313609467456,-0.0046727096095637854,0.8211488250652742,0.8086553323029366,-0.012493492762337577,0.14257055105549732,0.2917115633926355,0.14914101233713817,0.019873828030718577,0.05891204173875464,0.03903821370803606,42,70,28,122,293,171
calibration,149316754-149316795-002,severe_dysplastic,20260803,nc_aware_lambda_0p10,gaussian_noise,20,0.8237804521630696,0.8158558681686754,-0.007924583994394219,0.9589533093894305,0.9586224620920072,-0.0003308472974232757,0.6886075949367089,0.6730892742453436,-0.015518320691365273,0.5003873715271459,0.5791376357317457,0.07875026420459985,0.0431462927318228,0.0370888297710511,-0.006057462960771698,112,105,-7,114,137,23
calibration,149317114-149317152-001,carcinoma_in_situ,20260803,nc_aware_lambda_0p10,gaussian_blur,1,0.870700393915907,0.8610253269476732,-0.009675066968233836,0.9691833590138675,0.9657481328869431,-0.0034352261269244844,0.7722174288179465,0.7563025210084033,-0.01591490780954319,0.43302149539384405,0.5102127125781768,0.07719121718433275,0.0038632760444672343,0.006682778045032145,0.0028195020005649107,114,125,11,228,290,62
calibration,149317114-149317152-001,carcinoma_in_situ,20260803,nc_aware_lambda_0p10,gaussian_noise,20,0.870700393915907,0.8618765072607426,-0.008823886655164426,0.9691833590138675,0.9598341539258876,-0.009349205087979984,0.7722174288179465,0.7639188605955978,-0.008298568222348757,0.43302149539384405,0.4593700159489633,0.02634852055511927,0.0038632760444672343,0.04519059915455004,0.0413273231100828,114,149,35,228,227,-1
calibration,149357956-149358043-001,carcinoma_in_situ,20260803,nc_aware_lambda_0p10,gaussian_blur,1,0.8155084563455886,0.8115903305831488,-0.0039181257624397725,0.9263360616273472,0.9249558090952916,-0.001380252532055537,0.7046808510638298,0.6982248520710059,-0.006455998992823897,0.49714512822329016,0.5194983960338293,0.022353267810539146,0.24989106497146757,0.2946666697934614,0.04477560482199383,17,25,8,477,501,24
calibration,149357956-149358043-001,carcinoma_in_situ,20260803,nc_aware_lambda_0p10,gaussian_noise,20,0.8155084563455886,0.8191189824315477,0.0036105260859591315,0.9263360616273472,0.9234802556119941,-0.0028558060153530684,0.7046808510638298,0.7147577092511013,0.010076858187271442,0.49714512822329016,0.6366809106167235,0.13953578239343334,0.24989106497146757,0.03326919698970182,-0.21662186798176575,17,145,128,477,584,107
calibration,153275893-153275939-003,moderate_dysplastic,20260803,nc_aware_lambda_0p10,gaussian_blur,3,0.9187294049849873,0.9152996429669196,-0.0034297620180677724,0.9670393494990562,0.9490672194255256,-0.0179721300735306,0.8704194604709184,0.8815320665083135,0.011112606037395056,0.013780422229732858,0.05664401492576704,0.04286359269603418,0.05951714604729086,0.0879723057956735,0.02845515974838264,105,238,133,360,286,-74
calibration,153275893-153275939-003,moderate_dysplastic,20260803,nc_aware_lambda_0p10,gaussian_noise,10,0.9187294049849873,0.9205436366901345,0.0018142317051471624,0.9670393494990562,0.9694876223373633,0.002448272838307064,0.8704194604709184,0.8715996510429058,0.0011801905719873718,0.013780422229732858,0.043543825495125366,0.029763403265392507,0.05951714604729086,0.03339729871971142,-0.026119847327579437,105,44,-61,360,577,217
calibration,153275893-153275939-003,moderate_dysplastic,20260803,nc_aware_lambda_0p10,gaussian_noise,20,0.9187294049849873,0.9128963140952986,-0.005833090889688752,0.9670393494990562,0.9725714285714285,0.005532079072372298,0.8704194604709184,0.8532211996191685,-0.017198260851749914,0.013780422229732858,0.05267192663594167,0.03889150440620881,0.05951714604729086,0.0007965481505949334,-0.058720597896695925,105,8,-97,360,582,222
calibration,153314466-153314473-002,light_dysplastic,20260803,nc_aware_lambda_0p10,gaussian_blur,3,0.884898779795015,0.8894918335003127,0.004593053705297723,0.9241650294695481,0.9179901067430357,-0.006174922726512433,0.8456325301204819,0.8609935602575897,0.015361030137107767,0.09802801469110894,0.08319658646599021,-0.014831428225118737,0.006334610207056612,0.06988456531594012,0.0635499551088835,577,624,47,1282,790,-492
calibration,153314466-153314473-002,light_dysplastic,20260803,nc_aware_lambda_0p10,gaussian_noise,20,0.884898779795015,0.8803503217875767,-0.004548458007438305,0.9241650294695481,0.920067805450515,-0.004097224019033119,0.8456325301204819,0.8406328381246383,-0.004999691995843603,0.09802801469110894,0.12403735151014683,0.026009336819037887,0.006334610207056612,0.06791709368593457,0.06158248347887796,577,611,34,1282,1798,516
calibration,153314857-153314909-001,severe_dysplastic,20260803,nc_aware_lambda_0p10,gaussian_blur,1,0.8700381737669873,0.8667086748932777,-0.003329498873709591,0.9292655367231638,0.927909604519774,-0.0013559322033898091,0.8108108108108109,0.8055077452667814,-0.005303065544029484,0.2576368437602492,0.2864042839431271,0.028767440182877912,0.003441162442349821,0.031820454433117096,0.028379291990767275,313,313,0,101,146,45
calibration,153314857-153314909-001,severe_dysplastic,20260803,nc_aware_lambda_0p10,gaussian_noise,10,0.8700381737669873,0.8606017244735306,-0.009436449293456772,0.9292655367231638,0.9198177676537586,-0.009447769069405254,0.8108108108108109,0.8013856812933026,-0.00942512951750829,0.2576368437602492,0.29202998684904435,0.03439314308879515,0.003441162442349821,0.029275568823672216,0.025834406381322395,313,348,35,101,124,23
calibration,153314956-153314978-003,severe_dysplastic,20260803,nc_aware_lambda_0p10,gaussian_blur,2,0.8379434813422322,0.8303685993491127,-0.007574881993119509,0.9564656562399226,0.9533678756476683,-0.0030977805922542956,0.7194213064445418,0.707369323050557,-0.012051983393984833,0.3875237235155413,0.4453367381031932,0.05781301458765187,0.13750486168756648,0.1783545256624468,0.040849663974880324,230,256,26,474,580,106
calibration,153314956-153314985-002,severe_dysplastic,20260803,nc_aware_lambda_0p10,gaussian_blur,1,0.8651270322175233,0.858243003326042,-0.00688402889148132,0.9465710807520628,0.9418478260869565,-0.004723254665106258,0.7836829836829837,0.7746381805651275,-0.00904480311785627,0.3511511131628211,0.4078308601014837,0.05667974693866262,0.09683908952716636,0.09316481355545536,-0.003674275971710994,393,426,33,208,271,63
calibration,153314956-153314985-002,severe_dysplastic,20260803,nc_aware_lambda_0p10,gaussian_noise,30,0.8651270322175233,0.860209628759864,-0.004917403457659342,0.9465710807520628,0.9470421776040965,0.00047109685203372553,0.7836829836829837,0.7733770799156315,-0.010305903767352187,0.3511511131628211,0.32249267377256796,-0.028658439390253143,0.09683908952716636,0.19683402786905968,0.09999493834189332,393,365,-28,208,185,-23
calibration,153315615-153315629-001,severe_dysplastic,20260803,nc_aware_lambda_0p10,gaussian_noise,20,0.9146619972112975,0.9123808136680641,-0.002281183543233367,0.9640757674722403,0.9574260643483913,-0.006649703123849049,0.8652482269503546,0.867335562987737,0.0020873360373823147,0.11259252197313763,0.12909501348945618,0.01650249151631855,0.08078133283416866,0.1573074725908148,0.07652613975664613,100,115,15,226,253,27
calibration,153654325-153654351-001,severe_dysplastic,20260803,nc_aware_lambda_0p10,gaussian_blur,3,0.6990028668660557,0.6944679771488631,-0.004534889717192625,0.9598012646793135,0.9204281060958586,-0.039373158583454915,0.4382044690527981,0.4685078482018677,0.03030337914906961,0.9324451391679514,0.9649210724606544,0.03247593329270304,0.02849100391612802,0.058531450417304676,0.030040446501176654,106,236,130,2105,2081,-24
calibration,153654325-153654351-003,severe_dysplastic,20260803,nc_aware_lambda_0p10,gaussian_blur,1,0.866106165210402,0.8602849507028791,-0.0058212145075228205,0.9425287356321839,0.9376443418013857,-0.004884393830798195,0.78968359478862,0.7829255596043727,-0.006758035184247335,0.3563152521779429,0.40917619069130096,0.05286093851335805,0.05058922831052726,0.059582370718035293,0.008993142407508037,275,297,22,307,388,81
calibration,153654325-153654351-003,severe_dysplastic,20260803,nc_aware_lambda_0p10,gaussian_noise,10,0.866106165210402,0.8592803094771255,-0.006825855733276431,0.9425287356321839,0.935633151030711,-0.006895584601472882,0.78968359478862,0.7829274679235402,-0.00675612686507987,0.3563152521779429,0.40187063852589766,0.04555538634795475,0.05058922831052726,0.02514279276653464,-0.025446435543992618,275,306,31,307,365,58
calibration,153655593-153655600-001,light_dysplastic,20260803,nc_aware_lambda_0p10,gaussian_blur,1,0.5982310210296726,0.6017236670093427,0.003492645979670028,0.8687633469229276,0.8688476846908068,8.433776787919456e-05,0.3276986951364176,0.33459964932787845,0.006900954191460862,0.25822802742750683,0.3003495273335228,0.04212149990601599,0.20904426851377844,0.17686338213554653,-0.03218088637823191,1300,1301,1,282,182,-100
calibration,153655593-153655600-001,light_dysplastic,20260803,nc_aware_lambda_0p10,gaussian_blur,2,0.5982310210296726,0.5995613285103315,0.0013303074806588766,0.8687633469229276,0.856918393400766,-0.011844953522161528,0.3276986951364176,0.3422042636198969,0.014505568483479336,0.25822802742750683,0.455334490606941,0.19710646317943414,0.20904426851377844,0.13155239258256035,-0.07749187593121809,1300,1419,119,282,151,-131
calibration,153656862-153656891-001,light_dysplastic,20260803,nc_aware_lambda_0p10,gaussian_noise,20,0.8878862574134336,0.8841604564205126,-0.00372580099292108,0.9277325455724476,0.9201287093314265,-0.007603836241021011,0.8480399692544197,0.8481922035095985,0.00015223425517874034,0.08066529205994855,0.11521816235063642,0.034552870290687876,0.06965274054725046,0.1864807259373743,0.11682798539012385,731,837,106,596,1143,547
calibration,153656957-153656964-001,light_dysplastic,20260803,nc_aware_lambda_0p10,gaussian_noise,30,0.9194991405700257,0.9205912549132773,0.0010921143432516267,0.9620493358633776,0.9665287702143663,0.004479434350988742,0.8769489452766738,0.8746537396121884,-0.002295205664485378,0.05643685345397781,0.050901811131177394,-0.005535042322800415,0.13319762457279205,0.20049622789040578,0.06729860331761373,362,266,-96,5456,5104,-352
calibration,153657121-153657151-001,severe_dysplastic,20260803,nc_aware_lambda_0p10,gaussian_blur,2,0.8820395905049665,0.8779421985404843,-0.004097391964482222,0.9000420580400953,0.8963483146067416,-0.0036937434333537134,0.8640371229698376,0.8595360824742269,-0.004501040495610731,0.1853466051054814,0.16979290242568224,-0.015553702679799164,0.17353281885683403,0.27076234025394763,0.0972295213971136,607,594,-13,587,498,-89
calibration,153657121-153657151-001,severe_dysplastic,20260803,nc_aware_lambda_0p10,gaussian_blur,3,0.8820395905049665,0.8729151084619109,-0.009124482043055604,0.9000420580400953,0.8932449583979692,-0.006797099642126048,0.8640371229698376,0.8525852585258525,-0.01145186444398505,0.1853466051054814,0.15798054372670678,-0.02736606137877462,0.17353281885683403,0.2656969096116044,0.09216409075477039,607,565,-42,587,454,-133
calibration,153657327-153657363-002,light_dysplastic,20260803,nc_aware_lambda_0p10,gaussian_noise,30,0.8906879313692666,0.8837553865972707,-0.006932544771995897,0.9219636543047447,0.9175130047064652,-0.004450649598279455,0.8594122084337884,0.8499977684880763,-0.009414439945712116,0.0007118223032987203,6.520142337956836e-05,-0.000646620879919152,0.2228415080721199,0.2905126874622491,0.06767117939012923,917,967,50,4965,5355,390
calibration,153659229-153659243-001,severe_dysplastic,20260803,nc_aware_lambda_0p10,gaussian_blur,2,0.9055034772334491,0.8978273612762888,-0.007676115957160334,0.9587048334115439,0.9488217091168769,-0.009883124294666978,0.8523021210553544,0.8468330134357006,-0.005469107619653801,0.025060669122465185,0.05089737225834645,0.025836703135881267,0.16836205357603384,0.24932408799939598,0.08096203442336214,62,1,-61,288,371,83
calibration,153659229-153659256-003,severe_dysplastic,20260803,nc_aware_lambda_0p10,gaussian_blur,2,0.8266005053817191,0.8261232046414,-0.00047730074031915315,0.9406428712285545,0.9357326478149101,-0.004910223413644443,0.7125581395348837,0.7165137614678899,0.003955621933006248,0.164701599635666,0.19979403698267562,0.03509243734700962,0.12018647280525419,0.10527171375993383,-0.014914759045320358,191,205,14,138,198,60
calibration,153659229-153659256-003,severe_dysplastic,20260803,nc_aware_lambda_0p10,gaussian_blur,3,0.8266005053817191,0.8244203640464793,-0.0021801413352398047,0.9406428712285545,0.9327247469736059,-0.007918124254948644,0.7125581395348837,0.7161159811193527,0.0035578415844690348,0.164701599635666,0.24740411964102504,0.08270252000535905,0.12018647280525419,0.10404982174033595,-0.01613665106491824,191,223,32,138,287,149
calibration,153697342-153697353-001,moderate_dysplastic,20260803,nc_aware_lambda_0p10,gaussian_noise,20,0.6407833551469571,0.634153691175648,-0.006629663971309041,0.7136198860693941,0.7091355088084442,-0.004484377260949857,0.5679468242245199,0.5591718735428518,-0.008774950681668114,1.9086687119729797,1.9077066975810701,-0.0009620143919095714,0.33185218679203393,0.4333187196540914,0.10146653286205748,3803,3867,64,4068,3959,-109
calibration,153697342-153697366-002,moderate_dysplastic,20260803,nc_aware_lambda_0p10,gaussian_blur,1,0.810816008909898,0.8026642823715255,-0.008151726538372484,0.9419477635613831,0.9377056139233789,-0.004242149638004178,0.679684254258413,0.6676229508196722,-0.01206130343874079,1.060618233126008,1.1064752252252252,0.04585699209921734,0.07785321971459847,0.0711313816196888,-0.006721838094909671,535,569,34,974,1040,66
calibration,153697342-153697366-002,moderate_dysplastic,20260803,nc_aware_lambda_0p10,gaussian_noise,20,0.810816008909898,0.801882366726026,-0.008933642183872048,0.9419477635613831,0.9300587293112653,-0.01188903425011778,0.679684254258413,0.6737060041407867,-0.005978250117626205,1.060618233126008,1.100708762886598,0.04009052976059002,0.07785321971459847,0.20220362456649593,0.12435040485189747,535,627,92,974,990,16
calibration,153697342-153697384-002,moderate_dysplastic,20260803,nc_aware_lambda_0p10,gaussian_blur,2,0.8991104344698733,0.8893613698809684,-0.009749064588904899,0.9636898920510304,0.9540356278865186,-0.009654264164511761,0.8345309768887162,0.824687111875418,-0.009843865013298259,0.1515292218158487,0.1900131303840903,0.038483908568241576,0.004602776573590206,0.031298378541238514,0.026695601967648308,281,358,77,558,727,169
calibration,153697342-153697384-002,moderate_dysplastic,20260803,nc_aware_lambda_0p10,gaussian_noise,30,0.8991104344698733,0.8906133550516964,-0.0084970794181769,0.9636898920510304,0.9618452252640656,-0.0018446667869648214,0.8345309768887162,0.819381484839327,-0.015149492049389202,0.1515292218158487,0.07029278950965157,-0.08123643230619715,0.004602776573590206,0.158265177791156,0.1536624012175658,281,174,-107,558,187,-371
calibration,153700207-153700215-001,light_dysplastic,20260803,nc_aware_lambda_0p10,gaussian_noise,30,0.8912105928835286,0.9008237288622789,0.009613135978750353,0.9602091199535289,0.9635651037886486,0.0033559838351197024,0.8222120658135283,0.8380823539359094,0.015870288122381004,0.05954080344122756,0.009161861966915485,-0.05037894147431207,0.0648182864399598,0.11911199569892028,0.05429370925896049,148,151,3,3492,890,-2602
calibration,153701139-153701158-004,moderate_dysplastic,20260803,nc_aware_lambda_0p10,gaussian_blur,3,0.8919234251879536,0.8900572077536018,-0.0018662174343518911,0.9577050386171386,0.9587901701323251,0.0010851315151865215,0.8261418117587687,0.8213242453748782,-0.004817566383890415,0.2652657466724677,0.15838406808771954,-0.10688167858474817,0.0038701649569898855,0.051727684314812894,0.04785751935782301,107,33,-74,593,448,-145
calibration,153701139-153701158-005,moderate_dysplastic,20260803,nc_aware_lambda_0p10,gaussian_blur,2,0.9088182297733769,0.9043259706267447,-0.004492259146632205,0.9673865138827678,0.9648420115709835,-0.002544502311784269,0.850249945663986,0.8438099296825059,-0.0064400159814801405,0.0736829248093831,0.12730881203797828,0.05362588722859518,0.06165503092412672,0.053267697960383664,-0.008387332963743055,54,98,44,117,209,92
calibration,153701557-153701566-001,light_dysplastic,20260803,nc_aware_lambda_0p10,gaussian_blur,1,0.834620925125189,0.8320317170046274,-0.0025892081205616257,0.9002950452741886,0.8972824984790103,-0.0030125467951782614,0.7689468049761896,0.7667809355302444,-0.002165869445945212,0.1416403601840429,0.1441493642607724,0.002509004076729493,0.030808713691712786,0.3053898545943724,0.2745811409026596,1954,2020,66,49,89,40
calibration,153701557-153701566-001,light_dysplastic,20260803,nc_aware_lambda_0p10,gaussian_blur,2,0.834620925125189,0.8309675690137693,-0.0036533561114197033,0.9002950452741886,0.8966705518674302,-0.003624493406758411,0.7689468049761896,0.7652645861601085,-0.0036822188160811065,0.1416403601840429,0.13666928331743122,-0.00497107686661169,0.030808713691712786,0.2556701679052178,0.224861454213505,1954,2029,75,49,229,180
calibration,153701557-153701566-001,light_dysplastic,20260803,nc_aware_lambda_0p10,gaussian_blur,3,0.834620925125189,0.833472116745498,-0.001148808379691002,0.9002950452741886,0.8997761497761497,-0.0005188954980388516,0.7689468049761896,0.7671680837148463,-0.0017787212613432635,0.1416403601840429,0.1168703287526972,-0.024770031431345707,0.030808713691712786,0.18299871791632716,0.15219000422461437,1954,1952,-2,49,482,433
calibration,153702037-153702051-002,light_dysplastic,20260803,nc_aware_lambda_0p10,gaussian_blur,2,0.8770993796340807,0.8783074509856161,0.0012080713515354446,0.9681655960028551,0.9659172275526278,-0.002248368450227356,0.7860331632653061,0.7906976744186046,0.004664511153298467,0.007020012853009572,0.03975256415907691,0.03273255130606734,0.019934789481929394,0.03406088438156296,0.014126094899633568,410,454,44,462,100,-362
calibration,153702037-153702051-002,light_dysplastic,20260803,nc_aware_lambda_0p10,gaussian_blur,3,0.8770993796340807,0.8732174499791499,-0.003881929654930838,0.9681655960028551,0.9589554930390247,-0.009210102963830402,0.7860331632653061,0.7874794069192751,0.0014462436539689483,0.007020012853009572,0.06808466265818947,0.061064649805179894,0.019934789481929394,0.038512672618825294,0.0185778831368959,410,557,147,462,146,-316
calibration,153827595-153827604-002,severe_dysplastic,20260803,nc_aware_lambda_0p10,gaussian_noise,10,0.7716916284670003,0.7707713095447649,-0.0009203189222354302,0.8694164607489071,0.8712380952380953,0.0018216344891881509,0.6739667961850936,0.6703045238514346,-0.0036622723336590113,0.2874735469205314,0.2761683854890342,-0.01130516143149718,0.17107159071931,0.21305313682822935,0.041981546108919354,687,676,-11,136,117,-19
calibration,153827595-153827657-001,carcinoma_in_situ,20260803,nc_aware_lambda_0p10,gaussian_blur,1,0.8717597375894579,0.8724632797983458,0.0007035422088879084,0.9561922085796574,0.954614681693573,-0.0015775268860843683,0.7873272665992586,0.7903118779031187,0.002984611303860185,0.3568155648674636,0.43501318967547076,0.07819762480800718,0.024154125563442763,0.030237784759864716,0.006083659196421953,71,102,31,205,252,47
calibration,153827595-153827657-001,carcinoma_in_situ,20260803,nc_aware_lambda_0p10,gaussian_blur,2,0.8717597375894579,0.8702734978781138,-0.001486239711344095,0.9561922085796574,0.9519422693075388,-0.004249939272118586,0.7873272665992586,0.7886047264486888,0.0012774598494302847,0.3568155648674636,0.5529513962491968,0.19613583138173318,0.024154125563442763,0.0751355401371997,0.050981414573756934,71,155,84,205,327,122
calibration,153827595-153827657-001,carcinoma_in_situ,20260803,nc_aware_lambda_0p10,gaussian_blur,3,0.8717597375894579,0.8672062714284607,-0.004553466160997166,0.9561922085796574,0.9472054497600247,-0.008986758819632623,0.7873272665992586,0.7872070930968967,-0.00012017350236182,0.3568155648674636,0.6556107344754787,0.2987951696080151,0.024154125563442763,0.09045359705370992,0.06629947149026716,71,209,138,205,396,191
calibration,153827595-153827657-001,carcinoma_in_situ,20260803,nc_aware_lambda_0p10,gaussian_noise,10,0.8717597375894579,0.863825272269572,-0.007934465319885953,0.9561922085796574,0.9480122324159022,-0.00817997616375521,0.7873272665992586,0.7796383121232418,-0.007688954476016807,0.3568155648674636,0.4166848258857978,0.05986926101833423,0.024154125563442763,0.045931982125528736,0.021777856562085973,71,128,57,205,224,19
calibration,153828952-153828980-001,severe_dysplastic,20260803,nc_aware_lambda_0p10,gaussian_blur,1,0.8588057868604684,0.8590907848300982,0.0002849979696297744,0.9634997316156736,0.9637389202256245,0.00023918860995086888,0.7541118421052632,0.7544426494345718,0.00033080732930867995,0.10868327262040278,0.15981882609760056,0.05113555347719778,0.026582874898519848,0.023402777827320476,-0.0031800970711993726,92,89,-3,146,190,44
calibration,153828952-153828980-001,severe_dysplastic,20260803,nc_aware_lambda_0p10,gaussian_blur,2,0.8588057868604684,0.859160045863647,0.00035425900317864745,0.9634997316156736,0.9624831309041836,-0.0010166007114900122,0.7541118421052632,0.7558369608231104,0.001725118717847196,0.10868327262040278,0.22551444075270943,0.11683116813230665,0.026582874898519848,0.012513712245670883,-0.014069162652848966,92,71,-21,146,241,95
calibration,153828952-153828980-001,severe_dysplastic,20260803,nc_aware_lambda_0p10,gaussian_blur,3,0.8588057868604684,0.8634047840944392,0.004598997233970836,0.9634997316156736,0.9638752052545156,0.00037547363884204987,0.7541118421052632,0.7629343629343629,0.008822520829099734,0.10868327262040278,0.32015313911607635,0.21146986649567356,0.026582874898519848,0.038119605200087614,0.011536730301567766,92,20,-72,146,304,158
calibration,153828952-153828980-001,severe_dysplastic,20260803,nc_aware_lambda_0p10,gaussian_noise,20,0.8588057868604684,0.8534177905176177,-0.005387996342850698,0.9634997316156736,0.960604425256341,-0.00289530635933255,0.7541118421052632,0.7462311557788944,-0.007880686326368735,0.10868327262040278,0.07240721415847129,-0.03627605846193149,0.026582874898519848,0.08317712277692513,0.05659424787840528,92,72,-20,146,102,-44
calibration,153828952-153828980-001,severe_dysplastic,20260803,nc_aware_lambda_0p10,gaussian_noise,30,0.8588057868604684,0.8542090880386501,-0.004596698821818235,0.9634997316156736,0.9578975596674711,-0.00560217194820245,0.7541118421052632,0.7505206164098293,-0.0035912256954339083,0.10868327262040278,0.06980347647323093,-0.03887979614717185,0.026582874898519848,0.12666427296083882,0.10008139806231897,92,95,3,146,115,-31
calibration,153828952-153829000-003,severe_dysplastic,20260803,nc_aware_lambda_0p10,gaussian_blur,1,0.9023030510303511,0.9013307930556093,-0.0009722579747418747,0.9845583693638048,0.9824633794099443,-0.002094989953860482,0.8200477326968973,0.8201982067012742,0.00015047400437684377,0.21870538012934526,0.2753202436889217,0.056614863559576456,0.07282280402423158,0.09581365242067719,0.022990848396445607,27,37,10,87,111,24
calibration,153828952-153829000-003,severe_dysplastic,20260803,nc_aware_lambda_0p10,gaussian_blur,2,0.9023030510303511,0.8959929995508638,-0.0063100514794873774,0.9845583693638048,0.9783013019218847,-0.006257067441920117,0.8200477326968973,0.8136846971798428,-0.006363035517054527,0.21870538012934526,0.3641087075339713,0.14540332740462603,0.07282280402423158,0.09633310422511454,0.02351030020088296,27,45,18,87,155,68
calibration,153830261-153830340-001,severe_dysplastic,20260803,nc_aware_lambda_0p10,gaussian_blur,1,0.814926004259317,0.8120092733289153,-0.0029167309304017897,0.9501347708894878,0.9481856540084388,-0.00194911688104904,0.6797172376291463,0.6758328926493918,-0.0038843449797544283,0.5422824497084133,0.7033862961075972,0.16110384639918385,0.17113937951025682,0.1750522958418116,0.003912916331554772,132,143,11,113,165,52
calibration,153830261-153830340-001,severe_dysplastic,20260803,nc_aware_lambda_0p10,gaussian_noise,20,0.814926004259317,0.8131077991028666,-0.0018182051564504809,0.9501347708894878,0.9470108695652174,-0.0031239013242704283,0.6797172376291463,0.6792047286405158,-0.0005125089886304224,0.5422824497084133,0.6559236665683628,0.11364121685994943,0.17113937951025682,0.09404372901413005,-0.07709565049612677,132,180,48,113,135,22
calibration,153831471-153831486-003,carcinoma_in_situ,20260803,nc_aware_lambda_0p10,gaussian_noise,10,0.8125632518370773,0.8111027335449194,-0.0014605182921579862,0.9398806020348104,0.9408904167016015,0.0010098146667910646,0.6852459016393443,0.6813150503882373,-0.003930851251107037,0.03272483494790457,0.07742172307902839,0.044696888131123824,0.061007917811474965,0.0548225782489703,-0.006185339562504666,579,545,-34,348,395,47
calibration,153831471-153831486-004,carcinoma_in_situ,20260803,nc_aware_lambda_0p10,gaussian_blur,1,0.8002321350147437,0.8063489559250512,0.006116820910307519,0.8932178932178932,0.8996271866934328,0.006409293475539535,0.7072463768115942,0.7130707251566697,0.005824348345075503,0.6025470122216825,0.5763049590671869,-0.02624205315449557,0.0030453642138364434,0.053371962378254034,0.05032659816441759,460,416,-44,563,546,-17
calibration,153831471-153831486-004,carcinoma_in_situ,20260803,nc_aware_lambda_0p10,gaussian_noise,10,0.8002321350147437,0.7917925384248172,-0.008439596589926435,0.8932178932178932,0.8845817545904984,-0.008636138627394874,0.7072463768115942,0.6990033222591362,-0.008243054552457996,0.6025470122216825,0.6442270715922109,0.04168005937052843,0.0030453642138364434,0.06593746566449649,0.06289210145066004,460,528,68,563,593,30
calibration,153915230-153915252-001,moderate_dysplastic,20260803,nc_aware_lambda_0p10,gaussian_noise,20,0.7789157862543754,0.7719148690792759,-0.007000917175099541,0.9229238084706403,0.9263898044385849,0.003465995967944613,0.6349077640381107,0.6174399337199669,-0.017467830318143807,0.5905717238633192,0.6866758669770894,0.09610414311377014,0.023789745098586335,0.040015435340549965,0.01622569024196363,345,404,59,2584,2794,210
calibration,153915634-153915665-003,severe_dysplastic,20260803,nc_aware_lambda_0p10,gaussian_noise,10,0.8787126493394963,0.8749529710982169,-0.0037596782412794294,0.9547523427041499,0.9552878179384203,0.0005354752342704439,0.8026729559748428,0.7946181242580135,-0.008054831716829303,0.167529761904762,0.18989944350521282,0.02236968160045083,0.02760813816507801,0.0859252384964212,0.058317100331343186,1,1,0,144,161,17
calibration,153915634-153915665-003,severe_dysplastic,20260803,nc_aware_lambda_0p10,gaussian_noise,20,0.8787126493394963,0.8795984847195752,0.0008858353800789143,0.9547523427041499,0.9599782194391505,0.005225876735000634,0.8026729559748428,0.79921875,-0.0034542059748428056,0.167529761904762,0.096060463659148,-0.07146929824561399,0.02760813816507801,0.07634813803664575,0.04873999987156774,1,61,60,144,128,-16
calibration,153915634-153915665-006,severe_dysplastic,20260803,nc_aware_lambda_0p10,gaussian_noise,10,0.7986601358958332,0.7917594373711394,-0.006900698524693771,0.9723492270846941,0.9742132867132867,0.0018640596285925959,0.6249710447069724,0.6093055880289923,-0.01566545667798014,0.9514479366234105,0.9902337787769544,0.03878584215354386,0.04715588548555516,0.04568313687529646,-0.0014727486102587006,99,82,-17,1579,1619,40
calibration,153916675-153916684-001,moderate_dysplastic,20260803,nc_aware_lambda_0p10,gaussian_noise,20,0.9009095849068044,0.8992399121568361,-0.0016696727499683206,0.9445260067114094,0.9462569950374828,0.0017309883260734349,0.8572931631021994,0.8522228292761893,-0.005070333826010076,0.03014392627848539,0.024584859436079465,-0.005559066842405924,0.31349109018159604,0.3654496832379184,0.05195859305632233,502,632,130,3223,3227,4
calibration,153956040-153956058-005,normal_columnar,20260803,nc_aware_lambda_0p10,gaussian_noise,20,0.8291560987695951,0.8350612690387369,0.005905170269141835,0.8637696614236203,0.867579908675799,0.003810247252178711,0.7945425361155698,0.8025426294016749,0.00800009328610507,0.04480820320093304,0.043796713957086564,-0.001011489243846475,0.010018834004420496,0.15720418672579994,0.14718535272137945,511,483,-28,768,711,-57
calibration,153956040-153956058-005,normal_columnar,20260803,nc_aware_lambda_0p10,gaussian_noise,30,0.8291560987695951,0.8351934337232025,0.006037334953607476,0.8637696614236203,0.8642304614563884,0.0004608000327680495,0.7945425361155698,0.8061564059900166,0.011613869874446792,0.04480820320093304,0.07226787324041328,0.027459670039480244,0.010018834004420496,0.11911384391494695,0.10909500991052645,511,509,-2,768,416,-352
calibration,153956040-153956072-001,normal_columnar,20260803,nc_aware_lambda_0p10,gaussian_noise,20,0.8663847012841988,0.8700984798545774,0.0037137785703786896,0.9511111111111111,0.9523181718303669,0.0012070607192558036,0.7816582914572864,0.7878787878787878,0.006220496421501465,0.08861595242162901,0.12921096555716383,0.04059501313553482,0.09600455892975757,0.06910445077471361,-0.026900108155043956,194,143,-51,958,1097,139
calibration,153956040-153956072-001,normal_columnar,20260803,nc_aware_lambda_0p10,gaussian_noise,30,0.8663847012841988,0.8564875799720987,-0.009897121312100077,0.9511111111111111,0.9324628545700135,-0.018648256541097585,0.7816582914572864,0.7805123053741838,-0.0011459860831025681,0.08861595242162901,0.071366346541752,-0.017249605879877006,0.09600455892975757,0.21305262462645969,0.11704806569670212,194,252,58,958,954,-4
calibration,153960256-153960295-002,normal_superficiel,20260803,nc_aware_lambda_0p10,gaussian_noise,30,0.9158999484777809,0.9242582056357603,0.008358257157979443,0.9291217257318952,0.9433962264150944,0.014274500683199132,0.9026781712236666,0.9051201848564263,0.002442013632759754,0.005613703542767232,0.0045928842590269095,-0.001020819283740322,0.07245234680722479,0.15263521216919174,0.08018286536196695,86,60,-26,390,599,209
calibration,157181671-157181708-001,normal_superficiel,20260803,nc_aware_lambda_0p10,gaussian_noise,30,0.8903878595734823,0.8965311795977116,0.006143320024229237,0.8485523385300668,0.8596300326441785,0.011077694114111636,0.9322233806168978,0.9334323265512448,0.00120894593434695,0.001713235704920429,0.001498184739679366,-0.0002150509652410629,0.19197095946743759,0.24608523081175515,0.054114271344317566,136,115,-21,5614,5608,-6
calibration,157183193-157183241-001,normal_superficiel,20260803,nc_aware_lambda_0p10,gaussian_blur,2,0.9479264822133777,0.9474136650117837,-0.000512817201594018,0.9368505195843325,0.9321266968325792,-0.004723822751753315,0.9590024448424228,0.9627006331909881,0.003698188348565279,0.0003773117566708232,0.0005563657803612995,0.00017905402369047634,0.14184821328039787,0.27491560519801095,0.13306739191761308,33,42,9,819,432,-387
calibration,157183193-157183241-001,normal_superficiel,20260803,nc_aware_lambda_0p10,gaussian_blur,3,0.9479264822133777,0.9400582778777746,-0.00786820433560309,0.9368505195843325,0.9154727793696275,-0.021377740214705065,0.9590024448424228,0.9646437763859217,0.005641331543498884,0.0003773117566708232,0.0013724086957133674,0.0009950969390425442,0.14184821328039787,0.21895108181817413,0.07710286853777626,33,112,79,819,1759,940
calibration,157185433-157185479-001,normal_columnar,20260803,nc_aware_lambda_0p10,gaussian_noise,10,0.8155170967471334,0.8234801133123326,0.007963016565199266,0.8769485903814263,0.8869448183041723,0.009996227922746015,0.7540856031128405,0.7600154083204931,0.0059298052076526275,0.012769103730820297,0.038047192330644686,0.02527808859982439,0.22381257799818732,0.11362584805248926,-0.11018672994569806,289,246,-43,548,600,52
calibration,157185527-157185540-003,normal_columnar,20260803,nc_aware_lambda_0p10,gaussian_blur,2,0.868884724750999,0.8689972817015594,0.00011255695056044956,0.9322660098522167,0.9367637941723497,0.004497784320132925,0.8055034396497811,0.8012307692307692,-0.004272670419011915,0.08997862550038427,0.04336436560626589,-0.04661425989411838,0.01801006259921789,0.07529480297303026,0.05728474037381237,152,130,-22,8,60,52
calibration,157185527-157185540-003,normal_columnar,20260803,nc_aware_lambda_0p10,gaussian_blur,3,0.868884724750999,0.8704881050041018,0.001603380253102804,0.9322660098522167,0.940251572327044,0.00798556247482729,0.8055034396497811,0.8007246376811594,-0.004778801968621682,0.08997862550038427,0.020037865855551118,-0.06994075964483315,0.01801006259921789,0.08892281903054822,0.07091275643133033,152,84,-68,8,122,114
calibration,157185527-157185540-003,normal_columnar,20260803,nc_aware_lambda_0p10,gaussian_noise,10,0.868884724750999,0.8590505812876077,-0.009834143463391287,0.9322660098522167,0.9210042865890998,-0.011261723263116918,0.8055034396497811,0.7970968759861154,-0.008406563663665656,0.08997862550038427,0.12095374283517812,0.030975117334793856,0.01801006259921789,0.16133715837420737,0.14332709577498948,152,170,18,8,21,13
calibration,157185781-157185814-002,normal_columnar,20260803,nc_aware_lambda_0p10,gaussian_noise,20,0.6222456077272999,0.6149019557393443,-0.007343651987955613,0.600080010668089,0.5971576570593704,-0.0029223536087186197,0.6444112047865107,0.6326462544193182,-0.011764950367192495,0.14642485398902527,0.13284183592835697,-0.013583018060668306,0.13693086966269868,0.1994627772627932,0.06253190760009453,2949,2979,30,3814,4097,283
calibration,157185781-157185814-002,normal_columnar,20260803,nc_aware_lambda_0p10,gaussian_noise,30,0.6222456077272999,0.6195151601037996,-0.002730447623500276,0.600080010668089,0.5928080380750925,-0.007271972592996501,0.6444112047865107,0.6462222821325065,0.0018110773459958374,0.14642485398902527,0.14559768809046336,-0.0008271658985619101,0.13693086966269868,0.22268754247585293,0.08575667281315424,2949,3014,65,3814,3943,129
calibration,157222534-157222579-001,normal_intermediate,20260803,nc_aware_lambda_0p10,gaussian_noise,30,0.9689805289467467,0.9641872454972015,-0.004793283449545216,0.9658792650918635,0.9586631486367634,-0.007216116455100119,0.9720817928016299,0.9697113423576396,-0.002370450443990313,0.00025468596491189793,0.00027590101518042837,2.1215050268530433e-05,0.152237681762317,0.20581458753625081,0.053576905773933814,32,20,-12,858,253,-605
calibration,157222737-157222750-002,normal_superficiel,20260803,nc_aware_lambda_0p10,gaussian_noise,30,0.9529442264110073,0.954216907028389,0.0012726806173817273,0.9377344336084021,0.9409124906507106,0.0031780570423084464,0.9681540192136124,0.9675213234060673,-0.0006326958075451028,0.0011098724658924128,0.0010728698229690338,-3.700264292337899e-05,0.16444762312105055,0.24492958705873935,0.0804819639376888,77,73,-4,1979,1823,-156
calibration,157223246-157223258-001,normal_intermediate,20260803,nc_aware_lambda_0p10,gaussian_noise,30,0.9461679106783873,0.9409343391143592,-0.00523357156402815,0.9463976945244956,0.9371104815864023,-0.009287212938093314,0.945938126832279,0.9447581966423161,-0.0011799301899628745,0.0018792448578284007,0.001345533049811623,-0.0005337118080167777,0.11018942810972043,0.1729909692683278,0.06280154115860737,19,11,-8,4676,4742,66
calibration,157223394-157223406-001,normal_intermediate,20260803,nc_aware_lambda_0p10,gaussian_blur,3,0.9502079401139214,0.94918592066766,-0.0010220194462613463,0.943502824858757,0.9473684210526315,0.0038655961938744987,0.9569130553690858,0.9510034202826885,-0.005909635086397302,0.0019485350306206115,0.001621166169165229,-0.0003273688614553825,0.1359962680590463,0.18936786604870393,0.053371597989657626,62,34,-28,4719,5391,672
calibration,157223394-157223406-001,normal_intermediate,20260803,nc_aware_lambda_0p10,gaussian_noise,30,0.9502079401139214,0.9471646973515666,-0.003043242762354792,0.943502824858757,0.9358974358974359,-0.0076053889613211245,0.9569130553690858,0.9584319588056974,0.0015189034366116516,0.0019485350306206115,0.002096114971494527,0.00014757994087391535,0.1359962680590463,0.187374327879546,0.0513780598204997,62,74,12,4719,4461,-258
calibration,157223779-157224126-001,normal_superficiel,20260803,nc_aware_lambda_0p10,gaussian_noise,30,0.913578509100161,0.9164706411438608,0.0028921320436997577,0.8540734109221128,0.8601398601398601,0.0060664492177473495,0.9730836072782093,0.9728014221478616,-0.00028218513034772297,0.0017149331070021468,0.0014447951156135687,-0.00027013799138857816,0.16049343060928523,0.2086245346242056,0.04813110401492038,163,136,-27,138,362,224
calibration,157224297-157224336-001,normal_superficiel,20260803,nc_aware_lambda_0p10,gaussian_noise,10,0.8966973044134934,0.8976534322381718,0.0009561278246784655,0.9223560910307899,0.925115970841617,0.0027598798108271483,0.871038517796197,0.8701908936347267,-0.0008476241614703284,0.0010263527022287312,0.0012816903891268473,0.0002553376868981161,0.1411037490282635,0.1863719654215319,0.04526821639326839,96,81,-15,15560,15631,71
calibration,158986766-158986776-002,normal_columnar,20260803,nc_aware_lambda_0p10,gaussian_blur,1,0.6838750687623221,0.6850343452690002,0.0011592765066781308,0.8800420904945633,0.8764954257565095,-0.003546664738053762,0.4877080470300809,0.493573264781491,0.005865217751410079,0.3367966602866117,0.29976353340973483,-0.037033126876876876,0.14965831944504837,0.20008225104875932,0.05042393160371095,684,702,18,1941,1877,-64
calibration,158986920-158986928-001,normal_columnar,20260803,nc_aware_lambda_0p10,gaussian_noise,30,0.5126535286419007,0.5100632158215853,-0.00259031282031541,0.7321428571428571,0.71850699844479,-0.01363585869806705,0.29316420014094435,0.3016194331983806,0.008455233057436229,0.054338319907940136,0.09305008288013639,0.03871176297219625,0.28461615264770135,0.19227640733551254,-0.0923397453121888,380,467,87,638,512,-126
calibration,204870815-204870836-002,moderate_dysplastic,20260803,nc_aware_lambda_0p10,gaussian_blur,1,0.6232715657062347,0.6236582157873344,0.00038665008109972643,0.876755562569039,0.8738724481721791,-0.0028831143968598427,0.3697875688434304,0.37344398340248963,0.00365641455905924,0.02728110721761312,0.07718278452512384,0.04990167730751072,0.027877207765939716,0.034540456264483654,0.006663248498543939,615,633,18,339,296,-43
calibration,204870815-204870836-002,moderate_dysplastic,20260803,nc_aware_lambda_0p10,gaussian_blur,2,0.6232715657062347,0.6220686621756141,-0.0012029035306205804,0.876755562569039,0.8677685950413223,-0.00898696752771666,0.3697875688434304,0.3763687293099058,0.006581160466475389,0.02728110721761312,0.15303397944557373,0.1257528722279606,0.027877207765939716,0.056369459739124106,0.02849225197318439,615,660,45,339,225,-114
calibration,204870815-204870836-002,moderate_dysplastic,20260803,nc_aware_lambda_0p10,gaussian_blur,3,0.6232715657062347,0.6135808548292835,-0.00969071087695117,0.876755562569039,0.8549422336328626,-0.02181332893617638,0.3697875688434304,0.3722194760257044,0.0024319071822739846,0.02728110721761312,0.2753890241874748,0.24810791696986167,0.027877207765939716,0.07301226965173624,0.045135061885796524,615,720,105,339,106,-233
calibration,209047881-209048017-001,normal_superficiel,20260803,nc_aware_lambda_0p10,gaussian_noise,30,0.5557702555275926,0.5472865366736116,-0.008483718853981026,0.3267776096822995,0.30912343470483006,-0.01765417497746946,0.7847629013728857,0.7854496386423931,0.0006867372695074092,0.030947481792323907,0.03429228318168056,0.0033448013893566525,0.4307114449198878,0.49339147124323207,0.0626800263233443,1780,1931,151,15327,14858,-469
calibration,209048086-209048239-001,normal_intermediate,20260803,nc_aware_lambda_0p10,gaussian_noise,20,0.47906459163142545,0.48804532779716736,0.00898073616574191,0.20015737892553115,0.20838608773367095,0.008228708808139806,0.7579718043373197,0.7677045678606638,0.009732763523344068,0.227063050977968,0.21519276890030842,-0.011870282077659583,0.6370098009148767,0.6798864819263726,0.04287668101149589,11181,10629,-552,983,1110,127
calibration,209566399-209566517-001,normal_intermediate,20260803,nc_aware_lambda_0p10,gaussian_noise,20,0.5670572645254925,0.5618420252312318,-0.0052152392942607095,0.36653479171515013,0.3581580443433769,-0.008376747371773241,0.7675797373358348,0.7655260061190868,-0.0020537312167480115,0.09309567482177701,0.09751701574674679,0.004421340924969777,0.5315998274189773,0.7135456661928865,0.18194583877390924,5444,5645,201,6186,5811,-375
calibration,148848523-148848538-001,moderate_dysplastic,20260804,baseline,gaussian_blur,2,0.793499022572936,0.7857095037228774,-0.00778951885005863,0.8991049633848658,0.8901032179720705,-0.009001745412795303,0.6878930817610063,0.6813157894736842,-0.006577292287322067,0.5488231123455121,0.5795152969955886,0.030692184650076504,0.005842485929148933,0.018814375524042082,0.012971889594893149,800,850,50,978,1010,32
calibration,148848523-148848559-004,moderate_dysplastic,20260804,baseline,gaussian_blur,3,0.8565417480245432,0.8499668116631767,-0.0065749363613665235,0.9696057779115257,0.9570217917675545,-0.01258398614397116,0.7434777181375608,0.7429118315587989,-0.0005658865787618872,0.11194505189986259,0.142312618794256,0.030367566894393405,0.08054576862845131,0.08334438012401024,0.0027986114955589336,63,82,19,915,1263,348
calibration,148881675-148881704-001,light_dysplastic,20260804,baseline,gaussian_blur,1,0.9204620532117413,0.9157999471509992,-0.004662106060742133,0.9302957466819939,0.919929744808348,-0.010366001873645891,0.9106283597414887,0.9116701494936506,0.001041789752161848,0.02669254357638054,0.030346191106205733,0.0036536475298251936,0.1723687796163339,0.3936038146062516,0.2212350349899177,503,613,110,829,730,-99
calibration,148881870-148881960-001,light_dysplastic,20260804,baseline,gaussian_noise,10,0.7269911926164864,0.7178596350675098,-0.009131557548976543,0.928142273491949,0.9151058136706397,-0.013036459821309299,0.5258401117410237,0.52061345646438,-0.005226655276643788,0.12393748488432904,0.11693321441053967,-0.007004270473789376,0.0010146836924271874,0.0662579512882594,0.06524326759583221,299,349,50,2951,2994,43
calibration,148882307-148882447-001,light_dysplastic,20260804,baseline,gaussian_blur,2,0.8259307720642808,0.8243625459505743,-0.001568226113706439,0.9673631025535983,0.9680735930735931,0.000710490519994833,0.6844984415749634,0.6806514988275556,-0.003846942747407822,0.017980257293901486,0.015353751471263,-0.0026265058226384863,0.09055662006186083,0.18886201834794736,0.09830539828608653,35,34,-1,1062,1178,116
calibration,148882307-148882447-001,light_dysplastic,20260804,baseline,gaussian_noise,10,0.8259307720642808,0.8280555321036944,0.0021247600394136423,0.9673631025535983,0.9668078131402814,-0.0005552894133168396,0.6844984415749634,0.6893032510671074,0.004804809492144013,0.017980257293901486,0.014131935430690246,-0.0038483218632112404,0.09055662006186083,0.2471345933372242,0.15657797327536338,35,37,2,1062,779,-283
calibration,148882671-148882687-002,light_dysplastic,20260804,baseline,gaussian_noise,10,0.6704186753794843,0.6752138879849972,0.004795212605512855,0.7259298902863259,0.7299144379271377,0.0039845476408117975,0.6149074604726427,0.6205133380428567,0.005605877570214024,0.44658810825938167,0.4351048021280389,-0.011483306131342741,0.09628563724950978,0.15544866733530005,0.05916303008579027,5121,5019,-102,2321,2257,-64
calibration,148883900-148883907-001,light_dysplastic,20260804,baseline,gaussian_noise,20,0.9011341489286473,0.9091752596064828,0.008041110677835528,0.945620253164557,0.9540562913907285,0.00843603822617145,0.8566480446927375,0.8642942278222373,0.007646183129499828,0.08641249013065944,0.0812375651174817,-0.005174925013177734,0.03881727166143123,0.11479296815774143,0.0759756964963102,477,266,-211,536,817,281
calibration,148883900-148883907-001,light_dysplastic,20260804,baseline,gaussian_noise,30,0.9011341489286473,0.9095806536670181,0.00844650473837083,0.945620253164557,0.9578195976638546,0.012199344499297604,0.8566480446927375,0.8613417096701818,0.0046936649774442785,0.08641249013065944,0.018343346313542508,-0.06806914381711693,0.03881727166143123,0.19130860771957692,0.1524913360581457,477,152,-325,536,608,72
calibration,149053341-149053350-002,moderate_dysplastic,20260804,baseline,gaussian_blur,2,0.8986719846026365,0.896505152309105,-0.00216683229353154,0.9645937942577572,0.960693043703129,-0.0039007505546281296,0.8327501749475158,0.832317260915081,-0.00043291403243483906,0.0248130878224595,0.05703124653836111,0.03221815871590161,0.051225664765220724,0.054072790732368814,0.0028471259671480897,231,198,-33,861,1381,520
calibration,149053341-149053350-002,moderate_dysplastic,20260804,baseline,gaussian_blur,3,0.8986719846026365,0.8952726743911543,-0.0033993102114822094,0.9645937942577572,0.959447124788108,-0.0051466694696491455,0.8327501749475158,0.8310982239942007,-0.0016519509533150512,0.0248130878224595,0.07969465829026195,0.054881570467802454,0.051225664765220724,0.04273666924627184,-0.008488995518948883,231,133,-98,861,1696,835
calibration,149053533-149053553-001,moderate_dysplastic,20260804,baseline,gaussian_noise,10,0.7552665964685239,0.7593615873394362,0.004094990870912252,0.8997121203219552,0.9001069010571326,0.0003947807351774024,0.6108210726150926,0.6186162736217398,0.007795201006647212,0.710014093135807,0.6204627721375566,-0.08955132099825036,0.17838300059994083,0.22149248816587952,0.04310948756593869,1089,906,-183,2404,2240,-164
calibration,149053533-149053553-001,moderate_dysplastic,20260804,baseline,gaussian_noise,20,0.7552665964685239,0.7625075500562948,0.007240953587770882,0.8997121203219552,0.9090044576523031,0.009292337330347844,0.6108210726150926,0.6160106424602864,0.005189569845193809,0.710014093135807,0.6266162004252409,-0.08339789271056608,0.17838300059994083,0.24830566312065838,0.06992266252071755,1089,893,-196,2404,2267,-137
calibration,149053533-149053553-001,moderate_dysplastic,20260804,baseline,gaussian_noise,30,0.7552665964685239,0.7503513948823786,-0.004915201586145335,0.8997121203219552,0.8777370102970766,-0.02197511002487862,0.6108210726150926,0.6229657794676806,0.01214470685258806,0.710014093135807,0.5284606384860258,-0.18155345464978123,0.17838300059994083,0.3696281726279338,0.19124517202799296,1089,966,-123,2404,1896,-508
calibration,149054277-149054304-002,light_dysplastic,20260804,baseline,gaussian_blur,2,0.9090629359287623,0.904023749301063,-0.00503918662769931,0.9465116279069767,0.9395358739621035,-0.006975753944873264,0.8716142439505478,0.8685116246400225,-0.0031026193105252453,0.04419143054183905,0.050465356199599964,0.006273925657760915,0.05829616133543192,0.12904750664107578,0.07075134530564386,384,450,66,729,812,83
calibration,149054277-149054304-002,light_dysplastic,20260804,baseline,gaussian_noise,20,0.9090629359287623,0.9116029227842051,0.0025399868554427663,0.9465116279069767,0.9494228751311647,0.002911247224188007,0.8716142439505478,0.8737829704372455,0.0021687264866977474,0.04419143054183905,0.036178063653420134,-0.008013366888418916,0.05829616133543192,0.2306542034272473,0.17235804209181538,384,314,-70,729,583,-146
calibration,149054277-149054304-002,light_dysplastic,20260804,baseline,gaussian_noise,30,0.9090629359287623,0.9150912090490644,0.0060282731203020745,0.9465116279069767,0.9592854175321978,0.012773789625221021,0.8716142439505478,0.870897000565931,-0.0007172433846167614,0.04419143054183905,0.029989545417753227,-0.014201885124085822,0.05829616133543192,0.21589261911249735,0.15759645777706544,384,216,-168,729,610,-119
calibration,149056410-149056423-004,severe_dysplastic,20260804,baseline,gaussian_blur,3,0.8287259442557988,0.8350339747071885,0.006308030451389723,0.9109560935576528,0.9151061173533084,0.004150023795655544,0.7464957949539447,0.7549618320610687,0.008466037107124014,0.013905245475461014,0.05666978370159648,0.04276453822613546,0.12094790402965039,0.15171294655826817,0.03076504252861778,422,354,-68,569,938,369
calibration,149056410-149056458-002,severe_dysplastic,20260804,baseline,gaussian_noise,20,0.8317041503859233,0.8264938955015784,-0.0052102548843449,0.9108398076211617,0.9080415544440169,-0.0027982531771447716,0.752568493150685,0.7449462365591398,-0.00762225659154514,0.23677161654135337,0.1556931030800628,-0.08107851346129058,0.09765927288405996,0.225053126562343,0.12739385367828304,165,61,-104,96,107,11
calibration,149056545-149056555-001,severe_dysplastic,20260804,baseline,gaussian_noise,30,0.9119290162142719,0.9033032611218157,-0.008625755092456222,0.9619067019759625,0.9602381458643419,-0.0016685561116206449,0.8619513304525813,0.8463683763792894,-0.01558295407329191,0.003907251280383495,0.029091081870329383,0.025183830589945888,0.00715779148710316,0.1736208559484853,0.16646306446138215,169,37,-132,272,275,3
calibration,149056785-149056797-004,severe_dysplastic,20260804,baseline,gaussian_noise,10,0.8890332547361575,0.8868228418002528,-0.0022104129359046265,0.9681632653061224,0.9662236987818383,-0.0019395665242840643,0.8099032441661924,0.8074219848186674,-0.0024812593475249667,0.1035304920883946,0.03970685762306858,-0.06382363446532602,0.00032919443039147733,0.05437679881025048,0.054047604379859004,31,32,1,144,101,-43
calibration,149057756-149057788-001,moderate_dysplastic,20260804,baseline,gaussian_blur,3,0.8865265296253576,0.8771796614260449,-0.009346868199312741,0.9509441502647618,0.9572062979410577,0.006262147676295959,0.8221089089859535,0.797153024911032,-0.02495588407492144,0.027070844378896786,0.05880637391577892,0.031735529536882134,0.09394306943014219,0.09891366713591565,0.004970597705773461,307,206,-101,1220,1788,568
calibration,149057812-149057847-003,moderate_dysplastic,20260804,baseline,gaussian_blur,2,0.8070133986441015,0.8008375109907597,-0.006175887653341761,0.9345238095238095,0.9189969804384929,-0.015526829085316662,0.6795029877643934,0.6826780415430267,0.0031750537786332522,0.44104088597759483,0.47792481956614197,0.036883933588547135,0.09475553282948013,0.12393328920381919,0.02917775637433906,506,617,111,2327,2568,241
calibration,149057812-149057847-006,moderate_dysplastic,20260804,baseline,gaussian_noise,30,0.8824388063563757,0.8758042405289514,-0.006634565827424277,0.9176470588235294,0.9018161180476731,-0.015830940775856228,0.8472305538892222,0.8497923630102299,0.0025618091210076743,0.039780587531433764,0.006352663774739975,-0.03342792375669379,0.09509665357798525,0.1546653525403402,0.05956869896235495,252,36,-216,142,13,-129
calibration,149058170-149058202-001,severe_dysplastic,20260804,baseline,gaussian_blur,1,0.8183494827471047,0.8183590044378019,9.521690697122942e-06,0.9156043246732289,0.9144333225702292,-0.0011710021029996964,0.7210946408209806,0.7222846863053745,0.0011900454843938313,0.4411208113335774,0.47342912790673997,0.03230831657316258,0.03316292868207693,0.02134405822344565,-0.011818870458631281,517,520,3,315,377,62
calibration,149058170-149058202-001,severe_dysplastic,20260804,baseline,gaussian_blur,2,0.8183494827471047,0.8118758039776031,-0.006473678769501667,0.9156043246732289,0.9050153201096597,-0.01058900456356926,0.7210946408209806,0.7187362878455463,-0.002358352975434297,0.4411208113335774,0.5224019609275259,0.0812811495939485,0.03316292868207693,0.050358705158557115,0.017195776476480185,517,513,-4,315,488,173
calibration,149058170-149058202-001,severe_dysplastic,20260804,baseline,gaussian_noise,10,0.8183494827471047,0.8098006636256294,-0.008548819121475315,0.9156043246732289,0.9089137847053093,-0.006690539967919684,0.7210946408209806,0.7106875425459497,-0.010407098275030946,0.4411208113335774,0.4683498307444345,0.02722901941085709,0.03316292868207693,0.0685852053750361,0.035422276692959165,517,555,38,315,337,22
calibration,149058170-149058202-002,severe_dysplastic,20260804,baseline,gaussian_noise,20,0.9344247724177479,0.928973302540735,-0.005451469877012949,0.9774209734069242,0.9644376382508082,-0.01298333515611605,0.8914285714285715,0.8935089668306618,0.0020803954020903737,0.11150466409124704,0.14254424114949704,0.03103957705825,0.00875347602250176,0.04314270939553888,0.03438923337303712,39,141,102,328,329,1
calibration,149060932-149060940-001,moderate_dysplastic,20260804,baseline,gaussian_noise,20,0.8680801777030964,0.8773845334889725,0.009304355785876073,0.9167482859941234,0.9255538070451519,0.008805521051028498,0.8194120694120695,0.829215259932793,0.009803190520723537,0.10198350267567077,0.08931424738061688,-0.012669255295053888,0.12061703554267766,0.16908845969844155,0.04847142415576389,680,587,-93,3316,2782,-534
calibration,149096505-149096614-003,severe_dysplastic,20260804,baseline,gaussian_blur,1,0.8235373742965928,0.8324011903328115,0.008863816036218664,0.9214801444043321,0.917572463768116,-0.00390768063621616,0.7255946041888534,0.747229916897507,0.021635312708653598,0.0010170230897211807,0.045687134502924054,0.04467011141320287,0.0009611435414232927,0.01597723903797177,0.015016095496548476,174,182,8,223,152,-71
calibration,149101437-149101456-001,moderate_dysplastic,20260804,baseline,gaussian_blur,3,0.8692840300541069,0.8639379265628313,-0.005346103491275622,0.9211491442542787,0.9097465485266846,-0.011402595727594167,0.8174189158539351,0.818129304598978,0.0007103887450429225,0.08013288016640291,0.10565374761646934,0.02552086745006643,0.2549171605394949,0.0469668719991061,-0.20795028854038883,758,868,110,281,741,460
calibration,149101894-149101909-001,severe_dysplastic,20260804,baseline,gaussian_blur,1,0.8248111280282151,0.8164240408785668,-0.008387087149648309,0.8950257289879932,0.8922760746703202,-0.0027496543176729338,0.7545965270684372,0.7405720070868135,-0.014024519981623684,0.0723023174785532,0.06145279201448206,-0.010849525464071141,0.1457242808887304,0.18906333894434052,0.043339058055610113,592,601,9,416,486,70
calibration,149101894-149101918-001,severe_dysplastic,20260804,baseline,gaussian_blur,2,0.6305409070569923,0.6395540363874116,0.009013129330419312,0.5921348314606741,0.6149187998898982,0.022783968429224033,0.6689469826533105,0.664189272884925,-0.004757709768385521,0.6170828212701475,0.6778604868306727,0.06077766556052522,0.1804142475882612,0.10577379043200119,-0.07464045715626,1234,1307,73,2450,2563,113
calibration,149101894-149101918-001,severe_dysplastic,20260804,baseline,gaussian_blur,3,0.6305409070569923,0.6389981211547167,0.008457214097724375,0.5921348314606741,0.6208035222894882,0.02866869082881407,0.6689469826533105,0.6571927200199451,-0.011754262633365431,0.6170828212701475,0.6951401236394872,0.07805730236933972,0.1804142475882612,0.08879845673474307,-0.09161579085351812,1234,1308,74,2450,2614,164
calibration,149101894-149101918-001,severe_dysplastic,20260804,baseline,gaussian_noise,10,0.6305409070569923,0.6291264530381188,-0.0014144540188735233,0.5921348314606741,0.5565106653931868,-0.035624166067487306,0.6689469826533105,0.7017422406830507,0.03279525802974015,0.6170828212701475,0.37193282957837914,-0.24514999169176832,0.1804142475882612,0.5587516721957462,0.378337424607485,1234,815,-419,2450,1969,-481
calibration,149105131-149105260-001,moderate_dysplastic,20260804,baseline,gaussian_noise,10,0.811924031962989,0.8125257346426078,0.0006017026796187874,0.855729086129581,0.8575851393188855,0.0018560531893044852,0.7681189777963972,0.76746632996633,-0.0006526478300671323,0.44988475150180013,0.4472622351438263,-0.0026225163579738364,0.1253351934514194,0.39126942978451557,0.26593423633309615,837,844,7,1820,1776,-44
calibration,149143295-149143307-001,severe_dysplastic,20260804,baseline,gaussian_noise,20,0.9192520453090447,0.9198268063354806,0.0005747610264359437,0.9797290985520785,0.9766660444278514,-0.003063054124227027,0.8587749920660108,0.86298756824311,0.0042125761770991366,0.022012130735901136,0.07557789782447888,0.05356576708857774,0.04112214523676305,0.07801933656332105,0.036897191326558,117,126,9,83,635,552
calibration,149147060-149147075-001,carcinoma_in_situ,20260804,baseline,gaussian_blur,1,0.8529158257551426,0.8446276652926525,-0.008288160462490035,0.9260096930533118,0.9204287106203313,-0.005580982432980552,0.7798219584569733,0.7688266199649737,-0.010995338491999629,0.13154544100134935,0.16823988604512996,0.03669444504378061,0.009558084492630958,0.018419548489834847,0.008861463997203889,229,245,16,8,48,40
calibration,149147060-149147075-001,carcinoma_in_situ,20260804,baseline,gaussian_noise,10,0.8529158257551426,0.844388016111765,-0.008527809643377626,0.9260096930533118,0.9197270068248293,-0.0062826862284824925,0.7798219584569733,0.7690490253987006,-0.01077293305827276,0.13154544100134935,0.15018981359854555,0.0186443725971962,0.009558084492630958,0.05787922043401694,0.048321135941385984,229,247,18,8,8,0
calibration,149148124-149148181-003,carcinoma_in_situ,20260804,baseline,gaussian_blur,2,0.8098144327768177,0.8121482353502605,0.0023338025734427337,0.8616978876046234,0.8621973929236499,0.0004995053190265386,0.7579309779490122,0.762099077776871,0.004168099827858818,0.3438710731348203,0.33394774689399337,-0.009923326240826924,0.22344930382062655,0.2666262955219024,0.04317699170127587,1039,1030,-9,1653,1599,-54
calibration,149148124-149148181-003,carcinoma_in_situ,20260804,baseline,gaussian_blur,3,0.8098144327768177,0.8129392457690996,0.0031248129922818446,0.8616978876046234,0.8625832223701732,0.0008853347655497501,0.7579309779490122,0.7632952691680261,0.005364291219013939,0.3438710731348203,0.3313950107954669,-0.012476062339353389,0.22344930382062655,0.26914007331428447,0.04569076949365791,1039,1022,-17,1653,1592,-61
calibration,149181806-149181819-001,severe_dysplastic,20260804,baseline,gaussian_blur,3,0.9355631754074729,0.9318876687524408,-0.0036755066550321347,0.9474217404518286,0.9386672109398918,-0.008754529511936782,0.9237046103631171,0.9251081265649898,0.0014035162018726233,0.07514482024951974,0.10755874927437381,0.03241392902485407,0.04104462572152878,0.03211446506392457,-0.008930160657604214,507,579,72,239,654,415
calibration,149182657-149182667-003,carcinoma_in_situ,20260804,baseline,gaussian_blur,3,0.9084545378409312,0.9043184272505636,-0.00413611059036767,0.9336283185840708,0.9337382661512976,0.0001099475672268202,0.8832807570977917,0.8748985883498296,-0.00838216874796216,0.02636816545782894,0.0009376334679099818,-0.02543053198991896,0.16181419617166548,0.20733696301726723,0.04552276684560175,68,74,6,19,121,102
calibration,149182657-149182681-001,carcinoma_in_situ,20260804,baseline,gaussian_blur,1,0.828844248696005,0.827744915281127,-0.001099333414878001,0.9246105919003115,0.920625,-0.003985591900311447,0.7330779054916986,0.734864830562254,0.0017869250705554451,0.1796098439128725,0.19324487935200707,0.01363503543913458,0.2496109685039164,0.2919746965653722,0.04236372806145583,476,496,20,276,325,49
calibration,149182657-149182681-001,carcinoma_in_situ,20260804,baseline,gaussian_blur,2,0.828844248696005,0.8261364068832506,-0.002707841812754408,0.9246105919003115,0.914088267629967,-0.010522324270344496,0.7330779054916986,0.7381845461365342,0.0051066406448355695,0.1796098439128725,0.22135154252565614,0.04174169861278365,0.2496109685039164,0.3094295262437269,0.059818557739810485,476,529,53,276,444,168
calibration,149182657-149182681-001,carcinoma_in_situ,20260804,baseline,gaussian_blur,3,0.828844248696005,0.8216082802942354,-0.007235968401769655,0.9246105919003115,0.9029187817258884,-0.02169181017442312,0.7330779054916986,0.7402977788625824,0.007219873370883811,0.1796098439128725,0.26630112109871784,0.08669127718584535,0.2496109685039164,0.31372695056229805,0.06411598205838165,476,592,116,276,640,364
calibration,149185497-149185527-003,carcinoma_in_situ,20260804,baseline,gaussian_blur,1,0.7866778382907416,0.7812428109033518,-0.005435027387389768,0.9208211143695014,0.9176470588235294,-0.0031740555459720543,0.6525345622119816,0.6448385629831742,-0.007695999228807371,1.9426922284065142,1.9911444436431818,0.04845221523666754,0.02612511826278141,0.001783809681563997,-0.024341308581217413,432,448,16,602,631,29
calibration,149185604-149185657-002,carcinoma_in_situ,20260804,baseline,gaussian_blur,1,0.8295077942658623,0.8350958357106661,0.0055880414448038485,0.9578027991160686,0.9576038810377557,-0.00019891807831284858,0.701212789415656,0.7125877903835764,0.011375000967920434,0.49181735146435335,0.5902544017501148,0.09843705028576144,0.07308675961482947,0.07683961212769319,0.0037528525128637247,249,270,21,244,318,74
calibration,149185604-149185657-002,carcinoma_in_situ,20260804,baseline,gaussian_blur,2,0.8295077942658623,0.8332840340637091,0.003776239797846803,0.9578027991160686,0.9515474919957311,-0.0062553071203375055,0.701212789415656,0.7150205761316872,0.013807786716031223,0.49181735146435335,0.8353486028756345,0.34353125141128116,0.07308675961482947,0.08195756353802952,0.008870803923200055,249,382,133,244,504,260
calibration,149315671-149315740-003,carcinoma_in_situ,20260804,baseline,gaussian_blur,1,0.7426339183229956,0.7344980999917555,-0.008135818331240108,0.9240997229916897,0.9176120513297378,-0.006487671661951966,0.5611681136543015,0.5513841486537733,-0.00978396500052825,1.5123882111108145,1.6304310485337077,0.11804283742289323,0.06400704070541197,0.01470168864804211,-0.049305352057369856,391,429,38,654,757,103
calibration,149315671-149315740-003,carcinoma_in_situ,20260804,baseline,gaussian_noise,10,0.7426339183229956,0.751586569601022,0.008952651278026358,0.9240997229916897,0.9278084714548803,0.003708748463190581,0.5611681136543015,0.5753646677471637,0.014196554092862135,1.5123882111108145,1.4345020608221009,-0.0778861502887136,0.06400704070541197,0.2510901961891631,0.18708315548375115,391,376,-15,654,588,-66
calibration,149315671-149315740-004,carcinoma_in_situ,20260804,baseline,gaussian_blur,1,0.6387895872423069,0.6346473643562048,-0.004142222886102109,0.8895552223888056,0.8904452226113057,0.0008900002225000758,0.38802395209580837,0.378849506101104,-0.00917444599470435,0.7576770451770454,0.8600046556966814,0.10232761051963601,0.07148373278607423,0.06587956993526345,-0.005604162850810779,388,384,-4,410,461,51
calibration,149315671-149315740-004,carcinoma_in_situ,20260804,baseline,gaussian_blur,2,0.6387895872423069,0.6316803885095575,-0.0071091987327494,0.8895552223888056,0.8946041351487645,0.00504891275995889,0.38802395209580837,0.3687566418703507,-0.01926731022545769,0.7576770451770454,1.1438130736852783,0.3861360285082329,0.07148373278607423,0.07135226361325264,-0.00013146917282158554,388,352,-36,410,622,212
calibration,149315671-149315740-004,carcinoma_in_situ,20260804,baseline,gaussian_blur,3,0.6387895872423069,0.6368044286370828,-0.001985158605224191,0.8895552223888056,0.9014227642276422,0.011867541838836648,0.38802395209580837,0.3721860930465233,-0.015837859049285086,0.7576770451770454,1.3131042239150348,0.5554271787379894,0.07148373278607423,0.08043253969708719,0.008948806911012963,388,322,-66,410,739,329
calibration,149315671-149315740-004,carcinoma_in_situ,20260804,baseline,gaussian_noise,10,0.6387895872423069,0.6477591424890746,0.00896955524676768,0.8895552223888056,0.8971443012383119,0.0075890788495063255,0.38802395209580837,0.3983739837398374,0.010350031644029034,0.7576770451770454,0.8993894993894993,0.14171245421245393,0.07148373278607423,0.011530300803786253,-0.059953431982287975,388,343,-45,410,462,52
calibration,149315775-149315790-001,carcinoma_in_situ,20260804,baseline,gaussian_blur,1,0.8361716844243532,0.840523446353219,0.004351761928865772,0.9663701453677588,0.9631888477455892,-0.0031812976221695655,0.7059732234809475,0.7178580449608487,0.01188482147990122,0.004801570458404125,0.058885514495712554,0.05408394403730843,0.029324882367459226,0.04058108651561698,0.011256204148157756,109,127,18,84,9,-75
calibration,149315775-149315790-001,carcinoma_in_situ,20260804,baseline,gaussian_blur,3,0.8361716844243532,0.8458221556919974,0.009650471267644178,0.9663701453677588,0.9452692222468424,-0.02110092312091638,0.7059732234809475,0.7463750891371523,0.04040186565620485,0.004801570458404125,0.22005123307648766,0.21524966261808354,0.029324882367459226,0.095966974998963,0.06664209263150378,109,205,96,84,239,155
calibration,149316025-149316032-001,carcinoma_in_situ,20260804,baseline,gaussian_blur,1,0.9145410979140285,0.9141632556355415,-0.00037784227848702834,0.970824718584884,0.9696412143514259,-0.0011835042334580326,0.8582574772431729,0.858685296919657,0.0004278196764840869,0.19583981905627157,0.25631011636169765,0.06047029730542608,0.05579224510126912,0.05381955448469855,-0.0019726906165705715,111,116,5,134,207,73
calibration,149316025-149316032-001,carcinoma_in_situ,20260804,baseline,gaussian_blur,2,0.9145410979140285,0.9080040590664147,-0.0065370388476138075,0.970824718584884,0.9681293302540416,-0.0026953883308423743,0.8582574772431729,0.8478787878787879,-0.010378689364385019,0.19583981905627157,0.37026024183977513,0.17442042278350356,0.05579224510126912,0.04671787145513828,-0.00907437364613084,111,134,23,134,358,224
calibration,149316754-149316795-002,severe_dysplastic,20260804,baseline,gaussian_noise,20,0.8816658123242773,0.8718921364731425,-0.009773675851134866,0.9710610932475884,0.9478332873309412,-0.023227805916647193,0.7922705314009661,0.7959509856153436,0.00368045421437746,0.42490750123176757,0.5553352208250708,0.13042771959330324,0.04180199266072082,0.16978603588397756,0.12798404322325674,54,163,109,169,183,14
calibration,149317114-149317152-001,carcinoma_in_situ,20260804,baseline,gaussian_blur,1,0.8690586501997959,0.8640806027436208,-0.004978047456175139,0.9576072821846554,0.9554339327599687,-0.0021733494246867213,0.7805100182149363,0.7727272727272727,-0.007782745487663556,0.3182246351206979,0.38892937096703384,0.07070473584633596,0.012059184074621698,0.009740729437989093,-0.0023184546366326053,163,171,8,106,154,48
calibration,149357849-149357857-002,moderate_dysplastic,20260804,baseline,gaussian_blur,2,0.9204983697654103,0.914812087832543,-0.005686281932867354,0.9585230769230769,0.9473424589961771,-0.011180617926899838,0.8824736626077438,0.8822817166689089,-0.0001919459388349809,0.0975195884431368,0.13635454820865167,0.038834959765514876,0.04367609687757601,0.004727030143558242,-0.03894906673401777,293,309,16,57,181,124
calibration,149357956-149358043-001,carcinoma_in_situ,20260804,baseline,gaussian_blur,1,0.8404113143611834,0.8314370615202485,-0.008974252840934893,0.9227365554799183,0.9186880765288692,-0.004048478951049095,0.7580860732424486,0.7441860465116279,-0.013900026730820692,0.8085516712305416,0.8644584320576951,0.05590676082715351,0.13162791595070983,0.17604563370167298,0.04441771775096315,372,394,22,693,779,86
calibration,153266866-153266917-002,light_dysplastic,20260804,baseline,gaussian_noise,10,0.6939850685177761,0.6908917910247361,-0.003093277493040003,0.7316516142427074,0.7243141754459164,-0.0073374387967910515,0.6563185227928447,0.6574694066035558,0.0011508838107110453,0.4674792811856574,0.47190837974474087,0.004429098559083466,0.30356599050765964,0.3525406913238947,0.04897470081623506,2583,2629,46,2490,2484,-6
calibration,153314466-153314473-002,light_dysplastic,20260804,baseline,gaussian_blur,3,0.9064732056062706,0.9093732088953779,0.0029000032891072225,0.9556192817151441,0.9523155146351518,-0.003303767079992248,0.8573271294973972,0.8664309031556039,0.009103773658206693,0.0500691622899872,0.034055281803238635,-0.016013880486748566,0.039481864675847245,0.08050481365461659,0.04102294897876935,265,219,-46,823,474,-349
calibration,153314857-153314909-001,severe_dysplastic,20260804,baseline,gaussian_blur,1,0.8315889697474437,0.8281639755780171,-0.003424994169426543,0.8960857409133272,0.8927319467165226,-0.0033537941968045937,0.7670921985815603,0.7635960044395117,-0.003496194142048603,0.38190519231079634,0.4309723882122003,0.04906719590140396,0.02535843090837575,0.011546484904645937,-0.013811946003729814,446,459,13,185,264,79
calibration,153314956-153314978-003,severe_dysplastic,20260804,baseline,gaussian_blur,1,0.8227291584734093,0.8205312720286068,-0.002197886444802566,0.9421757595557008,0.9401933475339996,-0.00198241202170113,0.7032825573911178,0.7008691965232139,-0.002413360867903891,0.4629537264626067,0.49332566075336226,0.030371934290755576,0.1585295344806269,0.18262856554277074,0.02409903106214384,310,329,19,573,629,56
calibration,153314956-153314978-003,severe_dysplastic,20260804,baseline,gaussian_noise,10,0.8227291584734093,0.8150245187169951,-0.007704639756414222,0.9421757595557008,0.9369250985545335,-0.005250661001167223,0.7032825573911178,0.6931239388794567,-0.01015861851166111,0.4629537264626067,0.4969237494755556,0.033970023012948936,0.1585295344806269,0.126588708553798,-0.0319408259268289,310,344,34,573,624,51
calibration,153315615-153315629-001,severe_dysplastic,20260804,baseline,gaussian_noise,20,0.9367727783059403,0.9294082351522139,-0.007364543153726366,0.9645293315143247,0.9563106796116505,-0.008218651902674234,0.909016225097556,0.9025057906927775,-0.006510434404778498,0.0447582946390882,0.035662496319760484,-0.00909579831932772,0.007170861693449604,0.1221805552527434,0.1150096935592938,30,78,48,131,11,-120
calibration,153654325-153654351-001,severe_dysplastic,20260804,baseline,gaussian_blur,2,0.6903011020729467,0.6807479067319375,-0.00955319534100918,0.9716216216216216,0.9563827357844257,-0.015238885837195904,0.40898058252427183,0.4051130776794494,-0.003867504844822456,0.9093219305895481,0.9507042015557313,0.04138227096618319,0.022500755150871243,0.0534789541851618,0.030978199034290554,94,155,61,1992,2133,141
calibration,153654325-153654351-001,severe_dysplastic,20260804,baseline,gaussian_noise,20,0.6903011020729467,0.6904053226749556,0.0001042206020088754,0.9716216216216216,0.9443671766342142,-0.027254444987407367,0.40898058252427183,0.43644346871569706,0.02746288619142523,0.9093219305895481,0.8710816167921343,-0.03824031379741388,0.022500755150871243,0.07374052108968321,0.051239765938811965,94,220,126,1992,1603,-389
calibration,153654325-153654351-003,severe_dysplastic,20260804,baseline,gaussian_blur,1,0.8135046681871224,0.8187009512655794,0.005196283078456987,0.9106566200215285,0.9118279569892473,0.0011713369677188723,0.7163527163527164,0.7255739455419113,0.00922122918919499,0.37250947518029154,0.41494338813122456,0.04243391295093302,0.03084006308820364,0.006151524994504887,-0.024688538093698753,415,410,-5,209,292,83
calibration,153654325-153654351-003,severe_dysplastic,20260804,baseline,gaussian_blur,2,0.8135046681871224,0.8127268562331085,-0.0007778119540139405,0.9106566200215285,0.9090125053902545,-0.0016441146312740074,0.7163527163527164,0.7164412070759626,8.84907232462373e-05,0.37250947518029154,0.46921945187427216,0.09670997669398063,0.03084006308820364,0.03249857084313357,0.0016585077549299276,415,422,7,209,390,181
calibration,153654325-153654351-003,severe_dysplastic,20260804,baseline,gaussian_blur,3,0.8135046681871224,0.8039524089092618,-0.00955225927786063,0.9106566200215285,0.9007169237453835,-0.009939696276144994,0.7163527163527164,0.70718789407314,-0.009164822279576379,0.37250947518029154,0.5386946944212018,0.16618521924091023,0.03084006308820364,0.04126523020267525,0.010425167114471612,415,457,42,209,511,302
calibration,153655593-153655600-001,light_dysplastic,20260804,baseline,gaussian_blur,2,0.5215751781282736,0.5260206895339421,0.004445511405668512,0.7925306922521407,0.7818200771395809,-0.010710615112559774,0.2506196640044065,0.27022130192830335,0.019601637923896853,0.613151684362248,0.7514375718313063,0.13828588746905834,0.42973810481616864,0.3873565562547072,-0.042381548561461424,1909,2009,100,236,701,465
calibration,153656862-153656891-001,light_dysplastic,20260804,baseline,gaussian_blur,2,0.8714180028384213,0.8623802839027657,-0.009037718935655636,0.893796992481203,0.8827366746221161,-0.011060317859086899,0.8490390131956397,0.8420238931834153,-0.007015120012224374,0.069160046062828,0.09826524144554694,0.02910519538271894,0.0918293732622083,0.06129872222709154,-0.030530651035116763,380,578,198,1272,1844,572
calibration,153657121-153657151-001,severe_dysplastic,20260804,baseline,gaussian_blur,1,0.8845199504120316,0.8828260365419989,-0.0016939138700327039,0.907973664959766,0.9044268542949282,-0.0035468106648377518,0.8610662358642972,0.8612252187890694,0.00015898292477223297,0.07972194764037233,0.07072626361041734,-0.008995684029954987,0.032659569542956346,0.19503121778115118,0.16237164823819483,309,296,-13,220,164,-56
calibration,153657121-153657151-001,severe_dysplastic,20260804,baseline,gaussian_blur,2,0.8845199504120316,0.8809297993472462,-0.0035901510647853296,0.907973664959766,0.8999704054453981,-0.008003259514367866,0.8610662358642972,0.8618891932490943,0.0008229573847970961,0.07972194764037233,0.04574994356320028,-0.03397200407717205,0.032659569542956346,0.24487663255573122,0.21221706301277488,309,232,-77,220,45,-175
calibration,153657121-153657151-001,severe_dysplastic,20260804,baseline,gaussian_blur,3,0.8845199504120316,0.877602526641277,-0.006917423770754549,0.907973664959766,0.8957644938419946,-0.012209171117771311,0.8610662358642972,0.8594405594405594,-0.0016256764237377874,0.07972194764037233,0.015141358685221706,-0.06458058895515062,0.032659569542956346,0.26554407779698597,0.23288450825402962,309,132,-177,220,78,-142
calibration,153657121-153657151-001,severe_dysplastic,20260804,baseline,gaussian_noise,20,0.8845199504120316,0.8833490475050668,-0.0011709029069647547,0.907973664959766,0.9115687462144155,0.003595081254649579,0.8610662358642972,0.8551293487957181,-0.005936887068579089,0.07972194764037233,0.029897693584027274,-0.04982425405634505,0.032659569542956346,0.14225885816561928,0.10959928862266294,309,78,-231,220,152,-68
calibration,153659229-153659256-003,severe_dysplastic,20260804,baseline,gaussian_blur,2,0.8214140952724092,0.8174763033175355,-0.003937791954873648,0.9159836065573771,0.909952606635071,-0.006030999922306046,0.7268445839874411,0.725,-0.0018445839874411396,0.5183590297750397,0.5518881885127181,0.03352915873767848,0.08432543887781008,0.11650576909101318,0.0321803302132031,382,409,27,934,1038,104
calibration,153659229-153659256-003,severe_dysplastic,20260804,baseline,gaussian_blur,3,0.8214140952724092,0.8141848365603566,-0.0072292587120526,0.9159836065573771,0.9046829672606713,-0.011300639296705772,0.7268445839874411,0.7236867058600417,-0.003157878127399427,0.5183590297750397,0.5766393699289069,0.05828034015386718,0.08432543887781008,0.13452256643126936,0.050197127553459286,382,436,54,934,1111,177
calibration,153697342-153697366-002,moderate_dysplastic,20260804,baseline,gaussian_blur,1,0.8472014583444161,0.8414282460179062,-0.005773212326509847,0.959247000413736,0.9567741266715041,-0.002472873742231929,0.7351559162750961,0.7260823653643084,-0.009073550910787764,0.9105554549843109,0.9498630846654825,0.03930762968117163,0.046277592994159455,0.0763753812384046,0.03009778824424514,324,345,21,842,895,53
calibration,153698259-153698268-001,moderate_dysplastic,20260804,baseline,gaussian_blur,1,0.9208231230615274,0.9190677517166224,-0.001755371344904999,0.9637666325486183,0.9609856262833676,-0.002781006265250685,0.8778796135744364,0.8771498771498771,-0.000729736424559313,0.11401397420222836,0.13947290530296175,0.025458931100733384,0.0032467629467447523,0.002230755742503865,-0.0010160072042408874,149,164,15,67,100,33
calibration,153698259-153698268-002,moderate_dysplastic,20260804,baseline,gaussian_noise,10,0.903064389623552,0.907399381086463,0.004334991462911053,0.9710312862108922,0.9727520435967303,0.001720757385838101,0.8350974930362117,0.8420467185761957,0.006949225539984005,0.27553294447652377,0.29978994057426656,0.02425699609774279,0.016654884516119517,0.07172810345661063,0.05507321894049111,12,28,16,348,354,6
calibration,153701557-153701566-001,light_dysplastic,20260804,baseline,gaussian_noise,30,0.8793728253791169,0.8862224855295755,0.006849660150458625,0.9408513578147419,0.9419279288869963,0.0010765710722543398,0.8178942929434917,0.8305170421721548,0.012622749228663133,0.012446240052230717,0.04609866496587278,0.033652424913642065,0.04968031579080612,0.018609313979610187,-0.03107100181119593,1113,1083,-30,1416,656,-760
calibration,153702037-153702051-002,light_dysplastic,20260804,baseline,gaussian_blur,2,0.9020817301026542,0.900095598129198,-0.0019861319734562066,0.9636063455602613,0.9572946022111424,-0.006311743349118881,0.8405571146450473,0.8428965940472538,0.002339479402206468,0.0481174524028779,0.07941994974714262,0.03130249734426471,0.003961385206004309,0.022901012443360402,0.018939627237356094,489,581,92,36,276,240
calibration,153702037-153702051-002,light_dysplastic,20260804,baseline,gaussian_blur,3,0.9020817301026542,0.8942757464801039,-0.007805983622550361,0.9636063455602613,0.9491476030890281,-0.014458742471233132,0.8405571146450473,0.8394038898711796,-0.0011532247738677004,0.0481174524028779,0.10641172723666215,0.05829427483378424,0.003961385206004309,0.03578994448004158,0.03182855927403727,489,694,205,36,517,481
calibration,153702037-153702051-002,light_dysplastic,20260804,baseline,gaussian_noise,20,0.9020817301026542,0.8950396143294708,-0.007042115773183477,0.9636063455602613,0.9571675800403807,-0.0064387655198805405,0.8405571146450473,0.8329116486185609,-0.007645466026486414,0.0481174524028779,0.09029273989479147,0.04217528749191357,0.003961385206004309,0.014817187962571143,0.010855802756566835,489,552,63,36,484,448
calibration,153827595-153827618-002,severe_dysplastic,20260804,baseline,gaussian_noise,20,0.7956818373008943,0.7866569356503672,-0.00902490165052705,0.9554805035308566,0.9513178294573643,-0.004162674073492245,0.6358831710709318,0.6219960418433701,-0.013887129227561745,0.44066512756948617,0.4678855494849441,0.027220421915457926,0.02913227048176803,0.08822633189514328,0.059094061413375254,11,21,10,817,875,58
calibration,153827595-153827657-001,carcinoma_in_situ,20260804,baseline,gaussian_blur,1,0.8562098058029624,0.8558923421738456,-0.0003174636291167765,0.9423046690771891,0.9402302475950166,-0.002074421482172517,0.7701149425287356,0.7715544367526747,0.0014394942239390751,0.6854661720146678,0.7408481510539129,0.05538197903924513,0.07645029926427416,0.08152627526869727,0.005075976004423111,307,327,20,370,416,46
calibration,153827595-153827657-001,carcinoma_in_situ,20260804,baseline,gaussian_blur,2,0.8562098058029624,0.8514077939680473,-0.004802011834915021,0.9423046690771891,0.9346685741535526,-0.007636094923636483,0.7701149425287356,0.7681470137825421,-0.001967928746193448,0.6854661720146678,0.8446597053429084,0.1591935333282406,0.07645029926427416,0.09484111857744404,0.01839081931316988,307,377,70,370,503,133
calibration,153827595-153827657-001,carcinoma_in_situ,20260804,baseline,gaussian_noise,10,0.8562098058029624,0.8470619143083664,-0.009147891494595939,0.9423046690771891,0.9327638031956969,-0.009540865881492278,0.7701149425287356,0.7613600254210359,-0.008754917107699711,0.6854661720146678,0.7227996355653454,0.03733346355067768,0.07645029926427416,0.05980882130702225,-0.016641477957251904,307,347,40,370,385,15
calibration,153828952-153828980-001,severe_dysplastic,20260804,baseline,gaussian_blur,1,0.8785658119152457,0.8764828952443109,-0.0020829166709348534,0.973784817039869,0.9723817336614712,-0.0014030833783977847,0.7833468067906225,0.7805840568271507,-0.002762749963471811,0.2035004828002811,0.2668869302911543,0.06338644749087319,0.010451831264838174,0.015484406531793615,0.005032575266955441,28,23,-5,188,248,60
calibration,153828952-153828980-001,severe_dysplastic,20260804,baseline,gaussian_noise,30,0.8785658119152457,0.8708606328699735,-0.007705179045272237,0.973784817039869,0.9625879043600563,-0.01119691267981271,0.7833468067906225,0.7791333613798906,-0.004213445410731875,0.2035004828002811,0.18124841364035338,-0.022252069159927723,0.010451831264838174,0.22693949496578092,0.21648766370094275,28,79,51,188,91,-97
calibration,153828952-153829000-003,severe_dysplastic,20260804,baseline,gaussian_blur,1,0.8957274944974658,0.8924324469306835,-0.0032950475667823387,0.9762935477221192,0.9732840115084258,-0.0030095362136933757,0.8151614412728123,0.8115808823529411,-0.0035805589198711907,0.30605732410165176,0.3640115306691323,0.057954206567480515,0.03250494801338699,0.06715326073175054,0.03464831271836355,33,18,-15,129,168,39
calibration,153828952-153829000-003,severe_dysplastic,20260804,baseline,gaussian_noise,10,0.8957274944974658,0.8884752730898449,-0.00725222140762094,0.9762935477221192,0.9721065778517902,-0.00418696987032896,0.8151614412728123,0.8048439683278994,-0.01031747294491292,0.30605732410165176,0.3657792277957288,0.05972190369407704,0.03250494801338699,0.010856128491490535,-0.021648819521896456,33,80,47,129,139,10
calibration,153830261-153830340-001,severe_dysplastic,20260804,baseline,gaussian_blur,1,0.7688597504285846,0.7740658157773336,0.005206065348749012,0.9058971141781681,0.9052744886975242,-0.0006226254806438458,0.6318223866790009,0.6428571428571429,0.01103475617814198,1.5564437213044708,1.6327669008501213,0.07632317954565049,0.07793974719263652,0.09933387878072975,0.021394131588093224,489,494,5,436,486,50
calibration,153830261-153830340-001,severe_dysplastic,20260804,baseline,gaussian_blur,2,0.7688597504285846,0.775573198001636,0.006713447573051479,0.9058971141781681,0.904341560079265,-0.001555554098903067,0.6318223866790009,0.646804835924007,0.014982449245006024,1.5564437213044708,1.783365060022856,0.22692133871838527,0.07793974719263652,0.12101606743144233,0.04307632023880581,489,517,28,436,590,154
calibration,153830261-153830340-001,severe_dysplastic,20260804,baseline,gaussian_blur,3,0.7688597504285846,0.7667999649389159,-0.002059785489668675,0.9058971141781681,0.8993118435349511,-0.006585270643217012,0.6318223866790009,0.6342880863428808,0.0024656996638798834,1.5564437213044708,1.9063287458083435,0.3498850245038727,0.07793974719263652,0.14212762386395406,0.06418787667131753,489,546,57,436,683,247
calibration,153830261-153830340-001,severe_dysplastic,20260804,baseline,gaussian_noise,10,0.7688597504285846,0.758876942797893,-0.009982807630691592,0.9058971141781681,0.903074986513217,-0.0028221276649510463,0.6318223866790009,0.6146788990825688,-0.01714348759643214,1.5564437213044708,1.5968883598121018,0.040444638507630915,0.07793974719263652,0.034956085464938114,-0.04298366172769841,489,507,18,436,454,18
calibration,153830680-153830693-001,carcinoma_in_situ,20260804,baseline,gaussian_blur,3,0.7137955731604891,0.7135221578675384,-0.0002734152929507738,0.8568777545813037,0.8195146612740142,-0.037363093307289486,0.5707133917396746,0.6075296544610624,0.03681626272138783,0.061094123986515925,1.173210333883848,1.112116209897332,0.02682265704325837,0.23579374478352944,0.20897108774027107,65,420,355,6,335,329
calibration,153830680-153830693-001,carcinoma_in_situ,20260804,baseline,gaussian_noise,30,0.7137955731604891,0.71060405208431,-0.003191521076179149,0.8568777545813037,0.8002125398512221,-0.05666521473008157,0.5707133917396746,0.6209955643173978,0.05028217257772316,0.061094123986515925,1.4437459732900837,1.3826518493035678,0.02682265704325837,0.03638731657964467,0.0095646595363863,65,612,547,6,425,419
calibration,153831471-153831486-003,carcinoma_in_situ,20260804,baseline,gaussian_noise,10,0.7534131295630038,0.7513331229557083,-0.0020800066072954593,0.9155961720838003,0.9140638481449526,-0.0015323239388477239,0.5912300870422073,0.5886023977664642,-0.0026276892757430836,0.062340907417752556,0.06548226867429707,0.003141361256544517,0.005603805307156984,0.10053125169255733,0.09492744638540035,873,882,9,359,359,0
calibration,153831471-153831486-004,carcinoma_in_situ,20260804,baseline,gaussian_noise,10,0.7834994504327628,0.7738381072229936,-0.009661343209769191,0.8891164423639555,0.8773124167529969,-0.011804025610958613,0.6778824585015703,0.6703637976929903,-0.007518660808579991,0.6263332419096694,0.6820440682031454,0.05571082629347601,0.06346693097911149,0.028836917250354588,-0.0346300137287569,554,633,79,536,586,50
calibration,153915634-153915665-003,severe_dysplastic,20260804,baseline,gaussian_blur,1,0.854740502544826,0.8565210541855373,0.0017805516407112254,0.938601478112564,0.9364853318142979,-0.002116146298266064,0.770879526977088,0.7765567765567766,0.005677249579688626,0.17694894587791055,0.20298971861471848,0.026040772736807938,0.02937710065170729,0.009216493250884583,-0.020160607400822705,216,223,7,18,42,24
calibration,153915634-153915665-003,severe_dysplastic,20260804,baseline,gaussian_blur,2,0.854740502544826,0.8557731847069454,0.0010326821621193805,0.938601478112564,0.9282845668387837,-0.010316911273780316,0.770879526977088,0.7832618025751072,0.012382275598019299,0.17694894587791055,0.2741231306572214,0.09717418477931083,0.02937710065170729,0.00033420937543404694,-0.02904289127627324,216,248,32,18,108,90
calibration,153915634-153915665-003,severe_dysplastic,20260804,baseline,gaussian_blur,3,0.854740502544826,0.8478028216820587,-0.006937680862767359,0.938601478112564,0.9196531791907514,-0.0189482989218126,0.770879526977088,0.7759524641733659,0.0050729371962779934,0.17694894587791055,0.3390380253947327,0.16208907951682217,0.02937710065170729,0.018563863435195005,-0.010813237216512284,216,274,58,18,173,155
calibration,153915634-153915665-003,severe_dysplastic,20260804,baseline,gaussian_noise,10,0.854740502544826,0.8455109910482547,-0.009229511496571363,0.938601478112564,0.9331428571428572,-0.00545862096970684,0.770879526977088,0.7578791249536522,-0.013000402023435775,0.17694894587791055,0.18218938074120983,0.005240434863299281,0.02937710065170729,0.07291236521257904,0.043535264560871756,216,234,18,18,9,-9
calibration,153956040-153956058-005,normal_columnar,20260804,baseline,gaussian_noise,20,0.8850965241611681,0.8777988228270679,-0.007297701334100237,0.9420758600411644,0.9325153374233128,-0.009560522617851563,0.8281171882811719,0.8230823082308231,-0.0050348800503488,0.022420163737794152,0.01822318142651219,-0.00419698231128196,0.023604464915521373,0.07565062308037473,0.05204615816485336,161,183,22,801,799,-2
calibration,153956040-153956072-001,normal_columnar,20260804,baseline,gaussian_blur,2,0.8674091222897602,0.8611454782907507,-0.006263643999009472,0.9634464751958225,0.951627088830255,-0.011819386365567452,0.7713717693836978,0.7706638677512464,-0.0007079016324513798,0.2024239135948369,0.16950716249367104,-0.032916751101165875,0.0091085232544591,0.05207693117741896,0.04296840792295986,98,146,48,1373,1296,-77
calibration,153956040-153956072-001,normal_columnar,20260804,baseline,gaussian_noise,20,0.8674091222897602,0.8638136488307333,-0.0035954734590268878,0.9634464751958225,0.9598785512903926,-0.003567923905429926,0.7713717693836978,0.7677487463710742,-0.0036230230126236274,0.2024239135948369,0.19952247764013709,-0.002901435954699827,0.0091085232544591,0.1149037167759025,0.1057951935214434,98,83,-15,1373,1340,-33
calibration,153958547-153958572-005,normal_columnar,20260804,baseline,gaussian_blur,1,0.8858809106789429,0.8794979430348249,-0.006382967644118054,0.9475641502417256,0.9376633072041807,-0.009900843037544904,0.8241976711161602,0.821332578865469,-0.0028650922506912035,0.05363404531149163,0.05874763089348767,0.0051135855819960385,0.1336945104372267,0.18515414035910038,0.051459629921873695,37,27,-10,588,615,27
calibration,157181671-157181708-001,normal_superficiel,20260804,baseline,gaussian_noise,10,0.9115647784053355,0.9095287767361406,-0.00203600166919482,0.900523560209424,0.8963350785340314,-0.004188481675392652,0.9226059966012469,0.9227224749382498,0.000116478337002901,0.0009698264764528407,0.0009747377018660599,4.911225413219145e-06,0.19247937064632625,0.2689732064988253,0.07649383585249903,79,79,0,2235,2335,100
calibration,157183722-157183783-002,normal_superficiel,20260804,baseline,gaussian_noise,30,0.9391985354490546,0.9327839614091629,-0.006414574039891763,0.9291521486643438,0.9140893470790378,-0.01506280158530604,0.9492449222337654,0.9514785757392878,0.002233653505522404,0.0011193688185678601,0.0006953744559802643,-0.0004239943625875958,0.11032006543077477,0.1700317972807417,0.05971173184996692,57,45,-12,1531,1668,137
calibration,157185433-157185479-001,normal_columnar,20260804,baseline,gaussian_blur,2,0.8340557670103839,0.8325143401492857,-0.0015414268610981496,0.9131767109295199,0.9183813443072703,0.005204633377750345,0.7549348230912477,0.7466473359913012,-0.008287487099946533,0.08160468036969615,0.11164235644750703,0.030037676077810882,0.18390456595318938,0.17710489554194586,-0.006799670411243519,211,190,-21,778,926,148
calibration,157185433-157185479-001,normal_columnar,20260804,baseline,gaussian_blur,3,0.8340557670103839,0.8288353452910415,-0.0052204217193423386,0.9131767109295199,0.9148135477249402,0.00163683679542026,0.7549348230912477,0.7428571428571429,-0.012077680234104826,0.08160468036969615,0.11643095897156591,0.034826278601869765,0.18390456595318938,0.17281261880256749,-0.011091947150621895,211,197,-14,778,973,195
calibration,157185433-157185479-001,normal_columnar,20260804,baseline,gaussian_noise,30,0.8340557670103839,0.8436102211775086,0.009554454167124748,0.9131767109295199,0.8930197268588771,-0.020156984070642814,0.7549348230912477,0.7942007154961401,0.03926589240489242,0.08160468036969615,0.1714188927603562,0.08981421239066006,0.18390456595318938,0.13732340975601265,-0.04658115619717673,211,90,-121,778,719,-59
calibration,157185433-157185479-007,normal_columnar,20260804,baseline,gaussian_noise,30,0.8701555496234998,0.8778581587440513,0.007702609120551429,0.8905797101449275,0.915016501650165,0.024436791505237476,0.8497313891020721,0.8406998158379374,-0.009031573264134729,0.13416691023779032,0.025550374899754147,-0.10861653533803617,0.050993117192566384,0.3311796855708343,0.28018656837826794,300,36,-264,321,320,-1
calibration,157185527-157185540-003,normal_columnar,20260804,baseline,gaussian_blur,1,0.8999621426948972,0.8986695500810395,-0.0012925926138576127,0.9550812360624402,0.9558541266794626,0.0007728906170223482,0.8448430493273542,0.8414849734826164,-0.0033580758447377956,0.06139005821764443,0.09337894093026256,0.03198888271261813,0.04504450570017948,0.04679427592327379,0.0017497702230943046,43,30,-13,155,204,49
calibration,157185527-157185540-003,normal_columnar,20260804,baseline,gaussian_blur,2,0.8999621426948972,0.8919348675716068,-0.008027275123290378,0.9550812360624402,0.9542230818826564,-0.0008581541797838543,0.8448430493273542,0.8296466532605573,-0.015196396066796902,0.06139005821764443,0.14656684961288757,0.08517679139524315,0.04504450570017948,0.06023673648384931,0.015192230783669824,43,6,-37,155,291,136
calibration,157185781-157185814-002,normal_columnar,20260804,baseline,gaussian_blur,2,0.6253555674705167,0.6303403559325581,0.004984788462041423,0.6174895895300416,0.6402790415529269,0.022789452022885293,0.6332215454109917,0.6204016703121893,-0.012819875098802447,0.06782558918420006,0.030367947791124894,-0.03745764139307517,0.10693774047761861,0.22020029049145406,0.11326255001383545,2174,2044,-130,3717,4193,476
calibration,157185781-157185814-002,normal_columnar,20260804,baseline,gaussian_blur,3,0.6253555674705167,0.6306199825511456,0.005264415080628915,0.6174895895300416,0.642204628501827,0.024715038971785397,0.6332215454109917,0.6190353366004643,-0.014186208810527456,0.06782558918420006,0.009036049548826142,-0.05878953963537392,0.10693774047761861,0.1509278902041895,0.04399014972657089,2174,2018,-156,3717,4614,897
calibration,157185781-157185814-002,normal_columnar,20260804,baseline,gaussian_noise,30,0.6253555674705167,0.6162031540038624,-0.009152413466654297,0.6174895895300416,0.6080738864889021,-0.009415703041139478,0.6332215454109917,0.6243324215188225,-0.008889123892169226,0.06782558918420006,0.030304986734627226,-0.03752060244957284,0.10693774047761861,0.36489869576526635,0.25796095528764773,2174,2163,-11,3717,4460,743
calibration,157223659-157223667-002,normal_superficiel,20260804,baseline,gaussian_noise,20,0.8971856172949482,0.9065499680902329,0.009364350795284748,0.855683269476373,0.8771929824561403,0.021509712979767337,0.9386879651135233,0.9359069537243256,-0.0027810113891976185,0.003086852256565213,0.0028270569889295646,-0.0002597952676356482,0.17919053194159051,0.23615740998760326,0.05696687804601275,113,98,-15,1852,2325,473
calibration,157223659-157223667-002,normal_superficiel,20260804,baseline,gaussian_noise,30,0.8971856172949482,0.9027049026457541,0.005519285350805925,0.855683269476373,0.8686868686868687,0.013003599210495764,0.9386879651135233,0.9367229366046396,-0.0019650285088836927,0.003086852256565213,0.002904869300853905,-0.00018198295571130764,0.17919053194159051,0.24850523779291656,0.06931470585132604,113,104,-9,1852,1997,145
calibration,158986766-158986776-002,normal_columnar,20260804,baseline,gaussian_noise,10,0.7407684147475384,0.7344346404901643,-0.006333774257374136,0.9451602246448629,0.9463784853984492,0.00121826075358622,0.536376604850214,0.5224907955818793,-0.013885809268334715,0.6339643766948804,0.6803883984095997,0.04642402171471938,0.028574411392546795,0.030748310170140125,0.0021738987775933305,332,325,-7,2181,2243,62
calibration,204870815-204870836-002,moderate_dysplastic,20260804,baseline,gaussian_blur,2,0.5760268444468094,0.5822106301256099,0.006183785678800513,0.8432485005673529,0.8424291497975709,-0.0008193507697820124,0.3088051883262659,0.3219921104536489,0.013186922127382983,0.2812025593410066,0.3112424826297657,0.03003992328875915,0.07119505000910964,0.034916985260700195,-0.036278064748409444,783,777,-6,143,96,-47
calibration,204870815-204870836-002,moderate_dysplastic,20260804,baseline,gaussian_blur,3,0.5760268444468094,0.5841825401262857,0.008155695679476271,0.8432485005673529,0.8368840461863718,-0.006364454380981099,0.3088051883262659,0.33148103406619955,0.022675845739933642,0.2812025593410066,0.37868790143243136,0.09748534209142479,0.07119505000910964,0.057470694986966,-0.013724355022143642,783,803,20,143,13,-130
calibration,204870926-204870933-001,light_dysplastic,20260804,baseline,gaussian_blur,2,0.9045889939776337,0.8991541099239979,-0.005434884053635791,0.9488747553816047,0.946969696969697,-0.0019050584119076897,0.8603032325736626,0.8513385228782988,-0.008964709695363782,0.10367037336475093,0.10853773251443821,0.004867359149687278,0.057876647436994166,0.11126614231782217,0.053389494880828,382,374,-8,207,254,47
calibration,209047881-209048017-001,normal_superficiel,20260804,baseline,gaussian_noise,30,0.6129602500050326,0.6212923417350719,0.008332091730039237,0.43592330978809285,0.44126659856996936,0.00534328878187651,0.7899971902219725,0.8013180849001744,0.011320894678201965,0.017520464999174173,0.017781629956171906,0.0002611649569977323,0.46407407082251384,0.5924293714810773,0.1283553006585635,1118,1094,-24,16385,15113,-1272
calibration,148497676-148497718-001,light_dysplastic,20260804,nc_aware_lambda_0p10,gaussian_blur,1,0.9345624448049492,0.9307427030893236,-0.003819741715625602,0.9743515850144092,0.9702857142857143,-0.004065870728694909,0.8947733045954892,0.8911996918929328,-0.0035736127025564057,0.009935284758925966,0.015054704998998192,0.0051194202400722255,0.06245732700250628,0.13911515598332258,0.0766578289808163,58,2,-56,700,717,17
calibration,148710162-148710195-001,light_dysplastic,20260804,nc_aware_lambda_0p10,gaussian_noise,20,0.8412546814727682,0.8365772440786166,-0.004677437394151607,0.8641859593213984,0.8684755982664405,0.004289638945042085,0.8183234036241378,0.8046788898907925,-0.013644513733345298,0.024539498346258404,0.020396843727715663,-0.00414265461854274,0.2355224321657753,0.3251954596648703,0.089673027499095,1057,1112,55,2131,2658,527
calibration,148848523-148848538-001,moderate_dysplastic,20260804,nc_aware_lambda_0p10,gaussian_blur,1,0.7603527695472618,0.7551827446060592,-0.005170024941202667,0.9242846813345729,0.9199630124319326,-0.004321668902640297,0.5964208577599507,0.5904024767801858,-0.006018380979764926,1.3235182301294763,1.3718688946915987,0.048350664562122336,0.01785722666838563,0.030269390317911427,0.012412163649525798,649,701,52,2128,2150,22
calibration,148882307-148882447-001,light_dysplastic,20260804,nc_aware_lambda_0p10,gaussian_blur,2,0.8326677941089994,0.8272454948144154,-0.005422299294583932,0.9686439527623184,0.9615181866104375,-0.007125766151880875,0.6966916354556804,0.6929728030183934,-0.0037188324372869896,0.02332641144904407,0.0069294800715661575,-0.016396931377477914,0.0809245190822363,0.17990774046648128,0.09898322138424498,9,230,221,1660,1425,-235
calibration,148882307-148882447-001,light_dysplastic,20260804,nc_aware_lambda_0p10,gaussian_noise,10,0.8326677941089994,0.8316858104583861,-0.000981983650613305,0.9686439527623184,0.9648788456302749,-0.003765107132043477,0.6966916354556804,0.6984927752864972,0.001801139830816867,0.02332641144904407,0.0254986613637338,0.002172249914689728,0.0809245190822363,0.2129189842760123,0.131994465193776,9,12,3,1660,1732,72
calibration,148884702-148884710-001,light_dysplastic,20260804,nc_aware_lambda_0p10,gaussian_blur,1,0.4491372136938174,0.44727110373978907,-0.001866109954028361,0.3094445966574034,0.3083161136886428,-0.0011284829687606135,0.5888298307302314,0.5862260937909353,-0.002603736939296164,0.74446528997725,0.7509109144688922,0.00644562449164221,0.022934572724491953,0.13268142120344573,0.10974684847895377,17641,17741,100,10611,10684,73
calibration,148884702-148884710-001,light_dysplastic,20260804,nc_aware_lambda_0p10,gaussian_blur,2,0.4491372136938174,0.444972255278253,-0.004164958415564413,0.3094445966574034,0.30739329860841175,-0.0020512980489916788,0.5888298307302314,0.5825512119480943,-0.006278618782137091,0.74446528997725,0.7473974736841024,0.0029321837068523315,0.022934572724491953,0.10419894690894338,0.08126437418445143,17641,17818,177,10611,10491,-120
calibration,148884702-148884710-001,light_dysplastic,20260804,nc_aware_lambda_0p10,gaussian_blur,3,0.4491372136938174,0.4416829334850786,-0.007454280208738839,0.3094445966574034,0.3061911952607736,-0.003253401396629829,0.5888298307302314,0.5771746717093836,-0.011655159020847794,0.74446528997725,0.7399233912986602,-0.004541898678589784,0.022934572724491953,0.08990375210251805,0.0669691793780261,17641,17919,278,10611,10149,-462
calibration,148884702-148884710-001,light_dysplastic,20260804,nc_aware_lambda_0p10,gaussian_noise,20,0.4491372136938174,0.4549345928654628,0.005797379171645356,0.3094445966574034,0.3133322764743183,0.003887679816914902,0.5888298307302314,0.5965369092566072,0.007707078526375755,0.74446528997725,0.7219402353471678,-0.022525054630082253,0.022934572724491953,0.20402871399453587,0.18109414127004392,17641,17324,-317,10611,10308,-303
calibration,148884702-148884710-001,light_dysplastic,20260804,nc_aware_lambda_0p10,gaussian_noise,30,0.4491372136938174,0.4552854656662453,0.006148251972427854,0.3094445966574034,0.312364082084536,0.002919485427132551,0.5888298307302314,0.5982068492479545,0.009377018517723101,0.74446528997725,0.7313234581897642,-0.013141831787485847,0.022934572724491953,0.28700003576018135,0.2640654630356894,17641,17383,-258,10611,10523,-88
calibration,149014631-149014646-001,moderate_dysplastic,20260804,nc_aware_lambda_0p10,gaussian_noise,30,0.8726095030675443,0.8824068854838856,0.009797382416341316,0.9281632653061225,0.9628825700021706,0.034719304696048114,0.8170557408289661,0.8019312009656004,-0.015124539863365705,0.2574114807524451,0.19656314028315874,-0.06084834046928633,0.014227951180458831,0.1910597220308391,0.17683177085038027,352,59,-293,1210,1321,111
calibration,149053341-149053350-002,moderate_dysplastic,20260804,nc_aware_lambda_0p10,gaussian_noise,30,0.8850820463991561,0.8903407884011207,0.005258742001964634,0.9630678162398661,0.9685434840074015,0.005475667767535386,0.8070962765584461,0.8121380927948398,0.00504181623639377,0.07871769614174218,0.10399900736087486,0.025281311219132685,0.046919757329603184,0.09571007836830214,0.04879032103869896,235,30,-205,597,1215,618
calibration,149053533-149053553-001,moderate_dysplastic,20260804,nc_aware_lambda_0p10,gaussian_noise,10,0.7174544535899849,0.709406584665812,-0.008047868924172974,0.8807509254362771,0.8668914362778153,-0.013859489158461802,0.5541579817436929,0.5519217330538085,-0.002236248689884368,0.06192768883821498,0.0475408638791337,-0.014386824959081279,0.41515807842812985,0.5130943992042893,0.09793632077615949,804,1102,298,1133,736,-397
calibration,149054277-149054304-002,light_dysplastic,20260804,nc_aware_lambda_0p10,gaussian_noise,20,0.8934614285314393,0.8953115159059278,0.0018500873744885515,0.9633655394524959,0.9633518425037859,-1.3696948710006929e-05,0.8235573176103825,0.8272711893080698,0.003713871697687221,0.03609684655439793,0.03896315906770137,0.0028663125133034373,0.1355002028250324,0.19156604940466893,0.056065846579636536,92,61,-31,1849,1893,44
calibration,149054277-149054304-002,light_dysplastic,20260804,nc_aware_lambda_0p10,gaussian_noise,30,0.8934614285314393,0.8984698641853668,0.005008435653927501,0.9633655394524959,0.9644506929102229,0.0010851534577269728,0.8235573176103825,0.8324890354605107,0.00893171785012814,0.03609684655439793,0.032673826402941086,-0.003423020151456846,0.1355002028250324,0.19646231146783988,0.06096210864280749,92,114,22,1849,1751,-98
calibration,149057812-149057847-003,moderate_dysplastic,20260804,nc_aware_lambda_0p10,gaussian_noise,10,0.8286424257939851,0.8202037797260662,-0.008438646067918887,0.9611992945326279,0.9498089171974522,-0.011390377335175672,0.6960855570553421,0.6905986422546802,-0.0054869148006619906,0.3103566990196437,0.3372460662226754,0.0268893672030317,0.11084688401505816,0.04892260022404349,-0.06192428379101467,296,384,88,1415,1506,91
calibration,149057812-149057847-006,moderate_dysplastic,20260804,nc_aware_lambda_0p10,gaussian_blur,3,0.8642060233625949,0.8612768913016096,-0.002929132060985329,0.912917653249145,0.9069037656903766,-0.006013887558768416,0.8154943934760448,0.8156500169128424,0.00015562343679764723,0.17381863659845165,0.1743002697835706,0.00048163318511895703,0.0862879567752709,0.13027436582858387,0.04398640905331297,313,336,23,1031,991,-40
calibration,149058170-149058202-001,severe_dysplastic,20260804,nc_aware_lambda_0p10,gaussian_blur,1,0.8167307817450982,0.8189839498824111,0.002253168137312911,0.9307056579783852,0.9304914903769683,-0.0002141676014169036,0.702755905511811,0.7074764093878538,0.004720503876042836,0.20310606766989237,0.25306328947892354,0.04995722180903117,0.03066957089102662,0.00654359614931721,-0.02412597474170941,422,427,5,6,63,57
calibration,149058170-149058202-001,severe_dysplastic,20260804,nc_aware_lambda_0p10,gaussian_blur,2,0.8167307817450982,0.8185386329536932,0.001807851208595057,0.9307056579783852,0.9281503903138442,-0.002555267664541061,0.702755905511811,0.7089268755935423,0.006170970081731286,0.20310606766989237,0.30833608904348453,0.10523002137359216,0.03066957089102662,0.01623641844936974,-0.014433152441656882,422,437,15,6,142,136
calibration,149058170-149058202-001,severe_dysplastic,20260804,nc_aware_lambda_0p10,gaussian_blur,3,0.8167307817450982,0.8133509539535679,-0.003379827791530232,0.9307056579783852,0.9234205488194002,-0.007285109158985059,0.702755905511811,0.7032813590877356,0.0005254535759245949,0.20310606766989237,0.3627172144413524,0.15961114677146004,0.03066957089102662,0.03537436991601883,0.004704799024992212,422,446,24,6,227,221
calibration,149058170-149058202-002,severe_dysplastic,20260804,nc_aware_lambda_0p10,gaussian_noise,20,0.8952420192798096,0.8953306740573314,8.8654777521735e-05,0.9618778092225737,0.9574140584915342,-0.004463750731039551,0.8286062293370454,0.8332472896231286,0.004641060286083132,0.07813585213429897,0.0031008422787166534,-0.07503500985558231,0.029484505258164373,0.1047072428676653,0.07522273760950093,11,171,160,225,161,-64
calibration,149058881-149058910-001,light_dysplastic,20260804,nc_aware_lambda_0p10,gaussian_noise,10,0.891798293410814,0.8869761008115775,-0.004822192599236441,0.9723342939481268,0.9719141581448941,-0.0004201358032326352,0.8112622928735013,0.8020380434782609,-0.009224249395240358,0.10728120157944726,0.11833120955314941,0.011050007973702147,0.09708897146940987,0.13815812167464703,0.04106915020523716,154,151,-3,2002,2128,126
calibration,149060932-149060940-001,moderate_dysplastic,20260804,nc_aware_lambda_0p10,gaussian_noise,20,0.8592688165741627,0.8637504939416358,0.00448167736747318,0.950291715285881,0.9517805020431991,0.0014887867573181168,0.7682459178624443,0.7757204858400725,0.007474567977628133,0.0974012230854146,0.09388920349623936,-0.0035120195891752415,0.08903425727519665,0.19969827839261423,0.11066402111741758,278,283,5,4764,4455,-309
calibration,149060932-149060940-001,moderate_dysplastic,20260804,nc_aware_lambda_0p10,gaussian_noise,30,0.8592688165741627,0.8677331065985907,0.008464290024428056,0.950291715285881,0.9498421606453876,-0.0004495546404933437,0.7682459178624443,0.7856240525517938,0.017378134689349456,0.0974012230854146,0.08995102077077471,-0.007450202314639887,0.08903425727519665,0.17687151738833773,0.08783726011314108,278,295,17,4764,4092,-672
calibration,149061221-149061289-001,severe_dysplastic,20260804,nc_aware_lambda_0p10,gaussian_blur,2,0.7300392269264244,0.7331255475889068,0.003086320662482378,0.7930600955494091,0.8008145602647321,0.0077544647153229285,0.6670183583034396,0.6654365349130815,-0.0015818233903580614,0.5744340471783027,0.3620517288493825,-0.21238231832892018,0.034751179892415496,0.09459051866491897,0.05983933877250347,1646,1549,-97,1228,409,-819
calibration,149061221-149061289-001,severe_dysplastic,20260804,nc_aware_lambda_0p10,gaussian_blur,3,0.7300392269264244,0.7375612416647205,0.007522014738296057,0.7930600955494091,0.8113061435209086,0.018246047971499424,0.6670183583034396,0.6638163398085324,-0.0032020184949071995,0.5744340471783027,0.260594205924477,-0.3138398412538257,0.034751179892415496,0.11570935043269648,0.08095817054028098,1646,1440,-206,1228,53,-1175
calibration,149099680-149099714-001,moderate_dysplastic,20260804,nc_aware_lambda_0p10,gaussian_noise,30,0.914413155035012,0.9234795463373736,0.009066391302361643,0.9192491060786651,0.9308498253783469,0.011600719299681872,0.9095772039913589,0.9161092672964003,0.006532063305041413,0.03893767127852282,0.006585408551469052,-0.03235226272705377,0.07333403143104311,0.20459915569009668,0.13126512425905357,864,325,-539,310,596,286
calibration,149101620-149101650-003,moderate_dysplastic,20260804,nc_aware_lambda_0p10,gaussian_noise,20,0.8016960164976629,0.7948809701572133,-0.006815046340449604,0.926786751888437,0.9123488129012991,-0.014437938987137855,0.6766052811068888,0.6774131274131274,0.0008078463062386465,0.2542571893553769,0.2929722359322574,0.03871504657688052,0.10079245056997777,0.20104098451395397,0.1002485339439762,126,61,-65,2055,2152,97
calibration,149101620-149101664-001,moderate_dysplastic,20260804,nc_aware_lambda_0p10,gaussian_noise,30,0.9108643302576525,0.9064145434458813,-0.004449786811771106,0.9733905579399141,0.9588652482269504,-0.01452530971296373,0.8483381025753907,0.8539638386648123,0.005625736089421629,0.051069242960636696,0.07809597335446183,0.027026730393825138,0.02245783995617756,0.22903275037270565,0.2065749104165281,61,124,63,953,985,32
calibration,149101894-149101909-002,severe_dysplastic,20260804,nc_aware_lambda_0p10,gaussian_noise,10,0.5392074046195235,0.5409791682655001,0.0017717636459765318,0.7376740684983064,0.7002379064234734,-0.037436162074833024,0.34074074074074073,0.3817204301075269,0.04097968936678614,1.1685470085470087,1.3224635829286993,0.1539165743816906,0.15180363272417474,0.3190561451586835,0.16725251243450878,265,400,135,315,318,3
calibration,149101894-149101909-003,severe_dysplastic,20260804,nc_aware_lambda_0p10,gaussian_noise,20,0.9197593916695039,0.909763277356447,-0.009996114313056914,0.9667915106117353,0.948711273105962,-0.018080237505773256,0.8727272727272727,0.8708152816069319,-0.0019119911203407947,0.10806557685080798,0.05264955421340234,-0.05541602263740564,0.0395916171294195,0.09676204814781197,0.057170431018392476,95,69,-26,1085,884,-201
calibration,149101894-149101918-001,severe_dysplastic,20260804,nc_aware_lambda_0p10,gaussian_blur,2,0.4677146403200131,0.4684934406442204,0.0007788003242072961,0.4083969465648855,0.4176162611641515,0.009219314599266004,0.5270323340751407,0.5193706201242893,-0.0076617139508514676,0.6348201801852018,0.7095938406437439,0.07477366045854206,0.3633250836358291,0.3504217244042628,-0.012903359231566325,818,921,103,2997,3073,76
calibration,149102510-149102527-001,moderate_dysplastic,20260804,nc_aware_lambda_0p10,gaussian_noise,10,0.763016938985638,0.7670967505920279,0.004079811606389816,0.8422313483915127,0.8517136070580251,0.009482258666512422,0.6838025295797634,0.6824798941260307,-0.001322635453732679,0.30810006056120043,0.30048404941914064,-0.0076160111420597865,0.25825208164864094,0.34533061927339653,0.08707853762475559,896,846,-50,1004,1023,19
calibration,149102510-149102527-002,moderate_dysplastic,20260804,nc_aware_lambda_0p10,gaussian_noise,20,0.9206863646699295,0.9171469709760498,-0.0035393936938796777,0.9551273761800078,0.9544250132485427,-0.0007023629314650837,0.8862453531598513,0.8798689287035569,-0.006376424456294383,0.06176521373909638,0.03676478657459792,-0.025000427164498462,0.0348240533361136,0.09319876817126838,0.05837471483515477,175,10,-165,986,895,-91
calibration,149143295-149143307-001,severe_dysplastic,20260804,nc_aware_lambda_0p10,gaussian_noise,20,0.8781870079900828,0.8853003713217737,0.007113363331690992,0.9596437011452463,0.9657258064516129,0.0060821053063665476,0.7967303148349192,0.8048749361919346,0.008144621357015436,0.06894894789067474,0.05610397431872083,-0.01284497357195391,0.037613340097463976,0.10022768853484432,0.06261434843738034,414,324,-90,179,166,-13
calibration,149147060-149147075-001,carcinoma_in_situ,20260804,nc_aware_lambda_0p10,gaussian_noise,10,0.8334461972972169,0.8325885889134064,-0.0008576083838105486,0.9226787447428016,0.9140803658934988,-0.008598378849302812,0.7442136498516321,0.7510968119333138,0.006883162081681715,0.13392497699183115,0.17534368936026035,0.0414187123684292,0.019134592974232922,0.020524221401988174,0.0013896284277552517,233,263,30,8,41,33
calibration,149182125-149182135-001,carcinoma_in_situ,20260804,nc_aware_lambda_0p10,gaussian_blur,1,0.6564932657716218,0.6465368530524639,-0.009956412719157925,0.8817769285884882,0.8772597526165556,-0.004517175971932574,0.4312096029547553,0.4158139534883721,-0.015395649466383221,2.7265664160401,2.871103752160184,0.1445373361200839,0.044450642894749315,0.03473360767280864,-0.009717035221940673,307,324,17,1026,1042,16
calibration,149182657-149182681-001,carcinoma_in_situ,20260804,nc_aware_lambda_0p10,gaussian_blur,1,0.8763314375882278,0.8749905730218435,-0.001340864566384381,0.9281390656526463,0.9257818577874591,-0.0023572078651871164,0.8245238095238095,0.8241992882562278,-0.0003245212675817566,0.2650461131507913,0.27266172276565537,0.007615609614864072,0.2417201951106145,0.28466100697253394,0.04294081186191945,453,469,16,846,876,30
calibration,149182657-149182681-001,carcinoma_in_situ,20260804,nc_aware_lambda_0p10,gaussian_blur,2,0.8763314375882278,0.8691430066420436,-0.0071884309461842655,0.9281390656526463,0.9169539329363836,-0.011185132716262647,0.8245238095238095,0.8213320803477036,-0.003191729176105995,0.2650461131507913,0.29338369594773495,0.02833758279694365,0.2417201951106145,0.3173570703305061,0.0756368752198916,453,514,61,846,959,113
calibration,149185604-149185657-002,carcinoma_in_situ,20260804,nc_aware_lambda_0p10,gaussian_blur,1,0.8644943025913172,0.8663801740826671,0.0018858714913498886,0.9702540797355919,0.9703113685734974,5.7288837905566936e-05,0.7587345254470427,0.7624489795918368,0.0037144541447940993,0.40830209432173925,0.46576038168403056,0.057458287362291305,0.07468042990825308,0.08709889592397546,0.012418466015722385,70,85,15,251,291,40
calibration,149185604-149185657-002,carcinoma_in_situ,20260804,nc_aware_lambda_0p10,gaussian_blur,2,0.8644943025913172,0.867071630175045,0.002577327583727751,0.9702540797355919,0.9703134731160473,5.939338045546361e-05,0.7587345254470427,0.7638297872340426,0.005095261786999927,0.40830209432173925,0.5810229959166131,0.17272090159487385,0.07468042990825308,0.07505780763392844,0.0003773777256753652,70,118,48,251,376,125
calibration,149185604-149185657-002,carcinoma_in_situ,20260804,nc_aware_lambda_0p10,gaussian_blur,3,0.8644943025913172,0.863594112120263,-0.0009001904710541631,0.9702540797355919,0.9689946758534294,-0.001259403882162502,0.7587345254470427,0.7581935483870967,-0.0005409770599459351,0.40830209432173925,0.727421976610581,0.3191198822888417,0.07468042990825308,0.07413228242419123,-0.000548147484061845,70,173,103,251,491,240
calibration,149186957-149186968-001,severe_dysplastic,20260804,nc_aware_lambda_0p10,gaussian_noise,20,0.8946891667164356,0.8928957668374313,-0.001793399879004287,0.9604580425836464,0.9496559217674756,-0.010802120816170824,0.8289202908492248,0.8361356119073869,0.0072153210581621385,0.07007764719160087,0.07583260455074536,0.005754957359144497,0.03874266518713698,0.10883873125116328,0.0700960660640263,201,268,67,804,738,-66
calibration,149186957-149186968-001,severe_dysplastic,20260804,nc_aware_lambda_0p10,gaussian_noise,30,0.8946891667164356,0.89706465600878,0.002375489292344435,0.9604580425836464,0.9309773605742684,-0.029480682009378034,0.8289202908492248,0.8631519514432917,0.034231660594066904,0.07007764719160087,0.07182657125958503,0.001748924067984159,0.03874266518713698,0.08472670869095311,0.04598404350381613,201,357,156,804,395,-409
calibration,149315671-149315740-003,carcinoma_in_situ,20260804,nc_aware_lambda_0p10,gaussian_blur,1,0.7417411791272035,0.7402501293034723,-0.001491049823731161,0.911198354832679,0.9087160262417995,-0.00248232859087949,0.572284003421728,0.5717842323651452,-0.0004997710565828317,1.3386555261315558,1.4338761036329426,0.0952205775013868,0.08101931289009934,0.02607760414367577,-0.05494170874642357,457,471,14,458,530,72
calibration,149315671-149315740-003,carcinoma_in_situ,20260804,nc_aware_lambda_0p10,gaussian_noise,10,0.7417411791272035,0.7359283100809775,-0.005812869046226021,0.911198354832679,0.9066016504126031,-0.00459670442007587,0.572284003421728,0.5652549697493517,-0.007029033672376284,1.3386555261315558,1.3204667224132056,-0.01818880371835019,0.08101931289009934,0.22933410978212626,0.14831479689202692,457,474,17,458,434,-24
calibration,149315671-149315740-004,carcinoma_in_situ,20260804,nc_aware_lambda_0p10,gaussian_blur,2,0.5933814823035808,0.596417083653516,0.003035601349935191,0.8907901358832411,0.8890007550969041,-0.001789380786336947,0.29597282872392044,0.3038334122101278,0.007860583486207329,1.3539283218528502,1.4077010350105428,0.05377271315769261,0.07524912013104312,0.07808060352751045,0.002831483396467327,360,359,-1,801,853,52
calibration,149316025-149316032-001,carcinoma_in_situ,20260804,nc_aware_lambda_0p10,gaussian_blur,1,0.9003261466570252,0.8941993591024474,-0.0061267875545777395,0.9687000228466986,0.9689497716894977,0.00024974884279904686,0.8319522704673517,0.8194489465153971,-0.012503323951954526,0.1298836584488554,0.18648012757171473,0.056596469122859316,0.05378960391812615,0.062419140312643506,0.008629536394517356,87,84,-3,75,143,68
calibration,149316754-149316795-002,severe_dysplastic,20260804,nc_aware_lambda_0p10,gaussian_noise,10,0.8082005483035988,0.8001563410508961,-0.008044207252702718,0.9624537281861449,0.9617021276595744,-0.0007516005265705283,0.6539473684210526,0.6386105544422178,-0.015336813978834796,0.5718881955542767,0.6373608209971846,0.06547262544290788,0.04361830113747145,0.037891303667299425,-0.005726997470172024,4,26,22,174,197,23
calibration,149357849-149357857-002,moderate_dysplastic,20260804,nc_aware_lambda_0p10,gaussian_noise,10,0.9181870411953823,0.9116662441668143,-0.006520797028568004,0.9675761654227334,0.9608181370133071,-0.006758028409426298,0.8687979169680312,0.8625143513203215,-0.00628356564770971,0.0451796518770311,0.008277210636789878,-0.036902441240241224,0.010761178810162586,0.0522854879275958,0.04152430911743321,245,302,57,339,284,-55
calibration,149357956-149358043-001,carcinoma_in_situ,20260804,nc_aware_lambda_0p10,gaussian_blur,1,0.8036438503842714,0.7962977234681103,-0.0073461269161611,0.8875821515046697,0.8825868926162891,-0.004995258888380594,0.7197055492638732,0.7100085543199316,-0.009696994943941606,0.7261635871213312,0.7089711365504427,-0.017192450570888473,0.11133017397854633,0.26799395307720836,0.15666377909866203,466,465,-1,484,459,-25
calibration,153314857-153314909-001,severe_dysplastic,20260804,nc_aware_lambda_0p10,gaussian_blur,2,0.772398260141002,0.7728105177181809,0.0004122575771788872,0.8673201051876643,0.8643336529242569,-0.0029864522634074353,0.6774764150943396,0.6812873825121049,0.0038109674177652098,0.3651366257032973,0.4392038302536698,0.07406720455037252,0.030677001836694417,0.0005978933618546733,-0.030079108474839744,555,566,11,52,171,119
calibration,153314857-153314909-001,severe_dysplastic,20260804,nc_aware_lambda_0p10,gaussian_blur,3,0.772398260141002,0.7629826254303864,-0.009415634710615572,0.8673201051876643,0.8544487427466151,-0.01287136244104925,0.6774764150943396,0.6715165081141579,-0.005959906980181784,0.3651366257032973,0.4905166557641021,0.12538003006080478,0.030677001836694417,0.019010802122502057,-0.01166619971419236,555,602,47,52,234,182
calibration,153314956-153314978-003,severe_dysplastic,20260804,nc_aware_lambda_0p10,gaussian_blur,1,0.7992002409166769,0.7959598642539331,-0.0032403766627437935,0.9351422898742554,0.9323158593231586,-0.00282643055109677,0.6632581919590983,0.6596038691847075,-0.003654322774390817,0.32150415515584974,0.3497127596701972,0.02820860451434748,0.1831050325467355,0.19778293834382432,0.01467790579708883,388,404,16,215,254,39
calibration,153314956-153314985-002,severe_dysplastic,20260804,nc_aware_lambda_0p10,gaussian_blur,1,0.833787113275722,0.8342810733613557,0.0004939600856337378,0.9366466411796832,0.9343365253077975,-0.0023101158718856762,0.7309275853717607,0.734225621414914,0.003298036043153263,0.2641991004334514,0.3129046337299546,0.04870553329650318,0.07511459546431842,0.08964258047911977,0.014527985014801348,462,476,14,47,102,55
calibration,153314956-153314985-002,severe_dysplastic,20260804,nc_aware_lambda_0p10,gaussian_blur,2,0.833787113275722,0.8323295594118928,-0.0014575538638291752,0.9366466411796832,0.9283060410072932,-0.008340600172390022,0.7309275853717607,0.7363530778164924,0.005425492444731672,0.2641991004334514,0.4171156486375591,0.15291654820410772,0.07511459546431842,0.09725401714078108,0.022139421676462656,462,519,57,47,223,176
calibration,153314956-153314985-002,severe_dysplastic,20260804,nc_aware_lambda_0p10,gaussian_blur,3,0.833787113275722,0.824033676933037,-0.009753436342684996,0.9366466411796832,0.9202607127998891,-0.016385928379794135,0.7309275853717607,0.7278066410661848,-0.003120944305575968,0.2641991004334514,0.5167864313837907,0.25258733095033925,0.07511459546431842,0.11850069025719379,0.04338609479287536,462,575,113,47,345,298
calibration,153315615-153315629-001,severe_dysplastic,20260804,nc_aware_lambda_0p10,gaussian_noise,20,0.9080986776690891,0.9047808585700164,-0.003317819099072694,0.9673024523160763,0.9578438147892191,-0.009458637526857161,0.8488949030221019,0.8517179023508138,0.0028229993287118837,0.079442189622413,0.06243294623682416,-0.017009243385588846,0.020027525331050344,0.1441523504716049,0.12412482514055456,26,68,42,304,314,10
calibration,153654325-153654351-001,severe_dysplastic,20260804,nc_aware_lambda_0p10,gaussian_noise,20,0.6510760876272261,0.6517070246192055,0.0006309369919793584,0.9540072859744991,0.9453703703703704,-0.008636915604128714,0.3481448892799531,0.3580436788680406,0.009898789588087542,1.1381912204860398,1.1274319338895737,-0.010759286596466078,0.027248359340395045,0.08048101681888864,0.053232657478493595,142,214,72,3867,3550,-317
calibration,153654325-153654351-003,severe_dysplastic,20260804,nc_aware_lambda_0p10,gaussian_blur,1,0.8120682010609648,0.815289070300756,0.0032208692397912575,0.9197267292912041,0.9215686274509803,0.0018418981597762007,0.7044096728307254,0.7090095131505316,0.004599840319806203,0.26027016628906074,0.29442132016456357,0.03415115387550283,0.03455385386915555,0.04744920927895857,0.012895355409803022,376,368,-8,61,120,59
calibration,153654325-153654351-003,severe_dysplastic,20260804,nc_aware_lambda_0p10,gaussian_blur,2,0.8120682010609648,0.8121955871491747,0.00012738608820994646,0.9197267292912041,0.9160239931448158,-0.0037027361463883857,0.7044096728307254,0.7083671811535337,0.003957508322808279,0.26027016628906074,0.3774808690412166,0.11721070275215584,0.03455385386915555,0.06604988541089407,0.03149603154173852,376,392,16,61,239,178
calibration,153654325-153654351-003,severe_dysplastic,20260804,nc_aware_lambda_0p10,gaussian_blur,3,0.8120682010609648,0.8156937717868293,0.0036255707258645575,0.9197267292912041,0.9136968656075569,-0.006029863683647219,0.7044096728307254,0.7176906779661016,0.013281005135376223,0.26027016628906074,0.42641275999166894,0.1661425937026082,0.03455385386915555,0.06749040385440708,0.03293654998525153,376,402,26,61,322,261
calibration,153656862-153656891-001,light_dysplastic,20260804,nc_aware_lambda_0p10,gaussian_noise,20,0.8693919231089506,0.86408477917205,-0.005307143936900682,0.9030175649301907,0.894765080095041,-0.008252484835149732,0.8357662812877107,0.8334044782490589,-0.002361803038651744,0.05104009466787485,0.025472139139640193,-0.025567955528234654,0.2192499675120234,0.2652293076655842,0.04597934015356081,174,101,-73,927,847,-80
calibration,153656957-153656964-001,light_dysplastic,20260804,nc_aware_lambda_0p10,gaussian_noise,20,0.9110491907533347,0.9072137015617998,-0.0038354891915348688,0.9543256313809779,0.9500356887937188,-0.004289942587259121,0.8677727501256913,0.8643917143298809,-0.0033810357958103943,0.030422029935726458,0.029209855177847605,-0.0012121747578788533,0.16848367613138748,0.2774143461651688,0.10893067003378132,264,306,42,4834,4872,38
calibration,153657121-153657151-001,severe_dysplastic,20260804,nc_aware_lambda_0p10,gaussian_blur,1,0.8818586852190842,0.8777686014889154,-0.004090083730168725,0.9174233825198638,0.9133813762893882,-0.00404200623047557,0.8462939879183047,0.8421558266884427,-0.004138161229861992,0.22280704967429377,0.2323128777582889,0.009505828083995138,0.18864662137574428,0.23596338632893743,0.04731676495319315,522,551,29,933,953,20
calibration,153657327-153657363-002,light_dysplastic,20260804,nc_aware_lambda_0p10,gaussian_noise,20,0.9201448685182092,0.9231140509797331,0.0029691824615238893,0.9601200347469004,0.959603118355776,-0.000516916391124389,0.880169702289518,0.8866249836036902,0.006455281314172279,0.010766914172954167,0.010356407115436228,-0.00041050705751793926,0.2048277443283396,0.24808508621889247,0.04325734189055286,415,379,-36,4219,3961,-258
calibration,153657327-153657363-002,light_dysplastic,20260804,nc_aware_lambda_0p10,gaussian_noise,30,0.9201448685182092,0.9134870839669935,-0.006657784551215684,0.9601200347469004,0.9444310801058455,-0.01568895464105491,0.880169702289518,0.8825430878281415,0.0023733855386235403,0.010766914172954167,0.0012044515314496296,-0.009562462641504538,0.2048277443283396,0.3477809771649929,0.1429532328366533,415,607,192,4219,3587,-632
calibration,153657599-153657610-001,light_dysplastic,20260804,nc_aware_lambda_0p10,gaussian_noise,20,0.9070637546064141,0.9062575148639671,-0.0008062397424469792,0.9742821079204796,0.9754708023421428,0.001188694421663139,0.8398454012923485,0.8370442273857914,-0.0028011739065570973,0.12551207310491658,0.12770607803977496,0.0021940049348583845,0.09625653189043815,0.14018828366043956,0.043931751770001415,304,266,-38,4534,4686,152
calibration,153657599-153657610-001,light_dysplastic,20260804,nc_aware_lambda_0p10,gaussian_noise,30,0.9070637546064141,0.909465931972997,0.0024021773665828805,0.9742821079204796,0.9759477540618031,0.0016656461413234736,0.8398454012923485,0.8429841098841907,0.0031387085918421764,0.12551207310491658,0.10798236584851023,-0.017529707256406346,0.09625653189043815,0.1517015806064873,0.05544504871604916,304,184,-120,4534,4235,-299
calibration,153659229-153659243-001,severe_dysplastic,20260804,nc_aware_lambda_0p10,gaussian_noise,20,0.8785548163762742,0.8720248505690099,-0.006529965807264282,0.9401750972762646,0.9180576631259484,-0.022117434150316195,0.8169345354762838,0.8259920380120714,0.009057502535787632,0.05238373769118587,0.10812422793760451,0.05574049024641864,0.17619104132193553,0.024124171739029032,-0.1520668695829065,88,246,158,209,343,134
calibration,153659229-153659256-003,severe_dysplastic,20260804,nc_aware_lambda_0p10,gaussian_blur,2,0.8006637907306148,0.7918761709554998,-0.008787619775114996,0.9054109871953738,0.889589905362776,-0.015821081832597783,0.6959165942658557,0.6941624365482234,-0.0017541577176323209,0.3879583183105626,0.46187818002555014,0.07391986171498754,0.11741023571772546,0.12218830974038197,0.004778074022656509,420,507,87,442,566,124
calibration,153697342-153697366-002,moderate_dysplastic,20260804,nc_aware_lambda_0p10,gaussian_blur,2,0.8133057360433821,0.8045987704341346,-0.008706965609247441,0.9616013071895425,0.9562903060702221,-0.005311001119320369,0.6650101648972216,0.652907234798047,-0.012102930099174625,0.6890398550724637,0.7563756767208043,0.06733582164834062,0.08786821405611567,0.10865504993180986,0.020786835875694187,200,223,23,587,666,79
calibration,153697342-153697384-002,moderate_dysplastic,20260804,nc_aware_lambda_0p10,gaussian_blur,3,0.8830047204752999,0.8738313214774432,-0.00917339899785663,0.9625203693644758,0.9542709232096636,-0.008249446154812268,0.8034890715861239,0.7933917197452229,-0.010097351840900992,0.09288418955539957,0.09248605893041395,-0.00039813062498561536,0.0025579777768609535,0.044205255191886006,0.04164727741502505,247,180,-67,234,308,74
calibration,153697342-153697384-002,moderate_dysplastic,20260804,nc_aware_lambda_0p10,gaussian_noise,20,0.8830047204752999,0.8805262992449059,-0.00247842123039399,0.9625203693644758,0.9598165538327146,-0.0027038155317612445,0.8034890715861239,0.8012360446570973,-0.0022530269290266247,0.09288418955539957,0.11184926651640836,0.018965076961008798,0.0025579777768609535,0.04957405767856682,0.047016079901705865,247,294,47,234,292,58
calibration,153698259-153698268-002,moderate_dysplastic,20260804,nc_aware_lambda_0p10,gaussian_noise,20,0.9085965013241618,0.905142794752583,-0.0034537065715788406,0.9800383877159309,0.9764150943396226,-0.0036232933763082897,0.8371546149323927,0.8338704951655435,-0.0032841197668492805,0.1184467895923833,0.19558136236450174,0.07713457277211844,0.006179135171838324,0.06302177786070351,0.056842642688865186,44,78,34,160,171,11
calibration,153701139-153701158-004,moderate_dysplastic,20260804,nc_aware_lambda_0p10,gaussian_noise,20,0.8570952446018457,0.8541621626780519,-0.0029330819237938233,0.9714720426017497,0.9660288949629051,-0.00544314763884457,0.7427184466019418,0.7422954303931987,-0.00042301620874307666,0.3518649041915065,0.2712392041849182,-0.08062570000658831,0.023401288684016808,0.07052728180327883,0.04712599311926202,17,51,34,848,792,-56
calibration,153701139-153701158-005,moderate_dysplastic,20260804,nc_aware_lambda_0p10,gaussian_blur,2,0.8969970193133439,0.9022649484685632,0.005267929155219342,0.9629957899401729,0.9680017901096443,0.005006000169471392,0.8309982486865148,0.8365281068274822,0.005529858140967403,0.07094720274168675,0.119046070976225,0.04809886823453824,0.025852615919822797,0.0561300780546542,0.0302774621348314,79,123,44,84,159,75
calibration,153701139-153701158-005,moderate_dysplastic,20260804,nc_aware_lambda_0p10,gaussian_blur,3,0.8969970193133439,0.8974681348921026,0.00047111557875878507,0.9629957899401729,0.9643257796724254,0.0013299897322525123,0.8309982486865148,0.8306104901117799,-0.00038775857473494213,0.07094720274168675,0.1274051398980608,0.05645793715637404,0.025852615919822797,0.07984679130927808,0.05399417538945528,79,135,56,84,168,84
calibration,153702037-153702051-002,light_dysplastic,20260804,nc_aware_lambda_0p10,gaussian_blur,3,0.894199723544437,0.891440434169487,-0.002759289374949958,0.9671066714234748,0.961516369902355,-0.005590301521119834,0.8212927756653993,0.821364498436619,7.17227712196955e-05,0.03618282118364158,0.0673544752810501,0.03117165409740852,0.028356525713985947,0.059592567794810036,0.03123604208082409,405,492,87,79,231,152
calibration,153827595-153827604-002,severe_dysplastic,20260804,nc_aware_lambda_0p10,gaussian_noise,10,0.7696199692879118,0.7786686213086177,0.009048652020705927,0.870574800152265,0.8782642089093702,0.0076894087571052205,0.6686651384235585,0.6790730337078652,0.010407895284306745,0.28145359871817277,0.25544049252987877,-0.026013106188294,0.1090154184036114,0.1982486864021153,0.0892332679985039,680,634,-46,127,102,-25
calibration,153828952-153828980-001,severe_dysplastic,20260804,nc_aware_lambda_0p10,gaussian_blur,1,0.8620561889809912,0.8622065262299452,0.00015033724895396894,0.9732649203348637,0.9729583558680368,-0.0003065644668268641,0.7508474576271187,0.7514546965918537,0.000607238964735024,0.03996388290411934,0.10036512656820507,0.060401243664085724,0.02039571415077457,0.02560335168900929,0.005207637538234722,69,64,-5,74,120,46
calibration,153828952-153828980-001,severe_dysplastic,20260804,nc_aware_lambda_0p10,gaussian_blur,2,0.8620561889809912,0.864196458712442,0.0021402697314507613,0.9732649203348637,0.9728555917480999,-0.0004093285867637908,0.7508474576271187,0.7555373256767842,0.004689868049665535,0.03996388290411934,0.14797744876485042,0.10801356586073108,0.02039571415077457,0.02507679776098759,0.0046810836102130216,69,50,-19,74,152,78
calibration,153828952-153828980-001,severe_dysplastic,20260804,nc_aware_lambda_0p10,gaussian_blur,3,0.8620561889809912,0.8590197674019873,-0.0030364215790039673,0.9732649203348637,0.9696472518457753,-0.0036176684890883992,0.7508474576271187,0.7483922829581994,-0.0024551746689193132,0.03996388290411934,0.22164655068674044,0.1816826677826211,0.02039571415077457,0.04875065911059773,0.02835494495982316,69,23,-46,74,202,128
calibration,153828952-153828980-001,severe_dysplastic,20260804,nc_aware_lambda_0p10,gaussian_noise,10,0.8620561889809912,0.8694514646336271,0.007395275652635869,0.9732649203348637,0.9751434034416826,0.001878483106818929,0.7508474576271187,0.7637595258255715,0.012912068198452809,0.03996388290411934,0.07696095002070602,0.03699706711658668,0.02039571415077457,0.005743828407478779,-0.01465188574329579,69,27,-42,74,76,2
calibration,153828952-153828980-001,severe_dysplastic,20260804,nc_aware_lambda_0p10,gaussian_noise,20,0.8620561889809912,0.861894717925193,-0.00016147105579822352,0.9732649203348637,0.9665738161559888,-0.006691104178874863,0.7508474576271187,0.7572156196943973,0.006368162067278638,0.03996388290411934,0.12801099780087255,0.08804711489675321,0.02039571415077457,0.0796231409321223,0.059227426781347736,69,44,-25,74,70,-4
calibration,153828952-153828980-001,severe_dysplastic,20260804,nc_aware_lambda_0p10,gaussian_noise,30,0.8620561889809912,0.8566007126019455,-0.005455476379045754,0.9732649203348637,0.958710407239819,-0.01455451309504463,0.7508474576271187,0.7544910179640718,0.003643560336953122,0.03996388290411934,0.1511825666143196,0.11121868371020027,0.02039571415077457,0.25000034269655497,0.2296046285457804,69,98,29,74,52,-22
calibration,153828952-153829000-003,severe_dysplastic,20260804,nc_aware_lambda_0p10,gaussian_blur,1,0.9112255940091218,0.9097036792487436,-0.001521914760378218,0.9837415105988887,0.9829743589743589,-0.0007671516245297827,0.8387096774193549,0.8364329995231283,-0.002276677896226542,0.1797080085993401,0.20628738477015984,0.026579376170819735,0.07861807367245977,0.07391639801545202,-0.004701675657007742,25,9,-16,69,89,20
calibration,153828952-153829000-003,severe_dysplastic,20260804,nc_aware_lambda_0p10,gaussian_noise,10,0.9112255940091218,0.9012773438380418,-0.00994825017108003,0.9837415105988887,0.9794221575556017,-0.004319353043287011,0.8387096774193549,0.8231325301204819,-0.01557714729887294,0.1797080085993401,0.2203194690890964,0.04061146048975628,0.07861807367245977,0.05157725991288542,-0.027040813759574345,25,73,48,69,67,-2
calibration,153830261-153830340-001,severe_dysplastic,20260804,nc_aware_lambda_0p10,gaussian_blur,1,0.8293794599052448,0.8281820308718885,-0.0011974290333562898,0.9399550095172176,0.9387896653372637,-0.0011653441799538422,0.718803910293272,0.7175743964065132,-0.0012295138867587374,0.3820814616105017,0.5385189224395823,0.1564374608290806,0.17525156342891623,0.18057280341939996,0.005321239990483728,289,301,12,13,55,42
calibration,153830261-153830340-001,severe_dysplastic,20260804,nc_aware_lambda_0p10,gaussian_blur,2,0.8293794599052448,0.8203260354046913,-0.009053424500553464,0.9399550095172176,0.9347067039106145,-0.005248305606603054,0.718803910293272,0.7059453668987681,-0.012858543394503874,0.3820814616105017,0.8323761731752022,0.45029471156470047,0.17525156342891623,0.1977694139906896,0.022517850561773356,289,340,51,13,141,128
calibration,153830680-153830693-001,carcinoma_in_situ,20260804,nc_aware_lambda_0p10,gaussian_blur,2,0.7158690561579679,0.7104074149985198,-0.0054616411594481384,0.8768248175182481,0.8622782446311859,-0.014546572887062292,0.5549132947976878,0.5585365853658537,0.0036232905681659044,0.18042972040098437,0.22698623369976012,0.04655651329877575,0.14351566199936328,0.19371960138529676,0.05020393938593348,8,92,84,47,36,-11
calibration,153830680-153830693-001,carcinoma_in_situ,20260804,nc_aware_lambda_0p10,gaussian_blur,3,0.7158690561579679,0.7103171761012792,-0.005551880056688718,0.8768248175182481,0.8512061141628852,-0.02561870335536298,0.5549132947976878,0.5694282380396732,0.014514943241985434,0.18042972040098437,0.5362935862099136,0.35586386580892926,0.14351566199936328,0.1983455447961069,0.05482988279674361,8,189,181,47,110,63
calibration,153831471-153831486-004,carcinoma_in_situ,20260804,nc_aware_lambda_0p10,gaussian_blur,1,0.8496285891684789,0.8422950791661226,-0.00733351000235638,0.9538544329342123,0.9506452042038047,-0.0032092287304076317,0.7454027454027454,0.7339449541284404,-0.011457791274305018,0.08312568775329465,0.1772459398398214,0.09412025208652675,0.0952074187104841,0.20389414289926922,0.10868672418878511,43,127,84,61,107,46
calibration,153831471-153831486-004,carcinoma_in_situ,20260804,nc_aware_lambda_0p10,gaussian_noise,10,0.8496285891684789,0.8409704304888381,-0.008658158679640815,0.9538544329342123,0.9408341416100873,-0.013020291324125077,0.7454027454027454,0.741106719367589,-0.004296026035156442,0.08312568775329465,0.1966528914210428,0.11352720366774816,0.0952074187104841,0.14811973308809145,0.05291231437760735,43,173,130,61,126,65
calibration,153916001-153916020-001,severe_dysplastic,20260804,nc_aware_lambda_0p10,gaussian_noise,20,0.8686585787278158,0.8646288238891382,-0.004029754838677624,0.9549033643521833,0.965204784342153,0.010301419989969696,0.7824137931034483,0.7640528634361233,-0.018360929667324943,0.43792929974600914,0.4744039411418177,0.03647464139580858,0.040965514956811555,0.003929072310479009,-0.037036442646332546,248,178,-70,1020,1145,125
calibration,153916001-153916020-001,severe_dysplastic,20260804,nc_aware_lambda_0p10,gaussian_noise,30,0.8686585787278158,0.862894790810325,-0.00576378791749077,0.9549033643521833,0.9695515777818786,0.014648213429695356,0.7824137931034483,0.7562380038387716,-0.026175789264676674,0.43792929974600914,0.4014120721046268,-0.03651722764138232,0.040965514956811555,0.08306291655811071,0.042097401601299156,248,79,-169,1020,1089,69
calibration,153916001-153916020-003,severe_dysplastic,20260804,nc_aware_lambda_0p10,gaussian_blur,2,0.8350859657674929,0.831525577956189,-0.0035603878113039666,0.9514875368533905,0.9390567037625861,-0.012430833090804394,0.7186843946815955,0.723994452149792,0.005310057468196461,0.41202602196517,0.41005905546932153,-0.001966966495848488,0.04538716669595466,0.09789495412767502,0.052507787431720354,175,218,43,1424,1372,-52
calibration,153916675-153916684-001,moderate_dysplastic,20260804,nc_aware_lambda_0p10,gaussian_blur,2,0.938048016541897,0.9320797324363959,-0.005968284105501098,0.9537221233378704,0.9441686087749519,-0.00955351456291853,0.9223739097459234,0.9199908560978397,-0.002383053648083666,0.019190278525681947,0.008425899931289338,-0.01076437859439261,0.1883615972853213,0.2838898662622802,0.09552826897695887,472,164,-308,94,152,58
calibration,153956444-153956458-002,normal_columnar,20260804,nc_aware_lambda_0p10,gaussian_blur,3,0.8226835319348473,0.8190862376290402,-0.0035972943058071305,0.9575525812619503,0.944640753828033,-0.012911827433917278,0.6878144826077445,0.6935317214300475,0.005717238822303017,0.37663246073473705,0.22480137957182428,-0.15183108116291277,0.07164289641210153,0.11825517592621915,0.046612279514117616,25,43,18,1333,1065,-268
calibration,157183193-157183241-001,normal_superficiel,20260804,nc_aware_lambda_0p10,gaussian_blur,3,0.9387918561062111,0.9383991123086179,-0.0003927437975931314,0.9217970049916805,0.9254901960784314,0.0036931910867509243,0.9557867072207417,0.9513080285388045,-0.004478678681937187,0.0012197568866944997,0.0004154756628093406,-0.0008042812238851591,0.18630012156446563,0.23716419520881238,0.05086407364434675,82,9,-73,69,2109,2040
calibration,157185433-157185479-001,normal_columnar,20260804,nc_aware_lambda_0p10,gaussian_noise,30,0.8346062855527935,0.834158357346602,-0.00044792820619143914,0.9156218231108099,0.8808330119552642,-0.03478881115554566,0.7535907479947771,0.78748370273794,0.033892954743162895,0.075533447772138,0.19338078305937634,0.11784733528723834,0.1641848210821374,0.2457630672294558,0.0815782461473184,225,133,-92,769,777,8
calibration,157185527-157185540-003,normal_columnar,20260804,nc_aware_lambda_0p10,gaussian_blur,3,0.8837372017451219,0.8776271459595076,-0.006110055785614299,0.9541813521307273,0.9551365409622887,0.0009551888315614265,0.8132930513595166,0.8001177509567265,-0.013175300402790024,0.05333174917974359,0.12258618950034617,0.06925444032060257,0.0574654795599574,0.09588318080641733,0.038417701246459934,25,20,-5,120,207,87
calibration,157185781-157185814-002,normal_columnar,20260804,nc_aware_lambda_0p10,gaussian_noise,20,0.5924588414164933,0.6020978929248301,0.009639051508336771,0.5973305140742698,0.6117872282237112,0.014456714149441385,0.5875871687587169,0.5924085576259489,0.004821388867232046,0.17741368006318559,0.1394549034749646,-0.037958776588221,0.11456704458001937,0.19632270269235363,0.08175565811233426,3017,2763,-254,3446,3596,150
calibration,157222534-157223349-001,normal_intermediate,20260804,nc_aware_lambda_0p10,gaussian_noise,20,0.9415473185829295,0.940661920375816,-0.0008853982071135302,0.9475728155339805,0.9444807315480078,-0.0030920839859727156,0.9355218216318786,0.9368431092036242,0.0013212875717456551,0.00010547090815997417,0.0003317053703566636,0.0002262344621966894,0.04286728882696533,0.09130682528577305,0.04843953645880772,11,3,-8,470,195,-275
calibration,157223321-157223328-001,normal_intermediate,20260804,nc_aware_lambda_0p10,gaussian_noise,30,0.9062411434144958,0.9128763563758713,0.006635212961375481,0.9193027759845062,0.934768841038632,0.015466065054125844,0.8931795108444854,0.8909838717131106,-0.0021956391313748824,0.0042502824824946685,0.003699524751297487,-0.0005507577311971816,0.1610518807174588,0.20762763198411216,0.046575751266653365,117,87,-30,7838,7683,-155
calibration,157224297-157224336-001,normal_superficiel,20260804,nc_aware_lambda_0p10,gaussian_noise,30,0.9139835715912503,0.9120262622995218,-0.0019573092917285484,0.9438339438339438,0.9419588875453446,-0.0018750562885991862,0.8841331993485568,0.8820936370536989,-0.0020395622948579106,0.0023671391720177983,0.0027425927525948704,0.0003754535805770721,0.1436312338035205,0.19156551477485495,0.04793428097133445,48,64,16,10733,11431,698
calibration,204870815-204870836-002,moderate_dysplastic,20260804,nc_aware_lambda_0p10,gaussian_blur,3,0.6010888810176388,0.609924308343332,0.008835427325693201,0.8208684167079412,0.8142644873699851,-0.00660392933795606,0.38130934532733635,0.4055841293166789,0.024274783989342574,0.33429072203314547,0.3883747922732861,0.054084070240140614,0.13169545083641887,0.0512773698335357,-0.08041808100288317,895,895,0,150,69,-81
calibration,209047881-209048017-001,normal_superficiel,20260804,nc_aware_lambda_0p10,gaussian_noise,20,0.4260149395118657,0.42137510144309737,-0.004639838068768332,0.12291933418693982,0.11827515400410678,-0.004644180182833038,0.7291105448367916,0.7244750488820879,-0.0046354959547036945,0.13115293906145173,0.13736131379416777,0.006208374732716043,0.5230468172150218,0.5635835474592104,0.04053673024418858,6165,6441,276,9820,9751,-69
calibration,209047881-209048017-001,normal_superficiel,20260804,nc_aware_lambda_0p10,gaussian_noise,30,0.4260149395118657,0.4238700603861985,-0.0021448791256671873,0.12291933418693982,0.11832374691865243,-0.0045955872682873905,0.7291105448367916,0.7294163738537446,0.00030582901695297426,0.13115293906145173,0.13947246799301424,0.008319528931562514,0.5230468172150218,0.5793413538294162,0.05629453661439443,6165,6438,273,9820,9089,-731
calibration,148494967-148494986-001,light_dysplastic,20260805,baseline,gaussian_noise,30,0.8283772595053169,0.8343759689619955,0.005998709456678575,0.9471301299839345,0.9445814594516175,-0.002548670532316999,0.7096243890266993,0.7241704784723735,0.014546089445674149,0.12996948803974975,0.12530967928215156,-0.004659808757598194,0.03591871562842519,0.08404157925588462,0.04812286362745943,202,294,92,19261,18525,-736
calibration,148497551-148497625-001,light_dysplastic,20260805,baseline,gaussian_noise,10,0.93709304092669,0.9321567544528944,-0.004936286473795626,0.9495879786718371,0.9475084663763909,-0.0020795122954462286,0.924598103181543,0.9168050425293978,-0.007793060652145245,0.05926136881731042,0.06547063589915803,0.0062092670818476026,0.1930263910612925,0.2414622109793254,0.04843581991803292,394,410,16,1744,1969,225
calibration,148497676-148497718-001,light_dysplastic,20260805,baseline,gaussian_noise,20,0.9131247221867782,0.9045698083109173,-0.008554913875860937,0.9364440868865648,0.9340659340659341,-0.0023781528206306968,0.8898053574869917,0.8750736825559005,-0.014731674931091288,0.051832440475574504,0.0650841423706563,0.013251701895081791,0.17113735160768984,0.2765991713205752,0.10546181971288537,460,464,4,737,1235,498
calibration,148710162-148710195-001,light_dysplastic,20260805,baseline,gaussian_noise,10,0.7381554708833991,0.7468725691564844,0.00871709827308531,0.7634714752715386,0.7772679874869656,0.013796512215426993,0.7128394664952595,0.716477150826003,0.003637684330743518,0.04978723421816805,0.04239338744315718,-0.0073938467750108705,0.38788649213753085,0.4388665763854068,0.05098008424787598,2243,2136,-107,5244,5294,50
calibration,148848523-148848538-001,moderate_dysplastic,20260805,baseline,gaussian_noise,20,0.8560790445543627,0.8583133164107652,0.00223427185640257,0.9556219330061874,0.9562534435261708,0.000631510519983447,0.756536156102538,0.7603731892953597,0.0038370331928216928,0.32485600243849877,0.137917711010338,-0.18693829142816076,0.007150424314689374,0.10644364664820438,0.09929322233351501,342,43,-299,769,464,-305
calibration,148848523-148848559-003,moderate_dysplastic,20260805,baseline,gaussian_blur,3,0.7955908152251853,0.8044450155831542,0.008854200357968911,0.8873981792046,0.8957085828343313,0.008310403629731344,0.7037834512457706,0.7131814483319772,0.009397997086206589,0.07442567560777241,0.10788439162228669,0.03345871601451428,0.020905132571305662,0.031462595496309476,0.010557462925003813,460,294,-166,1891,1970,79
calibration,148881675-148881704-001,light_dysplastic,20260805,baseline,gaussian_noise,20,0.867519985456551,0.8725672134551017,0.0050472279985507296,0.8449037106622828,0.8598398169336384,0.014936106271355665,0.890136260250819,0.8852946099765651,-0.0048416502742539835,0.09002798563635289,0.08462996142153029,-0.005398024214822605,0.22390287146551413,0.2742722346378562,0.050369363172342085,1579,1422,-157,2575,2706,131
calibration,148881675-148881704-001,light_dysplastic,20260805,baseline,gaussian_noise,30,0.867519985456551,0.8650614478352154,-0.0024585376213355215,0.8449037106622828,0.841369019863844,-0.003534690798438711,0.890136260250819,0.8887538758065868,-0.0013823844442322208,0.09002798563635289,0.09578726736131471,0.005759281724961818,0.22390287146551413,0.3415984872218305,0.11769561575631637,1579,1657,78,2575,2766,191
calibration,148882307-148882447-001,light_dysplastic,20260805,baseline,gaussian_noise,10,0.7861216544656747,0.7910205454139516,0.0048988909482768905,0.91759409778667,0.9196787148594378,0.002084617072767747,0.6546492111446794,0.6623623759684654,0.007713164823785923,0.05355460964765932,0.059037313659882046,0.005482704012222728,0.16274107070618749,0.220584591454262,0.05784352074807453,639,610,-29,590,952,362
calibration,148882307-148882447-001,light_dysplastic,20260805,baseline,gaussian_noise,20,0.7861216544656747,0.7947568500455419,0.008635195579867139,0.91759409778667,0.9155811623246493,-0.0020129354620207485,0.6546492111446794,0.6739325377664345,0.019283326621755026,0.05355460964765932,0.06966731075077418,0.016112701103114857,0.16274107070618749,0.2539441614378751,0.09120309073168764,639,626,-13,590,1386,796
calibration,148882307-148882447-001,light_dysplastic,20260805,baseline,gaussian_noise,30,0.7861216544656747,0.7846049476291943,-0.0015167068364804193,0.91759409778667,0.9307436749297214,0.013149577143051427,0.6546492111446794,0.6384662203286671,-0.016182990816012377,0.05355460964765932,0.04610763660302833,-0.007446973044630989,0.16274107070618749,0.46061549610700486,0.2978744254008174,639,468,-171,590,806,216
calibration,148882535-148882616-002,light_dysplastic,20260805,baseline,gaussian_noise,20,0.821045702435008,0.817183192348512,-0.0038625100864959627,0.8100887249526468,0.8170940170940171,0.007005292141370245,0.8320026799173692,0.8172723676030068,-0.014730312314362393,0.38571281359102066,0.39707427320633,0.011361459615309322,0.11108366979025786,0.16143758006933973,0.05035391027908187,1905,1819,-86,2633,2851,218
calibration,148882535-148882616-002,light_dysplastic,20260805,baseline,gaussian_noise,30,0.821045702435008,0.8228471743727562,0.0018014719377482669,0.8100887249526468,0.8275791832162135,0.017490458263566655,0.8320026799173692,0.818115165529299,-0.013887514388070232,0.38571281359102066,0.3761439352364055,-0.009568878354615173,0.11108366979025786,0.21951886914779828,0.10843519935754042,1905,1693,-212,2633,2813,180
calibration,148883900-148883907-001,light_dysplastic,20260805,baseline,gaussian_noise,10,0.8977307298358508,0.8924659908065042,-0.0052647390293465435,0.9405304600082884,0.9386394416085009,-0.0018910183997875585,0.854930999663413,0.8462925400045076,-0.008638459658905417,0.06563147522908552,0.06467963566873214,-0.0009518395603533847,0.013072501134358538,0.06239923570943162,0.04932673457507308,254,201,-53,610,688,78
calibration,148883900-148883907-001,light_dysplastic,20260805,baseline,gaussian_noise,20,0.8977307298358508,0.8984050050699587,0.0006742752341079017,0.9405304600082884,0.9467928496319663,0.0062623896236778664,0.854930999663413,0.8500171605079511,-0.004913839155461952,0.06563147522908552,0.07240009497811117,0.0067686197490256506,0.013072501134358538,0.12005946099057951,0.10698695985622098,254,112,-142,610,954,344
calibration,148883900-148883907-001,light_dysplastic,20260805,baseline,gaussian_noise,30,0.8977307298358508,0.893938465081295,-0.003792264754555741,0.9405304600082884,0.9515699840340607,0.01103952402577224,0.854930999663413,0.8363069461285294,-0.01862405353488361,0.06563147522908552,0.06991801461634728,0.004286539387261756,0.013072501134358538,0.08591934248267119,0.07284684134831265,254,3,-251,610,1117,507
calibration,148884702-148884710-001,light_dysplastic,20260805,baseline,gaussian_noise,20,0.5230395131648403,0.5199234546517745,-0.0031160585130658447,0.3595075239398085,0.35809247243522846,-0.001415051504580045,0.6865715023898721,0.6817544368683205,-0.004817065521551589,0.5798507695999848,0.5811422457117797,0.0012914761117949203,0.12554601545694988,0.1781370503673212,0.052591034910371315,14022,14131,109,9828,9719,-109
calibration,148884702-148884710-001,light_dysplastic,20260805,baseline,gaussian_noise,30,0.5230395131648403,0.5198256310689702,-0.0032138820958701464,0.3595075239398085,0.35856175280694574,-0.0009457711328627605,0.6865715023898721,0.6810895093309945,-0.005481993058877532,0.5798507695999848,0.5921792376154388,0.012328468015453953,0.12554601545694988,0.20214476847616808,0.0765987530192182,14022,14091,69,9828,10187,359
calibration,149014631-149014646-002,moderate_dysplastic,20260805,baseline,gaussian_noise,30,0.8674686151517261,0.8690922776909167,0.0016236625391905513,0.89306640625,0.9306101073579471,0.037543701107947136,0.8418708240534521,0.8075744480238862,-0.03429637602956592,0.09945350063898961,0.06965225997862085,-0.029801240660368766,0.0011961921848714363,0.06796435475522555,0.06676816257035412,292,15,-277,1115,1409,294
calibration,149014631-149014654-002,moderate_dysplastic,20260805,baseline,gaussian_blur,2,0.9098019457208812,0.9103914236053001,0.0005894778844188764,0.9663372009740725,0.9619198160655267,-0.004417384908545818,0.8532666904676901,0.8588630311450736,0.00559634067738346,0.009004111688463823,0.057549632328083744,0.04854552063961992,0.0025148952087225007,0.04468896832403957,0.04217407311531707,37,59,22,1,235,234
calibration,149014631-149014654-002,moderate_dysplastic,20260805,baseline,gaussian_blur,3,0.9098019457208812,0.9061901031165694,-0.003611842604311799,0.9663372009740725,0.9575267263796591,-0.00881047459441342,0.8532666904676901,0.8548534798534798,0.0015867893857897108,0.009004111688463823,0.08268635571884364,0.07368224403037982,0.0025148952087225007,0.06054797812029644,0.05803308291157394,37,96,59,1,334,333
calibration,149053341-149053350-002,moderate_dysplastic,20260805,baseline,gaussian_noise,20,0.8980319143837205,0.8948819451475697,-0.0031499692361508513,0.9562563580874873,0.9626120358514725,0.006355677763985157,0.8398074706799539,0.8271518544436669,-0.01265561623628697,0.05220848966317537,0.08192544181895167,0.0297169521557763,0.05634674129509809,0.06429503985444285,0.007948298559344757,328,274,-54,107,568,461
calibration,149053341-149053350-002,moderate_dysplastic,20260805,baseline,gaussian_noise,30,0.8980319143837205,0.890427963334093,-0.007603951049627522,0.9562563580874873,0.9635825505083001,0.007326192420812783,0.8398074706799539,0.8172733761598858,-0.02253409452006805,0.05220848966317537,0.10106471333373657,0.048856223670561194,0.05634674129509809,0.06692359588969088,0.010576854594592788,328,235,-93,107,848,741
calibration,149054642-149054677-002,light_dysplastic,20260805,baseline,gaussian_noise,20,0.8225155086074223,0.8213075426770942,-0.0012079659303281254,0.8175459049839697,0.8132221734678953,-0.004323731516074458,0.827485112230875,0.8293929118862929,0.0019077996554179855,0.2095307532107193,0.20603299904160177,-0.0034977541691175174,0.3333473060552626,0.4139046015918529,0.0805572955365903,1252,1277,25,3142,2841,-301
calibration,149054642-149054677-002,light_dysplastic,20260805,baseline,gaussian_noise,30,0.8225155086074223,0.8278304983875515,0.005314989780129231,0.8175459049839697,0.8452465539292312,0.027700648945261475,0.827485112230875,0.8104144428458718,-0.017070669385003123,0.2095307532107193,0.1899801176641944,-0.01955063554652489,0.3333473060552626,0.4200979044092997,0.08675059835403715,1252,1077,-175,3142,2859,-283
calibration,149056545-149056555-001,severe_dysplastic,20260805,baseline,gaussian_noise,30,0.8916036781343891,0.8863335136578885,-0.005270164476500638,0.950162074554295,0.9477596531075779,-0.0024024214467170957,0.8330452817144832,0.8249073742081989,-0.008137907506284292,0.02459833144029322,0.04608186964703154,0.021483538206738317,0.014487910510023294,0.12036608086316292,0.10587817035313962,196,103,-93,157,155,-2
calibration,149056785-149056797-003,severe_dysplastic,20260805,baseline,gaussian_blur,3,0.9061690808443167,0.909627556651025,0.0034584758067083277,0.9635339460420991,0.948733786287832,-0.014800159754267073,0.8488042156465343,0.870521327014218,0.021717111367683728,0.05598797075603934,0.08293092646106137,0.02694295570502203,0.012150845324847559,0.01190445243829219,-0.00024639288655536884,19,116,97,174,167,-7
calibration,149056785-149056797-004,severe_dysplastic,20260805,baseline,gaussian_blur,2,0.8892453244519269,0.8823787255019518,-0.0068665989499751,0.9674157303370786,0.961082910321489,-0.0063328200155896575,0.8110749185667753,0.8036745406824147,-0.007400377884360543,0.05924554828688444,0.1259052303609275,0.06665968207404305,0.014986695803352323,0.0017677553963794113,-0.013218940406972912,84,98,14,26,152,126
calibration,149056785-149056797-004,severe_dysplastic,20260805,baseline,gaussian_noise,10,0.8892453244519269,0.8822341222079909,-0.007011202243936032,0.9674157303370786,0.9561752988047809,-0.011240431532297701,0.8110749185667753,0.8082929456112009,-0.0027819729555743633,0.05924554828688444,0.09856003991107021,0.039314491624185766,0.014986695803352323,0.06348593118475154,0.04849923538139922,84,130,46,26,56,30
calibration,149056933-149056945-002,severe_dysplastic,20260805,baseline,gaussian_blur,2,0.810867625819587,0.8132882747501033,0.0024206489305163004,0.9070229283264127,0.9064981949458484,-0.0005247333805643573,0.7147123233127612,0.7200783545543584,0.00536603124159718,0.12925073212542548,0.16273372202175707,0.03348298989633158,0.07114909393988567,0.09222369647721451,0.021074602537328846,515,514,-1,173,91,-82
calibration,149056933-149056945-002,severe_dysplastic,20260805,baseline,gaussian_blur,3,0.810867625819587,0.8131494535319186,0.002281827712331541,0.9070229283264127,0.9032724642921715,-0.0037504640342412854,0.7147123233127612,0.7230264427716657,0.008314119458904479,0.12925073212542548,0.19571161234542067,0.06646088021999519,0.07114909393988567,0.09820615245939601,0.027057058519510346,515,523,8,173,15,-158
calibration,149057812-149057847-006,moderate_dysplastic,20260805,baseline,gaussian_noise,20,0.9082823384677335,0.9016243299723141,-0.006658008495419421,0.9289827255278311,0.9210740439381611,-0.007908681589670064,0.887581951407636,0.8821746160064673,-0.005407335401168667,0.004064920649474835,0.03750803639188677,0.03344311574241193,0.11825282105903656,0.02108224135255199,-0.09717057970648457,159,199,40,512,36,-476
calibration,149058170-149058202-001,severe_dysplastic,20260805,baseline,gaussian_blur,1,0.8210995803066884,0.8190309068836471,-0.0020686734230412895,0.9146768545049347,0.9091488683455531,-0.005527986159381659,0.727522306108442,0.7289129454217411,0.0013906393132990802,0.39749103867254565,0.43370814825587645,0.0362171095833308,0.13361033965175306,0.11914540985068856,-0.014464929801064508,432,440,8,301,364,63
calibration,149058170-149058202-002,severe_dysplastic,20260805,baseline,gaussian_noise,20,0.9255683025670713,0.9180818960770061,-0.007486406490065267,0.9681442777684139,0.9621621621621622,-0.0059821156062517256,0.8829923273657289,0.87400162999185,-0.008990697373878809,0.1135130097437379,0.0832821612534157,-0.030230848490322204,0.006715848807184122,0.09332761807789669,0.08661176927071257,85,98,13,284,163,-121
calibration,149060932-149060940-001,moderate_dysplastic,20260805,baseline,gaussian_noise,20,0.903229060395774,0.911077039551323,0.007847979155549023,0.9299794412867336,0.9438095238095238,0.013830082522790166,0.8764786795048143,0.8783445552931223,0.0018658757883079913,0.06949948616763735,0.04822163683139835,-0.021277849336238996,0.08814599933117107,0.15373771867138575,0.06559171934021468,579,448,-131,1508,795,-713
calibration,149060932-149060940-001,moderate_dysplastic,20260805,baseline,gaussian_noise,30,0.903229060395774,0.9078432829331644,0.004614222537390411,0.9299794412867336,0.9505649717514124,0.020585530464678814,0.8764786795048143,0.8651215941149163,-0.011357085389897992,0.06949948616763735,0.03448759722426781,-0.03501188894336954,0.08814599933117107,0.1316972319989116,0.043551232667740525,579,352,-227,1508,431,-1077
calibration,149061221-149061289-001,severe_dysplastic,20260805,baseline,gaussian_noise,20,0.7004169489468636,0.6948093697827564,-0.005607579164107146,0.8057223144718355,0.8110053998457187,0.005283085373883223,0.5951115834218916,0.578613339719794,-0.016498243702097626,0.9111186078038134,0.9531592579248611,0.04204065012104774,0.09778913133087941,0.10496033125966509,0.0071711999287856765,1521,1470,-51,2237,2355,118
calibration,149061221-149061289-001,severe_dysplastic,20260805,baseline,gaussian_noise,30,0.7004169489468636,0.7067999600526076,0.006383011105744019,0.8057223144718355,0.8237292565007187,0.0180069420288832,0.5951115834218916,0.5898706636044966,-0.005240919817395051,0.9111186078038134,0.9515511081994734,0.04043250039566004,0.09778913133087941,0.10935576526115942,0.011566633930280013,1521,1345,-176,2237,2433,196
calibration,149061666-149061683-003,moderate_dysplastic,20260805,baseline,gaussian_noise,30,0.906500701041298,0.9123563123873006,0.005855611346002654,0.9068687362503055,0.9223813112283346,0.015512574978029048,0.9061326658322904,0.9023313135462668,-0.0038013522860235183,0.08981180789198101,0.05289325551155555,-0.03691855238042546,0.10620229836388628,0.1920980404268693,0.085895742062983,381,271,-110,116,33,-83
calibration,149096505-149096567-001,moderate_dysplastic,20260805,baseline,gaussian_blur,2,0.41272380293211425,0.4118259831643828,-0.0008978197677314559,0.3397826663132786,0.32544224765868884,-0.014340418654589737,0.4856649395509499,0.49820971867007674,0.012544779119126825,0.1384213257600734,0.1342520141108277,-0.004169311649245694,0.4210861441375262,0.5778755343629498,0.1567893902254236,1260,1118,-142,2782,3157,375
calibration,149096505-149096567-001,moderate_dysplastic,20260805,baseline,gaussian_blur,3,0.41272380293211425,0.42214925018628513,0.009425447254170882,0.3397826663132786,0.32221796345981857,-0.017564702853460012,0.4856649395509499,0.5220805369127517,0.03641559736180178,0.1384213257600734,0.1316841921681313,-0.006737133591942113,0.4210861441375262,0.5373909394156553,0.11630479527812909,1260,979,-281,2782,3632,850
calibration,149096505-149096567-001,moderate_dysplastic,20260805,baseline,gaussian_noise,20,0.41272380293211425,0.40928767698825474,-0.0034361259438595027,0.3397826663132786,0.343001971275697,0.003219304962418401,0.4856649395509499,0.4755733827008125,-0.010091556850137406,0.1384213257600734,0.1687218011315802,0.03030047537150679,0.4210861441375262,0.4395317696042593,0.018445625466733118,1260,1704,444,2782,3001,219
calibration,149097594-149097661-001,moderate_dysplastic,20260805,baseline,gaussian_noise,30,0.8879066707578941,0.8976570896357601,0.009750418877865985,0.8648130393096836,0.8815480844409695,0.016735045131285986,0.9110003022061046,0.9137660948305506,0.002765792624445984,0.0597094842080598,0.05727063682397329,-0.0024388473840865066,0.21565753267439547,0.2645082249149483,0.04885069224055283,705,606,-99,432,731,299
calibration,149098972-149098988-001,severe_dysplastic,20260805,baseline,gaussian_noise,10,0.8464640234034888,0.849182035985518,0.0027180125820291945,0.8764278296988577,0.8801431127012522,0.0037152830023945427,0.8165002171081198,0.8182209592697839,0.0017207421616640683,0.12044421924595022,0.07463240971884716,-0.045811809527103065,0.03937497307178395,0.11077770947644255,0.0714027364046586,148,40,-108,1075,977,-98
calibration,149099680-149099714-001,moderate_dysplastic,20260805,baseline,gaussian_noise,10,0.9258540046181336,0.9305311741443975,0.004677169526263847,0.9257771828052953,0.9332528848329437,0.0074757020276483566,0.925930826430972,0.9278094634558512,0.0018786370248792261,0.0617015576214095,0.049909968337327415,-0.011791589284082082,0.07488348557663682,0.1317865069242149,0.056903021347578076,886,699,-187,785,702,-83
calibration,149099680-149099714-001,moderate_dysplastic,20260805,baseline,gaussian_noise,20,0.9258540046181336,0.9253387231102399,-0.0005152815078937056,0.9257771828052953,0.9281676339790458,0.002390451173750474,0.925930826430972,0.9225098122414341,-0.0034210141895378854,0.0617015576214095,0.053687446980540565,-0.008014110640868932,0.07488348557663682,0.35092542797998555,0.27604194240334873,886,707,-179,785,866,81
calibration,149101620-149101650-003,moderate_dysplastic,20260805,baseline,gaussian_blur,2,0.8369153720763359,0.8323333572009366,-0.004582014875399332,0.9260664946105966,0.9254996971532404,-0.0005667974573562162,0.7477642495420752,0.7391670172486328,-0.008597232293442447,0.2036791819115965,0.22656291707968823,0.022883735168091723,0.08975287224110196,0.18289245159995682,0.09313957935885486,171,154,-17,1073,1300,227
calibration,149101620-149101650-003,moderate_dysplastic,20260805,baseline,gaussian_blur,3,0.8369153720763359,0.8286886259078976,-0.008226746168438326,0.9260664946105966,0.9276837849977542,0.0016172903871575217,0.7477642495420752,0.729693466818041,-0.018070782724034173,0.2036791819115965,0.2324746824287417,0.02879550051714519,0.08975287224110196,0.027205798060391473,-0.06254707418071048,171,79,-92,1073,1481,408
calibration,149101620-149101650-003,moderate_dysplastic,20260805,baseline,gaussian_noise,10,0.8369153720763359,0.8389121807382127,0.001996808661876792,0.9260664946105966,0.9309408926417371,0.004874398031140426,0.7477642495420752,0.7468834688346884,-0.0008807807073868412,0.2036791819115965,0.18811558529207217,-0.015563596619524334,0.08975287224110196,0.15304829127623798,0.06329541903513602,171,126,-45,1073,1017,-56
calibration,149101894-149101909-001,severe_dysplastic,20260805,baseline,gaussian_noise,20,0.8558291713131547,0.8630444800825822,0.007215308769427442,0.9334059154418436,0.9211045364891519,-0.012301378952691677,0.778252427184466,0.8049844236760124,0.02673199649154645,0.013629574309185988,0.13855529392714738,0.1249257196179614,0.1938585974126295,0.07566457870356791,-0.1181940187090616,273,168,-105,309,609,300
calibration,149101894-149101909-002,severe_dysplastic,20260805,baseline,gaussian_blur,2,0.6983468830675217,0.702334735732395,0.003987852664873337,0.8744588744588745,0.8801159000362188,0.005657025577344266,0.5222348916761688,0.5245535714285714,0.0023186797524026304,1.3759645544076682,1.4203853589106281,0.04442080450295993,0.03114784460241604,0.033806061606225346,0.0026582170038093045,150,161,11,584,622,38
calibration,149101894-149101909-002,severe_dysplastic,20260805,baseline,gaussian_blur,3,0.6983468830675217,0.7032633899532774,0.004916506885755734,0.8744588744588745,0.8807874589865111,0.006328584527636627,0.5222348916761688,0.5257393209200438,0.0035044292438750624,1.3759645544076682,1.4643980247525776,0.08843347034490945,0.03114784460241604,0.044045889956773165,0.012898045354357124,150,179,29,584,656,72
calibration,149101894-149101909-002,severe_dysplastic,20260805,baseline,gaussian_noise,10,0.6983468830675217,0.6891846956162544,-0.00916218745126729,0.8744588744588745,0.856822429906542,-0.017636444552332486,0.5222348916761688,0.5215469613259669,-0.0006879303502018708,1.3759645544076682,1.5064154892726322,0.13045093486496406,0.03114784460241604,0.30253907912643124,0.2713912345240152,150,247,97,584,640,56
calibration,149101894-149101909-003,severe_dysplastic,20260805,baseline,gaussian_noise,10,0.9515510376348162,0.9519638714743999,0.0004128338395836817,0.9502141327623126,0.9512587038028923,0.001044571040579756,0.9528879425073197,0.9526690391459075,-0.00021890336141217048,0.04448139454007999,0.043152680652680686,-0.001328713887399302,0.031786260619436124,0.09469681133208385,0.06291055071264773,174,176,2,231,200,-31
calibration,149102510-149102519-002,moderate_dysplastic,20260805,baseline,gaussian_blur,2,0.8006900101336154,0.7911995164406471,-0.009490493692968283,0.8369166229680126,0.8123159303882196,-0.024600692579793026,0.7644633972992182,0.7700831024930748,0.005619705193856572,0.16098942664739663,0.20595999253746178,0.04497056589006515,0.025260020493534818,0.011741457172303571,-0.013518563321231247,622,701,79,103,82,-21
calibration,149102510-149102519-002,moderate_dysplastic,20260805,baseline,gaussian_noise,10,0.8006900101336154,0.8019156338153255,0.0012256236817100863,0.8369166229680126,0.8396547214229663,0.0027380984549536524,0.7644633972992182,0.7641765462076846,-0.0002868510915335909,0.16098942664739663,0.1538052519069611,-0.007184174740435534,0.025260020493534818,0.15050555558495776,0.12524553509142294,622,613,-9,103,137,34
calibration,149102510-149102527-001,moderate_dysplastic,20260805,baseline,gaussian_blur,2,0.775147335696061,0.7663157323028258,-0.008831603393235188,0.8715979295374854,0.8557382607221563,-0.015859668815329075,0.6786967418546366,0.6768932038834952,-0.0018035379711414112,0.29613330615572764,0.3372650231124807,0.04113171695675305,0.11765997548655938,0.012266748709300224,-0.10539322677725915,751,841,90,1175,1500,325
calibration,149102510-149102527-001,moderate_dysplastic,20260805,baseline,gaussian_blur,3,0.775147335696061,0.7678141414445465,-0.007333194251514463,0.8715979295374854,0.861336032388664,-0.01026189714882142,0.6786967418546366,0.674292250500429,-0.004404491354207618,0.29613330615572764,0.3459452097729884,0.04981190361726079,0.11765997548655938,0.038080616213972185,-0.07957935927258719,751,812,61,1175,1691,516
calibration,149102510-149102527-001,moderate_dysplastic,20260805,baseline,gaussian_noise,10,0.775147335696061,0.7761592768298857,0.0010119411338247453,0.8715979295374854,0.8722658206712306,0.0006678911337452131,0.6786967418546366,0.6800527329885407,0.0013559911339041664,0.29613330615572764,0.28632659686038187,-0.009806709295345772,0.11765997548655938,0.1767861500420097,0.05912617455545033,751,751,0,1175,1061,-114
calibration,149143295-149143307-001,severe_dysplastic,20260805,baseline,gaussian_noise,20,0.8980438047164289,0.8920510790450922,-0.005992725671336685,0.9683979115141522,0.9683573328441714,-4.05786699808619e-05,0.8276896979187055,0.8157448252460129,-0.011944872672692619,0.09052552409016024,0.15439791429894345,0.06387239020878321,0.0451100532417098,0.07529634455738377,0.030186291315673963,329,315,-14,511,1103,592
calibration,149143295-149143307-001,severe_dysplastic,20260805,baseline,gaussian_noise,30,0.8980438047164289,0.8883326282197581,-0.009711176496670748,0.9683979115141522,0.9641609998162103,-0.004236911697941936,0.8276896979187055,0.8125042566233058,-0.015185441295399671,0.09052552409016024,0.15761962728928447,0.06709410319912423,0.0451100532417098,0.15404693897239885,0.10893688573068905,329,294,-35,511,1155,644
calibration,149147060-149147075-001,carcinoma_in_situ,20260805,baseline,gaussian_blur,1,0.8306068001003385,0.8222512834307234,-0.008355516669615093,0.9165580182529335,0.9108781127129751,-0.005679905539958341,0.7446555819477435,0.7336244541484717,-0.011031127799271845,0.14661099339135508,0.18790882585722457,0.04129783246586949,0.009422720402360474,0.0009113910516803658,-0.008511329350680108,256,272,16,10,57,47
calibration,149147060-149147075-001,carcinoma_in_situ,20260805,baseline,gaussian_noise,20,0.8306068001003385,0.8257567066038178,-0.004850093496520658,0.9165580182529335,0.918075422626788,0.0015174043738545029,0.7446555819477435,0.7334379905808477,-0.011217591366895818,0.14661099339135508,0.03882704381607316,-0.10778394957528192,0.009422720402360474,0.10363206554950888,0.0942093451471484,256,248,-8,10,193,183
calibration,149147848-149147864-002,carcinoma_in_situ,20260805,baseline,gaussian_noise,20,0.8693592817042054,0.8629981755753737,-0.006361106128831673,0.9567958464676433,0.9549348230912477,-0.0018610233763955986,0.7819227169407675,0.7710615280594997,-0.010861188881267858,0.28287040276672093,0.29946843672970014,0.01659803396297921,0.06504270890487673,0.1252461889381078,0.06020348003323106,215,192,-23,1135,1219,84
calibration,149148124-149148181-003,carcinoma_in_situ,20260805,baseline,gaussian_noise,20,0.8286682759522159,0.8251719342269205,-0.0034963417252954487,0.8847850055126791,0.8812017640573319,-0.0035832414553472747,0.7725515463917526,0.7691421043965091,-0.0034094419952435118,0.2624032249326342,0.30020235815290924,0.03779913322027506,0.2724565354266366,0.02652266757055166,-0.24593386785608495,768,768,0,1436,1706,270
calibration,149182125-149182135-001,carcinoma_in_situ,20260805,baseline,gaussian_blur,1,0.8013424518743668,0.7913679610237918,-0.009974490850575002,0.9134751773049645,0.909903552105387,-0.003571625199577544,0.689209726443769,0.6728323699421965,-0.01637735650157246,0.9948858633069158,1.0977744661955189,0.10288860288860313,0.029897940027643677,0.04812540640539531,0.018227466377751633,350,371,21,560,597,37
calibration,149182125-149182135-001,carcinoma_in_situ,20260805,baseline,gaussian_noise,20,0.8013424518743668,0.8108028835183754,0.00946043164400856,0.9134751773049645,0.8988462570431983,-0.01462892026176621,0.689209726443769,0.7227595099935525,0.03354978354978355,0.9948858633069158,0.02895186172602826,-0.9659340015808875,0.029897940027643677,0.39636665561447376,0.3664687155868301,350,153,-197,560,90,-470
calibration,149182657-149182667-003,carcinoma_in_situ,20260805,baseline,gaussian_blur,2,0.8601259532883527,0.8522673720673541,-0.007858581220998584,0.9097644879597777,0.9036998163211756,-0.006064671638602137,0.8104874186169276,0.8008349278135328,-0.009652490803394809,0.16597031398790973,0.15947810584947397,-0.006492208138435762,0.14269461856587295,0.18813049960385786,0.045435881037984904,231,263,32,359,293,-66
calibration,149182657-149182667-003,carcinoma_in_situ,20260805,baseline,gaussian_noise,10,0.8601259532883527,0.8573750872169845,-0.0027508660713682076,0.9097644879597777,0.9105820105820106,0.0008175226222328913,0.8104874186169276,0.8041681638519583,-0.0063192547649693065,0.16597031398790973,0.20098940683063993,0.03501909284273019,0.14269461856587295,0.12331571859949564,-0.019378899966377316,231,232,1,359,476,117
calibration,149182657-149182681-001,carcinoma_in_situ,20260805,baseline,gaussian_blur,2,0.8078407454769674,0.8021408342710957,-0.005699911205871655,0.9136385087305333,0.8982780612244898,-0.015360447506043484,0.7020429822234014,0.7060036073177016,0.003960625094300174,0.1394293269616257,0.20423636558726155,0.06480703862563586,0.26370648337482516,0.32246421951294246,0.0587577361381173,539,624,85,16,208,192
calibration,149185497-149185527-003,carcinoma_in_situ,20260805,baseline,gaussian_blur,1,0.818823658368735,0.8145119916277627,-0.004311666740972386,0.9415782850979687,0.9387166546503244,-0.0028616304476443144,0.6960690316395014,0.6903073286052009,-0.005761703034300458,1.7435813034891376,1.798678299268618,0.05509699577948046,0.04775559954569808,0.043065189064289466,-0.004690410481408613,325,340,15,518,547,29
calibration,149185604-149185657-002,carcinoma_in_situ,20260805,baseline,gaussian_blur,1,0.8438021593871219,0.8493835627285934,0.0055814033414715025,0.9668462494819726,0.9667221297836939,-0.00012411969827874625,0.7207580692922713,0.7320449956734929,0.01128692638122164,0.047375325322165374,0.21137415509606106,0.16399882977389568,0.07309795647095663,0.08081030901196973,0.007712352541013101,100,136,36,7,83,76
calibration,149185604-149185657-002,carcinoma_in_situ,20260805,baseline,gaussian_blur,2,0.8438021593871219,0.8454151882307892,0.001613028843667319,0.9668462494819726,0.9640574242900556,-0.0027888251919170326,0.7207580692922713,0.7267729521715228,0.00601488287925156,0.047375325322165374,0.48354386399694826,0.4361685386747829,0.07309795647095663,0.09200919311587119,0.018911236644914564,100,209,109,7,254,247
calibration,149185604-149185657-002,carcinoma_in_situ,20260805,baseline,gaussian_blur,3,0.8438021593871219,0.8342107905611555,-0.00959136882596634,0.9668462494819726,0.9583068783068783,-0.00853937117509429,0.7207580692922713,0.7101147028154328,-0.0106433664768385,0.047375325322165374,0.748401167919269,0.7010258425971037,0.07309795647095663,0.0800399300231266,0.006941973552169967,100,302,202,7,452,445
calibration,149185604-149185657-002,carcinoma_in_situ,20260805,baseline,gaussian_noise,10,0.8438021593871219,0.8466755878136398,0.0028734284265179433,0.9668462494819726,0.9647376063057457,-0.002108643176226943,0.7207580692922713,0.7286135693215339,0.007855500029262608,0.047375325322165374,0.07496512375844766,0.027589798436282287,0.07309795647095663,0.04316697664598179,-0.029930979824974835,100,110,10,7,6,-1
calibration,149315671-149315740-003,carcinoma_in_situ,20260805,baseline,gaussian_noise,10,0.7199670244031853,0.722060821899136,0.0020937974959507333,0.9252577319587629,0.9214312061969753,-0.003826525761787658,0.5146763168476075,0.5226904376012966,0.008014120753689125,1.4535208846222614,1.4397376629163416,-0.013783221705919724,0.027788251101411254,0.24306783692068323,0.21527958581927198,374,384,10,607,588,-19
calibration,149315671-149315740-004,carcinoma_in_situ,20260805,baseline,gaussian_blur,1,0.6672974451668192,0.6659259819839197,-0.0013714631828994905,0.8899975056123721,0.8922769307673082,0.0022794251549360656,0.44459738472126636,0.4395750332005312,-0.005022351520735158,0.19267681151034743,0.363687758208306,0.17101094669795858,0.08572090862558113,0.08749372089326157,0.0017728122676804459,395,387,-8,193,246,53
calibration,149315671-149315740-004,carcinoma_in_situ,20260805,baseline,gaussian_blur,2,0.6672974451668192,0.6616672195028195,-0.005630225663999733,0.8899975056123721,0.8939698492462311,0.00397234363385901,0.44459738472126636,0.4293645897594078,-0.015232794961858587,0.19267681151034743,0.6755193567504363,0.48284254524008885,0.08572090862558113,0.08936346418178609,0.0036425555562049627,395,366,-29,193,361,168
calibration,149315671-149315740-004,carcinoma_in_situ,20260805,baseline,gaussian_blur,3,0.6672974451668192,0.6671957389311444,-0.00010170623567484771,0.8899975056123721,0.8993117512108081,0.009314245598435966,0.44459738472126636,0.43507972665148065,-0.009517658069785717,0.19267681151034743,0.9890354957850518,0.7963586842747044,0.08572090862558113,0.07597032112017121,-0.009750587505409913,395,309,-86,193,496,303
calibration,149315671-149315740-004,carcinoma_in_situ,20260805,baseline,gaussian_noise,10,0.6672974451668192,0.6590416794163594,-0.008255765750459831,0.8899975056123721,0.890664003994009,0.0006664983816369041,0.44459738472126636,0.4274193548387097,-0.017178029882556678,0.19267681151034743,0.30531690531690536,0.11264009380655793,0.08572090862558113,0.04721573554405989,-0.03850517308152124,395,392,-3,193,228,35
calibration,149315775-149315790-001,carcinoma_in_situ,20260805,baseline,gaussian_noise,10,0.8363319715063902,0.8293753036429935,-0.0069566678633966594,0.9800963754452127,0.9754459601259181,-0.004650415319294554,0.6925675675675675,0.6833046471600689,-0.009262920407498654,0.350528719552337,0.41285208431768394,0.062323364765346945,0.09876195970237855,0.030654191548341925,-0.06810776815403663,55,47,-8,416,482,66
calibration,149315775-149315790-001,carcinoma_in_situ,20260805,baseline,gaussian_noise,20,0.8363319715063902,0.834663113171485,-0.0016688583349051545,0.9800963754452127,0.9718994295372914,-0.008196945907921305,0.6925675675675675,0.6974267968056788,0.004859229238111218,0.350528719552337,0.5103436655736948,0.15981494602135782,0.09876195970237855,0.0033999517080908204,-0.09536200799428773,55,15,-40,416,587,171
calibration,149316025-149316032-001,carcinoma_in_situ,20260805,baseline,gaussian_blur,2,0.9006102413601411,0.8972877842745235,-0.003322457085617625,0.9724604966139955,0.9706618148737776,-0.0017986817402179112,0.8287599861062869,0.8239137536752695,-0.004846232431017339,0.04374439929547003,0.1556999260332892,0.11195552673781917,0.05735084167128224,0.034836895079072394,-0.022513946592209844,34,67,33,63,119,56
calibration,149316025-149316032-001,carcinoma_in_situ,20260805,baseline,gaussian_blur,3,0.9006102413601411,0.8946287893170921,-0.005981452043049007,0.9724604966139955,0.9679926840420667,-0.004467812571928742,0.8287599861062869,0.8212648945921174,-0.007495091514169494,0.04374439929547003,0.32865590087605656,0.28491150158058653,0.05735084167128224,0.03851515356771018,-0.018835688103572057,34,90,56,63,331,268
calibration,149316754-149316795-002,severe_dysplastic,20260805,baseline,gaussian_blur,1,0.8602840330466129,0.8540526521006531,-0.006231380945959875,0.9594964422550629,0.9559955995599559,-0.003500842695106976,0.761071623838163,0.7521097046413502,-0.008961919196812773,0.44166784890724897,0.5733644118252836,0.13169656291803467,0.053099849192936865,0.06557793251848887,0.012478083325552003,132,150,18,135,202,67
calibration,149317114-149317152-001,carcinoma_in_situ,20260805,baseline,gaussian_blur,1,0.8788070160103725,0.8784940821554077,-0.0003129338549647809,0.9762452107279693,0.9749488752556237,-0.0012963354723456444,0.7813688212927756,0.7820392890551918,0.0006704677624161937,0.11317077137861387,0.1720491864277678,0.05887841504915392,0.014385779263624054,0.009838860126005322,-0.004546919137618732,93,96,3,14,48,34
calibration,149317114-149317152-001,carcinoma_in_situ,20260805,baseline,gaussian_blur,2,0.8788070160103725,0.8696203166154772,-0.009186699394895248,0.9762452107279693,0.9675592173017508,-0.008685993426218563,0.7813688212927756,0.7716814159292036,-0.009687405363572044,0.11317077137861387,0.3703782464016381,0.2572074750230242,0.014385779263624054,0.012029564443652552,-0.0023562148199715027,93,124,31,14,170,156
calibration,149357849-149357857-002,moderate_dysplastic,20260805,baseline,gaussian_blur,2,0.938304290853275,0.9288576498335945,-0.009446641019680513,0.9756156739051316,0.9616330545991146,-0.013982619306016963,0.9009929078014184,0.8960822450680744,-0.004910662733343951,0.01737097339567306,0.06251895449623812,0.04514798110056506,0.004146633773907893,0.011117432858164578,0.006970799084256685,175,286,111,202,54,-148
calibration,149357956-149358043-001,carcinoma_in_situ,20260805,baseline,gaussian_blur,1,0.8129089245504979,0.8125576756460443,-0.0003512489044535938,0.9106598984771573,0.9104149026248941,-0.00024499585226323006,0.7151579506238386,0.7147004486671945,-0.00045750195664406856,0.8077822750979136,0.8220541968677759,0.014271921769862361,0.018920955898188596,0.08834836672482443,0.06942741082663584,338,343,5,719,741,22
calibration,149357956-149358043-001,carcinoma_in_situ,20260805,baseline,gaussian_blur,2,0.8129089245504979,0.8066597391482118,-0.006249185402286139,0.9106598984771573,0.9061543692621558,-0.00450552921500158,0.7151579506238386,0.7071651090342679,-0.007992841589570698,0.8077822750979136,0.8651608626241309,0.057378587526217384,0.018920955898188596,0.23159630997335995,0.21267535407517135,338,366,28,719,804,85
calibration,153266866-153266917-002,light_dysplastic,20260805,baseline,gaussian_noise,20,0.6913242311337964,0.6973698904309396,0.00604565929714318,0.7335683184739789,0.7464369937455142,0.012868675271535346,0.6490801437936139,0.6483027871163648,-0.000777356677249097,0.5154213723934447,0.49247836109207704,-0.02294301130136761,0.24179502821191823,0.3695935703215975,0.12779854210967928,2570,2463,-107,4076,3602,-474
calibration,153275893-153275939-003,moderate_dysplastic,20260805,baseline,gaussian_noise,10,0.9495308955056261,0.9412753823554826,-0.0082555131501435,0.9813735248116024,0.9740845070422535,-0.007289017769348982,0.9176882661996497,0.9084662576687117,-0.00922200853093802,0.06230220210762327,0.10965540673303642,0.04735320462541315,0.08293153933854791,0.03954483981555357,-0.04338669952299434,41,108,67,624,961,337
calibration,153314857-153314909-001,severe_dysplastic,20260805,baseline,gaussian_blur,1,0.8343093332542149,0.8257925184213927,-0.008516814832822184,0.9105541503793976,0.9009510554395732,-0.009603094939824364,0.7580645161290323,0.7506339814032121,-0.007430534725820115,0.3197837399562695,0.38503440165969294,0.06525066170342342,0.04401189919763393,0.011745248011880483,-0.03226665118575345,389,427,38,132,209,77
calibration,153314956-153314978-003,severe_dysplastic,20260805,baseline,gaussian_blur,1,0.8279521428954764,0.8224331791118873,-0.00551896378358907,0.9530136098509397,0.9477283829995115,-0.005285226851428293,0.7028906759400131,0.6971379752242631,-0.005752700715749959,0.4173432815945177,0.46459097727181686,0.04724769567729914,0.14840762510199468,0.16675135133726637,0.018343726235271696,260,291,31,513,594,81
calibration,153314956-153314985-002,severe_dysplastic,20260805,baseline,gaussian_blur,1,0.8368948609935971,0.8272329818970592,-0.009661879096537929,0.9308262421081526,0.9206041291395317,-0.010222112968620856,0.7429634798790417,0.7338618346545867,-0.009101645224455002,0.4047411153722471,0.5072298421532964,0.10248872678104926,0.06480657185333993,0.08901446089632525,0.02420788904298532,500,569,69,217,333,116
calibration,153315615-153315629-001,severe_dysplastic,20260805,baseline,gaussian_noise,20,0.9246194915864362,0.9272625207527256,0.0026430291662894456,0.9608610567514677,0.9577647823261858,-0.0030962744252819308,0.8883779264214047,0.8967602591792656,0.008382332757860933,0.031156405153872413,0.08116634047811655,0.05000993532424414,0.09963270250478029,0.12620174336866907,0.026569040863888782,104,116,12,46,108,62
calibration,153315615-153315629-001,severe_dysplastic,20260805,baseline,gaussian_noise,30,0.9246194915864362,0.9168841608218596,-0.0077353307645765534,0.9608610567514677,0.9599470374048328,-0.0009140193466349311,0.8883779264214047,0.8738212842388864,-0.014556642182518287,0.031156405153872413,0.11345081807074386,0.08229441291687145,0.09963270250478029,0.14099486821319074,0.04136216570841045,104,59,-45,46,284,238
calibration,153354858-153354901-002,light_dysplastic,20260805,baseline,gaussian_noise,10,0.8186036958902736,0.8243688659341262,0.005765170043852574,0.8805203147583106,0.8911158832418675,0.010595568483556916,0.7566870770222366,0.7576218486263847,0.0009347716041481213,0.04502860136127837,0.04117519472096981,-0.00385340664030856,0.3401518154621962,0.39477841566511007,0.05462660020291388,1488,1369,-119,1126,947,-179
calibration,153654325-153654351-001,severe_dysplastic,20260805,baseline,gaussian_blur,2,0.703495605839005,0.6939461168279659,-0.009549489011039025,0.9712246263662726,0.9564432408034304,-0.014781385562842253,0.4357665853117373,0.4314489928525016,-0.004317592459235686,0.8047960148027743,0.8469552962005266,0.04215928139775227,0.019142782127061997,0.05330726577267686,0.03416448364561486,51,103,52,1555,1665,110
calibration,153654325-153654351-003,severe_dysplastic,20260805,baseline,gaussian_blur,1,0.8360385649919553,0.8305026167670584,-0.005535948224896892,0.9217984231834647,0.9174154899443732,-0.004382933239091558,0.750278706800446,0.7435897435897436,-0.006688963210702337,0.30268980789042255,0.35924355255680407,0.05655374466638152,0.0065177082914240625,0.017737370752105353,0.01121966246068129,367,386,19,134,212,78
calibration,153656862-153656891-001,light_dysplastic,20260805,baseline,gaussian_noise,20,0.851293647970701,0.8612636139542261,0.009969965983525175,0.8603607279849833,0.8787637406404333,0.01840301265544997,0.8422265679564185,0.843763487268019,0.0015369193116004931,0.1234901440607718,0.08146098447978306,-0.04202915958098874,0.12678999710883831,0.26927698162149255,0.14248698451265424,895,594,-301,2020,1188,-832
calibration,153657121-153657151-001,severe_dysplastic,20260805,baseline,gaussian_blur,2,0.9202291378282794,0.917657121005246,-0.0025720168230334295,0.9475598666262504,0.9391278013325257,-0.008432065293724644,0.8928984090303084,0.8961864406779662,0.0032880316476577853,0.024372558122337296,0.017270870217636403,-0.007101687904700893,0.15912539742295406,0.2548397283049524,0.09571433088199832,72,78,6,111,34,-77
calibration,153657121-153657151-001,severe_dysplastic,20260805,baseline,gaussian_blur,3,0.9202291378282794,0.9198510638255363,-0.00037807400274314507,0.9475598666262504,0.9372054128021895,-0.01035445382406086,0.8928984090303084,0.902496714848883,0.009598305818574682,0.024372558122337296,0.003585342239753375,-0.02078721588258392,0.15912539742295406,0.2590222178445625,0.09989682042160841,72,51,-21,111,53,-58
calibration,153657121-153657151-001,severe_dysplastic,20260805,baseline,gaussian_noise,20,0.9202291378282794,0.9157158016001834,-0.004513336228096021,0.9475598666262504,0.9514388489208633,0.0038789822946129204,0.8928984090303084,0.8799927542795036,-0.01290565475080474,0.024372558122337296,0.06163675330441609,0.037264195182078796,0.15912539742295406,0.11898520100003951,-0.040140196422914554,72,146,74,111,321,210
calibration,153659229-153659243-001,severe_dysplastic,20260805,baseline,gaussian_blur,1,0.8982362807181281,0.8931685210562087,-0.005067759661919413,0.9636665875089052,0.9593147751605996,-0.004351812348305617,0.832805973927351,0.8270222669518178,-0.005783706975533209,0.059068017346783575,0.0666968200510345,0.0076288027042509254,0.11963910227937202,0.17736767845343349,0.05772857617406146,11,3,-8,457,505,48
calibration,153659229-153659256-003,severe_dysplastic,20260805,baseline,gaussian_blur,2,0.8327791079187727,0.8294665520249931,-0.003312555893779656,0.9433359936153233,0.938375350140056,-0.004960643475267257,0.7222222222222222,0.7205577539099303,-0.0016644683122919446,0.4879673516046482,0.5305700350915035,0.04260268348685525,0.10437538981218986,0.1321798227954445,0.027804432983254634,250,264,14,986,1145,159
calibration,153659229-153659256-003,severe_dysplastic,20260805,baseline,gaussian_blur,3,0.8327791079187727,0.8257442616303512,-0.007034846288421548,0.9433359936153233,0.9335207873066881,-0.009815206308635194,0.7222222222222222,0.7179677359540144,-0.004254486268207791,0.4879673516046482,0.555358813465284,0.06739146186063583,0.10437538981218986,0.1370280949878756,0.03265270517568575,250,283,33,986,1231,245
calibration,153697342-153697366-002,moderate_dysplastic,20260805,baseline,gaussian_blur,1,0.8471390845560909,0.8455017551163331,-0.0016373294397578064,0.9590631153487408,0.9558517284464806,-0.0032113869022601937,0.7352150537634409,0.7351517817861857,-6.327197725519706e-05,0.7730738993710691,0.8473232419395786,0.07424934256850957,0.10205154474095879,0.11798046108351956,0.015928916342560773,343,388,45,624,706,82
calibration,153697342-153697384-002,moderate_dysplastic,20260805,baseline,gaussian_noise,20,0.9003685182146284,0.8919331199563638,-0.00843539825826456,0.969089929994615,0.9663404667168513,-0.0027494632777637085,0.8316471064346418,0.8175257731958763,-0.014121333238765521,0.061177122946919016,0.02364032122982218,-0.037536801717096835,0.009095985867531131,0.05927546274115936,0.050179476873628226,167,153,-14,144,40,-104
calibration,153697342-153697384-002,moderate_dysplastic,20260805,baseline,gaussian_noise,30,0.9003685182146284,0.8957936833359992,-0.004574834878629197,0.969089929994615,0.9756616005951748,0.0065716706005598535,0.8316471064346418,0.8159257660768234,-0.01572134035781836,0.061177122946919016,0.09437097131139516,0.03319384836447614,0.009095985867531131,0.04349750455041512,0.03440151868288399,167,43,-124,144,472,328
calibration,153698259-153698268-001,moderate_dysplastic,20260805,baseline,gaussian_noise,10,0.9159337813609357,0.9083677667437258,-0.00756601461720996,0.9753933037515127,0.9762479871175523,0.0008546833660396658,0.8564742589703588,0.8404875463698993,-0.015986712600459474,0.04365032206892905,0.10202905243772098,0.05837873036879193,0.011355257660050744,0.06234007748133896,0.05098481982128822,76,66,-10,124,196,72
calibration,153698259-153698268-002,moderate_dysplastic,20260805,baseline,gaussian_blur,2,0.9092181716920187,0.899232180293501,-0.009985991398517635,0.975775927327782,0.9720754716981133,-0.0037004556296686975,0.8426604160562555,0.8263888888888888,-0.016271527167366684,0.08620636236450174,0.11280687569653747,0.026600513332035725,0.031222740239863933,0.004577703763090524,-0.02664503647677341,118,134,16,171,214,43
calibration,153698259-153698268-002,moderate_dysplastic,20260805,baseline,gaussian_noise,20,0.9092181716920187,0.9005426130067036,-0.00867555868531511,0.975775927327782,0.9698703279938978,-0.005905599333884126,0.8426604160562555,0.8312148980195093,-0.011445518036746205,0.08620636236450174,0.08324516263205473,-0.0029611997324470174,0.031222740239863933,0.09130465349128347,0.06008191325141954,118,78,-40,171,141,-30
calibration,153698259-153698268-002,moderate_dysplastic,20260805,baseline,gaussian_noise,30,0.9092181716920187,0.906246494719313,-0.002971676972705728,0.975775927327782,0.9750575594781274,-0.000718367849654511,0.8426604160562555,0.8374354299604984,-0.005224986095757167,0.08620636236450174,0.019209329644227946,-0.0669970327202738,0.031222740239863933,0.22193652712689016,0.19071378688702623,118,46,-72,171,49,-122
calibration,153701139-153701158-004,moderate_dysplastic,20260805,baseline,gaussian_noise,10,0.9200884929141993,0.9141790598448529,-0.005909433069346326,0.9674242424242424,0.9645817633760362,-0.0028424790482062257,0.872752743404156,0.8637763563136698,-0.008976387090486204,0.09202673737079603,0.12046259574339258,0.028435858372596545,0.023258366465711555,0.001039620087320503,-0.022218746378391052,28,42,14,273,335,62
calibration,153701949-153701964-001,light_dysplastic,20260805,baseline,gaussian_noise,30,0.7858721997710763,0.7788260871420336,-0.007046112629042645,0.8107173725151253,0.8107327953814866,1.5422866361247678e-05,0.7610270270270271,0.7469193789025805,-0.014107648124446537,0.2181977849580169,0.258269336823611,0.04007155186559408,0.24893368489842765,0.18157391064525863,-0.06735977425316902,2329,2531,202,4080,4886,806
calibration,153702037-153702051-002,light_dysplastic,20260805,baseline,gaussian_noise,20,0.8945556194406616,0.8862212289770679,-0.008334390463593744,0.9708793164827341,0.9658751599601877,-0.005004156522546377,0.8182319223985891,0.8065672979939482,-0.011664624404640889,0.05564200989037593,0.0873815230617292,0.03173951317135326,0.02792070124096413,0.018011124470022732,-0.009909576770941397,375,354,-21,1134,1432,298
calibration,153702037-153702051-002,light_dysplastic,20260805,baseline,gaussian_noise,30,0.8945556194406616,0.8860484591788875,-0.008507160261774116,0.9708793164827341,0.9700794100964265,-0.0007999063863075584,0.8182319223985891,0.8020175082613484,-0.016214414137240674,0.05564200989037593,0.15791036714486262,0.10226835725448669,0.02792070124096413,0.030965967489679835,0.0030452662487157056,375,316,-59,1134,2029,895
calibration,153827595-153827604-002,severe_dysplastic,20260805,baseline,gaussian_blur,2,0.8320593962207725,0.8255672320100049,-0.0064921642107675925,0.9326233872619292,0.9277721261444557,-0.004851261117473471,0.7314954051796158,0.7233623378755542,-0.008133067304061603,0.05232568407502802,0.03441554904854416,-0.017910135026483864,0.10281353633499113,0.14450625261738148,0.04169271628239035,309,341,32,187,293,106
calibration,153827595-153827604-002,severe_dysplastic,20260805,baseline,gaussian_noise,30,0.8320593962207725,0.8349780159629501,0.002918619742177553,0.9326233872619292,0.9437302423603794,0.011106855098450219,0.7314954051796158,0.7262257895655209,-0.005269615614094891,0.05232568407502802,0.079045131479197,0.026719447404168983,0.10281353633499113,0.014030218849415244,-0.08878331748557589,309,171,-138,187,67,-120
calibration,153827595-153827657-001,carcinoma_in_situ,20260805,baseline,gaussian_blur,1,0.856935848008058,0.8494248087417274,-0.007511039266330566,0.9449828071272273,0.9377658736410903,-0.007216933486136945,0.7688888888888888,0.7610837438423645,-0.007805145046524298,0.6821406072642981,0.8003736531479524,0.11823304588365424,0.056183358928015514,0.08624147526129111,0.030058116333275597,270,321,51,388,486,98
calibration,153827595-153827657-001,carcinoma_in_situ,20260805,baseline,gaussian_noise,10,0.856935848008058,0.8475887542583327,-0.00934709374972531,0.9449828071272273,0.935748031496063,-0.00923477563116426,0.7688888888888888,0.7594294770206023,-0.009459411868286582,0.6821406072642981,0.714079874476202,0.03193926721190388,0.056183358928015514,0.015772168415676524,-0.04041119051233899,270,318,48,388,393,5
calibration,153828952-153828980-001,severe_dysplastic,20260805,baseline,gaussian_blur,1,0.8726595028055453,0.8703551642263554,-0.0023043385791898796,0.9762824048538334,0.9728531855955679,-0.003429219258265559,0.769036600757257,0.7678571428571429,-0.0011794579001140892,0.12371194686563691,0.2323712185484763,0.1086592716828394,0.025778583691460133,0.01872656719382315,-0.0070520164976369815,8,24,16,91,178,87
calibration,153828952-153828980-001,severe_dysplastic,20260805,baseline,gaussian_blur,2,0.8726595028055453,0.8698243431961613,-0.0028351596093839637,0.9762824048538334,0.967705700645886,-0.008576704207947428,0.769036600757257,0.7719429857464366,0.002906384989179611,0.12371194686563691,0.444567951658702,0.3208560047930651,0.025778583691460133,0.022893584928718735,-0.0028849987627413975,8,73,65,91,380,289
calibration,153828952-153828980-001,severe_dysplastic,20260805,baseline,gaussian_noise,30,0.8726595028055453,0.8820659951967847,0.009406492391239474,0.9762824048538334,0.9727777777777777,-0.0035046270760556997,0.769036600757257,0.7913542126157918,0.022317611858534758,0.12371194686563691,0.0033773580793503566,-0.12033458878628656,0.025778583691460133,0.12970353116046418,0.10392494746900405,8,34,26,91,19,-72
calibration,153828952-153829000-003,severe_dysplastic,20260805,baseline,gaussian_blur,1,0.908506495050218,0.9097831252892565,0.0012766302390385675,0.9808602593126158,0.981101068200493,0.00024080888787725296,0.8361527307878202,0.8384651823780199,0.002312451590199771,0.1627873482595441,0.24076233458217722,0.07797498632263311,0.09282823915129657,0.08881673314998373,-0.004011506001312837,25,16,-9,61,103,42
calibration,153828952-153829000-003,severe_dysplastic,20260805,baseline,gaussian_blur,2,0.908506495050218,0.9046775668470706,-0.003828928203147397,0.9808602593126158,0.9788544446725518,-0.0020058146400639965,0.8361527307878202,0.8305006890215894,-0.005652041766230798,0.1627873482595441,0.36151217805674163,0.19872482979719752,0.09282823915129657,0.10236921591281622,0.00954097676151966,25,13,-12,61,169,108
calibration,153830261-153830340-001,severe_dysplastic,20260805,baseline,gaussian_blur,1,0.8113966966975878,0.8079704139217015,-0.0034262827758863024,0.9325862370863246,0.9314636283961437,-0.0011226086901808818,0.6902071563088512,0.6844771994472594,-0.005729956861591834,1.392724786651511,1.4735941757825097,0.08086938913099884,0.20857953488156777,0.20644992697738784,-0.002129607904179931,357,363,6,398,445,47
calibration,153830680-153830693-001,carcinoma_in_situ,20260805,baseline,gaussian_blur,1,0.7403380996759052,0.7446209565167771,0.004282856840871818,0.8777443956551884,0.8694021101992966,-0.008342285455891774,0.602931803696622,0.6198398028342575,0.01690799913763552,0.06060793258054353,0.19833789460575124,0.1377299620252077,0.037581176704923225,0.04425505015065789,0.006673873445734668,49,111,62,35,19,-16
calibration,153830680-153830693-001,carcinoma_in_situ,20260805,baseline,gaussian_blur,2,0.7403380996759052,0.745398241050415,0.005060141374509719,0.8777443956551884,0.8560386473429952,-0.021705748312193185,0.602931803696622,0.6347578347578348,0.031826031061212734,0.06060793258054353,0.6799109257287004,0.6193029931481568,0.037581176704923225,0.10299310107096316,0.06541192436603993,49,236,187,35,151,116
calibration,153830680-153830693-001,carcinoma_in_situ,20260805,baseline,gaussian_blur,3,0.7403380996759052,0.7437677195948831,0.003429619918977833,0.8777443956551884,0.8474492322932144,-0.03029516336197391,0.602931803696622,0.6400862068965517,0.037154403199929686,0.06060793258054353,0.972961334803409,0.9123534022228654,0.037581176704923225,0.1588639123980392,0.12128273569311598,49,338,289,35,252,217
calibration,153830680-153830693-001,carcinoma_in_situ,20260805,baseline,gaussian_noise,20,0.7403380996759052,0.7375767820271638,-0.002761317648741435,0.8777443956551884,0.8494359980382541,-0.028308397616934267,0.602931803696622,0.6257175660160735,0.022785762319451508,0.06060793258054353,0.7175412532498542,0.6569333206693106,0.037581176704923225,0.10203445772214559,0.06445328101722236,49,298,249,35,138,103
calibration,153831352-153831372-003,severe_dysplastic,20260805,baseline,gaussian_noise,20,0.8921186139890517,0.890242350238853,-0.00187626375019867,0.9750043698654082,0.9721589914200666,-0.0028453784453416064,0.8092328581126952,0.8083257090576396,-0.0009071490550556227,0.20848863157245257,0.2362131447692406,0.027724513196788036,0.031040148771085296,0.03874105245581372,0.007700903684728422,95,85,-10,281,328,47
calibration,153831471-153831486-003,carcinoma_in_situ,20260805,baseline,gaussian_noise,10,0.7560811597938606,0.7527028381590629,-0.0033783216347976763,0.9231827956989247,0.9220723429847925,-0.0011104527141322373,0.5889795238887964,0.5833333333333334,-0.005646190555463004,0.0021563926319758675,0.02905624242599103,0.026899849794015163,0.12494768871842143,0.07524820205753396,-0.04969948666088747,847,833,-14,441,472,31
calibration,153831471-153831486-004,carcinoma_in_situ,20260805,baseline,gaussian_blur,3,0.8412509188394517,0.8472681752622973,0.006017256422845563,0.9378864530635188,0.9441077441077441,0.006221291044225308,0.7446153846153846,0.7504286064168504,0.005813221801465818,0.3732003304724818,0.1264670499817122,-0.2467332804907696,0.029975590804196373,0.33303322418426096,0.3030576333800646,274,35,-239,303,161,-142
calibration,153915230-153915252-001,moderate_dysplastic,20260805,baseline,gaussian_noise,20,0.8116557928498787,0.8037702230071975,-0.007885569842681184,0.9326449190330908,0.937389458790237,0.004744539757146282,0.6906666666666667,0.670150987224158,-0.02051567944250865,0.2775058127245825,0.30745263009671997,0.029946817372137446,0.05437323113854464,0.0532388729185419,-0.0011343582200027402,176,217,41,1950,2118,168
calibration,153915634-153915665-003,severe_dysplastic,20260805,baseline,gaussian_blur,2,0.8606467008710178,0.8640307067599573,0.003384005888939501,0.9462068965517242,0.9407550289335905,-0.0054518676181336545,0.7750865051903114,0.7873063845863242,0.012219879396012767,0.00943111433117405,0.03687289862222709,0.02744178429105304,0.03636774331684545,0.013989328110297516,-0.02237841520654793,109,105,-4,87,41,-46
calibration,153915634-153915665-003,severe_dysplastic,20260805,baseline,gaussian_blur,3,0.8606467008710178,0.8638618515935375,0.003215150722519655,0.9462068965517242,0.9360881542699725,-0.010118742281751691,0.7750865051903114,0.7916355489171023,0.01654904372679089,0.00943111433117405,0.06754769936460336,0.05811658503342931,0.03636774331684545,0.0007774746337908534,-0.03559026868305459,109,104,-5,87,10,-77
calibration,153915634-153915665-003,severe_dysplastic,20260805,baseline,gaussian_noise,10,0.8606467008710178,0.8534916292007293,-0.007155071670288504,0.9462068965517242,0.9462661890327914,5.929248106717466e-05,0.7750865051903114,0.7607170693686672,-0.014369435821644183,0.00943111433117405,0.0527616222430054,0.04333050791183135,0.03636774331684545,0.07935480285578289,0.042987059538937444,109,105,-4,87,122,35
calibration,153915634-153915665-006,severe_dysplastic,20260805,baseline,gaussian_noise,10,0.7448529255009487,0.7389444053157455,-0.00590852018520327,0.9674036927285161,0.9673739447866758,-2.9747941840296832e-05,0.5223021582733813,0.5105148658448151,-0.011787292428566243,0.98901582698026,1.0342559509205254,0.04524012394026533,0.0038068268151489892,0.0022568501043559452,-0.001549976710793044,107,111,4,1726,1759,33
calibration,153915634-153915665-007,severe_dysplastic,20260805,baseline,gaussian_blur,2,0.8145043387267514,0.8167914008739765,0.002287062147225072,0.8598793898545584,0.8651162790697674,0.00523688921520904,0.7691292875989446,0.7684665226781857,-0.0006627649207588959,0.8112645377758695,0.7140152324117895,-0.09724930536407994,0.036509860025962015,0.08235604147522846,0.04584618144926644,760,712,-48,826,744,-82
calibration,153915634-153915665-007,severe_dysplastic,20260805,baseline,gaussian_blur,3,0.8145043387267514,0.8136193471099131,-0.0008849916168383043,0.8598793898545584,0.8661275831087152,0.00624819325415682,0.7691292875989446,0.7611111111111111,-0.00801817648783354,0.8112645377758695,0.6607859551601426,-0.15047858261572689,0.036509860025962015,0.09280319871121878,0.056293338685256766,760,687,-73,826,694,-132
calibration,153915634-153915665-007,severe_dysplastic,20260805,baseline,gaussian_noise,10,0.8145043387267514,0.8180218997805327,0.003517561053781315,0.8598793898545584,0.8632965468138127,0.003417156959254375,0.7691292875989446,0.7727472527472528,0.0036179651483081443,0.8112645377758695,0.7986837881284033,-0.012580749647466138,0.036509860025962015,0.0953357488315264,0.058825888805564386,760,740,-20,826,824,-2
calibration,153915634-153915665-007,severe_dysplastic,20260805,baseline,gaussian_noise,30,0.8145043387267514,0.8176163120029758,0.003111973276224367,0.8598793898545584,0.863522686673812,0.003643296819253683,0.7691292875989446,0.7717099373321397,0.0025806497331950506,0.8112645377758695,0.8660188688983724,0.05475433112250294,0.036509860025962015,0.12089972454607978,0.08438986452011776,760,720,-40,826,906,80
calibration,153916001-153916020-003,severe_dysplastic,20260805,baseline,gaussian_noise,20,0.8370655351782625,0.832535136291726,-0.004530398886536502,0.9529948965887725,0.962135657858894,0.009140761270121533,0.7211361737677527,0.7029346147245581,-0.01820155904319465,0.30734380708805265,0.34068475418523636,0.033340947097183715,0.06842833093232825,0.022327446856561073,-0.04610088407576718,167,115,-52,1155,1313,158
calibration,153916001-153916020-003,severe_dysplastic,20260805,baseline,gaussian_noise,30,0.8370655351782625,0.8280906079498258,-0.008974927228436735,0.9529948965887725,0.9664541169947325,0.013459220405960037,0.7211361737677527,0.6897270989049191,-0.03140907486283362,0.30734380708805265,0.3397986221515633,0.03245481506351067,0.06842833093232825,0.07990395556312457,0.011475624630796322,167,51,-116,1155,1387,232
calibration,157183193-157183241-001,normal_superficiel,20260805,baseline,gaussian_blur,2,0.940045956633324,0.9410924929809734,0.001046536347649396,0.9296939619520265,0.9317073170731708,0.0020133551211443113,0.9503979513146216,0.950477668888776,7.971757415448089e-05,0.0013559868402685266,0.001103368371701165,-0.0002526184685673616,0.18571996016834325,0.22973415540355613,0.04401419523521288,75,54,-21,2066,2469,403
calibration,157185433-157185479-001,normal_columnar,20260805,baseline,gaussian_blur,2,0.8313975436565568,0.8214325590627701,-0.009964984593786697,0.8898388687931601,0.8833714472394643,-0.00646742155369584,0.7729562185199536,0.759493670886076,-0.013462547633877553,0.008156118471762008,0.027074548416011868,0.01891842994424986,0.04948454699058802,0.1599645222528111,0.11047997526222308,315,335,20,570,701,131
calibration,157185527-157185540-003,normal_columnar,20260805,baseline,gaussian_blur,1,0.8816556175289731,0.8785852879101137,-0.0030703296188594464,0.9349303981871155,0.9328990228013029,-0.0020313753858126615,0.8283808368708309,0.8242715530189246,-0.004109283851906231,0.06565916315850506,0.09279358433397333,0.02713442117546827,0.059677763486496116,0.07156048135132442,0.011882717864828307,7,26,19,108,139,31
calibration,157185781-157185814-002,normal_columnar,20260805,baseline,gaussian_blur,1,0.6132601555894512,0.616318063625493,0.0030579080360417787,0.6085578446909667,0.6149479659413434,0.006390121250376635,0.6179624664879356,0.6176881613096427,-0.0002743051782929662,0.008286331684549009,0.006869173546718732,-0.0014171581378302767,0.12682469440563748,0.20990383996448864,0.08307914555885115,1760,1792,32,4026,4133,107
calibration,157185781-157185814-002,normal_columnar,20260805,baseline,gaussian_noise,20,0.6132601555894512,0.6199694222918015,0.0067092667023502806,0.6085578446909667,0.626232741617357,0.017674896926390238,0.6179624664879356,0.6137061029662462,-0.004256363521689455,0.008286331684549009,0.004447819483618998,-0.003838512200930011,0.12682469440563748,0.3151385011068798,0.18831380670124231,1760,1534,-226,4026,3771,-255
calibration,157222904-157223196-001,normal_superficiel,20260805,baseline,gaussian_noise,20,0.9448650146472064,0.9401303336609855,-0.004734680986220874,0.947996589940324,0.9374478732276897,-0.010548716712634243,0.9417334393540889,0.9428127940942813,0.0010793547401923842,0.000943538636061142,0.0015852445196823679,0.0006417058836212259,0.12958327964293737,0.30680921675147743,0.17722593710854007,23,3,-20,4283,4209,-74
calibration,157223779-157224126-001,normal_superficiel,20260805,baseline,gaussian_blur,1,0.9273369542338872,0.9288293109379134,0.0014923567040262542,0.8846815834767642,0.888129803586678,0.0034482201099138576,0.9699923249910101,0.9695288182891488,-0.0004635067018612382,0.0009606813199788747,0.0008629888517759201,-9.769246820295462e-05,0.18785927956119397,0.24350092806893597,0.055641648507742,118,109,-9,4579,4558,-21
calibration,157223779-157224126-001,normal_superficiel,20260805,baseline,gaussian_noise,10,0.9273369542338872,0.9331119222057666,0.0057749679718793745,0.8846815834767642,0.8966101694915254,0.011928586014761211,0.9699923249910101,0.9696136749200077,-0.00037865007100235104,0.0009606813199788747,0.0007592590627834668,-0.0002014222571954079,0.18785927956119397,0.23189787222484237,0.0440385926636484,118,100,-18,4579,4630,51
calibration,157223779-157224126-001,normal_superficiel,20260805,baseline,gaussian_noise,30,0.9273369542338872,0.9335230731476103,0.006186118913723115,0.8846815834767642,0.8966101694915254,0.011928586014761211,0.9699923249910101,0.9704359768036951,0.00044365181268501974,0.0009606813199788747,0.000768475980389976,-0.00019220533958889865,0.18785927956119397,0.23189787222484237,0.0440385926636484,118,100,-18,4579,4489,-90
calibration,157224297-157224336-001,normal_superficiel,20260805,baseline,gaussian_noise,10,0.9273574405447926,0.9263373369057535,-0.0010201036390391494,0.9540012602394455,0.9530956848030019,-0.0009055754364436508,0.9007136208501396,0.899578989008505,-0.001134631841634648,0.0020614341798965135,0.0022964814273333054,0.00023504724743679192,0.1253548516659514,0.1729296925169852,0.047574840851033806,3,9,6,13216,13464,248
calibration,157224297-157224336-001,normal_superficiel,20260805,baseline,gaussian_noise,30,0.9273574405447926,0.9198278783880911,-0.00752956215670153,0.9540012602394455,0.939540507859734,-0.014460752379711561,0.9007136208501396,0.9001152489164481,-0.0005983719336914994,0.0020614341798965135,0.00318267180594224,0.0011212376260457263,0.1253548516659514,0.19156551477485495,0.06621066310890356,3,64,61,13216,13595,379
calibration,157268342-157268401-001,normal_superficiel,20260805,baseline,gaussian_blur,2,0.9478820616620016,0.945513890983789,-0.0023681706782126,0.9147540983606557,0.9090909090909091,-0.005663189269746627,0.9810100249633474,0.9819368728766691,0.000926847913321649,0.00042609106066395126,0.00034239711299000747,-8.36939476739438e-05,0.25333508508151126,0.320348619475572,0.06701353439406077,56,44,-12,2150,1534,-616
calibration,157268342-157268401-001,normal_superficiel,20260805,baseline,gaussian_noise,30,0.9478820616620016,0.9415896695838264,-0.006292392078175224,0.9147540983606557,0.9018355945730248,-0.01291850378763093,0.9810100249633474,0.981343744594628,0.00033371963128059345,0.00042609106066395126,0.0001232312986850989,-0.00030285976197885235,0.25333508508151126,0.3051166981755118,0.051781613094000534,56,23,-33,2150,1701,-449
calibration,158986766-158986776-002,normal_columnar,20260805,baseline,gaussian_noise,10,0.7434328455641201,0.740316158236915,-0.0031166873272051587,0.948477366255144,0.9510512483574245,0.002573882102280489,0.5383883248730964,0.5295810681164055,-0.008807256756690918,0.6475295622481896,0.6888363964046362,0.04130683415644665,0.0325523584953592,0.033152291845989446,0.000599933350630244,311,298,-13,2186,2236,50
calibration,204870815-204870836-002,moderate_dysplastic,20260805,baseline,gaussian_blur,2,0.5887192864215405,0.5952621781096005,0.006542891688059993,0.8568200161420501,0.8520863776587109,-0.0047336384833391865,0.32061855670103095,0.33843797856049007,0.017819421859459117,0.1671675873353582,0.2178048489641191,0.05063726162876092,0.011495241330959027,0.06047526399886838,0.04898002266790935,757,793,36,272,234,-38
calibration,204870815-204870836-002,moderate_dysplastic,20260805,baseline,gaussian_blur,3,0.5887192864215405,0.5977796120097035,0.009060325588163054,0.8568200161420501,0.843949566071721,-0.012870450070329054,0.32061855670103095,0.3516096579476861,0.03099110124665516,0.1671675873353582,0.28963695365581565,0.12246936632045746,0.011495241330959027,0.06971374466303681,0.05821850333207779,757,845,88,272,176,-96
calibration,209566399-209566517-001,normal_intermediate,20260805,baseline,gaussian_blur,1,0.7052167393164566,0.7045131431201184,-0.0007035961963381965,0.6536005285179476,0.6428416720814382,-0.010758856436509423,0.7568329501149655,0.7661846141587985,0.009351664043832919,0.028160611143966306,0.029231103477831637,0.0010704923338653305,0.3480639396545848,0.5413291872010836,0.19326524754649876,1391,1467,76,384,10,-374
calibration,209566399-209566517-001,normal_intermediate,20260805,baseline,gaussian_blur,2,0.7052167393164566,0.7045622911693306,-0.0006544481471260077,0.6536005285179476,0.6303056027164686,-0.02329492580147896,0.7568329501149655,0.7788189796221925,0.021986029507226945,0.028160611143966306,0.030579396401390443,0.0024187852574241372,0.3480639396545848,0.5174818494086239,0.16941790975403903,1391,1562,171,384,431,47
calibration,209566399-209566517-001,normal_intermediate,20260805,baseline,gaussian_blur,3,0.7052167393164566,0.7067368422640576,0.0015201029476010763,0.6536005285179476,0.6166153846153846,-0.03698514390256302,0.7568329501149655,0.7968582999127306,0.040025349797765064,0.028160611143966306,0.03236596627169945,0.004205355127733144,0.3480639396545848,0.4795062747135239,0.1314423350589391,1391,1725,334,384,1569,1185
calibration,148497551-148497625-001,light_dysplastic,20260805,nc_aware_lambda_0p10,gaussian_noise,30,0.9239882918432433,0.9252085310046976,0.0012202391614543062,0.983217665615142,0.9605280528052805,-0.02268961280986148,0.8647589180713445,0.8898890092041147,0.025130091132770205,0.07466333809019571,0.014319580519491615,-0.06034375757070409,0.05110179449273833,0.10509959053639284,0.05399779604365451,67,283,216,3417,1926,-1491
calibration,148499815-148500094-001,light_dysplastic,20260805,nc_aware_lambda_0p10,gaussian_blur,2,0.8483994759102949,0.8384808903805476,-0.009918585529747226,0.8336625839589096,0.8244007016176184,-0.009261882341291217,0.86313636786168,0.852561079143477,-0.010575288718203013,0.05090415164479692,0.06151716619941766,0.010613014554620742,0.004981658117670595,0.04833514307566594,0.04335348495799535,498,567,69,2041,2511,470
calibration,148499815-148500094-001,light_dysplastic,20260805,nc_aware_lambda_0p10,gaussian_noise,20,0.8483994759102949,0.8447967316483289,-0.00360274426196594,0.8336625839589096,0.8228619457869301,-0.010800638171979515,0.86313636786168,0.8667315175097277,0.0035951496480476353,0.05090415164479692,0.024372821346293844,-0.026531330298503075,0.004981658117670595,0.06404141799599422,0.059059759878323626,498,195,-303,2041,1418,-623
calibration,148848523-148848538-001,moderate_dysplastic,20260805,nc_aware_lambda_0p10,gaussian_blur,2,0.7723231760818277,0.7674718610550426,-0.004851315026785041,0.8970721400543314,0.8894867962132537,-0.007585343841077785,0.6475742121093239,0.6454569258968317,-0.0021172862124921865,0.5736682534817139,0.6068528107166116,0.03318455723489766,0.007939933165735269,0.018787307515336082,0.010847374349600813,907,1003,96,963,972,9
calibration,148848523-148848538-001,moderate_dysplastic,20260805,nc_aware_lambda_0p10,gaussian_noise,10,0.7723231760818277,0.766903290934787,-0.005419885147040615,0.8970721400543314,0.9044102564102564,0.007338116355924962,0.6475742121093239,0.6293963254593176,-0.018177886650006303,0.5736682534817139,0.5298710853947581,-0.04379716808695577,0.007939933165735269,0.08533727281161452,0.07739733964587925,907,718,-189,963,990,27
calibration,148882307-148882447-001,light_dysplastic,20260805,nc_aware_lambda_0p10,gaussian_blur,2,0.7908844322542695,0.7946923006271176,0.0038078683728480778,0.9516061158647777,0.9589339135164536,0.007327797651675905,0.6301627486437613,0.6304506877377817,0.0002879390940203619,0.03468722030312668,0.060369931902688884,0.025682711599562202,0.07560753625778194,0.05085144985581058,-0.024756086401971356,229,4,-225,2730,3044,314
calibration,148882307-148882447-001,light_dysplastic,20260805,nc_aware_lambda_0p10,gaussian_blur,3,0.7908844322542695,0.7870057313835599,-0.003878700870709628,0.9516061158647777,0.952751677852349,0.0011455619875713197,0.6301627486437613,0.6212597849147706,-0.008902963728990687,0.03468722030312668,0.06822265354461962,0.03353543324149294,0.07560753625778194,0.054255018097925656,-0.021352518159856282,229,92,-137,2730,3042,312
calibration,148882307-148882447-001,light_dysplastic,20260805,nc_aware_lambda_0p10,gaussian_noise,20,0.7908844322542695,0.7925312810191384,0.001646848764868869,0.9516061158647777,0.9343529072283941,-0.017253208636383577,0.6301627486437613,0.6507096548098826,0.020546906166121315,0.03468722030312668,0.0014879590628114892,-0.03319926124031519,0.07560753625778194,0.13139068139028065,0.05578314513249871,229,427,198,2730,1845,-885
calibration,149053341-149053350-002,moderate_dysplastic,20260805,nc_aware_lambda_0p10,gaussian_noise,30,0.8879623552377984,0.8804739930735432,-0.007488362164255191,0.9656602306595827,0.9537666576013054,-0.011893573058277318,0.810264479816014,0.807181328545781,-0.0030831512702330643,0.07295915000691389,0.12082072967191809,0.047861579665004206,0.07708907269004317,0.17789065642835744,0.10080158373831427,181,182,1,1665,1852,187
calibration,149053533-149053553-001,moderate_dysplastic,20260805,nc_aware_lambda_0p10,gaussian_blur,1,0.7286265203623232,0.7385142214063432,0.009887701044019925,0.875967278355074,0.8755383765875208,-0.00042890176755328024,0.5812857623695725,0.6014900662251655,0.02020430385559302,1.263058425460553,1.1671398115488771,-0.09591861391167589,0.28606419764005087,0.3899194141706216,0.10385521653057073,2160,2178,18,3162,2966,-196
calibration,149053533-149053553-001,moderate_dysplastic,20260805,nc_aware_lambda_0p10,gaussian_noise,10,0.7286265203623232,0.7205053067413041,-0.008121213621019141,0.875967278355074,0.8781948217552809,0.0022275434002068106,0.5812857623695725,0.5628157917273272,-0.018469970642245315,1.263058425460553,1.3655241243495873,0.10246569888903423,0.28606419764005087,0.2922878161510376,0.006223618510986739,2160,2105,-55,3162,3369,207
calibration,149053533-149053553-001,moderate_dysplastic,20260805,nc_aware_lambda_0p10,gaussian_noise,20,0.7286265203623232,0.7267041116103722,-0.0019224087519510435,0.875967278355074,0.8957803762074225,0.019813097852348416,0.5812857623695725,0.5576278470133219,-0.023657915356250614,1.263058425460553,1.3090613881373385,0.0460029626767855,0.28606419764005087,0.320122007608483,0.03405780996843211,2160,1771,-389,3162,3411,249
calibration,149056410-149056423-004,severe_dysplastic,20260805,nc_aware_lambda_0p10,gaussian_blur,3,0.8217441294796259,0.8228980772858188,0.0011539478061928232,0.9065284974093264,0.9062369192130598,-0.0002915781962665731,0.7369597615499255,0.7395592353585778,0.0025994738086523306,0.07705911299263901,0.1061296777852686,0.029070564792629594,0.12854173958781834,0.15683732708208176,0.02829558749426342,373,326,-47,1130,1291,161
calibration,149056410-149056458-002,severe_dysplastic,20260805,nc_aware_lambda_0p10,gaussian_noise,10,0.83069138184491,0.833081228255937,0.002389846411027019,0.9055494303564866,0.9090909090909091,0.003541478734422454,0.7558333333333334,0.757071547420965,0.001238214087631695,0.18276582503556194,0.1474919147616518,-0.035273910273910136,0.03881139840575143,0.13471864766083386,0.09590724925508243,183,146,-37,32,28,-4
calibration,149056785-149056797-004,severe_dysplastic,20260805,nc_aware_lambda_0p10,gaussian_noise,10,0.8553448308504255,0.8612282038441982,0.005883372993772729,0.9309989701338826,0.9413604378420641,0.010361467708181582,0.7796906915669682,0.7810959698463322,0.0014052782793639862,0.2941901816855541,0.24765438848726617,-0.046535793198287934,0.05798219475127886,0.12551773724497772,0.06753554249369886,240,193,-47,231,209,-22
calibration,149056933-149056945-002,severe_dysplastic,20260805,nc_aware_lambda_0p10,gaussian_noise,10,0.8100579432473183,0.8017429537516447,-0.008314989495673553,0.8826135105204873,0.8670779584969153,-0.015535552023572041,0.7375023759741494,0.7364079490063742,-0.001094426967775175,0.26726746389449463,0.31644281025890353,0.0491753463644089,0.05938576118739536,0.015018680929592243,-0.044367080257803115,636,705,69,65,138,73
calibration,149057812-149057847-003,moderate_dysplastic,20260805,nc_aware_lambda_0p10,gaussian_blur,3,0.7516385064610466,0.7468595899123875,-0.004778916548659029,0.9019869315908788,0.8846778559826746,-0.017309075608204272,0.6012900813312143,0.6090413238421004,0.007751242510886103,0.48891113852230483,0.5146368152301048,0.025725676707800016,0.07873438573667912,0.13370103396873234,0.05496664823205322,735,846,111,2481,2601,120
calibration,149057812-149057847-003,moderate_dysplastic,20260805,nc_aware_lambda_0p10,gaussian_noise,10,0.7516385064610466,0.741720981635363,-0.009917524825683532,0.9019869315908788,0.890176526074653,-0.011810405516225808,0.6012900813312143,0.593265437196073,-0.008024644135141257,0.48891113852230483,0.5156645623388652,0.026753423816560318,0.07873438573667912,0.03498796786173297,-0.04374641787494615,735,813,78,2481,2683,202
calibration,149058170-149058202-001,severe_dysplastic,20260805,nc_aware_lambda_0p10,gaussian_blur,1,0.8296879107265905,0.8271266968227631,-0.002561213903827464,0.9118600129617628,0.9107722258273848,-0.00108778713437796,0.7475158084914183,0.7434811678181413,-0.004034640673276968,0.47328376889597124,0.5048516780164416,0.03156790912047036,0.028793426671957167,0.029432087291261788,0.0006386606193046207,542,550,8,358,417,59
calibration,149058170-149058202-001,severe_dysplastic,20260805,nc_aware_lambda_0p10,gaussian_noise,10,0.8296879107265905,0.8306292816209833,0.0009413708943927235,0.9118600129617628,0.9102418438565169,-0.0016181691052459257,0.7475158084914183,0.7510167193854496,0.0035009108940312617,0.47328376889597124,0.4769003747673761,0.0036166058714048877,0.028793426671957167,0.08132713224575594,0.05253370557379877,542,553,11,358,356,-2
calibration,149061221-149061289-001,severe_dysplastic,20260805,nc_aware_lambda_0p10,gaussian_blur,2,0.8054242479586,0.7973280959729968,-0.008096151985603206,0.8618663751878672,0.8642720043871676,0.0024056291993003187,0.7489821207293327,0.7303841875588261,-0.01859793317050662,0.11138641356717038,0.06441309244626503,-0.046973321120905354,0.062330529164081994,0.11424361675941785,0.05191308759533586,1011,986,-25,592,981,389
calibration,149099680-149099714-001,moderate_dysplastic,20260805,nc_aware_lambda_0p10,gaussian_noise,10,0.9343468483117283,0.9332037328900953,-0.0011431154216330341,0.9652085133118669,0.9662296384584823,0.0010211251466154536,0.9034851833115898,0.9001778273217083,-0.003307355989881522,0.027555387547686216,0.017241452225340737,-0.01031393532234548,0.11213298192791443,0.16086145938172003,0.048728477453805596,173,25,-148,1015,897,-118
calibration,149099680-149099714-001,moderate_dysplastic,20260805,nc_aware_lambda_0p10,gaussian_noise,20,0.9343468483117283,0.9376278621651155,0.0032810138533871935,0.9652085133118669,0.9608758654000966,-0.004332647911770238,0.9034851833115898,0.9143798589301344,0.010894675618544625,0.027555387547686216,0.011583688066990394,-0.015971699480695822,0.11213298192791443,0.23218177188897993,0.1200487899610655,173,138,-35,1015,272,-743
calibration,149101620-149101650-003,moderate_dysplastic,20260805,nc_aware_lambda_0p10,gaussian_blur,3,0.8260424750090943,0.8186740674303399,-0.0073684075787544545,0.922090112640801,0.9221203171148764,3.0204474075423704e-05,0.7299948373773877,0.7152278177458034,-0.014767019631584333,0.2834756726473453,0.30606665715779957,0.02259098451045427,0.10947804938769268,0.16974184594961494,0.06026379656192227,366,325,-41,1477,1800,323
calibration,149101620-149101650-003,moderate_dysplastic,20260805,nc_aware_lambda_0p10,gaussian_noise,10,0.8260424750090943,0.8187665313117014,-0.007275943697392928,0.922090112640801,0.9198860037998733,-0.0022041088409276988,0.7299948373773877,0.7176470588235294,-0.012347778553858269,0.2834756726473453,0.3130929061902691,0.029617233542923782,0.10947804938769268,0.04990816778849039,-0.05956988159920229,366,442,76,1477,1652,175
calibration,149101620-149101664-001,moderate_dysplastic,20260805,nc_aware_lambda_0p10,gaussian_noise,10,0.9198369191075461,0.9202996523231239,0.00046273321557788183,0.9701157367420971,0.9651408450704225,-0.004974891671674531,0.8695581014729951,0.8754584595758252,0.005900358102830183,0.039502076656628415,0.0037182212678879556,-0.03578385538874046,0.012192136461815273,0.06347886869252617,0.051286732230710896,25,84,59,456,134,-322
calibration,149101894-149101909-001,severe_dysplastic,20260805,nc_aware_lambda_0p10,gaussian_blur,1,0.8139980513079477,0.8047168087778115,-0.00928124253013618,0.8587440250535685,0.8492437794763377,-0.009500245577230837,0.7692520775623268,0.7601898380792853,-0.009062239483041523,0.2754660857642037,0.3151013574253865,0.03963527166118275,0.13701052673177722,0.19037677186224328,0.05336624513046606,829,911,82,196,252,56
calibration,149102510-149102519-002,moderate_dysplastic,20260805,nc_aware_lambda_0p10,gaussian_noise,10,0.788725764599551,0.7907772632694559,0.0020514986699048388,0.8036677454153183,0.8001081958344604,-0.0035595495808579125,0.7737837837837838,0.7814463307044512,0.007662546920667479,0.232530200933398,0.24339510990172708,0.01086490896832909,0.10709394292451968,0.20837069026722332,0.10127674734270364,728,739,11,262,343,81
calibration,149102510-149102527-001,moderate_dysplastic,20260805,nc_aware_lambda_0p10,gaussian_noise,10,0.7023308064457718,0.6998448095520646,-0.0024859968937072097,0.7730239303843365,0.7638025594149909,-0.00922137096934561,0.6316376825072073,0.6358870596891383,0.004249377181930969,0.4281159223273185,0.4414845582349058,0.0133686359075873,0.10072836613010716,0.16535161119106445,0.06462324506095729,1224,1270,46,1953,2073,120
calibration,149143295-149143307-001,severe_dysplastic,20260805,nc_aware_lambda_0p10,gaussian_noise,20,0.9093590705709897,0.9088624379489374,-0.0004966326220523509,0.9737014506317268,0.9598149754264238,-0.01388647520530295,0.8450166905102527,0.857909900471451,0.012893209961198249,0.1289664547328685,0.02276371737251892,-0.10620273736034958,0.03235371296483969,0.08086488674928771,0.048511173784448025,97,211,114,1159,566,-593
calibration,149147060-149147075-001,carcinoma_in_situ,20260805,nc_aware_lambda_0p10,gaussian_blur,1,0.7895778787137729,0.7956748798752087,0.0060970011614357444,0.8890374331550802,0.8894086201135984,0.0003711869585182326,0.6901183242724657,0.701941139636819,0.011822815364353367,0.05911852113528504,0.09962882753167357,0.04051030639638853,0.043787583505298544,0.034142540458877435,-0.009645043046421109,332,331,-1,251,184,-67
calibration,149147060-149147075-001,carcinoma_in_situ,20260805,nc_aware_lambda_0p10,gaussian_blur,2,0.7895778787137729,0.7888995928128762,-0.0006782859008966913,0.8890374331550802,0.8800539083557951,-0.008983524799285103,0.6901183242724657,0.6977452772699574,0.0076269529974917205,0.05911852113528504,0.16417742365299337,0.10505890251770833,0.043787583505298544,0.016268212111416047,-0.027519371393882497,332,356,24,251,96,-155
calibration,149182657-149182681-001,carcinoma_in_situ,20260805,nc_aware_lambda_0p10,gaussian_blur,2,0.7568666167661535,0.7537301612034866,-0.003136455562666951,0.9090627899783483,0.8989787902592302,-0.010083999719118109,0.6046704435539588,0.6084815321477428,0.0038110885937839845,0.04063949582275439,0.0872499024103538,0.04661040658759941,0.2709216108633016,0.3141835908340118,0.04326197997071024,430,531,101,317,244,-73
calibration,149182657-149182681-001,carcinoma_in_situ,20260805,nc_aware_lambda_0p10,gaussian_blur,3,0.7568666167661535,0.7499074963766368,-0.0069591203895167375,0.9090627899783483,0.8872947553004942,-0.021768034677854153,0.6046704435539588,0.6125202374527793,0.007849793898820456,0.04063949582275439,0.1357273936688398,0.0950878978460854,0.2709216108633016,0.3296237165011221,0.05870210563782052,430,623,193,317,142,-175
calibration,149185497-149185527-003,carcinoma_in_situ,20260805,nc_aware_lambda_0p10,gaussian_blur,2,0.732491342415596,0.7304550544179209,-0.002036287997675079,0.8748327918975731,0.8707326428845417,-0.004100149013031462,0.5901498929336189,0.5901774659513,2.7573017681192802e-05,2.2792799905261916,2.3701111927382303,0.09083120221203878,0.03724823423777579,0.04354894147797839,0.0063007072402025965,655,674,19,767,855,88
calibration,149316025-149316032-001,carcinoma_in_situ,20260805,nc_aware_lambda_0p10,gaussian_blur,1,0.8850289550787975,0.8797985388065374,-0.005230416272260174,0.9558926487747959,0.9537166900420757,-0.00217595873272014,0.8141652613827993,0.805880387570999,-0.00828487381180032,0.14317182621262292,0.17305130910257072,0.029879482889947795,0.05262386362643756,0.0573609937058025,0.004737130079364937,179,186,7,23,51,28
calibration,149316025-149316032-001,carcinoma_in_situ,20260805,nc_aware_lambda_0p10,gaussian_noise,10,0.8850289550787975,0.8754620684252932,-0.009566886653504358,0.9558926487747959,0.9537166900420757,-0.00217595873272014,0.8141652613827993,0.7972074468085106,-0.016957814574288688,0.14317182621262292,0.18617053978301823,0.04299871357039531,0.05262386362643756,0.02620188688866798,-0.02642197673776958,179,186,7,23,66,43
calibration,149316754-149316795-002,severe_dysplastic,20260805,nc_aware_lambda_0p10,gaussian_blur,1,0.8560012400323787,0.8505782413413658,-0.005422998691012815,0.967741935483871,0.9651984774333877,-0.0025434580504832827,0.7442605445808863,0.7359580052493438,-0.008302539331542458,0.48445954187580975,0.547801313654553,0.06334177177874323,0.0468585691810296,0.052829983958997295,0.0059714147779676985,97,108,11,179,211,32
calibration,149316754-149316795-002,severe_dysplastic,20260805,nc_aware_lambda_0p10,gaussian_noise,10,0.8560012400323787,0.8497220035322302,-0.0062792365001484995,0.967741935483871,0.9615699100572364,-0.006172025426634642,0.7442605445808863,0.737874097007224,-0.006386447573662357,0.48445954187580975,0.6070825266725608,0.12262298479675104,0.0468585691810296,0.0071042979263082895,-0.03975427125472131,97,117,20,179,244,65
calibration,149317114-149317152-001,carcinoma_in_situ,20260805,nc_aware_lambda_0p10,gaussian_blur,1,0.8139228943676438,0.8109192982625699,-0.003003596105073836,0.9329073482428115,0.9274819373829275,-0.005425410859884017,0.6949384404924761,0.6943566591422122,-0.0005817813502638769,0.391570945101112,0.4365067680857153,0.0449358229846033,0.013262739479500851,0.010163350608231814,-0.0030993888712690376,252,271,19,103,125,22
calibration,149317114-149317152-001,carcinoma_in_situ,20260805,nc_aware_lambda_0p10,gaussian_noise,10,0.8139228943676438,0.8120140730717186,-0.0019088212959251782,0.9329073482428115,0.9312,-0.0017073482428114906,0.6949384404924761,0.6928281461434371,-0.002110294349038977,0.391570945101112,0.42794225713212586,0.03637131203101385,0.013262739479500851,0.036322764249301254,0.023060024769800402,252,258,6,103,127,24
calibration,149357849-149357857-002,moderate_dysplastic,20260805,nc_aware_lambda_0p10,gaussian_blur,3,0.9037645116712116,0.8976342869431471,-0.0061302247280645705,0.9509011808576756,0.9396594892338508,-0.011241691623824823,0.8566278424847477,0.8556090846524432,-0.0010187578323044288,0.09106767169869712,0.122311124489902,0.031243452791204884,0.12644088639181605,0.033839638623309076,-0.09260124776850698,373,430,57,40,13,-27
calibration,149357956-149358043-001,carcinoma_in_situ,20260805,nc_aware_lambda_0p10,gaussian_blur,1,0.7970314571597291,0.8008952860014661,0.0038638288417369715,0.8969654199011997,0.8964909187092224,-0.000474501191977339,0.6970974944182585,0.7052996532937098,0.008202158875451282,1.035110090696182,1.0367422747574215,0.001632184061239439,0.007986512762095,0.08779342657882377,0.07980691381672878,580,577,-3,983,990,7
calibration,149357956-149358043-001,carcinoma_in_situ,20260805,nc_aware_lambda_0p10,gaussian_blur,2,0.7970314571597291,0.7935875279273112,-0.003443929232417875,0.8969654199011997,0.8850942725008893,-0.011871147400310367,0.6970974944182585,0.7020807833537331,0.004983288935474617,1.035110090696182,1.0744685321207168,0.03935844142453471,0.007986512762095,0.21695049618215306,0.20896398342005806,580,626,46,983,1037,54
calibration,153275893-153275939-003,moderate_dysplastic,20260805,nc_aware_lambda_0p10,gaussian_blur,3,0.8978190080297822,0.9008900203973735,0.0030710123675913303,0.963177732676138,0.9460834181078331,-0.017094314568304902,0.8324602833834264,0.8556966226869139,0.023236339303487563,0.14313730859008678,0.08993117999330491,-0.053206128596781865,0.039358804142844095,0.08124500986506988,0.04188620572222579,94,111,17,1541,1135,-406
calibration,153314466-153314473-002,light_dysplastic,20260805,nc_aware_lambda_0p10,gaussian_noise,30,0.8990255855896473,0.8980845926233612,-0.000940992966286136,0.9176317501626545,0.9558210614059461,0.03818931124329161,0.8804194210166401,0.8403481238407762,-0.040071297175863885,0.0762320862613256,0.06257391974260368,-0.013658166518721926,0.039854031358873554,0.13095610610328856,0.09110207474441501,627,140,-487,595,1503,908
calibration,153314857-153314909-001,severe_dysplastic,20260805,nc_aware_lambda_0p10,gaussian_blur,2,0.742525096463145,0.7348414209861336,-0.007683675477011431,0.814610958218664,0.7986815415821501,-0.015929416636513927,0.670439234707626,0.6710013003901171,0.0005620656824910641,0.6209146625905465,0.6944249432170143,0.0735102806264678,0.05212718721620657,0.035470700345730855,-0.016656486870475717,741,794,53,371,505,134
calibration,153314857-153314909-001,severe_dysplastic,20260805,nc_aware_lambda_0p10,gaussian_noise,10,0.742525096463145,0.7371750251762337,-0.00535007128691134,0.814610958218664,0.8071500503524672,-0.007460907866196798,0.670439234707626,0.6672,-0.003239234707625993,0.6209146625905465,0.6478897973284201,0.026975134737873607,0.05212718721620657,0.18198325575221902,0.12985606853601245,741,766,25,371,410,39
calibration,153314956-153314978-003,severe_dysplastic,20260805,nc_aware_lambda_0p10,gaussian_noise,10,0.7657325124030137,0.765855608361477,0.00012309595846338173,0.8490701001430615,0.8497854077253219,0.0007153075822603494,0.6823949246629659,0.6819258089976322,-0.000469115665333697,0.7813855185909979,0.7876712328767123,0.006285714285714339,0.25007505061125745,0.3419146244245166,0.09183957381325913,840,840,0,956,980,24
calibration,153314956-153314985-002,severe_dysplastic,20260805,nc_aware_lambda_0p10,gaussian_blur,2,0.7886486687255532,0.7860299139950621,-0.002618754730491113,0.8793897524467472,0.8655107096022148,-0.013879042844532452,0.6979075850043592,0.7065491183879093,0.008641533383550115,0.7079480004239744,0.8166895570658281,0.1087415566418537,0.09572500897938618,0.053983155014404205,-0.04174185396498198,838,923,85,506,682,176
calibration,153315615-153315629-001,severe_dysplastic,20260805,nc_aware_lambda_0p10,gaussian_blur,1,0.9248618866372618,0.919046339997186,-0.005815546640075775,0.9543317662860981,0.9478991596638655,-0.006432606622232551,0.8953920069884255,0.8901935203305066,-0.005198486657918888,0.052217270971771534,0.04479686231158442,-0.007420408660187117,0.013928467309082482,0.06040480158989625,0.04647633428081377,16,13,-3,159,139,-20
calibration,153315615-153315629-001,severe_dysplastic,20260805,nc_aware_lambda_0p10,gaussian_noise,10,0.9248618866372618,0.9220026355086812,-0.002859251128580542,0.9543317662860981,0.9489247311827957,-0.005407035103302316,0.8953920069884255,0.8950805398345668,-0.00031146715385865775,0.052217270971771534,0.04675181772046233,-0.005465453251309205,0.013928467309082482,0.12032909662949565,0.10640062932041316,16,14,-2,159,144,-15
calibration,153354858-153354901-002,light_dysplastic,20260805,nc_aware_lambda_0p10,gaussian_noise,10,0.8358063932735893,0.8280288059914387,-0.007777587282150611,0.9084545383837598,0.8945828390668248,-0.013871699316934993,0.7631582481634188,0.7614747729160526,-0.0016834752473662284,0.034313369854425846,0.0406476497186386,0.006334279864212755,0.3399816515214936,0.41604742402661193,0.07606577250511831,1085,1297,212,1113,1296,183
calibration,153656862-153656891-001,light_dysplastic,20260805,nc_aware_lambda_0p10,gaussian_noise,10,0.8310791639170612,0.8371094700210544,0.006030306103993244,0.8675324675324675,0.8795526673719208,0.01202019983945335,0.7946258603016547,0.794666272670188,4.041236853324914e-05,0.028825814163987495,0.010152762824739314,-0.01867305133924818,0.2738757777168169,0.3219532352374632,0.048077457520646294,58,86,28,700,457,-243
calibration,153657121-153657151-001,severe_dysplastic,20260805,nc_aware_lambda_0p10,gaussian_blur,1,0.9116330626867339,0.911864462928712,0.00023140024197809694,0.9572352848350955,0.9582548650345261,0.001019580199430603,0.8660308405383724,0.865474060822898,-0.0005567797154744092,0.019296675434877675,0.00899518655981979,-0.010301488875057885,0.09792900195312226,0.21610152714130704,0.11817252518818477,189,154,-35,143,182,39
calibration,153657121-153657151-001,severe_dysplastic,20260805,nc_aware_lambda_0p10,gaussian_blur,2,0.9116330626867339,0.9075624646652105,-0.0040705980215234305,0.9572352848350955,0.9532504328663624,-0.003984851968733105,0.8660308405383724,0.8618744964640587,-0.004156344074313756,0.019296675434877675,0.0115291793275063,-0.007767496107371374,0.09792900195312226,0.22055725383792635,0.12262825188480408,189,173,-16,143,191,48
calibration,153659229-153659243-001,severe_dysplastic,20260805,nc_aware_lambda_0p10,gaussian_blur,2,0.9094287789821627,0.9007021165392513,-0.008726662442911426,0.9479318734793187,0.940103524771999,-0.007828348707319743,0.8709256844850065,0.8613007083065035,-0.009624976178502997,0.05509424778977867,0.08016628869954279,0.025072040909764115,0.2015953672001739,0.22222581401084507,0.020630446810671166,90,143,53,226,321,95
calibration,153659229-153659256-003,severe_dysplastic,20260805,nc_aware_lambda_0p10,gaussian_blur,2,0.7489586730262083,0.7541652554896456,0.005206582463437304,0.8269102249944308,0.8325571080062099,0.005646883011779069,0.6710071210579858,0.6757734029730815,0.00476628191509576,0.6086855669316467,0.6160391941356094,0.007353627203962709,0.02368774011838981,0.07166252366941872,0.04797478355102891,773,753,-20,753,816,63
calibration,153659229-153659256-003,severe_dysplastic,20260805,nc_aware_lambda_0p10,gaussian_blur,3,0.7489586730262083,0.749757670914424,0.0007989978882156912,0.8269102249944308,0.8241340782122905,-0.002776146782140332,0.6710071210579858,0.6753812636165577,0.004374142558571936,0.6086855669316467,0.6430022109938334,0.03431664406218671,0.02368774011838981,0.07734504773023332,0.05365730761184351,773,787,14,753,887,134
calibration,153697342-153697353-001,moderate_dysplastic,20260805,nc_aware_lambda_0p10,gaussian_noise,10,0.3504286396124977,0.35449390550913185,0.00406526589663414,0.36945169712793735,0.3795242062390077,0.010072509111070327,0.33140558209705806,0.329463604779256,-0.001941977317802046,2.3191832742947236,2.306071725769673,-0.013111548525050587,0.49597979353713584,0.5661307303983613,0.07015093686122542,6596,6517,-79,5167,5037,-130
calibration,153697342-153697366-002,moderate_dysplastic,20260805,nc_aware_lambda_0p10,gaussian_blur,2,0.8096731074930903,0.8130175096070467,0.0033444021139563684,0.9294659103071818,0.932678971513923,0.0032130612067411413,0.6898803046789989,0.6933560477001703,0.0034757430211714846,0.9770366043613707,1.0253542267050912,0.0483176223437205,0.0951498581504644,0.1446985220898258,0.049548663939361415,649,619,-30,755,856,101
calibration,153697342-153697366-002,moderate_dysplastic,20260805,nc_aware_lambda_0p10,gaussian_blur,3,0.8096731074930903,0.803219113415965,-0.006453994077125325,0.9294659103071818,0.9252607807291107,-0.004205129578071176,0.6898803046789989,0.6811774461028193,-0.008702858576179584,0.9770366043613707,1.1203340220385674,0.14329741767719661,0.0951498581504644,0.14342711185432977,0.048277253703865375,649,693,44,755,984,229
calibration,153697342-153697384-002,moderate_dysplastic,20260805,nc_aware_lambda_0p10,gaussian_blur,2,0.8620123092527406,0.8699775218676615,0.007965212614920891,0.9483849483849484,0.9496625732935059,0.0012776249085575397,0.7756396701205329,0.790292470441817,0.014652800321284132,0.036908979589644564,0.0666172969977159,0.02970831740807134,0.032775664118390724,0.021301324786703657,-0.011474339331687067,443,413,-30,282,98,-184
calibration,153697342-153697384-002,moderate_dysplastic,20260805,nc_aware_lambda_0p10,gaussian_blur,3,0.8620123092527406,0.867104284683125,0.00509197543038431,0.9483849483849484,0.9449938882098011,-0.0033910601751472313,0.7756396701205329,0.7892146811564487,0.01357501103591574,0.036908979589644564,0.09553358660134836,0.0586246070117038,0.032775664118390724,0.030750539552092837,-0.0020251245662978867,443,453,10,282,14,-268
calibration,153698259-153698268-001,moderate_dysplastic,20260805,nc_aware_lambda_0p10,gaussian_blur,2,0.8268967458447904,0.8175390095633395,-0.009357736281450979,0.9120380376053598,0.9030289823490957,-0.009009055256264165,0.7417554540842212,0.7320490367775832,-0.009706417306638015,0.18982918645075686,0.23818900200810256,0.0483598155573457,0.23416193754422987,0.055485160374330156,-0.17867677716989971,407,445,38,28,27,-1
calibration,153698259-153698268-002,moderate_dysplastic,20260805,nc_aware_lambda_0p10,gaussian_blur,2,0.9360324282142145,0.9271261073475768,-0.008906320866637674,0.9787819253438114,0.9726732673267326,-0.006108658017078716,0.8932829310846176,0.881578947368421,-0.011703983716196631,0.214472927860337,0.2777274933168825,0.06325456545654551,0.04855891552849756,0.01818992704272937,-0.03036898848576819,76,116,40,197,254,57
calibration,153698259-153698268-002,moderate_dysplastic,20260805,nc_aware_lambda_0p10,gaussian_noise,10,0.9360324282142145,0.9263568687570429,-0.009675559457171579,0.9787819253438114,0.971123417721519,-0.007658507622292365,0.8932829310846176,0.881590319792567,-0.01169261129205068,0.214472927860337,0.2567040698934593,0.04223114203312228,0.04855891552849756,0.10104393991447913,0.05248502438598157,76,110,34,197,229,32
calibration,153701139-153701158-004,moderate_dysplastic,20260805,nc_aware_lambda_0p10,gaussian_blur,3,0.9094651645946517,0.9045053827865501,-0.004959781808101527,0.9809741248097412,0.9728471683475562,-0.008126956462184975,0.8379562043795621,0.8361635972255441,-0.0017926071540179667,0.14830579954069878,0.09510836593207805,-0.053197433608620726,0.001088285570376657,0.04214916580451644,0.041060880234139785,16,34,18,446,375,-71
calibration,153701139-153701158-005,moderate_dysplastic,20260805,nc_aware_lambda_0p10,gaussian_blur,2,0.9192843435257592,0.9097455667984912,-0.009538776727267995,0.9696699375557538,0.9599640125955915,-0.009705924960162315,0.8688987494957644,0.8595271210013908,-0.009371628494373563,0.21848917243309218,0.25375242392154473,0.03526325148845255,0.03526037690467643,0.05785632310674538,0.02259594620206895,108,146,38,474,549,75
calibration,153827595-153827618-002,severe_dysplastic,20260805,nc_aware_lambda_0p10,gaussian_noise,10,0.8181320859120251,0.8117777160701324,-0.0063543698418927486,0.9488459139114162,0.9408805031446541,-0.007965410766762049,0.6874182579126341,0.6826749289956107,-0.004743328917023448,0.2432526459854526,0.19829243580114442,-0.04496021018430818,0.0711143959316104,0.127298780780847,0.0561843848492366,40,66,26,589,539,-50
calibration,153827595-153827618-002,severe_dysplastic,20260805,nc_aware_lambda_0p10,gaussian_noise,20,0.8181320859120251,0.8132048761017308,-0.004927209810294375,0.9488459139114162,0.944781359719119,-0.004064554192297121,0.6874182579126341,0.6816283924843424,-0.0057898654282917406,0.2432526459854526,0.1929385250334824,-0.05031412095197019,0.0711143959316104,0.14431338557538398,0.07319898964377358,40,113,73,589,580,-9
calibration,153827595-153827657-001,carcinoma_in_situ,20260805,nc_aware_lambda_0p10,gaussian_blur,2,0.8190490089008948,0.8233896513042245,0.004340642403329653,0.9137121580055043,0.9140359397765906,0.0003237817710862734,0.7243858597962852,0.7327433628318584,0.008357503035573144,0.9614588378597486,0.9990607076266866,0.03760186976693802,0.11968528144239476,0.09991731663288161,-0.01976796480951315,491,491,0,576,628,52
calibration,153827595-153827657-001,carcinoma_in_situ,20260805,nc_aware_lambda_0p10,gaussian_blur,3,0.8190490089008948,0.8241025299681336,0.005053521067238775,0.9137121580055043,0.9098600715912789,-0.0038520864142254085,0.7243858597962852,0.7383449883449883,0.01395912854870307,0.9614588378597486,1.0431540962515946,0.08169525839184599,0.11968528144239476,0.09079157512987635,-0.02889370631251842,491,522,31,576,670,94
calibration,153828952-153828980-001,severe_dysplastic,20260805,nc_aware_lambda_0p10,gaussian_blur,1,0.8706030097073274,0.8705842844720679,-1.872523525947578e-05,0.9661674986134221,0.9649025069637883,-0.0012649916496337843,0.7750385208012327,0.7762660619803476,0.0012275411791149438,0.35843059190897764,0.41003557190081774,0.051604979991840105,0.011524156026754051,0.01184859626397361,0.0003244402372195587,28,44,16,310,360,50
calibration,153828952-153828980-001,severe_dysplastic,20260805,nc_aware_lambda_0p10,gaussian_blur,2,0.8706030097073274,0.8652895103748053,-0.00531349933252212,0.9661674986134221,0.9612359550561798,-0.004931543557242346,0.7750385208012327,0.7693430656934307,-0.0056954551078020055,0.35843059190897764,0.49825487531027934,0.1398242834013017,0.011524156026754051,0.01884436345232665,0.0073202074255726,28,74,46,310,454,144
calibration,153828952-153829000-003,severe_dysplastic,20260805,nc_aware_lambda_0p10,gaussian_blur,1,0.8653462784087027,0.8643387376392628,-0.0010075407694398741,0.9685720312170428,0.9681770284510011,-0.0003950027660417632,0.7621205256003625,0.7605004468275246,-0.001620078772837874,0.5212152222365734,0.5659824236280164,0.04476720139144308,0.07171443510638975,0.08757846732780161,0.01586403222141186,143,139,-4,199,230,31
calibration,153828952-153829000-003,severe_dysplastic,20260805,nc_aware_lambda_0p10,gaussian_blur,2,0.8653462784087027,0.858982385974929,-0.006363892433773666,0.9685720312170428,0.9634789951446063,-0.0050930360724364965,0.7621205256003625,0.7544857768052516,-0.007634748795110835,0.5212152222365734,0.6407018296836076,0.11948660744703421,0.07171443510638975,0.10841837234938134,0.03670393724299159,143,147,4,199,277,78
calibration,153828952-153829000-003,severe_dysplastic,20260805,nc_aware_lambda_0p10,gaussian_noise,10,0.8653462784087027,0.8577192872657871,-0.007626991142915651,0.9685720312170428,0.9644218551461246,-0.004150176070918277,0.7621205256003625,0.7510167193854496,-0.011103806214912915,0.5212152222365734,0.5464148369301949,0.02519961469362153,0.07171443510638975,0.039213211022703365,-0.032501224083686386,143,162,19,199,205,6
calibration,153830261-153830340-001,severe_dysplastic,20260805,nc_aware_lambda_0p10,gaussian_blur,1,0.8487870325785055,0.8472518329927897,-0.0015351995857157963,0.9490303758366226,0.9507803121248499,0.0017499362882272829,0.7485436893203884,0.7437233538607295,-0.0048203354596588754,1.1823097721127849,1.274457208010221,0.09214743589743613,0.15011847154367564,0.16522486040673057,0.015106388863054931,241,237,-4,334,385,51
calibration,153830680-153830693-001,carcinoma_in_situ,20260805,nc_aware_lambda_0p10,gaussian_blur,1,0.7059386840542334,0.7052230103962149,-0.0007156736580185008,0.8808938547486034,0.8742947415933198,-0.006599113155283609,0.5309835133598636,0.5361512791991101,0.0051677658392464965,0.33841988550045965,0.4761715189936804,0.13775163349322073,0.0014602146091970414,0.11151502165504945,0.11005480704585241,99,55,-44,155,194,39
calibration,153830680-153830693-001,carcinoma_in_situ,20260805,nc_aware_lambda_0p10,gaussian_blur,2,0.7059386840542334,0.7040504215325876,-0.001888262521645867,0.8808938547486034,0.8650757228086278,-0.01581813193997561,0.5309835133598636,0.5430251202565473,0.012041606896683654,0.33841988550045965,0.6982450328808474,0.35982514738038773,0.0014602146091970414,0.1770334631042101,0.17557324849501305,99,18,-81,155,267,112
calibration,153830680-153830693-001,carcinoma_in_situ,20260805,nc_aware_lambda_0p10,gaussian_blur,3,0.7059386840542334,0.6995356317950003,-0.0064030522592331,0.8808938547486034,0.8584751690370716,-0.022418685711531827,0.5309835133598636,0.5405960945529291,0.009612581193065517,0.33841988550045965,0.891641089583733,0.5532212040832734,0.0014602146091970414,0.2194311269245416,0.21797091231534454,99,87,-12,155,342,187
calibration,153831352-153831372-003,severe_dysplastic,20260805,nc_aware_lambda_0p10,gaussian_blur,2,0.9010448857859216,0.8958128078817734,-0.005232077904148147,0.9752272322224202,0.9714285714285714,-0.0037986607938488293,0.8268625393494229,0.8201970443349754,-0.0066654950144474645,0.038429144090568634,0.1058238142642618,0.06739467017369316,0.03876448033514168,0.0021149955958243982,-0.036649484739317284,15,61,46,65,172,107
calibration,153831471-153831486-004,carcinoma_in_situ,20260805,nc_aware_lambda_0p10,gaussian_blur,3,0.7811297174742753,0.786251186989642,0.005121469515366739,0.8659320477502296,0.862691131498471,-0.0032409162517585965,0.6963273871983211,0.7098112424808131,0.013483855282491963,0.8717605649683813,0.8894874885440922,0.01772692357571093,0.20331589605655626,0.27428090414627615,0.0709650080897199,856,850,-6,843,899,56
calibration,153915634-153915665-003,severe_dysplastic,20260805,nc_aware_lambda_0p10,gaussian_blur,2,0.8686276557672634,0.8650643633698474,-0.00356329239741604,0.9434069043576684,0.9367881548974943,-0.006618749460174045,0.7938484071768583,0.7933405718422005,-0.0005078353346578135,0.18726235537473812,0.22986981526225692,0.042607459887518795,0.016662678784655216,0.008691482452590438,-0.007971196332064778,200,222,22,43,75,32
calibration,153915634-153915665-007,severe_dysplastic,20260805,nc_aware_lambda_0p10,gaussian_blur,1,0.8677182999271404,0.8601184231395056,-0.007599876787634852,0.8978899773926149,0.8930841121495328,-0.00480586524308213,0.837546622461666,0.8271527341294783,-0.010393888332187684,0.4335772135781636,0.48779000913813564,0.05421279555997205,0.18219565813343308,0.09478016510225429,-0.08741549303117879,430,472,42,548,601,53
calibration,153916001-153916020-003,severe_dysplastic,20260805,nc_aware_lambda_0p10,gaussian_noise,20,0.8649842060538266,0.8744090806153548,0.009424874561528185,0.9730473047304731,0.9677784058790277,-0.005268898851445325,0.7569211073771803,0.7810397553516819,0.024118647974501584,0.19550315086841008,0.09455337690631804,-0.10094977396209204,0.08698638007914228,0.13810834244175463,0.05112196236261235,80,18,-62,891,600,-291
calibration,153956444-153956458-002,normal_columnar,20260805,nc_aware_lambda_0p10,gaussian_blur,1,0.8428392847305264,0.8500113614977995,0.007172076767273161,0.9099326599326599,0.922180607573866,0.01224794764120607,0.7757459095283927,0.7778421154217332,0.002096205893340475,0.04325818837769296,0.05839825726655651,0.015140068888863545,0.05197873102754191,0.10954478283060398,0.05756605180306207,214,187,-27,709,723,14
calibration,153956444-153956458-002,normal_columnar,20260805,nc_aware_lambda_0p10,gaussian_blur,3,0.8428392847305264,0.8376116273413722,-0.0052276573891542055,0.9099326599326599,0.9148580968280468,0.0049254368953868255,0.7757459095283927,0.7603651578546976,-0.015380751673695126,0.04325818837769296,0.03876449323903469,-0.004493695138658271,0.05197873102754191,0.12352180798145063,0.07154307695390871,214,194,-20,709,646,-63
calibration,157181281-157181308-001,normal_superficiel,20260805,nc_aware_lambda_0p10,gaussian_blur,1,0.4657391236516677,0.46293827739877236,-0.0028008462528953393,0.06724303554274735,0.05776515151515151,-0.009477884027595841,0.864235211760588,0.8681114032823932,0.0038761915218051834,0.004705708303870515,0.005032653143679917,0.00032694483980940173,0.18038553122772094,0.4882750951990946,0.3078895639713737,112,142,30,15118,14597,-521
calibration,157185433-157185479-001,normal_columnar,20260805,nc_aware_lambda_0p10,gaussian_blur,3,0.855988762408689,0.8477543881199298,-0.008234374288759283,0.9194113524877365,0.9183238636363636,-0.0010874888513728864,0.7925661723296414,0.7771849126034959,-0.015381259726145569,0.10172425586017658,0.13075484546999483,0.029030589609818247,0.20463530171434197,0.20758102274772017,0.0029457210333782013,128,90,-38,735,843,108
calibration,157185433-157185479-007,normal_columnar,20260805,nc_aware_lambda_0p10,gaussian_noise,10,0.854730454772126,0.851183275735653,-0.003547179036472947,0.8781707752768846,0.8918032786885246,0.013632503411640018,0.8312901342673672,0.8105632727827813,-0.020726861484585912,0.09704200551194764,0.12370251407420996,0.02666050856226232,0.048565930463110085,0.010395730364518796,-0.03817020009859129,339,285,-54,16,285,269
calibration,157185527-157185540-003,normal_columnar,20260805,nc_aware_lambda_0p10,gaussian_blur,2,0.9286986450904083,0.9235491577263729,-0.005149487364035421,0.9707489553198329,0.9672184355728659,-0.0035305197469669425,0.8866483348609838,0.8798798798798799,-0.0067684549811039,0.03906688437122863,0.08695942832880132,0.0478925439575727,0.06282828007919505,0.07099767689724168,0.008169396818046626,15,15,0,83,140,57
calibration,157185527-157185540-003,normal_columnar,20260805,nc_aware_lambda_0p10,gaussian_blur,3,0.9286986450904083,0.9200148281355985,-0.008683816954809798,0.9707489553198329,0.9636184857423795,-0.0071304695774533355,0.8866483348609838,0.8764111705288176,-0.01023716433216626,0.03906688437122863,0.12185984929613114,0.08279296492490251,0.06282828007919505,0.09798771510799598,0.03515943502880092,15,45,30,83,176,93
calibration,157222534-157222579-001,normal_intermediate,20260805,nc_aware_lambda_0p10,gaussian_noise,10,0.9456544829866864,0.9451285414347228,-0.0005259415519636157,0.9594293357111012,0.9615214506855374,0.0020921149744361767,0.9318796302622717,0.9287356321839081,-0.00314399807836363,0.0009462983150324289,0.001410777430594909,0.00046447911556248,0.1853898434604232,0.24304096931660069,0.05765112585617749,11,7,-4,2715,2941,226
calibration,157222534-157223349-001,normal_intermediate,20260805,nc_aware_lambda_0p10,gaussian_noise,20,0.9549430584420111,0.952354767409119,-0.002588291032892154,0.948849104859335,0.9458064516129032,-0.0030426532464318257,0.9610370120246872,0.9589030832053347,-0.002133928819352482,6.000261251958017e-05,0.000658275400648372,0.0005982727881287918,0.056295784419341244,0.10264016154406308,0.046344377124721836,30,16,-14,1077,1156,79
calibration,157223246-157223258-001,normal_intermediate,20260805,nc_aware_lambda_0p10,gaussian_noise,30,0.9215048726266044,0.9224423447671759,0.0009374721405714936,0.8874928612221588,0.8939828080229226,0.006489946800763868,0.9555168840310502,0.9509018815114291,-0.004615002519621103,0.0011530353841758684,0.001454648920981079,0.0003016135368052106,0.12612394683282568,0.18559438661788608,0.05947043978506039,3,9,6,3266,3876,610
calibration,157224297-157224304-002,normal_superficiel,20260805,nc_aware_lambda_0p10,gaussian_blur,3,0.9399661748504706,0.9394601005176124,-0.0005060743328582085,0.911690496215307,0.9119601328903655,0.0002696366750585266,0.9682418534856344,0.9669600681448595,-0.0012817853407749435,0.0011282994749766432,0.0009669349142155574,-0.00016136456076108578,0.09579106104366242,0.15096842378858621,0.0551773627449238,95,80,-15,1012,654,-358
calibration,157224297-157224304-002,normal_superficiel,20260805,nc_aware_lambda_0p10,gaussian_noise,20,0.9399661748504706,0.940910450812109,0.0009442759616383745,0.911690496215307,0.9138075313807531,0.002117035165446146,0.9682418534856344,0.9680133702434649,-0.00022848324216950822,0.0011282994749766432,0.0010842334325324087,-4.406604244423448e-05,0.09579106104366242,0.1630562625669173,0.06726520152325488,95,89,-6,1012,647,-365
calibration,204870926-204870933-001,light_dysplastic,20260805,nc_aware_lambda_0p10,gaussian_blur,2,0.8965385975123168,0.8894405284198795,-0.007098069092437265,0.9463790818170864,0.9419836302359171,-0.004395451581169274,0.8466981132075472,0.8368974266038419,-0.009800686603705255,0.14928157080997873,0.14914563193934827,-0.00013593887063045873,0.05399088831363086,0.10399844737821262,0.050007559064581764,259,250,-9,744,756,12
calibration,204870926-204870933-001,light_dysplastic,20260805,nc_aware_lambda_0p10,gaussian_noise,20,0.8965385975123168,0.8898731899601291,-0.0066654075521876965,0.9463790818170864,0.9351097952134222,-0.01126928660366422,0.8466981132075472,0.844636584706836,-0.002061528500711174,0.14928157080997873,0.19069922759742153,0.0414176567874428,0.05399088831363086,0.002931267949686789,-0.05105962036394407,259,452,193,744,823,79
calibration,209048086-209048239-001,normal_intermediate,20260805,nc_aware_lambda_0p10,gaussian_noise,30,0.73410521146714,0.7323037086035395,-0.0018015028636004793,0.5891766687723732,0.6106503710170231,0.02147370224464995,0.8790337541619068,0.8539570461900559,-0.02507670797185091,0.03264717689465623,0.0300576098010861,-0.0025895670935701318,0.5131739505061022,0.5698782910123288,0.056704340506226636,1951,1784,-167,6151,5704,-447
calibration,209307421-209307561-001,normal_intermediate,20260805,nc_aware_lambda_0p10,gaussian_noise,30,0.8582061102276553,0.8625595763964974,0.004353466168842135,0.7604885820499203,0.7732181425485961,0.012729560498675796,0.9559236384053902,0.9519010102443987,-0.004022628160991526,0.04315778503317476,0.0426946522821252,-0.00046313275104956086,0.4786641967971128,0.5269870126377152,0.048322815840602384,892,830,-62,344,821,477
test,148495842-148495854-001,light_dysplastic,20260803,baseline,gaussian_blur,1,0.8876850340059489,0.887247717747212,-0.0004373162587368862,0.9220575414123802,0.9248915871639202,0.002834045751540004,0.8533125265995176,0.8496038483305037,-0.0037086782690138875,0.16853812876828383,0.16637360987174565,-0.002164518896538181,0.05522064540691973,0.23971640819504025,0.18449576278812052,421,391,-30,1836,1874,38
test,148495842-148495854-001,light_dysplastic,20260803,baseline,gaussian_blur,2,0.8876850340059489,0.8834918313840702,-0.004193202621878722,0.9220575414123802,0.9246492291702754,0.0025916877578952002,0.8533125265995176,0.842334433597865,-0.010978093001652645,0.16853812876828383,0.1696510539457658,0.0011129251774819604,0.05522064540691973,0.2972815182822245,0.24206087287530476,421,383,-38,1836,1977,141
test,148495842-148495854-001,light_dysplastic,20260803,baseline,gaussian_blur,3,0.8876850340059489,0.8789907465233509,-0.00869428748259804,0.9220575414123802,0.9225437532490036,0.00048621183662345135,0.8533125265995176,0.835437739797698,-0.017874786801819642,0.16853812876828383,0.1737843091208437,0.005246180352559859,0.05522064540691973,0.3377371336213397,0.28251648821442,421,385,-36,1836,2073,237
test,148503209-148503222-001,light_dysplastic,20260803,baseline,gaussian_blur,1,0.8349497777491615,0.8269215235236465,-0.008028254225515008,0.8595561146554048,0.850542029500622,-0.009014085154782858,0.8103434408429181,0.8033010175466709,-0.007042423296247158,0.06683859219522037,0.0728303329434341,0.005991740748213736,0.30817096085927437,0.36073567058010547,0.052564709720831104,1415,1540,125,1310,1406,96
test,148503209-148503222-001,light_dysplastic,20260803,baseline,gaussian_noise,20,0.8349497777491615,0.839127202182185,0.004177424433023491,0.8595561146554048,0.8792943361188487,0.01973822146344384,0.8103434408429181,0.7989600682455213,-0.011383372597396746,0.06683859219522037,0.04817087534609532,-0.01866771684912505,0.30817096085927437,0.3591571583531217,0.05098619749384731,1415,1056,-359,1310,1061,-249
test,148503400-148503432-001,light_dysplastic,20260803,baseline,gaussian_blur,3,0.8870134901958147,0.8821648294018916,-0.004848660793923099,0.9012036513450198,0.901797603195739,0.0005939518507191988,0.8728233290466094,0.8625320556080442,-0.010291273438565174,0.003362915120444454,0.04367935372632076,0.040316438605876304,0.21042204011931287,0.023344541185986944,-0.18707749893332593,399,36,-363,815,1680,865
test,148503400-148503432-001,light_dysplastic,20260803,baseline,gaussian_noise,30,0.8870134901958147,0.8804908358520287,-0.006522654343785961,0.9012036513450198,0.8898767088819928,-0.011326942463027012,0.8728233290466094,0.8711049628220646,-0.0017183662245447984,0.003362915120444454,0.03132896803480234,0.027966052914357886,0.21042204011931287,0.3311235183210898,0.12070147820177696,399,57,-342,815,959,144
test,148503568-148503580-002,light_dysplastic,20260803,baseline,gaussian_blur,1,0.8841513318823443,0.8829623604774175,-0.0011889714049267974,0.9119079238601151,0.9100913392758886,-0.0018165845842265105,0.8563947399045735,0.8558333816789464,-0.0005613582256270844,0.09649813312966854,0.09914175306227763,0.002643619932609087,0.22364847578665442,0.2871472060189511,0.06349873023229669,324,375,51,956,905,-51
test,148503568-148503580-002,light_dysplastic,20260803,baseline,gaussian_blur,2,0.8841513318823443,0.8765168377349787,-0.007634494147365611,0.9119079238601151,0.9006521739130435,-0.01125574994707157,0.8563947399045735,0.8523815015569138,-0.004013238347659653,0.09649813312966854,0.10544907880963944,0.0089509456799709,0.22364847578665442,0.30611361225383876,0.08246513646718434,324,488,164,956,800,-156
test,148719308-148719357-001,light_dysplastic,20260803,baseline,gaussian_noise,20,0.8943096044952609,0.8901063409662834,-0.0042032635289774856,0.9782923299565847,0.9486255924170616,-0.02966673753952309,0.8103268790339371,0.8315870895155052,0.02126021048156812,0.02987584031287055,0.055089299178668394,0.025213458865797844,0.04178691616676067,0.10537529634135956,0.06358838017459889,12,265,253,529,341,-188
test,148848523-148848559-002,moderate_dysplastic,20260803,baseline,gaussian_blur,1,0.7361314262686828,0.7379866029436607,0.0018551766749779208,0.9387076667359235,0.9387796887796888,7.202204376521859e-05,0.533555185801442,0.5371935171076326,0.003638331306190623,0.30062581378370856,0.3428278874464563,0.04220207366274775,0.0067571967643694775,0.002119606895539472,-0.0046375898688300055,266,124,-142,996,989,-7
test,148848523-148848559-002,moderate_dysplastic,20260803,baseline,gaussian_blur,2,0.7361314262686828,0.7380101784773327,0.0018787522086499697,0.9387076667359235,0.9366883116883117,-0.0020193550476118594,0.533555185801442,0.5393320452663538,0.005776859464911799,0.30062581378370856,0.357533225878899,0.05690741209519046,0.0067571967643694775,0.014943250227866578,0.0081860534634971,266,36,-230,996,962,-34
test,148848523-148848559-002,moderate_dysplastic,20260803,baseline,gaussian_blur,3,0.7361314262686828,0.7362461319048048,0.00011470563612203666,0.9387076667359235,0.9339251487945123,-0.004782517941411268,0.533555185801442,0.5385671150150975,0.005011929213655453,0.30062581378370856,0.35580225268107757,0.05517643889736901,0.0067571967643694775,0.01734731728062533,0.010590120516255852,266,21,-245,996,922,-74
test,149013033-149013072-001,moderate_dysplastic,20260803,baseline,gaussian_blur,3,0.9078143320057144,0.8997278615354471,-0.008086470470267226,0.9780965303353363,0.9766115231032516,-0.0014850072320846675,0.8375321336760926,0.8228441999676428,-0.014687933708449785,0.033033730974907416,0.062348784909760535,0.02931505393485312,0.01588084529235312,0.011663456921295778,-0.00421738837105734,91,9,-82,230,922,692
test,149013033-149013072-001,moderate_dysplastic,20260803,baseline,gaussian_noise,10,0.9078143320057144,0.9022377428358115,-0.00557658916990289,0.9780965303353363,0.9680204041593093,-0.010076126176026934,0.8375321336760926,0.8364550815123135,-0.0010770521637790686,0.033033730974907416,0.033589174074377115,0.000555443099469699,0.01588084529235312,0.09293157056208567,0.07705072526973256,91,153,62,230,92,-138
test,149053945-149053976-001,moderate_dysplastic,20260803,baseline,gaussian_blur,2,0.39828363012229134,0.4020550427423309,0.0037714126200395492,0.0,0.0,0.0,0.7965672602445827,0.8041100854846618,0.0075428252400790985,0.16833421063007242,0.16854653418454146,0.0002123235544690405,0.1849574651845236,0.24804480135632556,0.06308733617180196,4326,4330,4,4692,4393,-299
test,149053945-149053976-001,moderate_dysplastic,20260803,baseline,gaussian_blur,3,0.39828363012229134,0.4035851581250133,0.005301528002721934,0.0,0.0,0.0,0.7965672602445827,0.8071703162500266,0.010603056005443867,0.16833421063007242,0.1693986210136933,0.001064410383620873,0.1849574651845236,0.4024084718991649,0.2174510067146413,4326,4348,22,4692,4219,-473
test,149053945-149053976-001,moderate_dysplastic,20260803,baseline,gaussian_noise,10,0.39828363012229134,0.3938907798035858,-0.004392850318705566,0.0,0.0,0.0,0.7965672602445827,0.7877815596071716,-0.008785700637411131,0.16833421063007242,0.1688797459038678,0.0005455352737953889,0.1849574651845236,0.25548692179858357,0.07052945661405996,4326,4338,12,4692,5175,483
test,149054642-149054677-003,light_dysplastic,20260803,baseline,gaussian_blur,2,0.8909058196454163,0.8904230471223311,-0.00048277252308515095,0.9560723514211886,0.9558855175381967,-0.00018683388299189918,0.8257392878696439,0.8249605767064654,-0.0007787111631785137,0.13217567382597467,0.13412732309344216,0.0019516492674674923,0.03248921526655668,0.08158553916884048,0.0490963239022838,188,185,-3,1912,1973,61
test,149054642-149054677-003,light_dysplastic,20260803,baseline,gaussian_blur,3,0.8909058196454163,0.888147559413887,-0.0027582602315292526,0.9560723514211886,0.9523604225048502,-0.003711928916338425,0.8257392878696439,0.8239346963229237,-0.0018045915467201912,0.13217567382597467,0.13653660443616572,0.0043609306101910494,0.03248921526655668,0.094274652545557,0.06178543727900032,188,193,5,1912,2009,97
test,149054642-149054677-003,light_dysplastic,20260803,baseline,gaussian_noise,10,0.8909058196454163,0.8888296788088241,-0.002076140836592133,0.9560723514211886,0.9525248165731549,-0.0035475348480337177,0.8257392878696439,0.8251345410444932,-0.0006047468251506594,0.13217567382597467,0.13104445305846968,-0.0011312207675049923,0.03248921526655668,0.07663273253771685,0.04414351727116017,188,198,10,1912,1849,-63
test,149054642-149054677-003,light_dysplastic,20260803,baseline,gaussian_noise,20,0.8909058196454163,0.8848807989723131,-0.006025020673103176,0.9560723514211886,0.9373499235974678,-0.0187224278237208,0.8257392878696439,0.8324116743471582,0.006672386477514336,0.13217567382597467,0.1313140484001864,-0.0008616254257882705,0.03248921526655668,0.2049312780946546,0.17244206282809793,188,251,63,1912,1676,-236
test,149056321-149056343-001,severe_dysplastic,20260803,baseline,gaussian_noise,30,0.9513873584117236,0.9424380583778704,-0.008949300033853191,0.986052764241304,0.9698129621574597,-0.016239802083844235,0.9167219525821433,0.9150631545982811,-0.001658797983862148,0.006673699434358804,0.03721962823649094,0.03054592880213214,0.06361032119535603,0.09069815336655318,0.027087832171197146,116,291,175,509,609,100
test,149056410-149056458-001,severe_dysplastic,20260803,baseline,gaussian_blur,1,0.8799056394382757,0.871844996250339,-0.008060643187936756,0.9294245385450597,0.920487106017192,-0.008937432527867717,0.8303867403314917,0.8232028864834859,-0.0071838538480057945,0.2900631024200818,0.3183927136552629,0.028329611235181074,0.0640445448403767,0.07160466280227484,0.0075601179618981496,191,220,29,428,445,17
test,149056410-149056458-001,severe_dysplastic,20260803,baseline,gaussian_noise,10,0.8799056394382757,0.8849081483917574,0.005002508953481644,0.9294245385450597,0.9410840534171249,0.01165951487206518,0.8303867403314917,0.8287322433663897,-0.0016544969651020036,0.2900631024200818,0.10276158852990824,-0.18730151389017358,0.0640445448403767,0.17310511105066195,0.10906056621028526,191,26,-165,428,317,-111
test,149056873-149056884-001,severe_dysplastic,20260803,baseline,gaussian_noise,10,0.915355283039669,0.9178930353065351,0.0025377522668661445,0.9672959319329966,0.9675690163495042,0.0002730844165076407,0.8634146341463415,0.8682170542635659,0.004802420117224426,0.07874537796467318,0.07965219514998279,0.0009068171853096052,0.01420486003495458,0.07492865969757012,0.06072379966261554,75,45,-30,402,361,-41
test,149057756-149057766-002,moderate_dysplastic,20260803,baseline,gaussian_noise,20,0.8810193027712973,0.8870988822937251,0.00607957952242788,0.9619615886630617,0.9645617342130066,0.002600145549944921,0.8000770168795328,0.8096360303744435,0.009559013494910729,0.09273779491056844,0.08283458782247943,-0.009903207088089006,0.013018275580916394,0.07964350677738874,0.06662523119647235,252,136,-116,1407,1102,-305
test,149057756-149057766-002,moderate_dysplastic,20260803,baseline,gaussian_noise,30,0.8810193027712973,0.8853193226413973,0.004300019870100091,0.9619615886630617,0.9625915927497107,0.0006300040866490386,0.8000770168795328,0.8080470525330838,0.007970035653551033,0.09273779491056844,0.08689516463186564,-0.005842630278702798,0.013018275580916394,0.2693508064926603,0.2563325309117439,252,102,-150,1407,788,-619
test,149057756-149057788-002,moderate_dysplastic,20260803,baseline,gaussian_noise,30,0.8066245835304471,0.8000696212364125,-0.0065549622940346275,0.9212004493660728,0.8969072164948454,-0.02429323287122742,0.6920487176948212,0.7032320259779796,0.011183308283158389,0.3394402432617858,0.3705187633212786,0.031078520059492798,0.36344651365440883,0.17029137621978052,-0.1931551374346283,312,316,4,5630,5141,-489
test,149057812-149057825-005,moderate_dysplastic,20260803,baseline,gaussian_blur,3,0.7896784213566337,0.781952111936304,-0.007726309420329702,0.9515799045237554,0.9446239040147669,-0.00695600050898848,0.6277769381895119,0.6192803198578409,-0.008496618331670924,0.25131583124182727,0.26593274533809597,0.014616914096268696,0.03444915387699887,0.0875666796677782,0.05311752579077933,39,104,65,4346,4618,272
test,149057812-149057825-005,moderate_dysplastic,20260803,baseline,gaussian_noise,20,0.7896784213566337,0.7807232567559262,-0.008955164600707444,0.9515799045237554,0.9328135748681495,-0.018766329655605873,0.6277769381895119,0.628632938643703,0.000856000454191097,0.25131583124182727,0.24914973978126614,-0.002166091460561126,0.03444915387699887,0.1272222886383073,0.09277313476130844,39,77,38,4346,4118,-228
test,149057812-149057847-004,moderate_dysplastic,20260803,baseline,gaussian_noise,30,0.8945567110210446,0.8988097719256423,0.00425306090459765,0.9098280895231917,0.9325153374233128,0.02268724790012111,0.8792853325188975,0.8651042064279716,-0.014181126090925922,0.11837347787836183,0.007054629490562125,-0.11131884838779971,0.0124435409346777,0.23800846426030275,0.22556492332562506,522,265,-257,535,533,-2
test,149058262-149058272-003,moderate_dysplastic,20260803,baseline,gaussian_noise,30,0.8665215488922016,0.8601622614425705,-0.006359287449631101,0.8867203219315896,0.8675117562870579,-0.01920856564453166,0.8463227758528135,0.852812766598083,0.006489990745269569,0.23207401564239377,0.2267559173667758,-0.005318098275617966,0.18199388714043363,0.34037605713944147,0.15838216999900784,1126,1284,158,2507,1943,-564
test,149061666-149061699-003,moderate_dysplastic,20260803,baseline,gaussian_noise,20,0.9254374272093393,0.9264551062776107,0.0010176790682714376,0.9594808483697372,0.9541108986615678,-0.005369949708169397,0.8913940060489415,0.8987993138936535,0.00740530784471205,0.06123138270059303,0.05796454789146788,-0.003266834809125152,0.044019922829767744,0.09802324782107641,0.054003324991308665,234,276,42,2175,1785,-390
test,149097324-149097373-001,moderate_dysplastic,20260803,baseline,gaussian_noise,20,0.8879198313699257,0.8860290372562731,-0.0018907941136525608,0.907239263803681,0.8874780494394164,-0.01976121436426459,0.8686003989361702,0.8845800250731299,0.01597962613695969,0.04766334933395844,0.10322258415338947,0.055559234819431036,0.04349750743181846,0.22687916499964028,0.18338165756782182,40,787,747,1568,1434,-134
test,149097594-149097637-002,moderate_dysplastic,20260803,baseline,gaussian_blur,3,0.8608648892456712,0.8539580522630349,-0.006906836982636277,0.9460923394377095,0.9315815567674764,-0.014510782670233091,0.7756374390536328,0.7763345477585933,0.0006971087049605362,0.050763646492269277,0.08907533031087045,0.03831168381860117,0.07067190620635122,0.10182721250558868,0.031155306299237462,178,492,314,225,110,-115
test,149098972-149098988-002,severe_dysplastic,20260803,baseline,gaussian_noise,20,0.8069230094573452,0.8099234583393631,0.003000448882017892,0.9389497123770644,0.8802891771209866,-0.05866053525607773,0.6748963065376259,0.7395577395577395,0.06466143302011362,0.2650580539995672,0.35329436429542216,0.08823631029585494,0.23306311004329044,0.11720590454906504,-0.1158572054942254,141,545,404,2618,2260,-358
test,149099502-149099525-002,light_dysplastic,20260803,baseline,gaussian_noise,30,0.91166118206362,0.9166855958363254,0.0050244137727053495,0.9637568749118601,0.9521084337349398,-0.011648441176920321,0.8595654892153798,0.8812627579377109,0.02169726872233113,0.02367147282417631,0.032333564894395,0.008662092070218688,0.08526038201127895,0.169567912125958,0.08430753011467906,225,226,1,5938,4233,-1705
test,149101620-149101650-001,moderate_dysplastic,20260803,baseline,gaussian_noise,20,0.8631678577058929,0.8609353696256422,-0.002232488080250672,0.9768290066509333,0.9594235033259424,-0.017405503324990912,0.7495067087608525,0.762447235925342,0.012940527164489568,0.20912774975501136,0.21530341989277507,0.006175670137763711,0.01629360735769625,0.07853994747539061,0.062246340117694365,46,348,302,4302,3693,-609
test,149102510-149102519-001,moderate_dysplastic,20260803,baseline,gaussian_blur,3,0.8704649529547147,0.8636265784953147,-0.006838374459400054,0.9227941176470589,0.9160624308713285,-0.006731686775730328,0.8181357882623705,0.8111907261193008,-0.00694506214306978,0.14472839581323277,0.15120981218458623,0.006481416371353466,0.04484799416785501,0.08784418259008553,0.04299618842223052,426,449,23,2973,3159,186
test,149140849-149140856-001,moderate_dysplastic,20260803,baseline,gaussian_blur,3,0.8324035372579116,0.8415455810398518,0.009142043781940168,0.9328978622327792,0.9345517118613896,0.001653849628610482,0.7319092122830441,0.7485394502183138,0.016630237935269743,0.3721841165671663,0.15789105794251712,-0.2142930586246492,0.009402096687252781,0.11758219753412691,0.10818010084687413,794,807,13,1740,459,-1281
test,149181904-149181927-001,carcinoma_in_situ,20260803,baseline,gaussian_blur,2,0.9379855789219332,0.9327858234798615,-0.005199755442071741,0.9850162866449511,0.9810002183882944,-0.00401606825665668,0.8909548711989154,0.8845714285714286,-0.006383442627486802,0.08903004862465758,0.12481435975389399,0.03578431112923641,0.0027633869971107616,0.0005312446247223157,-0.002232142372388446,9,35,26,247,334,87
test,149181904-149181927-001,carcinoma_in_situ,20260803,baseline,gaussian_blur,3,0.9379855789219332,0.9287366957446217,-0.00924888317731154,0.9850162866449511,0.9753412593571114,-0.009675027287839755,0.8909548711989154,0.8821321321321322,-0.008822739066783214,0.08903004862465758,0.15982229681648197,0.07079224819182439,0.0027633869971107616,0.011649685966144352,0.00888629896903359,9,72,63,247,412,165
test,149181904-149181927-001,carcinoma_in_situ,20260803,baseline,gaussian_noise,10,0.9379855789219332,0.93117086962849,-0.0068147092934431885,0.9850162866449511,0.9766107678729038,-0.008405518772047316,0.8909548711989154,0.8857309713840763,-0.005223899814839061,0.08903004862465758,0.10803416015412037,0.019004111529462797,0.0027633869971107616,0.05544042905205959,0.05267704205494883,9,82,73,247,221,-26
test,149181904-149181951-001,carcinoma_in_situ,20260803,baseline,gaussian_blur,3,0.9207136362892689,0.9191839329957441,-0.0015297032935248644,0.9821573398215734,0.9774344378938808,-0.0047229019276925355,0.8592699327569645,0.8609334280976072,0.0016634953406426956,0.2472233384680642,0.27909282700421945,0.03186948853615523,0.02109938582460069,0.010880835681708279,-0.010218550142892413,70,83,13,372,429,57
test,149182657-149182667-001,carcinoma_in_situ,20260803,baseline,gaussian_blur,1,0.7892192226144297,0.7874487136271084,-0.0017705089873212287,0.8966491723859508,0.8955645161290322,-0.0010846562569185592,0.6817892728429086,0.6793329111251847,-0.0024563617177238983,0.10252121358575672,0.09569771633265511,-0.006823497253101607,0.07005865507070785,0.110831133818453,0.040772478747745144,184,190,6,55,35,-20
test,149182657-149182667-001,carcinoma_in_situ,20260803,baseline,gaussian_blur,2,0.7892192226144297,0.7792394464342577,-0.009979776180171984,0.8966491723859508,0.8904054596547571,-0.006243712731193618,0.6817892728429086,0.6680734332137582,-0.01371583962915035,0.10252121358575672,0.10411651904846564,0.001595305462708918,0.07005865507070785,0.15055991373165833,0.08050125866095048,184,212,28,55,33,-22
test,149182657-149182667-001,carcinoma_in_situ,20260803,baseline,gaussian_noise,20,0.7892192226144297,0.7968720551820065,0.007652832567576873,0.8966491723859508,0.8669927789424645,-0.02965639344348625,0.6817892728429086,0.7267513314215486,0.044962058578639996,0.10252121358575672,0.23515781159326843,0.1326365980075117,0.07005865507070785,0.33835623450196767,0.2682975794312598,184,477,293,55,110,55
test,149182657-149182681-002,carcinoma_in_situ,20260803,baseline,gaussian_blur,2,0.7581414619217475,0.7569644329289836,-0.00117702899276384,0.8965231788079471,0.9010717230008244,0.004548544192877313,0.619759745035548,0.6128571428571429,-0.006902602178405104,1.0226592365473592,1.051516274279542,0.028857037732182844,0.051910126304579696,0.06828571594084942,0.016375589636269727,500,480,-20,1189,1310,121
test,149182657-149182681-002,carcinoma_in_situ,20260803,baseline,gaussian_blur,3,0.7581414619217475,0.7542389985596476,-0.0039024633620998728,0.8965231788079471,0.9033449620357069,0.006821783227759837,0.619759745035548,0.6051330350835884,-0.014626709951959582,1.0226592365473592,1.0573310215886331,0.034671785041273884,0.051910126304579696,0.0708911777154484,0.0189810514108687,500,459,-41,1189,1357,168
test,149185604-149185616-001,carcinoma_in_situ,20260803,baseline,gaussian_noise,20,0.7448385753950608,0.7429408064300395,-0.0018977689650213625,0.8740187878007979,0.8502208539686789,-0.023797933832119034,0.6156583629893239,0.6356607588914001,0.020002395902076198,0.624105420770594,0.6793620754198203,0.055256654649226244,0.04878292120595662,0.30574623427079994,0.2569633130648433,737,1037,300,1908,1885,-23
test,149185604-149185645-003,carcinoma_in_situ,20260803,baseline,gaussian_blur,1,0.8445432885929749,0.8400950790331425,-0.004448209559832383,0.9620371451933185,0.9599719101123596,-0.002065235080958905,0.7270494319926313,0.7202182479539254,-0.006831184038705862,1.2337479119875376,1.2875295931246744,0.05378168113713677,0.09780300908370254,0.08769119007299375,-0.010111819010708789,321,338,17,615,657,42
test,149185604-149185645-003,carcinoma_in_situ,20260803,baseline,gaussian_blur,2,0.8445432885929749,0.835283179354465,-0.00926010923850984,0.9620371451933185,0.9551817433243148,-0.0068554018690036855,0.7270494319926313,0.7153846153846154,-0.011664816608015882,1.2337479119875376,1.3900160996257638,0.15626818763822614,0.09780300908370254,0.0827979196844767,-0.015005089399225846,321,381,60,615,738,123
test,149185604-149185657-001,carcinoma_in_situ,20260803,baseline,gaussian_blur,2,0.7954526654791907,0.7864083714351173,-0.009044294044073364,0.9422566823097327,0.9405537459283387,-0.0017029363813939602,0.6486486486486487,0.632262996941896,-0.016385651706752657,1.0287442393320483,1.080689913151977,0.05194567381992865,0.09936787183404105,0.11360154934180577,0.01423367750776472,91,80,-11,599,662,63
test,149185698-149185709-002,carcinoma_in_situ,20260803,baseline,gaussian_blur,2,0.791691338404164,0.7862009550959125,-0.0054903833082514675,0.9144799456152277,0.9115201090661214,-0.002959836549106365,0.6689027311931002,0.6608818011257036,-0.00802093006739657,1.1393045494059693,1.1918402000298551,0.05253565062388588,0.02562780171403367,0.045475475109069685,0.019847673395036014,629,649,20,926,1016,90
test,149185788-149185824-001,carcinoma_in_situ,20260803,baseline,gaussian_blur,3,0.8236972739335672,0.8231834796717095,-0.000513794261857714,0.892579138557343,0.8920444824636441,-0.0005346560936989597,0.7548154093097913,0.7543224768797748,-0.0004929324300164684,0.5873192293177,0.5616886078258491,-0.025630621491850913,0.04367716230108487,0.09227376915476415,0.04859660685367928,573,509,-64,740,730,-10
test,149314453-149314465-001,carcinoma_in_situ,20260803,baseline,gaussian_noise,20,0.8292189119931144,0.8318377884429652,0.0026188764498508155,0.9768457841852337,0.9239981575310917,-0.052847626654142,0.681592039800995,0.7396774193548387,0.05808537955384363,0.42389714696715414,0.35128271018030754,-0.07261443678684659,0.018080720960577557,0.1187499244891923,0.10066920352861475,94,330,236,2076,1040,-1036
test,149314453-149314465-001,carcinoma_in_situ,20260803,baseline,gaussian_noise,30,0.8292189119931144,0.826433174825617,-0.002785737167497415,0.9768457841852337,0.9096849474912485,-0.0671608366939852,0.681592039800995,0.7431814021599854,0.061589362358990374,0.42389714696715414,0.22939444538553988,-0.19450270158161426,0.018080720960577557,0.21841809488710118,0.20033737392652362,94,387,293,2076,303,-1773
test,149314453-149314507-001,carcinoma_in_situ,20260803,baseline,gaussian_blur,1,0.8470118831388183,0.8384891215200452,-0.008522761618773078,0.9528936742934051,0.9491220171094101,-0.0037716571839949697,0.7411300919842313,0.7278562259306803,-0.013273866053550964,0.764616723068603,0.8166391326524396,0.05202240958383664,0.003659876360769143,0.021113885815924438,0.017454009455155295,81,89,8,324,360,36
test,149314679-149314698-001,carcinoma_in_situ,20260803,baseline,gaussian_blur,2,0.6772437970228606,0.6704123612987258,-0.0068314357241348045,0.908638700049743,0.907189108417732,-0.0014495916320109714,0.44584889399597816,0.4336356141797197,-0.012213279816258471,2.860229562173014,2.9218293499732937,0.06159978780027986,0.05980165497500256,0.08005612079269198,0.020254465817689415,551,559,8,1793,1951,158
test,149315229-149315310-001,severe_dysplastic,20260803,baseline,gaussian_blur,1,0.6460527030330467,0.6458676843988373,-0.00018501863420938847,0.9296805016422813,0.932001192961527,0.0023206913192456158,0.36242490442381214,0.35973417583614775,-0.0026907285876643927,2.518921184702937,2.519746177036248,0.0008249923333107922,0.039422997146269845,0.26621008422512427,0.22678708707885442,320,304,-16,5159,5183,24
test,149315229-149315310-001,severe_dysplastic,20260803,baseline,gaussian_blur,2,0.6460527030330467,0.6449040614179545,-0.0011486416150922052,0.9296805016422813,0.9343773303504848,0.004696828708203427,0.36242490442381214,0.3554307924854243,-0.006994111938387837,2.518921184702937,2.530450053577807,0.011528868874870035,0.039422997146269845,0.14017863385106843,0.10075563670479859,320,306,-14,5159,5266,107
test,149315229-149315310-001,severe_dysplastic,20260803,baseline,gaussian_blur,3,0.6460527030330467,0.6430166007689365,-0.0030361022641102187,0.9296805016422813,0.9360812425328554,0.006400740890574075,0.36242490442381214,0.34995195900501763,-0.012472945418794512,2.518921184702937,2.545744957876862,0.026823773173924703,0.039422997146269845,0.05761586634951066,0.018192869203240813,320,324,4,5159,5371,212
test,149315671-149315731-001,carcinoma_in_situ,20260803,baseline,gaussian_blur,1,0.7231321517975426,0.7240543071467926,0.0009221553492499979,0.905707584050039,0.906733322918294,0.0010257388682549662,0.5405567195450464,0.5413752913752914,0.0008185718302450296,1.9420094433553994,1.9892174858716218,0.04720804251622246,0.014784388326169906,0.01244990007854152,-0.0023344882476283857,599,593,-6,1173,1264,91
test,149315671-149315731-001,carcinoma_in_situ,20260803,baseline,gaussian_blur,2,0.7231321517975426,0.7168012870191185,-0.00633086477842415,0.905707584050039,0.9003447195236602,-0.005362864526378797,0.5405567195450464,0.5332578545145769,-0.0072988650304695035,1.9420094433553994,2.047982910413016,0.10597346705761646,0.014784388326169906,0.035743165791145115,0.02095877746497521,599,612,13,1173,1365,192
test,149315671-149315740-001,carcinoma_in_situ,20260803,baseline,gaussian_blur,2,0.7540786375396871,0.7477775088028714,-0.006301128736815653,0.9654503105590062,0.9634098871156092,-0.0020404234433970547,0.5427069645203679,0.5321451304901337,-0.010561834030234252,1.3631051050607779,1.4264883998014386,0.06338329474066073,0.05877962056646302,0.06252842301568229,0.0037488024492192684,16,30,14,1066,1164,98
test,149315671-149315740-001,carcinoma_in_situ,20260803,baseline,gaussian_noise,20,0.7540786375396871,0.7481219050359126,-0.005956732503774487,0.9654503105590062,0.9328160098019196,-0.03263430075708662,0.5427069645203679,0.5634278002699056,0.020720835749537647,1.3631051050607779,1.4416009010507993,0.07849579599002143,0.05877962056646302,0.0865699162034782,0.027790295637015183,16,271,255,1066,986,-80
test,149316426-149316462-004,carcinoma_in_situ,20260803,baseline,gaussian_blur,2,0.8979184574153213,0.8982713698269132,0.00035291241159196574,0.9564381806534273,0.9524421593830334,-0.00399602127039389,0.8393987341772152,0.844100580270793,0.004701846093577822,0.12600177396657042,0.18216334745126317,0.05616157348469275,0.13937677831501616,0.1652026208154206,0.025825842500404428,38,48,10,98,155,57
test,149316426-149316462-004,carcinoma_in_situ,20260803,baseline,gaussian_blur,3,0.8979184574153213,0.8980463010957067,0.00012784368038543104,0.9564381806534273,0.9496449322143318,-0.006793248439095567,0.8393987341772152,0.8464476699770818,0.00704893579986654,0.12600177396657042,0.21844430951899074,0.09244253555242032,0.13937677831501616,0.17701827459773678,0.03764149628272062,38,62,24,98,188,90
test,149317002-149317010-002,severe_dysplastic,20260803,baseline,gaussian_blur,1,0.8546742920049772,0.8514107117297458,-0.003263580275231437,0.9490698383653553,0.9490387549588037,-3.10834065515575e-05,0.7602787456445993,0.7537826685006878,-0.006496077143911538,0.2281918764570201,0.2533724750122317,0.025180598555211597,0.12084255883103268,0.11336002156353941,-0.007482537267493261,89,87,-2,360,398,38
test,149317204-149317230-002,severe_dysplastic,20260803,baseline,gaussian_blur,2,0.8319500546497081,0.8388027601350883,0.006852705485380195,0.9185425852866094,0.9182070240295749,-0.000335561257034489,0.7453575240128069,0.7593984962406015,0.014040972227794657,0.17506463777597747,0.20102206031167769,0.025957422535700214,0.25481613300822936,0.2716123706913275,0.016796237683098125,139,120,-19,293,396,103
test,149317204-149317230-002,severe_dysplastic,20260803,baseline,gaussian_blur,3,0.8319500546497081,0.8391831460452526,0.007233091395544511,0.9185425852866094,0.9177389705882353,-0.0008036146983740888,0.7453575240128069,0.7606273215022699,0.015269797489463,0.17506463777597747,0.20973158744887788,0.034666949672900405,0.25481613300822936,0.26428083641677835,0.009464703408548991,139,96,-43,293,454,161
test,149317204-149317230-002,severe_dysplastic,20260803,baseline,gaussian_noise,10,0.8319500546497081,0.8233035803973574,-0.008646474252350655,0.9185425852866094,0.9140142517814727,-0.004528333505136706,0.7453575240128069,0.7325929090132423,-0.012764614999564605,0.17506463777597747,0.2138767626944037,0.03881212491842623,0.25481613300822936,0.24060596403254186,-0.014210168975687498,139,238,99,293,290,-3
test,153276386-153276405-001,moderate_dysplastic,20260803,baseline,gaussian_noise,10,0.8317230058588405,0.8271503415586352,-0.004572664300205309,0.9639408385282973,0.950864878415643,-0.013075960112654217,0.6995051731893838,0.7034358047016275,0.00393063151224371,0.5495834741270029,0.5804276204332518,0.030844146306248876,0.1526256112020581,0.12349508456764424,-0.029130526634413845,149,352,203,2314,2270,-44
test,153276386-153276414-001,moderate_dysplastic,20260803,baseline,gaussian_noise,30,0.8562009028602382,0.8542302732719981,-0.001970629588240125,0.9255047574843351,0.8926267863918047,-0.032877971092530434,0.7868970482361412,0.8158337601521914,0.028936711916050295,0.1469640034931916,0.22397565391483382,0.07701165042164221,0.22702230351865393,0.4038972599693718,0.17687495645071788,112,599,487,1798,1575,-223
test,153314466-153314473-003,light_dysplastic,20260803,baseline,gaussian_noise,20,0.8555175159032299,0.8618053343256638,0.006287818422433866,0.8312979267253621,0.8422619047619048,0.010963978036542699,0.8797371050810977,0.8813487638894228,0.0016116588083251449,0.02803527434945892,0.01601505101733143,-0.012020223332127489,0.11561055210714732,0.19484041035834554,0.07922985825119822,882,560,-322,1130,1112,-18
test,153654869-153654880-001,severe_dysplastic,20260803,baseline,gaussian_blur,1,0.7925542863631826,0.7972643781592319,0.004710091796049309,0.85941893158388,0.8598481297459455,0.00042919816206543615,0.7256896411424851,0.7346806265725184,0.008990985430033294,0.37156767877605723,0.37530675962146354,0.0037390808454063063,0.12236063185068824,0.20706522872276556,0.08470459687207732,1166,1169,3,1259,1291,32
test,153655016-153655039-005,severe_dysplastic,20260803,baseline,gaussian_noise,10,0.8905602355450365,0.8847246674552155,-0.005835568089820997,0.9425045943817275,0.9359212975272534,-0.006583296854474119,0.8386158767083455,0.8335280373831776,-0.0050878393251678755,0.38456780269774127,0.4021484678367764,0.017580665139035112,0.013533763726098491,0.0938922755446513,0.0803585118185528,155,203,48,447,432,-15
test,153697342-153697375-001,moderate_dysplastic,20260803,baseline,gaussian_noise,10,0.8606466311473293,0.8654690253297028,0.004822394182373513,0.9751263116984066,0.9723320158102767,-0.0027942958881298496,0.7461669505962522,0.7586060348491288,0.012439084252876653,0.47397270181453355,0.5074612110414792,0.033488509226945684,0.03678109562976972,0.007086700065386808,-0.029694395564382914,12,98,86,962,972,10
test,153697342-153697384-001,moderate_dysplastic,20260803,baseline,gaussian_noise,10,0.8816414189195751,0.889040771563297,0.007399352643721824,0.9701582215101141,0.9709408656777078,0.0007826441675936602,0.7931246163290362,0.8071406774488862,0.014016061119849987,0.04691901176857982,0.07644884918653527,0.02952983741795545,0.037885458983718756,0.01888102251003765,-0.019004436473681108,1,73,72,198,236,38
test,153697342-153697384-001,moderate_dysplastic,20260803,baseline,gaussian_noise,20,0.8816414189195751,0.8729905255270675,-0.008650893392507686,0.9701582215101141,0.9385072094995759,-0.031651012010538215,0.7931246163290362,0.807473841554559,0.014349225225522844,0.04691901176857982,0.16200614123770918,0.11508712946912936,0.037885458983718756,0.17727879652942702,0.13939333754570826,1,278,277,198,372,174
test,153701622-153701650-001,moderate_dysplastic,20260803,baseline,gaussian_blur,3,0.8399285294143259,0.8344647496578981,-0.005463779756427867,0.9732403297400127,0.9723030226381687,-0.0009373071018440315,0.7066167290886392,0.6966264766776276,-0.009990252411011591,0.3927382438618393,0.42155532815855545,0.028817084296716144,0.09598891057150716,0.13093299119844792,0.034944080626940766,67,89,22,1602,1803,201
test,153701622-153701650-001,moderate_dysplastic,20260803,baseline,gaussian_noise,10,0.8399285294143259,0.8405483027463105,0.0006197733319845966,0.9732403297400127,0.9695629552549427,-0.003677374485069995,0.7066167290886392,0.7115336502376782,0.004916921149039077,0.3927382438618393,0.43110217134635975,0.038363927484520444,0.09598891057150716,0.09342955564681188,-0.0025593549246952785,67,130,63,1602,1586,-16
test,153702037-153702051-003,light_dysplastic,20260803,baseline,gaussian_noise,10,0.9386661826387783,0.9334253270063471,-0.005240855632431263,0.9745721271393643,0.9678321678321679,-0.006739959307196397,0.9027602381381923,0.8990184861805263,-0.0037417519576660174,0.07293752068818982,0.08438702942633536,0.011449508738145542,0.05293671080946105,0.15219383909433193,0.09925712828487088,14,129,115,801,779,-22
test,153826963-153826970-001,severe_dysplastic,20260803,baseline,gaussian_blur,2,0.6357139967969436,0.6378105832552514,0.002096586458307792,0.7696538337107732,0.7692556634304207,-0.00039817028035249447,0.5017741598831141,0.5063655030800821,0.0045913431969679674,1.8239503357683085,1.8414277171878668,0.017477381419558347,0.07124942488970804,0.11519229619540483,0.043942871305696796,1424,1426,2,1803,1882,79
test,153826963-153826970-001,severe_dysplastic,20260803,baseline,gaussian_blur,3,0.6357139967969436,0.6306149240949581,-0.0050990727019855075,0.7696538337107732,0.7592169657422512,-0.010436867968522057,0.5017741598831141,0.5020128824476651,0.00023872256455093055,1.8239503357683085,1.8756823494322714,0.05173201366396296,0.07124942488970804,0.22642119139041827,0.15517176650071024,1424,1476,52,1803,1980,177
test,153826963-153826970-001,severe_dysplastic,20260803,baseline,gaussian_noise,10,0.6357139967969436,0.6260579635804052,-0.009656033216538407,0.7696538337107732,0.758609433654317,-0.011044400056456238,0.5017741598831141,0.4935064935064935,-0.00826766637662063,1.8239503357683085,1.8369788095471318,0.013028473778823324,0.07124942488970804,0.14621063461775619,0.07496120972804815,1424,1479,55,1803,1786,-17
test,153826963-153826982-003,severe_dysplastic,20260803,baseline,gaussian_noise,20,0.6206576737845586,0.6169050248508188,-0.0037526489337398328,0.7813240926500091,0.7739154361184994,-0.007408656531509683,0.45999125491910803,0.45989461358313816,-9.664133596987146e-05,3.209376103150772,3.216936842381464,0.007560739230692004,0.3327973290617758,0.45253047560173115,0.11973314653995537,2398,2461,63,3547,3518,-29
test,153827595-153827657-002,carcinoma_in_situ,20260803,baseline,gaussian_noise,30,0.8502101745540616,0.8440267915365484,-0.0061833830175132,0.9526327384886539,0.9198416625432954,-0.03279107594535857,0.7477876106194691,0.7682119205298014,0.020424309910332283,0.19765957400042644,0.43289851785060685,0.2352389438501804,0.08841057587411427,0.14610504104101685,0.057694465166902575,207,290,83,642,803,161
test,153828877-153828902-002,severe_dysplastic,20260803,baseline,gaussian_blur,2,0.9023894214960309,0.897304845061899,-0.005084576434131849,0.963069669984285,0.954443417403935,-0.008626252580349991,0.8417091730077766,0.8401662727198631,-0.0015429002879134845,0.11030170150693452,0.14744964201831734,0.037147940511382815,0.036644319965115635,0.07705885448791183,0.0404145345227962,278,341,63,595,905,310
test,153828877-153828902-002,severe_dysplastic,20260803,baseline,gaussian_noise,20,0.9023894214960309,0.8941979511222393,-0.008191470373791532,0.963069669984285,0.950132625994695,-0.012937043989590058,0.8417091730077766,0.8382632762497838,-0.0034458967579927835,0.11030170150693452,0.08705597339252491,-0.023245728114409614,0.036644319965115635,0.07921145967690546,0.042567139711789825,278,374,96,595,198,-397
test,153828952-153828970-001,severe_dysplastic,20260803,baseline,gaussian_noise,10,0.7883611823933867,0.779268310383546,-0.009092872009840658,0.9070422535211268,0.8846309539873162,-0.022411299533810602,0.6696801112656467,0.673905666779776,0.004225555514129287,0.5762408736598137,0.9320087151637346,0.35576784150392093,0.05898919661910251,0.028475987668343472,-0.03051320895075904,276,675,399,202,273,71
test,153828952-153829005-001,severe_dysplastic,20260803,baseline,gaussian_blur,1,0.7622102388848497,0.7716280785276943,0.009417839642844594,0.9162717219589257,0.9161102343086075,-0.0001614876503182039,0.6081487558107739,0.6271459227467812,0.01899716693600728,0.9470327397516629,1.0045446443175647,0.05751190456590183,0.06588386139640212,0.09782779164334376,0.03194393024694164,681,673,-8,455,526,71
test,153828952-153829005-002,severe_dysplastic,20260803,baseline,gaussian_blur,1,0.8297013601821681,0.8304895252034213,0.0007881650212532287,0.8771010023130301,0.8764460897732531,-0.0006549125397770084,0.7823017180513062,0.7845329606335896,0.002231242582283355,0.48132804566360354,0.5076133963067557,0.026285350643152183,0.02840842344609351,0.017244178484191797,-0.011164244961901715,797,799,2,147,191,44
test,153828952-153829005-002,severe_dysplastic,20260803,baseline,gaussian_blur,2,0.8297013601821681,0.8237704334076199,-0.005930926774548206,0.8771010023130301,0.8747103352386838,-0.00239066707434632,0.7823017180513062,0.7728305315765561,-0.009471186474750093,0.48132804566360354,0.570637804467574,0.08930975880397041,0.02840842344609351,0.0036401724902394017,-0.02476825095585411,797,809,12,147,300,153
test,153829745-153829768-003,severe_dysplastic,20260803,baseline,gaussian_blur,2,0.8357529292988748,0.8355586883017441,-0.00019424099713072351,0.9193903782592728,0.9218792929755472,0.0024889147162743264,0.7521154803384769,0.749238083627941,-0.0028773967105358844,0.5617098372984093,0.5955143735334196,0.03380453623501034,0.043888791740677946,0.008317546407475063,-0.03557124533320288,878,851,-27,992,1159,167
test,153829745-153829768-003,severe_dysplastic,20260803,baseline,gaussian_blur,3,0.8357529292988748,0.830550752335549,-0.005202176963325811,0.9193903782592728,0.9203961848862803,0.001005806627007444,0.7521154803384769,0.7407053197848177,-0.011410160553659177,0.5617098372984093,0.6345844995669239,0.07287466226851458,0.043888791740677946,0.013853870603424912,-0.030034921137253034,878,866,-12,992,1321,329
test,153830680-153830827-002,severe_dysplastic,20260803,baseline,gaussian_blur,1,0.8560802808032654,0.8598228584501748,0.0037425776469094396,0.9794127573405332,0.977710233029382,-0.0017025243111512545,0.7327478042659975,0.7419354838709677,0.009187679604970245,0.05612295592423333,0.227765455298941,0.17164249937470766,0.007782766686184606,0.016230962722005193,0.008448196035820588,20,24,4,19,108,89
test,153830680-153830827-002,severe_dysplastic,20260803,baseline,gaussian_blur,3,0.8560802808032654,0.8652592129672136,0.009178932163948272,0.9794127573405332,0.9725933538883179,-0.006819403452215322,0.7327478042659975,0.7579250720461095,0.025177267780111978,0.05612295592423333,0.7048585701104075,0.6487356141861742,0.007782766686184606,0.003021689265941485,-0.0047610774202431205,20,108,88,19,404,385
test,153830680-153830827-002,severe_dysplastic,20260803,baseline,gaussian_noise,10,0.8560802808032654,0.8468206836285109,-0.009259597174754441,0.9794127573405332,0.9770861833105335,-0.002326574029999695,0.7327478042659975,0.7165551839464883,-0.016192620319509188,0.05612295592423333,0.12283159805245836,0.06670864212822503,0.007782766686184606,0.0100285817996143,0.0022458151134296944,20,98,78,19,20,1
test,153831352-153831372-004,severe_dysplastic,20260803,baseline,gaussian_blur,2,0.7109988916628569,0.7013779016888351,-0.009620989974021832,0.8547753107404653,0.8528285835814547,-0.001946727159010564,0.5672224725852486,0.5499272197962154,-0.01729525278903321,1.8918847053818335,1.9309116809116809,0.03902697552984735,0.2203334022000084,0.055667850806368935,-0.16466555139363948,1345,1354,9,2745,2958,213
test,153915726-153915736-001,severe_dysplastic,20260803,baseline,gaussian_blur,1,0.770777316157376,0.7650693538826319,-0.005707962274744127,0.845707656612529,0.8358095238095238,-0.009898132803005222,0.695846975702223,0.69432918395574,-0.0015177917464830326,0.4765982687352871,0.5158063225290116,0.039208053793724496,0.06491797020340973,0.07409712485630071,0.009179154652890986,772,850,78,665,684,19
test,153916114-153916150-001,carcinoma_in_situ,20260803,baseline,gaussian_blur,2,0.8941640905464698,0.8912617318411067,-0.0029023587053631505,0.9581651376146789,0.9602914389799636,0.0021263013652846885,0.8301630434782609,0.8222320247022497,-0.007931018776011212,0.057239206419534394,0.10141987276818742,0.04418066634865303,0.13580669194488104,0.17747006281282962,0.04166337086794858,156,116,-40,24,94,70
test,153916114-153916167-001,carcinoma_in_situ,20260803,baseline,gaussian_blur,1,0.6936785969354031,0.686763801761707,-0.006914795173696087,0.8629389703375383,0.85410693202901,-0.0088320383085283,0.5244182235332678,0.5194206714944042,-0.004997552038863651,2.435398913433165,2.5570879082453315,0.12168899481216666,0.39059099915206225,0.405490513281018,0.014899514128955738,790,853,63,1215,1228,13
test,153916569-153916586-001,carcinoma_in_situ,20260803,baseline,gaussian_blur,3,0.7180235450174101,0.726758469817075,0.008734924799664978,0.7974259974259974,0.7998965873836608,0.0024705899576633605,0.6386210926088227,0.6536203522504892,0.014999259641666485,1.0579595998404088,0.8458431560953265,-0.21211644374508232,0.2635458326710376,0.31409023808838465,0.05054440541734706,603,586,-17,943,789,-154
test,153956040-153956058-001,normal_columnar,20260803,baseline,gaussian_noise,20,0.9529897218752967,0.9451697410425659,-0.007819980832730833,0.9856481481481482,0.977756965581831,-0.007891182566317156,0.9203312956024453,0.9125825165033007,-0.00774877909914462,0.009978321473556429,0.012656717484046232,0.002678396010489803,0.04336551477204398,0.09666832097099631,0.053302806198952335,8,41,33,100,244,144
test,153956040-153956058-003,normal_columnar,20260803,baseline,gaussian_noise,20,0.8652638145258131,0.8598394884509983,-0.0054243260748148,0.9035893155258765,0.8949367088607595,-0.008652606665117024,0.8269383135257499,0.8247422680412371,-0.0021960454845127986,0.0010571589152529315,0.0021185438024644565,0.001061384887211525,0.008725804182129093,0.1066943452105773,0.09796854102844821,438,386,-52,799,694,-105
test,153956040-153956072-003,normal_columnar,20260803,baseline,gaussian_blur,2,0.8082162076066305,0.8047258281434029,-0.003490379463227611,0.8271954674220963,0.8275645059786029,0.0003690385565066068,0.7892369477911647,0.781887150308203,-0.007349797482961717,0.1716142275492274,0.17651842071861035,0.004904193169382953,0.021079640591242343,0.07629555191051285,0.055215911319270505,549,548,-1,1934,2138,204
test,153956040-153956072-003,normal_columnar,20260803,baseline,gaussian_blur,3,0.8082162076066305,0.8010645141307113,-0.007151693475919152,0.8271954674220963,0.8249763481551561,-0.002219119266940184,0.7892369477911647,0.7771526801062666,-0.01208426768489812,0.1716142275492274,0.18084242982526058,0.009228202276033187,0.021079640591242343,0.07807425592074846,0.056994615329506115,549,555,6,1934,2282,348
test,153956444-153956458-004,normal_columnar,20260803,baseline,gaussian_noise,20,0.8654357429413346,0.8634262872637727,-0.0020094556775619443,0.9396051103368177,0.9317851959361393,-0.007819914400678418,0.7912663755458516,0.7950673785914061,0.0038010030455545296,0.19564614725224516,0.1839951698450789,-0.011650977407166252,0.061209228671244786,0.14816584858993997,0.08695661991869519,172,171,-1,1371,1222,-149
test,153958547-153958572-006,normal_columnar,20260803,baseline,gaussian_blur,1,0.7626001315217683,0.7534368582887496,-0.009163273233018687,0.8271334792122538,0.8178277801817395,-0.009305699030514258,0.698066783831283,0.6890459363957597,-0.009020847435523227,0.680895368896658,0.7218590456693047,0.04096367677264667,0.010382913008442962,0.02839632943785486,0.0180134164294119,395,421,26,651,666,15
test,153958547-153958572-009,normal_columnar,20260803,baseline,gaussian_noise,30,0.846502572140725,0.855377559584145,0.008874987443419968,0.908352144469526,0.9552529182879378,0.046900773818411845,0.784652999811924,0.7555022008803521,-0.02915079893157191,0.11690400518499927,0.11393662862904386,-0.0029673765559554144,0.03140909761031607,0.12049142915088007,0.089082331540564,203,44,-159,257,576,319
test,153958547-153958590-002,normal_columnar,20260803,baseline,gaussian_noise,30,0.34600306770539574,0.3540505433696517,0.008047475664255954,0.16398771898139786,0.15942640236187264,-0.004561316619525219,0.5280184164293936,0.5486746843774307,0.0206562679480371,0.1962887616981639,0.23151106982944802,0.03522230813128413,0.738929214116638,0.5163334715459165,-0.22259574257072157,335,1130,795,13898,14310,412
test,154519964-154519981-001,light_dysplastic,20260803,baseline,gaussian_blur,2,0.7534624669879171,0.7470895380983757,-0.006372928889541329,0.8316357100059916,0.8296621150204325,-0.0019735949855590462,0.6752892239698427,0.6645169611763189,-0.010772262793523835,0.18629730150834112,0.17753860523187925,-0.008758696276461864,0.06597528184896473,0.14470173136939912,0.0787264495204344,1668,1687,19,362,482,120
test,157181481-157181497-004,normal_columnar,20260803,baseline,gaussian_noise,10,0.8907863500565965,0.8948248619216678,0.004038511865071315,0.9266473269788645,0.9338009644892591,0.00715363751039455,0.8549253731343284,0.8558487593540764,0.0009233862197480791,0.010109787212928878,0.06786119264647361,0.057751405433544734,0.21131387867601625,0.090739941417323,-0.12057393725869325,125,7,-118,313,366,53
test,157185208-157185238-001,normal_superficiel,20260803,baseline,gaussian_blur,1,0.7660634299125574,0.7579646551372359,-0.008098774775321504,0.651928504233302,0.6360715924736118,-0.015856911759690173,0.8801983555918128,0.87985771780086,-0.00034063779095283575,0.004645959980253696,0.005086197084986491,0.0004402371047327949,0.22007802347808825,0.2626403176106292,0.04256229413254098,740,793,53,24588,24552,-36
test,157185433-157185508-001,normal_columnar,20260803,baseline,gaussian_noise,10,0.9078596328979245,0.8997354234772309,-0.008124209420693584,0.9494057724957555,0.9245351804593511,-0.024870592036404404,0.8663134933000934,0.8749356664951107,0.008622173195017235,0.010723437305613537,0.05602626487549539,0.045302827569881854,0.21204377932691953,0.006542025902312787,-0.20550175342460675,35,167,132,283,371,88
test,157185730-157185758-001,normal_columnar,20260803,baseline,gaussian_blur,2,0.4989597474218366,0.49565225133705987,-0.0033074960847767065,0.6301099983582334,0.6238234339500163,-0.006286564408217177,0.3678094964854397,0.36748106872410347,-0.0003284277613362363,0.18310646163295963,0.19318017210948735,0.01007371047652772,0.3703671829304516,0.42351571164531737,0.05314852871486575,2199,2270,71,1837,1865,28
test,157185730-157185758-001,normal_columnar,20260803,baseline,gaussian_blur,3,0.4989597474218366,0.4943559759018097,-0.004603771520026889,0.6301099983582334,0.6155819172811798,-0.014528081077053612,0.3678094964854397,0.3731300345224396,0.005320538036999889,0.18310646163295963,0.2207079682968508,0.03760150666389117,0.3703671829304516,0.23221745221123552,-0.1381497307192161,2199,2346,147,1837,1818,-19
test,157224458-157224464-001,normal_intermediate,20260803,baseline,gaussian_noise,20,0.41459586186044006,0.4099860756044455,-0.0046097862559945635,0.23811078463380128,0.2323951141795008,-0.005715670454300492,0.5910809390870788,0.5875770370293902,-0.0035039020576885793,0.10123608943322841,0.1053702069919155,0.004134117558687089,0.5153875599973468,0.6133477749218232,0.09796021492447649,7001,7227,226,25685,25481,-204
test,157227058-157227087-001,normal_columnar,20260803,baseline,gaussian_blur,2,0.6602252442471284,0.6540890984694909,-0.006136145777637436,0.7422920302501455,0.730196545562835,-0.012095484687310476,0.5781584582441114,0.5779816513761468,-0.00017680686796461842,0.03227166209052701,0.0691195804261473,0.03684791833562029,0.08826279330640913,0.14735847247393724,0.059095679167528115,55,15,-40,472,754,282
test,157227461-157227503-003,normal_columnar,20260803,baseline,gaussian_noise,10,0.8002240455449157,0.7970337079422398,-0.003190337602675841,0.8286820126298635,0.8177072457715598,-0.010974766858303675,0.7717660784599679,0.7763601701129198,0.004594091652951882,0.3667794402172958,0.3921436358333893,0.025364195616093488,0.03124758430598018,0.063349756274234,0.03210217196825382,511,631,120,1005,967,-38
test,158986766-158986776-001,normal_columnar,20260803,baseline,gaussian_noise,20,0.9092941706331641,0.8997241201489823,-0.009570050484181802,0.9829323462882994,0.9881570745896531,0.005224728301353676,0.8356559949780289,0.8112911657083115,-0.024364829269717392,0.09782086082332186,0.1441727632074613,0.04635190238413944,0.016420566259031766,0.028183571041329736,0.01176300478229797,55,5,-50,545,858,313
test,158986813-158986820-001,normal_columnar,20260803,baseline,gaussian_noise,20,0.8605023853224092,0.8608901396125472,0.00038775429013804263,0.9480830670926518,0.9707846410684474,0.02270157397579564,0.7729217035521666,0.750995638156647,-0.021926065395519556,0.1067954948738718,0.08459062151960489,-0.022204873354266907,0.004701027744241193,0.0482113336732477,0.04351030592900651,130,22,-108,335,439,104
test,204870858-204870872-001,light_dysplastic,20260803,baseline,gaussian_blur,2,0.8630779981376286,0.8570478568619027,-0.0060301412757259865,0.9658401248482746,0.9616359641710326,-0.0042041606772420526,0.7603158714269825,0.7524597495527728,-0.007856121874209698,0.25031749294724714,0.217076595376402,-0.03324089757084514,0.13635193607547036,0.17729445670939536,0.040942520633925006,27,123,96,1653,1606,-47
test,209307421-209307504-001,normal_intermediate,20260803,baseline,gaussian_noise,30,0.6563882652096136,0.6654797024211934,0.00909143721157979,0.5814469596094097,0.6053978594695207,0.023950899860111008,0.7313295708098175,0.7255615453728661,-0.0057680254369514294,0.08398320071366008,0.08213171967693095,-0.0018514810367291357,0.13371560028879392,0.17444102909822334,0.04072542880942942,1884,1676,-208,360,1554,1194
test,209565409-209565503-001,normal_intermediate,20260803,baseline,gaussian_noise,10,0.874060934877924,0.8762848791836201,0.0022239443056960573,0.9223744292237442,0.926052332195677,0.0036779029719327117,0.8257474405321037,0.8265174261715632,0.0007699856394595139,0.011488885985959187,0.01129089858109901,-0.0001979874048601768,0.1626771520156255,0.2038164163319396,0.041139264316314095,192,183,-9,16019,15870,-149
test,209565409-209565503-001,normal_intermediate,20260803,baseline,gaussian_noise,30,0.874060934877924,0.8730491537975036,-0.0010117810804204375,0.9223744292237442,0.9208523592085236,-0.0015220700152206446,0.8257474405321037,0.8252459483864836,-0.0005014921456201193,0.011488885985959187,0.011426557159069574,-6.232882688961272e-05,0.1626771520156255,0.20897683165534342,0.04629967963971793,192,192,0,16019,15831,-188
test,209565864-209565911-001,normal_intermediate,20260803,baseline,gaussian_blur,1,0.8085518629475825,0.8149020227485338,0.006350159800951327,0.7904104613149292,0.802158273381295,0.01174781206636577,0.826693264580236,0.8276457721157727,0.0009525075355367729,0.013876232227965541,0.013481837877045988,-0.00039439435091955313,0.15650749959445576,0.2161992705031479,0.059691770908692154,577,550,-27,6096,6341,245
test,148497551-148497588-001,light_dysplastic,20260803,nc_aware_lambda_0p10,gaussian_noise,20,0.8779668072491196,0.8684688574085095,-0.009497949840610032,0.9479621542940321,0.9529217805458875,0.00495962625185542,0.8079714602042072,0.7840159342711316,-0.023955525933075594,0.2852580192661005,0.2984007398393421,0.013142720573241617,0.01617693866235892,0.07295105897705179,0.056774120314692866,266,229,-37,1279,1375,96
test,148503209-148503231-001,light_dysplastic,20260803,nc_aware_lambda_0p10,gaussian_noise,10,0.5747594940979897,0.5707544255637613,-0.004005068534228329,0.661056297156123,0.6580486748032065,-0.003007622352916517,0.4884626910398562,0.4834601763243162,-0.005002514715539974,1.1198134572445482,1.1559046029783029,0.036091145733754715,0.23827604456023,0.2405074666747547,0.002231422114524706,4672,4735,63,2466,2543,77
test,148503400-148503432-001,light_dysplastic,20260803,nc_aware_lambda_0p10,gaussian_noise,30,0.9154603067359055,0.9154431673828873,-1.71393530181696e-05,0.9474316096389676,0.9431866004545072,-0.004245009184460358,0.8834890038328433,0.8876997343112675,0.0042107304784241295,0.011252313570247308,0.03368993061505998,0.022437617044812674,0.05778552185956076,0.1972333312165347,0.13944780935697393,319,99,-220,1083,1233,150
test,148503568-148503580-002,light_dysplastic,20260803,nc_aware_lambda_0p10,gaussian_blur,1,0.808836742541478,0.8086994584685941,-0.00013728407288382538,0.8742391416486124,0.8759018759018758,0.0016627342532634648,0.7434343434343434,0.7414970410353124,-0.0019373023990310045,0.3704418270529514,0.3675523707099328,-0.002889456343018626,0.12475261401962695,0.17680797667610443,0.05205536265647748,981,990,9,2797,2765,-32
test,148503568-148503580-002,light_dysplastic,20260803,nc_aware_lambda_0p10,gaussian_blur,2,0.808836742541478,0.8056594601887153,-0.0031772823527627114,0.8742391416486124,0.8754111842105263,0.001172042561913944,0.7434343434343434,0.7359077361669042,-0.007526607267439256,0.3704418270529514,0.3640441906136847,-0.006397636439266718,0.12475261401962695,0.2439209840830498,0.11916837006342285,981,1016,35,2797,2708,-89
test,148503568-148503580-002,light_dysplastic,20260803,nc_aware_lambda_0p10,gaussian_blur,3,0.808836742541478,0.8026563061115509,-0.00618043642992705,0.8742391416486124,0.8746033370867028,0.0003641954380904089,0.7434343434343434,0.730709275136399,-0.012725068297944397,0.3704418270529514,0.37559861313668236,0.005156786083730935,0.12475261401962695,0.28912346441525155,0.1643708503956246,981,1057,76,2797,2746,-51
test,148719308-148719348-004,light_dysplastic,20260803,nc_aware_lambda_0p10,gaussian_noise,20,0.9232453658549228,0.9205882578609941,-0.002657107993928709,0.9390444810543658,0.9456342668863262,0.00658978583196046,0.9074462506554798,0.895542248835662,-0.011904001819817767,0.040090142115452254,0.02113626700680271,-0.018953875108649543,0.05389191049298059,0.14034123216576655,0.08644932167278596,186,186,0,52,165,113
test,148848523-148848559-002,moderate_dysplastic,20260803,nc_aware_lambda_0p10,gaussian_noise,30,0.793939613114987,0.800718734380932,0.006779121265945043,0.9078238245679242,0.937228811107897,0.02940498653997281,0.6800554016620498,0.664208657653967,-0.015846744008082836,0.6613298150525364,0.48014030364302585,-0.18118951140951056,0.07174269661157096,0.23326428828245693,0.16152159167088598,870,479,-391,988,885,-103
test,149014929-149014984-001,moderate_dysplastic,20260803,nc_aware_lambda_0p10,gaussian_noise,20,0.8435090836038325,0.8527475314540958,0.009238447850263287,0.903945703439549,0.910999650064155,0.0070539466246059,0.7830724637681159,0.7944954128440367,0.011422949075920785,0.36366604754514065,0.30430516538344976,-0.05936088216169089,0.15433835396326212,0.26530711998021533,0.11096876601695321,641,521,-120,903,808,-95
test,149014929-149014984-001,moderate_dysplastic,20260803,nc_aware_lambda_0p10,gaussian_noise,30,0.8435090836038325,0.8489363465616835,0.005427262957851009,0.903945703439549,0.9049312470365102,0.0009855435969611248,0.7830724637681159,0.7929414460868569,0.009868982318741004,0.36366604754514065,0.267705177170947,-0.09596087037419365,0.15433835396326212,0.34834322391028477,0.19400486994702265,641,384,-257,903,801,-102
test,149014929-149015022-001,light_dysplastic,20260803,nc_aware_lambda_0p10,gaussian_blur,3,0.9234745561998041,0.9196228338135188,-0.0038517223862852834,0.9277145493694248,0.9191690662278897,-0.008545483141535026,0.9192345630301835,0.920076601399148,0.0008420383689645705,0.04880102028898842,0.038705485296829434,-0.010095534992158983,0.015993050610335957,0.0846596212922508,0.06866657068191484,447,418,-29,445,203,-242
test,149014929-149015022-001,light_dysplastic,20260803,nc_aware_lambda_0p10,gaussian_noise,10,0.9234745561998041,0.927615781606547,0.004141225406742888,0.9277145493694248,0.9317971402119124,0.004082590842487632,0.9192345630301835,0.9234344230011816,0.004199859970998143,0.04880102028898842,0.044764706968479506,-0.004036313320508911,0.015993050610335957,0.10982128692043225,0.09382823631009629,447,415,-32,445,400,-45
test,149014929-149015022-001,light_dysplastic,20260803,nc_aware_lambda_0p10,gaussian_noise,20,0.9234745561998041,0.915294896684429,-0.008179659515375137,0.9277145493694248,0.9164200428615165,-0.011294506507908308,0.9192345630301835,0.9141697505073415,-0.005064812522841966,0.04880102028898842,0.05972474132547173,0.010923721036483314,0.015993050610335957,0.15607153252831402,0.14007848191797806,447,493,46,445,659,214
test,149014929-149015022-001,light_dysplastic,20260803,nc_aware_lambda_0p10,gaussian_noise,30,0.9234745561998041,0.9183140964574201,-0.005160459742383994,0.9277145493694248,0.9261369522428261,-0.0015775971265986621,0.9192345630301835,0.910491240672014,-0.008743322358169436,0.04880102028898842,0.05021146311256819,0.0014104428235797717,0.015993050610335957,0.23079776079316378,0.21480471018282782,447,347,-100,445,731,286
test,149053341-149053350-001,moderate_dysplastic,20260803,nc_aware_lambda_0p10,gaussian_noise,20,0.9060690717420332,0.902043788914721,-0.004025282827312182,0.9435438792621577,0.9485907553551296,0.005046876092971941,0.8685942642219088,0.8554968224743126,-0.013097441747596195,0.10881130408411643,0.112517403062939,0.0037060989788225696,0.09780900602839349,0.1861938803865626,0.08838487435816911,483,408,-75,838,1017,179
test,149054642-149054677-003,light_dysplastic,20260803,nc_aware_lambda_0p10,gaussian_blur,2,0.864465253421749,0.8560367591674243,-0.008428494254324681,0.9229741763134461,0.9112160035963138,-0.01175817271713231,0.8059563305300517,0.8008575147385346,-0.005098815791517053,0.14113931362075244,0.15081332541549108,0.009674011794738646,0.013474045493878761,0.08131537551473988,0.06784133002086112,340,383,43,1617,1717,100
test,149056321-149056360-001,severe_dysplastic,20260803,nc_aware_lambda_0p10,gaussian_blur,2,0.7919661521103714,0.7893952493753351,-0.00257090273503624,0.8546077838273846,0.8505330919332126,-0.004074691894171978,0.729324520393358,0.7282574068174578,-0.0010671135759002803,0.5188442641376136,0.49215805787273004,-0.026686206264883605,0.12322401084976353,0.17354739673498465,0.05032338588522112,721,733,12,1053,978,-75
test,149056321-149056360-001,severe_dysplastic,20260803,nc_aware_lambda_0p10,gaussian_blur,3,0.7919661521103714,0.7867821722269102,-0.005183979883461198,0.8546077838273846,0.8476688102893891,-0.006938973537995441,0.729324520393358,0.7258955341644311,-0.0034289862289269557,0.5188442641376136,0.47056434857388685,-0.048279915563726794,0.12322401084976353,0.16397983671975447,0.040755825869990936,721,738,17,1053,919,-134
test,149056410-149056458-001,severe_dysplastic,20260803,nc_aware_lambda_0p10,gaussian_noise,10,0.8064590216270371,0.8048712999982395,-0.0015877216287976115,0.9021396001403017,0.8996152500874431,-0.0025243500528585594,0.7107784431137725,0.7101273499090358,-0.0006510932047366635,0.5538342323726229,0.5993183834798741,0.045484151107251236,0.034104391719843696,0.09939655704895844,0.06529216532911475,279,287,8,708,750,42
test,149056873-149056884-001,severe_dysplastic,20260803,nc_aware_lambda_0p10,gaussian_noise,20,0.9182952334712919,0.9092020211875174,-0.009093212283774577,0.9707757704569607,0.9630606860158312,-0.0077150844411295605,0.865814696485623,0.8553433563592036,-0.010471340126419482,0.007139283672302543,0.04413662517303685,0.036997341500734304,0.011834508774600905,0.20902005190317996,0.19718554312857905,78,104,26,80,6,-74
test,149056873-149056884-002,severe_dysplastic,20260803,nc_aware_lambda_0p10,gaussian_blur,1,0.8580767585987084,0.853045274481391,-0.005031484117317353,0.9480142072973846,0.9380704041720991,-0.009943803125285533,0.7681393099000322,0.768020144790683,-0.00011916510934917302,0.16000196489989427,0.21927889410296864,0.05927692920307437,0.030320594878761042,0.024305795072941505,-0.006014799805819537,161,190,29,87,163,76
test,149056873-149056884-002,severe_dysplastic,20260803,nc_aware_lambda_0p10,gaussian_noise,20,0.8580767585987084,0.8534060018122701,-0.004670756786438246,0.9480142072973846,0.9396887159533074,-0.00832549134407723,0.7681393099000322,0.7671232876712328,-0.0010160222287993737,0.16000196489989427,0.14766496993078704,-0.012336994969107229,0.030320594878761042,0.158113690797137,0.12779309591837595,161,174,13,87,52,-35
test,149056873-149056884-002,severe_dysplastic,20260803,nc_aware_lambda_0p10,gaussian_noise,30,0.8580767585987084,0.8515765375949655,-0.006500221003742812,0.9480142072973846,0.9383672152307196,-0.009646992066664972,0.7681393099000322,0.7647858599592114,-0.003353449940820763,0.16000196489989427,0.056565296907116425,-0.10343666799277784,0.030320594878761042,0.23338736945756733,0.2030667745788063,161,159,-2,87,72,-15
test,149056933-149056982-002,severe_dysplastic,20260803,nc_aware_lambda_0p10,gaussian_noise,20,0.8610415052550459,0.8693631164240156,0.00832161116896979,0.9301010101010101,0.9349064279902359,0.004805417889225838,0.7919820004090816,0.8038198048577954,0.01183780444871374,0.08015550694917284,0.08971667546556528,0.009561168516392438,0.011303283969142708,0.10309465065570544,0.09179136668656274,163,146,-17,65,137,72
test,149057756-149057766-002,moderate_dysplastic,20260803,nc_aware_lambda_0p10,gaussian_noise,30,0.8873673149025927,0.8877882137230053,0.0004208988204126296,0.95715485858303,0.9537054321448571,-0.003449426438172809,0.8175797712221553,0.8218709953011534,0.004291224078998068,0.04244377498586893,0.04807971088619145,0.0056359359003225196,0.006360831352486884,0.21192774826136318,0.2055669169088763,239,240,1,775,128,-647
test,149057812-149057825-003,moderate_dysplastic,20260803,nc_aware_lambda_0p10,gaussian_noise,30,0.9145967453080954,0.9163699046288609,0.0017731593207654939,0.9231824417009602,0.9289509938988388,0.00576855219787864,0.9060110489152307,0.903788815358883,-0.0022222335563476525,0.0372739501512131,0.029487314932239772,-0.007786635218973326,0.05590205415756799,0.13930938506609714,0.08340733090852914,744,700,-44,629,798,169
test,149057812-149057825-005,moderate_dysplastic,20260803,nc_aware_lambda_0p10,gaussian_noise,30,0.8093786428041989,0.8031877667069096,-0.0061908760972892996,0.9418394950405771,0.9202562403357633,-0.021583254704813815,0.6769177905678206,0.686119293078056,0.009201502510235327,0.19127991373543357,0.13982337486085056,-0.05145653887458301,0.04693618602866467,0.17400462054309407,0.1270684345144294,2,89,87,2753,1976,-777
test,149057812-149057847-004,moderate_dysplastic,20260803,nc_aware_lambda_0p10,gaussian_noise,20,0.900397229131086,0.8933206349365059,-0.007076594194580066,0.9459230378030175,0.9396697000337041,-0.006253337769313361,0.8548714204591547,0.8469715698393078,-0.007899850619846882,0.1443120481188711,0.17104656043045263,0.026734512311581526,0.07632636890820632,0.0816220720216071,0.005295703113400774,255,290,35,1305,1497,192
test,149097594-149097637-002,moderate_dysplastic,20260803,nc_aware_lambda_0p10,gaussian_blur,2,0.7788694472510489,0.7719339416162592,-0.006935505634789729,0.9547218628719275,0.9236937727101867,-0.031028090161740796,0.6030170316301703,0.6201741105223315,0.017157078892161226,0.41410903377908237,0.40348408710217754,-0.010624946676904834,0.08358048408094709,0.18692461712167385,0.10334413304072676,154,405,251,2461,2168,-293
test,149097594-149097637-002,moderate_dysplastic,20260803,nc_aware_lambda_0p10,gaussian_noise,20,0.7788694472510489,0.7841651323876808,0.005295685136631922,0.9547218628719275,0.9505282143777377,-0.0041936484941897945,0.6030170316301703,0.6178020503976238,0.014785018767453528,0.41410903377908237,0.38180349399985924,-0.032305539779223125,0.08358048408094709,0.15783857501393628,0.07425809093298918,154,186,32,2461,2299,-162
test,149099276-149099290-001,light_dysplastic,20260803,nc_aware_lambda_0p10,gaussian_noise,20,0.9025631450944576,0.9004056209056728,-0.0021575241887847874,0.8819599109131403,0.8782287822878229,-0.003731128625317437,0.9231663792757749,0.9225824595235226,-0.0005839197522523598,0.071053967688369,0.0715524923074278,0.0004985246190588044,0.15396780520098552,0.2683234383833701,0.11435563318238456,1219,1248,29,2646,2554,-92
test,149099276-149099290-001,light_dysplastic,20260803,nc_aware_lambda_0p10,gaussian_noise,30,0.9025631450944576,0.9000869393761275,-0.002476205718330071,0.8819599109131403,0.8800696931565192,-0.0018902177566211265,0.9231663792757749,0.9201041855957357,-0.003062193680039238,0.071053967688369,0.06857734906331309,-0.0024766186250559097,0.15396780520098552,0.19877537558919212,0.0448075703882066,1219,1215,-4,2646,2299,-347
test,149099502-149099525-002,light_dysplastic,20260803,nc_aware_lambda_0p10,gaussian_noise,30,0.9382138603660557,0.9307852060605104,-0.00742865430554529,0.9699620880723243,0.9645348837209302,-0.005427204351394099,0.906465632659787,0.8970355284000905,-0.009430104259696481,0.019641455427959392,0.019099871726141276,-0.0005415837018181158,0.06635209186860547,0.1130802677260011,0.04672817585739564,8,14,6,3303,3363,60
test,149100006-149100028-002,severe_dysplastic,20260803,nc_aware_lambda_0p10,gaussian_blur,2,0.7949802440628191,0.7959199593560853,0.0009397152932661967,0.8050117462803446,0.8071912454403335,0.00217949915998894,0.7849487418452936,0.784648673271837,-0.0003000685734566577,0.2879847284445947,0.29915632525718494,0.011171596812590223,0.04772185871874801,0.09424325330482619,0.04652139458607818,747,740,-7,1054,1251,197
test,149100006-149100028-002,severe_dysplastic,20260803,nc_aware_lambda_0p10,gaussian_blur,3,0.7949802440628191,0.7866756249159907,-0.00830461914682834,0.8050117462803446,0.7933579335793358,-0.011653812701008737,0.7849487418452936,0.7799933162526457,-0.004955425592647944,0.2879847284445947,0.31921141221759164,0.03122668377299692,0.04772185871874801,0.11458601355627973,0.06686415483753172,747,784,37,1054,1447,393
test,149100064-149100072-001,moderate_dysplastic,20260803,nc_aware_lambda_0p10,gaussian_noise,10,0.8689545298532788,0.8672447701531516,-0.0017097597001272113,0.875978183542803,0.8730171257201483,-0.0029610578226546558,0.8619308761637546,0.8614724145861549,-0.0004584615775997669,0.08823302554857554,0.09067784668766554,0.002444821139090003,0.14339679453998844,0.23896892293861405,0.09557212839862561,1397,1417,20,1027,1099,72
test,149100064-149100072-001,moderate_dysplastic,20260803,nc_aware_lambda_0p10,gaussian_noise,20,0.8689545298532788,0.8688454690628301,-0.00010906079044870065,0.875978183542803,0.8737755833399697,-0.002202600202833249,0.8619308761637546,0.8639153547856905,0.001984478621935848,0.08823302554857554,0.08843902464996439,0.00020599910138885402,0.14339679453998844,0.19085819686149275,0.04746140232150431,1397,1303,-94,1027,1293,266
test,149102442-149102451-001,light_dysplastic,20260803,nc_aware_lambda_0p10,gaussian_blur,1,0.8992555085539488,0.8960682426119566,-0.0031872659419921456,0.9751763046544428,0.9739546670420949,-0.0012216376123479478,0.8233347124534547,0.8181818181818182,-0.0051528942716364545,0.058297054807580295,0.056618258079582984,-0.0016787967279973115,0.024705357738430078,0.09362763200546131,0.06892227426703124,86,99,13,453,416,-37
test,149102510-149102519-001,moderate_dysplastic,20260803,nc_aware_lambda_0p10,gaussian_blur,3,0.850589477054341,0.854003349083148,0.0034138720288070523,0.8856231487810435,0.8777211672070403,-0.007901981574003236,0.8155558053276385,0.8302855309592557,0.01472972563161723,0.07491572483634534,0.007816165346394788,-0.06709955948995056,0.027490603515339496,0.07403461122585198,0.04654400771051248,192,50,-142,958,50,-908
test,149102510-149102519-001,moderate_dysplastic,20260803,nc_aware_lambda_0p10,gaussian_noise,10,0.850589477054341,0.8464415397199101,-0.004147937334430862,0.8856231487810435,0.8875995449374289,0.0019763961563853405,0.8155558053276385,0.8052835345023912,-0.010272270825247287,0.07491572483634534,0.09134720793436157,0.01643148309801623,0.027490603515339496,0.07879910125763812,0.05130849774229862,192,204,12,958,1188,230
test,149102510-149102519-001,moderate_dysplastic,20260803,nc_aware_lambda_0p10,gaussian_noise,20,0.850589477054341,0.8426083345624404,-0.007981142491900517,0.8856231487810435,0.8948566226672735,0.00923347388622997,0.8155558053276385,0.7903600464576074,-0.025195758870031115,0.07491572483634534,0.11517830414934216,0.040262579312996816,0.027490603515339496,0.19295186304226464,0.16546125952692514,192,202,10,958,1532,574
test,149102510-149102519-001,moderate_dysplastic,20260803,nc_aware_lambda_0p10,gaussian_noise,30,0.850589477054341,0.8480657279742458,-0.0025237490800951168,0.8856231487810435,0.9074439670189293,0.02182081823788573,0.8155558053276385,0.7886874889295625,-0.026868316398075964,0.07491572483634534,0.11321731995018447,0.038301595113839126,0.027490603515339496,0.1569970210943461,0.1295064175790066,192,25,-167,958,1815,857
test,149105289-149105311-004,moderate_dysplastic,20260803,nc_aware_lambda_0p10,gaussian_noise,10,0.7961000406034473,0.7934829905832355,-0.002617050020211842,0.8317815021725636,0.8297182747444527,-0.0020632274281109364,0.7604185790343309,0.7572477064220183,-0.0031708726123125253,0.4686118851581572,0.47435006215742415,0.005738176999266931,0.35571560917727685,0.42246929925070686,0.06675369007343002,1209,1242,33,1730,1736,6
test,149140849-149140856-001,moderate_dysplastic,20260803,nc_aware_lambda_0p10,gaussian_blur,3,0.7479635883804042,0.750586134358654,0.002622545978249735,0.8805535724092481,0.8731808731808732,-0.007372699228374913,0.6153736043515603,0.6279913955364346,0.012617791184874272,0.855350206495309,0.614129298216242,-0.24122090827906706,0.037325763182373684,0.1009486613892373,0.06362289820686362,2163,2232,69,2748,1844,-904
test,149143028-149143108-002,severe_dysplastic,20260803,nc_aware_lambda_0p10,gaussian_noise,10,0.8556203951785151,0.8519450566293598,-0.0036753385491552493,0.9685163321526958,0.9697327044025157,0.0012163722498198526,0.7427244582043344,0.7341574088562041,-0.008567049348130351,0.2172218145398771,0.24336304457251445,0.026141230032637353,0.026862724010722983,0.051809408983835015,0.024946684973112032,138,132,-6,1044,1113,69
test,149146837-149146854-001,carcinoma_in_situ,20260803,nc_aware_lambda_0p10,gaussian_blur,2,0.8475495021459796,0.8535681961384645,0.0060186939924848915,0.9644681575661256,0.9660437556973565,0.0015755981312308709,0.7306308467258336,0.7410926365795725,0.010461789853738912,0.10926523418934364,0.16249572175492988,0.05323048756558624,0.022225259479702886,0.059687544548035376,0.03746228506833249,117,84,-33,163,204,41
test,149146837-149146854-001,carcinoma_in_situ,20260803,nc_aware_lambda_0p10,gaussian_blur,3,0.8475495021459796,0.8551422940773488,0.007592791931369192,0.9644681575661256,0.9652881200595715,0.0008199624934459582,0.7306308467258336,0.744996468095126,0.014365621369292425,0.10926523418934364,0.21653682577737676,0.10727159158803312,0.022225259479702886,0.07287834923524272,0.05065308975553984,117,37,-80,163,241,78
test,149181904-149181927-001,carcinoma_in_situ,20260803,nc_aware_lambda_0p10,gaussian_noise,20,0.9306960433829234,0.9231976633494312,-0.007498380033492236,0.9782135076252724,0.9727133813577822,-0.005500126267490191,0.8831785791405744,0.8736819453410802,-0.00949663379949417,0.11205331951380526,0.10026257480166578,-0.011790744712139478,0.0006135126650669287,0.08026277909835311,0.07964926643328618,24,33,9,285,269,-16
test,149181904-149181951-001,carcinoma_in_situ,20260803,nc_aware_lambda_0p10,gaussian_blur,1,0.9113396714767472,0.9053875650139742,-0.005952106462772999,0.9519029694688415,0.9465713083718974,-0.0053316610969440514,0.8707763734846531,0.8642038216560509,-0.006572551828602169,0.16765415966449204,0.20869361557001542,0.04103945590552338,0.0008369343294228893,0.005739233462740634,0.004902299133317745,220,248,28,85,133,48
test,149181904-149181951-001,carcinoma_in_situ,20260803,nc_aware_lambda_0p10,gaussian_noise,20,0.9113396714767472,0.9131718113260444,0.0018321398492971985,0.9519029694688415,0.9582562204400575,0.0063532509712160845,0.8707763734846531,0.8680874022120313,-0.0026889712726217985,0.16765415966449204,0.014841032415594313,-0.15281312724889773,0.0008369343294228893,0.27036438475706803,0.26952745042764514,220,139,-81,85,85,0
test,149182125-149182135-002,carcinoma_in_situ,20260803,nc_aware_lambda_0p10,gaussian_blur,2,0.8289519030646207,0.8254318767283522,-0.003520026336268578,0.9566217548471903,0.9558312655086849,-0.0007904893385053402,0.7012820512820512,0.6950324879480193,-0.006249563334031927,0.14945237275719947,0.20781941867919596,0.058367045921996485,0.13516129929206466,0.14215894360100068,0.006997644308936013,152,111,-41,384,475,91
test,149182125-149182135-002,carcinoma_in_situ,20260803,nc_aware_lambda_0p10,gaussian_blur,3,0.8289519030646207,0.8222126154278291,-0.006739287636791658,0.9566217548471903,0.9536357571714477,-0.002985997675742591,0.7012820512820512,0.6907894736842105,-0.010492577597840724,0.14945237275719947,0.2660419117828552,0.11658953902565572,0.13516129929206466,0.1351473203775726,-1.3978914492063232e-05,152,62,-90,384,568,184
test,149182657-149182681-002,carcinoma_in_situ,20260803,nc_aware_lambda_0p10,gaussian_blur,1,0.7048032785968679,0.7041481819696306,-0.0006550966272372838,0.8758169934640523,0.8732037193575655,-0.002613274106486818,0.5337895637296834,0.5350926445816957,0.0013030808520122505,0.8377082081762928,0.8690733933407757,0.031365185164482945,0.04264474115412331,0.07302464041188439,0.030379899257761078,589,600,11,617,672,55
test,149182657-149182698-003,carcinoma_in_situ,20260803,nc_aware_lambda_0p10,gaussian_noise,10,0.8835813469584336,0.8824067516404706,-0.0011745953179630453,0.9559357179885951,0.9622770919067215,0.006341373918126392,0.8112269759282721,0.8025364113742197,-0.008690564554052371,0.0714379457187132,0.10330815359600176,0.03187020787728856,0.1612796257134943,0.12078975920173907,-0.040489866511755235,59,14,-45,751,919,168
test,149182657-149182698-003,carcinoma_in_situ,20260803,nc_aware_lambda_0p10,gaussian_noise,20,0.8835813469584336,0.8750127628848791,-0.008568584073554542,0.9559357179885951,0.9534765691084419,-0.0024591488801531947,0.8112269759282721,0.7965489566613162,-0.014678019266955888,0.0714379457187132,0.13877945464489005,0.06734150892617685,0.1612796257134943,0.04025903755137783,-0.12102058816211647,59,65,6,751,1044,293
test,149185604-149185616-001,carcinoma_in_situ,20260803,nc_aware_lambda_0p10,gaussian_blur,2,0.8138998531274665,0.8047222380356127,-0.009177615091853775,0.9450522433927474,0.9296300909204135,-0.015422152472333917,0.6827474628621856,0.679814385150812,-0.002933077711373522,0.20756039176183094,0.2659933767711189,0.05843298500928795,0.014049096555066587,0.036815891932535316,0.02276679537746873,373,479,106,277,374,97
test,149185604-149185645-003,carcinoma_in_situ,20260803,nc_aware_lambda_0p10,gaussian_blur,1,0.8604277907058924,0.8598553491387368,-0.0005724415671555239,0.9645472509589678,0.9634713820381573,-0.0010758689208104633,0.7563083304528171,0.7562393162393163,-6.90142135008065e-05,0.7142643883402391,0.771448083047491,0.05718369470725193,0.1206893193348888,0.11920672350848172,-0.0014825958264070849,279,286,7,251,283,32
test,149185604-149185645-003,carcinoma_in_situ,20260803,nc_aware_lambda_0p10,gaussian_blur,2,0.8604277907058924,0.8582955854246416,-0.0021322052812507986,0.9645472509589678,0.9587316390767079,-0.005815611882259875,0.7563083304528171,0.7578595317725753,0.0015512013197581664,0.7142643883402391,0.8831173072308913,0.16885291889065224,0.1206893193348888,0.0811718418615538,-0.039517477473335005,279,304,25,251,348,97
test,149185604-149185645-003,carcinoma_in_situ,20260803,nc_aware_lambda_0p10,gaussian_blur,3,0.8604277907058924,0.857196574451807,-0.0032312162540854006,0.9645472509589678,0.9517370016320821,-0.012810249326885681,0.7563083304528171,0.7626561472715319,0.006347816818714769,0.7142643883402391,0.9580121058782702,0.24374771753803115,0.1206893193348888,0.10134518316758712,-0.019344136167301684,279,304,25,251,400,149
test,149185604-149185657-001,carcinoma_in_situ,20260803,nc_aware_lambda_0p10,gaussian_blur,1,0.8316430722370288,0.8260194407293888,-0.005623631507640003,0.9580838323353293,0.9546489956512736,-0.003434836684055753,0.7052023121387283,0.697389885807504,-0.007812426331224254,0.930538014471247,0.973064552504207,0.042526538032960026,0.043560975334694274,0.08121941466376725,0.03765843932907298,149,163,14,468,498,30
test,149185698-149185709-002,carcinoma_in_situ,20260803,nc_aware_lambda_0p10,gaussian_blur,1,0.8145567184461124,0.8116746203567908,-0.0028820980893216053,0.9238441838522712,0.9210810810810811,-0.0027631027711900735,0.7052692530399537,0.7022681596325007,-0.003001093407453026,0.5854504831893186,0.6248843994202085,0.039433916230889876,0.013431107245124863,0.009744459329552368,-0.003686647915572494,565,584,19,206,235,29
test,149185698-149185709-002,carcinoma_in_situ,20260803,nc_aware_lambda_0p10,gaussian_noise,10,0.8145567184461124,0.8081634277577265,-0.0063932906883859,0.9238441838522712,0.9231184246021041,-0.0007257592501670462,0.7052692530399537,0.6932084309133489,-0.012060822126604753,0.5854504831893186,0.5485298645320198,-0.03692061865729879,0.013431107245124863,0.20175092671560269,0.18831981947047782,565,570,5,206,168,-38
test,149185788-149185824-001,carcinoma_in_situ,20260803,nc_aware_lambda_0p10,gaussian_blur,2,0.7994015584776322,0.7959883080390626,-0.0034132504385695484,0.8970740103270224,0.8809482307826391,-0.016125779544383323,0.7017291066282421,0.7110283852954863,0.009299278667244226,0.20775034363198475,0.3207018905582968,0.11295154692631204,0.024545115224110292,0.020915005857539914,-0.0036301093665703776,544,617,73,80,54,-26
test,149314453-149314465-001,carcinoma_in_situ,20260803,nc_aware_lambda_0p10,gaussian_blur,2,0.8830441183834945,0.8738107257604137,-0.00923339262308076,0.9797894736842105,0.9772151898734177,-0.0025742838107928323,0.7862987630827784,0.7704062616474097,-0.01589250143536869,0.002996450047091148,0.04254049872841503,0.039544048681323885,0.025085450107765417,0.014580876219223549,-0.010504573888541868,78,68,-10,95,206,111
test,149314679-149314698-001,carcinoma_in_situ,20260803,nc_aware_lambda_0p10,gaussian_blur,1,0.7344703267366264,0.7255907665761843,-0.008879560160442113,0.8834605597964377,0.8766001024065541,-0.006860457389883612,0.585480093676815,0.5745814307458144,-0.010898662931000613,2.3835731507484184,2.459827216117995,0.07625406536957646,0.012196716547387743,0.00034603456814241706,-0.011850681979245326,687,723,36,874,940,66
test,149314679-149314698-001,carcinoma_in_situ,20260803,nc_aware_lambda_0p10,gaussian_noise,10,0.7344703267366264,0.7276963909723002,-0.006773935764326167,0.8834605597964377,0.8804218404490559,-0.0030387193473817575,0.585480093676815,0.5749709414955444,-0.010509152181270576,2.3835731507484184,2.4093639412071255,0.025790790458707136,0.012196716547387743,0.05348613679031966,0.04128942024293192,687,703,16,874,893,19
test,149314679-149314698-001,carcinoma_in_situ,20260803,nc_aware_lambda_0p10,gaussian_noise,20,0.7344703267366264,0.7262438397629376,-0.008226486973688774,0.8834605597964377,0.8762164930851972,-0.007244066711240449,0.585480093676815,0.576271186440678,-0.009208907236136987,2.3835731507484184,2.4346772273799475,0.05110407663152916,0.012196716547387743,0.1404036814603657,0.12820696491297795,687,725,38,874,908,34
test,149315229-149315310-001,severe_dysplastic,20260803,nc_aware_lambda_0p10,gaussian_blur,1,0.7508084257158905,0.744098677602666,-0.006709748113224445,0.9678437265214125,0.9664459825458923,-0.0013977439755201715,0.5337731249103685,0.5217513726594397,-0.01202175225092883,2.13554801032188,2.172099425576409,0.03655141525452921,0.0149061436467528,0.01002233439860678,-0.0048838092481460205,406,424,18,2977,3107,130
test,149315229-149315310-001,severe_dysplastic,20260803,nc_aware_lambda_0p10,gaussian_noise,20,0.7508084257158905,0.7578499227256031,0.007041497009712683,0.9678437265214125,0.9542095238095238,-0.013634202711888643,0.5337731249103685,0.5614903216416824,0.027717196731313898,2.13554801032188,2.1463663540412976,0.010818343719417811,0.0149061436467528,0.1500502172101409,0.1351440735633881,406,591,185,2977,2875,-102
test,149315671-149315731-001,carcinoma_in_situ,20260803,nc_aware_lambda_0p10,gaussian_blur,1,0.7955217127009324,0.8021210092677937,0.006599296566861312,0.9419062027231467,0.9391779159714849,-0.0027282867516618126,0.6491372226787182,0.6650641025641025,0.015926879885384326,0.9200888342216755,1.033380199241086,0.1132913650194105,0.005102366483497045,0.007687575273395808,0.002585208789898763,384,401,17,266,328,62
test,149315671-149315731-001,carcinoma_in_situ,20260803,nc_aware_lambda_0p10,gaussian_blur,2,0.7955217127009324,0.8050998146705198,0.009578101969587416,0.9419062027231467,0.9330282227307399,-0.008877979992406804,0.6491372226787182,0.6771714066102997,0.028034183931581524,0.9200888342216755,1.211522006524413,0.29143317230273746,0.005102366483497045,0.007884394293386165,0.0027820278098891205,384,439,55,266,434,168
test,149315671-149315731-001,carcinoma_in_situ,20260803,nc_aware_lambda_0p10,gaussian_blur,3,0.7955217127009324,0.7907502875523754,-0.004771425148556996,0.9419062027231467,0.9211784667592164,-0.020727735963930294,0.6491372226787182,0.6603221083455344,0.011184885666816191,0.9200888342216755,1.4141215562641063,0.49403272204243076,0.005102366483497045,0.010585365317061779,0.005482998833564734,384,511,127,266,564,298
test,149315671-149315740-001,carcinoma_in_situ,20260803,nc_aware_lambda_0p10,gaussian_blur,1,0.7759634213050682,0.767877150147331,-0.00808627115773719,0.9305210918114144,0.923621227887617,-0.006899863923797378,0.6214057507987221,0.6121330724070451,-0.009272678391677003,1.126271494692442,1.1944770508802445,0.06820555618780255,0.03598842845938244,0.05350332841356531,0.017514899954182872,332,363,31,526,577,51
test,149316426-149316462-004,carcinoma_in_situ,20260803,nc_aware_lambda_0p10,gaussian_noise,10,0.8235091969493047,0.8184490539352645,-0.00506014301404023,0.9426666666666667,0.9436854381872709,0.0010187715206042558,0.7043517272319426,0.6932126696832579,-0.011139057548684717,0.09998295468380936,0.127729180883843,0.02774622620003364,0.11333926840116748,0.05705654081406297,-0.05628272758710451,160,159,-1,201,220,19
test,149316754-149316779-002,moderate_dysplastic,20260803,nc_aware_lambda_0p10,gaussian_noise,10,0.793908728518504,0.7951011338760741,0.0011924053575700366,0.805731422859047,0.8085604413977596,0.0028290185387126465,0.7820860341779611,0.7816418263543885,-0.00044420782357257327,0.4699486775138162,0.4724616616121361,0.0025129840983199037,0.39349135515502215,0.43916857841938717,0.04567722326436502,1166,1145,-21,1121,1152,31
test,149317002-149317010-002,severe_dysplastic,20260803,nc_aware_lambda_0p10,gaussian_blur,2,0.8568467782851344,0.8580976959499806,0.0012509176648461962,0.9362962962962963,0.9426403641881639,0.006344067891867589,0.7773972602739726,0.7735550277117973,-0.0038422325621753073,0.3757071621009027,0.06661316966594688,-0.30909399243495583,0.0538155494510848,0.09718964961765264,0.04337410016656784,185,105,-80,174,16,-158
test,149317002-149317010-002,severe_dysplastic,20260803,nc_aware_lambda_0p10,gaussian_noise,30,0.8568467782851344,0.8548570447573329,-0.0019897335278015182,0.9362962962962963,0.9406753878916946,0.004379091595398288,0.7773972602739726,0.7690387016229713,-0.008358558651001324,0.3757071621009027,0.20295126115746087,-0.17275590094344184,0.0538155494510848,0.19033919537087873,0.13652364591979393,185,97,-88,174,107,-67
test,149317204-149317230-002,severe_dysplastic,20260803,nc_aware_lambda_0p10,gaussian_blur,3,0.7968050842544769,0.8041272109558417,0.007322126701364784,0.9373433583959899,0.9138454354424469,-0.023497922953543027,0.656266810112964,0.6944089864692367,0.038142176356272706,0.4097199782665413,0.18364698797348522,-0.22607299029305605,0.17257252833631742,0.21398784191581965,0.04141531357950223,59,165,106,674,475,-199
test,153276386-153276405-001,moderate_dysplastic,20260803,nc_aware_lambda_0p10,gaussian_blur,1,0.8563071275472292,0.8562578338423685,-4.9293704860620124e-05,0.9537701446888601,0.9542668552569543,0.0004967105680941941,0.7588441104055981,0.7582488124277827,-0.0005952979778153233,0.2871192277342861,0.3065645755210974,0.019445347786811285,0.09504895715458017,0.14022821713868305,0.04517925998410288,171,154,-17,1139,1211,72
test,153276386-153276405-001,moderate_dysplastic,20260803,nc_aware_lambda_0p10,gaussian_blur,2,0.8563071275472292,0.8496834615206752,-0.006623666026553954,0.9537701446888601,0.9503428706550012,-0.003427274033858896,0.7588441104055981,0.7490240523863493,-0.00982005801924879,0.2871192277342861,0.3435134624992191,0.05639423476493299,0.09504895715458017,0.15614085696612967,0.0610918998115495,171,128,-43,1139,1363,224
test,153276386-153276414-001,moderate_dysplastic,20260803,nc_aware_lambda_0p10,gaussian_noise,10,0.9060413489415164,0.9005902489325899,-0.005451100008926568,0.9629094412331407,0.9543245869776482,-0.008584854255492491,0.8491732566498922,0.8468559108875314,-0.0023173457623607563,0.18830804288181924,0.1977851888013895,0.009477145919570273,0.007658160490832455,0.04827651278258849,0.04061835229175603,202,274,72,1818,1823,5
test,153654869-153654880-001,severe_dysplastic,20260803,nc_aware_lambda_0p10,gaussian_blur,1,0.8423465748175336,0.8385392651026584,-0.0038073097148751955,0.9142196120306104,0.9133041066475799,-0.0009155053830305349,0.7704735376044568,0.7637744235577368,-0.006699114046719967,0.06070426386647254,0.07780470027720143,0.017100436410728892,0.1662121804377631,0.2939034263514778,0.12769124591371472,598,659,61,260,231,-29
test,153654869-153654880-001,severe_dysplastic,20260803,nc_aware_lambda_0p10,gaussian_noise,10,0.8423465748175336,0.8457981272874574,0.003451552469923791,0.9142196120306104,0.9158745669361287,0.0016549549055182577,0.7704735376044568,0.7757216876387861,0.005248150034329324,0.06070426386647254,0.06438271248620508,0.003678448619732544,0.1662121804377631,0.2868532410442467,0.12064106060648361,598,579,-19,260,222,-38
test,153655016-153655039-005,severe_dysplastic,20260803,nc_aware_lambda_0p10,gaussian_noise,20,0.8319048345329186,0.8335030165912518,0.0015981820583331752,0.8693667997718197,0.877262443438914,0.007895643667094276,0.7944428692940175,0.7897435897435897,-0.004699279550427815,0.5744970339418164,0.5532675018188191,-0.021229532122997274,0.11870119357540598,0.34263384544292796,0.22393265186752198,458,428,-30,535,518,-17
test,153655087-153655101-002,severe_dysplastic,20260803,nc_aware_lambda_0p10,gaussian_blur,1,0.7559620919012126,0.7470808059043352,-0.00888128599687732,0.759680393362016,0.7438530967942732,-0.015827296567742732,0.7522437904404091,0.7503085150143973,-0.0019352754260117955,0.459583042951009,0.4864684240726364,0.026885381121627416,0.5365897052945505,0.5152937381719878,-0.021295967122562764,634,675,41,657,728,71
test,153656862-153656873-001,light_dysplastic,20260803,nc_aware_lambda_0p10,gaussian_noise,30,0.9348331706950981,0.9307410287726469,-0.00409214192245122,0.980873330927463,0.9733940556088208,-0.007479275318642231,0.8887930104627333,0.888088001936473,-0.0007050085262603201,0.005973411294318359,0.005471910355476339,-0.00050150093884202,0.09659812131744139,0.156657613979181,0.0600594926617396,61,92,31,766,863,97
test,153657121-153657160-001,severe_dysplastic,20260803,nc_aware_lambda_0p10,gaussian_blur,2,0.8798364131283836,0.875788005910983,-0.004048407217400518,0.970108695652174,0.9687809712586719,-0.0013277243935020389,0.7895641306045931,0.7827950405632941,-0.006769090041298997,0.10363792160843532,0.1579234986013398,0.05428557699290448,0.049906963392692294,0.05190093117005101,0.0019939677773587183,176,200,24,123,255,132
test,153659229-153659264-001,severe_dysplastic,20260803,nc_aware_lambda_0p10,gaussian_blur,2,0.883324763864731,0.8763808061757277,-0.006943957689003355,0.9542074363992172,0.9391051098755626,-0.015102326523654619,0.8124420913302449,0.8136565024758926,0.001214411145647687,0.01908525058502636,0.04929746705010035,0.030212216465073993,0.017312727145488815,0.005507359681216184,-0.011805367464272631,347,458,111,400,162,-238
test,153659229-153659264-001,severe_dysplastic,20260803,nc_aware_lambda_0p10,gaussian_noise,20,0.883324763864731,0.8921132161105713,0.00878845224584024,0.9542074363992172,0.9560468140442132,0.0018393776449959764,0.8124420913302449,0.8281796181769293,0.01573752684668439,0.01908525058502636,0.0007731149257411696,-0.01831213565928519,0.017312727145488815,0.062183157300641834,0.04487043015515302,347,322,-25,400,634,234
test,153659229-153659264-001,severe_dysplastic,20260803,nc_aware_lambda_0p10,gaussian_noise,30,0.883324763864731,0.8843005097510097,0.0009757458862786894,0.9542074363992172,0.9531515072425942,-0.0010559291566230034,0.8124420913302449,0.8154495122594253,0.003007420929180382,0.01908525058502636,0.02351346302476398,0.004428212439737622,0.017312727145488815,0.09891699143091004,0.08160426428542122,347,349,2,400,338,-62
test,153697342-153697375-001,moderate_dysplastic,20260803,nc_aware_lambda_0p10,gaussian_blur,2,0.8648567024592987,0.8586584820223072,-0.006198220436991475,0.971895555112617,0.9669801881128677,-0.004915366999749371,0.7578178498059803,0.7503367759317467,-0.007481073874233579,0.4115911793794067,0.44668710451023186,0.035095925130825156,0.0078882133626067,0.02765518724483329,0.01976697388222659,141,161,20,647,720,73
test,153697342-153697375-001,moderate_dysplastic,20260803,nc_aware_lambda_0p10,gaussian_noise,20,0.8648567024592987,0.871613587591919,0.006756885132620294,0.971895555112617,0.9674195482710374,-0.004476006841579672,0.7578178498059803,0.7758076269128006,0.01798977710682026,0.4115911793794067,0.3040271380110695,-0.1075640413683372,0.0078882133626067,0.06921401437614483,0.06132580101353813,141,155,14,647,383,-264
test,153701622-153701650-001,moderate_dysplastic,20260803,nc_aware_lambda_0p10,gaussian_blur,2,0.8269752022687339,0.8247414094119567,-0.0022337928567771614,0.9513763828145099,0.9502532796467074,-0.0011231031678025083,0.7025740217229579,0.699229539177206,-0.0033444825457519256,0.12108948616617621,0.18874493617671773,0.06765545001054152,0.14001871469909732,0.1444908592850731,0.004472144585975779,44,119,75,313,471,158
test,153701622-153701650-001,moderate_dysplastic,20260803,nc_aware_lambda_0p10,gaussian_blur,3,0.8269752022687339,0.8202033536418166,-0.006771848626917265,0.9513763828145099,0.9475758770201025,-0.003800505794407383,0.7025740217229579,0.6928308302635308,-0.009743191459427147,0.12108948616617621,0.259476996515124,0.1383875103489478,0.14001871469909732,0.13877599188259426,-0.0012427228165030613,44,207,163,313,650,337
test,153701949-153701958-001,light_dysplastic,20260803,nc_aware_lambda_0p10,gaussian_noise,20,0.8558757805152418,0.8549494206240943,-0.0009263598911475324,0.9505730155382127,0.9471184072651065,-0.0034546082731061745,0.7611785454922709,0.762780433983082,0.0016018884908111097,0.07433422411223278,0.10499830150295708,0.030664077390724298,0.16290943427030224,0.14184853330192126,-0.02106090096838098,427,519,92,392,637,245
test,153702037-153702051-003,light_dysplastic,20260803,nc_aware_lambda_0p10,gaussian_blur,2,0.843078652570292,0.8398258306234444,-0.003252821946847617,0.9087357954545454,0.8985663082437276,-0.010169487210817785,0.7774215096860387,0.7810853530031612,0.0036638433171224394,0.05018597026882521,0.08585916205814992,0.03567319178932471,0.2042519248910818,0.1698552541831938,-0.03439667070788799,1020,1124,104,858,644,-214
test,153702037-153702051-003,light_dysplastic,20260803,nc_aware_lambda_0p10,gaussian_blur,3,0.843078652570292,0.8376984489691595,-0.0053802036011325605,0.9087357954545454,0.8907745080339411,-0.01796128742060432,0.7774215096860387,0.7846223899043778,0.00720088021833909,0.05018597026882521,0.11434209480023949,0.06415612453141428,0.2042519248910818,0.12528335072898455,-0.07896857416209724,1020,1206,186,858,455,-403
test,153702037-153702051-003,light_dysplastic,20260803,nc_aware_lambda_0p10,gaussian_noise,20,0.843078652570292,0.8498901788760844,0.006811526305792404,0.9087357954545454,0.9211770888071467,0.012441293352601246,0.7774215096860387,0.7786032689450223,0.0011817592589835613,0.05018597026882521,0.010567753084485876,-0.03961821718433933,0.2042519248910818,0.30483872673424584,0.10058680184316404,1020,866,-154,858,1022,164
test,153826963-153826970-001,severe_dysplastic,20260803,nc_aware_lambda_0p10,gaussian_blur,2,0.6745971124552961,0.6669153788041299,-0.0076817336511662004,0.8078369905956113,0.7940383700650071,-0.013798620530604211,0.5413572343149808,0.5397923875432526,-0.00156484677172819,1.4766642957839933,1.5643241723424524,0.08765987655845908,0.03769682407287178,0.09245482767221291,0.05475800359934113,1226,1299,73,917,1058,141
test,153826963-153826970-001,severe_dysplastic,20260803,nc_aware_lambda_0p10,gaussian_noise,10,0.6745971124552961,0.6753915309917076,0.0007944185364114897,0.8078369905956113,0.8106333072713057,0.0027963166756943547,0.5413572343149808,0.5401497547121095,-0.0012074796028713752,1.4766642957839933,1.4559819775107155,-0.020682318273277822,0.03769682407287178,0.12899882031343224,0.09130199624056046,1226,1211,-15,917,885,-32
test,153826963-153826982-003,severe_dysplastic,20260803,nc_aware_lambda_0p10,gaussian_blur,1,0.7902682829348002,0.7881545424039968,-0.0021137405308033763,0.9298122614317987,0.9293842556508184,-0.00042800578098034503,0.6507243044378018,0.6469248291571754,-0.0037994752806264076,1.746184855819025,1.7830463891448551,0.0368615333258302,0.002931209985515104,0.004950883918982685,0.0020196739334675806,527,534,7,1035,1076,41
test,153826963-153826982-003,severe_dysplastic,20260803,nc_aware_lambda_0p10,gaussian_blur,2,0.7902682829348002,0.7837805246968437,-0.0064877582379565535,0.9298122614317987,0.9277400203109132,-0.002072241120885554,0.6507243044378018,0.639821029082774,-0.010903275355027775,1.746184855819025,1.857331284335745,0.11114642851672007,0.002931209985515104,0.008222698959906904,0.0052914889743918,527,563,36,1035,1156,121
test,153826963-153826982-003,severe_dysplastic,20260803,nc_aware_lambda_0p10,gaussian_noise,10,0.7902682829348002,0.7951181369706928,0.0048498540358925535,0.9298122614317987,0.9334370139968896,0.003624752565090872,0.6507243044378018,0.6567992599444958,0.006074955506694013,1.746184855819025,1.7161285738498133,-0.030056281969211618,0.002931209985515104,0.051317928176372374,0.04838671819085727,527,504,-23,1035,1010,-25
test,153827595-153827657-002,carcinoma_in_situ,20260803,nc_aware_lambda_0p10,gaussian_noise,10,0.8505968152911889,0.8430926456740397,-0.00750416961714917,0.9213002566295979,0.9160467587672688,-0.005253497862329093,0.7798933739527799,0.7701385325808107,-0.009754841371969247,0.13792934502320775,0.1789987681982972,0.04106942317508944,0.12664653030174933,0.09886065674439293,-0.0277858735573564,344,373,29,61,20,-41
test,153828952-153828970-001,severe_dysplastic,20260803,nc_aware_lambda_0p10,gaussian_noise,10,0.8433640086250794,0.8382925893633455,-0.005071419261733934,0.9680784995652714,0.9681671226063169,8.862304104551022e-05,0.7186495176848875,0.7084180561203741,-0.010231461564513378,0.4582552195190419,0.5402369419924082,0.08198172247336633,0.0038800942164630703,0.008720910510710889,0.004840816294247818,35,44,9,186,215,29
test,153828952-153829005-001,severe_dysplastic,20260803,nc_aware_lambda_0p10,gaussian_blur,1,0.7748217260370918,0.7836179632564763,0.008796237219384495,0.9454973513831666,0.9466133584195673,0.0011160070364006902,0.6041461006910168,0.6206225680933852,0.01647646740236841,0.02682172738005395,0.052359385970417005,0.025537658590363055,0.05827339800720477,0.09930797865450391,0.041034580647299146,415,406,-9,163,118,-45
test,153828952-153829005-001,severe_dysplastic,20260803,nc_aware_lambda_0p10,gaussian_noise,20,0.7748217260370918,0.7654659958164494,-0.0093557302206424,0.9454973513831666,0.9430491687301026,-0.0024481826530640127,0.6041461006910168,0.5878828229027963,-0.016263277788220565,0.02682172738005395,0.08692936479917446,0.06010763741912051,0.05827339800720477,0.012468612946467839,-0.04580478506073693,415,429,14,163,198,35
test,153829745-153829768-003,severe_dysplastic,20260803,nc_aware_lambda_0p10,gaussian_noise,10,0.6767452078870764,0.6677101932080294,-0.009035014679046993,0.9010270774976658,0.9001027941313896,-0.0009242833662761463,0.45246333827648705,0.4353175922846691,-0.01714574599181795,0.22345994118075918,0.26165865921431264,0.03819871803355346,0.04266511990783772,0.07403233235445894,0.03136721244662122,1060,1069,9,975,1030,55
test,153916114-153916167-001,carcinoma_in_situ,20260803,nc_aware_lambda_0p10,gaussian_blur,1,0.6476488121431883,0.6444396052363881,-0.003209206906800155,0.8477114173898247,0.8470428280081577,-0.0006685893816670285,0.4475862068965517,0.4418363824646186,-0.005749824431933115,3.163451223738716,3.189707734110941,0.026256510372225428,0.3987232170428387,0.41271205233053715,0.013988835287698453,801,808,7,1366,1369,3
test,153916569-153916586-001,carcinoma_in_situ,20260803,nc_aware_lambda_0p10,gaussian_blur,1,0.6372020756335559,0.6322492214021161,-0.004952854231439763,0.778285134449518,0.7701236437042644,-0.008161490745253519,0.4961190168175938,0.49437479909996784,-0.001744217717625951,1.7796353157991014,1.7504373528993633,-0.029197962899738084,0.16970084770925564,0.22969718530158134,0.0599963375923257,660,681,21,1274,1255,-19
test,153916569-153916586-001,carcinoma_in_situ,20260803,nc_aware_lambda_0p10,gaussian_blur,2,0.6372020756335559,0.6376054021287254,0.00040332649516949814,0.778285134449518,0.7628709104742581,-0.015414223975259822,0.4961190168175938,0.5123398937831928,0.016220876965598985,1.7796353157991014,1.5095788406034485,-0.2700564751956529,0.16970084770925564,0.27942338399883215,0.10972253628957651,660,661,1,1274,1165,-109
test,153916569-153916586-001,carcinoma_in_situ,20260803,nc_aware_lambda_0p10,gaussian_blur,3,0.6372020756335559,0.6469053940599305,0.009703318426374619,0.778285134449518,0.7614890885750962,-0.01679604587442174,0.4961190168175938,0.5323216995447648,0.03620268272717103,1.7796353157991014,1.2752605977517573,-0.5043747180473441,0.16970084770925564,0.2920292211884846,0.12232837347922898,660,613,-47,1274,1071,-203
test,153958154-153958211-001,normal_columnar,20260803,nc_aware_lambda_0p10,gaussian_noise,10,0.47054441982593204,0.4662494424253418,-0.004294977400590261,0.5258072718026952,0.5218268988140298,-0.003980372988665382,0.4152815678491689,0.4106719860366538,-0.00460958181251514,0.2684328866408209,0.279655808675245,0.011222922034424099,0.24862427807614274,0.39271565583393553,0.1440913777577928,1865,1895,30,1704,1663,-41
test,153958547-153958572-006,normal_columnar,20260803,nc_aware_lambda_0p10,gaussian_blur,2,0.7992107044863344,0.7955003662007522,-0.0037103382855822042,0.8834586466165414,0.8698086794213719,-0.013649967195169532,0.7149627623561273,0.7211920529801324,0.006229290624005124,0.4403108409136621,0.40120605040081747,-0.039104790512844656,0.014936327062964883,0.06343548846064606,0.04849916139768118,238,253,15,542,476,-66
test,153958547-153958572-006,normal_columnar,20260803,nc_aware_lambda_0p10,gaussian_noise,10,0.7992107044863344,0.8060225470252445,0.006811842538910096,0.8834586466165414,0.8874172185430463,0.00395857192650495,0.7149627623561273,0.7246278755074425,0.00966511315131513,0.4403108409136621,0.42709738281782783,-0.013213458095834296,0.014936327062964883,0.11381774552291102,0.09888141845994614,238,224,-14,542,540,-2
test,153958547-153958572-006,normal_columnar,20260803,nc_aware_lambda_0p10,gaussian_noise,20,0.7992107044863344,0.7920140875457531,-0.0071966169405812686,0.8834586466165414,0.8792860497886331,-0.00417259682790827,0.7149627623561273,0.704742125302873,-0.010220637053254378,0.4403108409136621,0.49706839116997614,0.056757550256314016,0.014936327062964883,0.1925217612219552,0.1775854341589903,238,239,1,542,607,65
test,153958547-153958572-009,normal_columnar,20260803,nc_aware_lambda_0p10,gaussian_noise,20,0.7899298525371246,0.7942707739166808,0.004340921379556217,0.9091730682331677,0.9199817101051669,0.010808641871999258,0.6706866368410815,0.6685598377281947,-0.0021267991128868236,0.1517826576174916,0.1901349860972072,0.03835232847971559,0.041531227065557896,0.1442117076225502,0.1026804805569923,201,175,-26,433,644,211
test,153958547-153958572-009,normal_columnar,20260803,nc_aware_lambda_0p10,gaussian_noise,30,0.7899298525371246,0.7988604635412244,0.008930611004099864,0.9091730682331677,0.9356943150046598,0.026521246771492146,0.6706866368410815,0.6620266120777891,-0.008660024763292418,0.1517826576174916,0.18241303505346046,0.03063037743596886,0.041531227065557896,0.08730458513765582,0.045773358072097925,201,134,-67,433,689,256
test,153958547-153958590-002,normal_columnar,20260803,nc_aware_lambda_0p10,gaussian_noise,20,0.6266338560009213,0.6357621285550016,0.00912827255408033,0.6892857142857143,0.7129310344827586,0.02364532019704435,0.5639819977161281,0.5585932226272445,-0.0053887750888835795,0.23080208533359697,0.22227439367111532,-0.008527691662481657,0.520168082949638,0.6304360312513835,0.11026794830174547,1392,1232,-160,10658,10512,-146
test,154519964-154519981-001,light_dysplastic,20260803,nc_aware_lambda_0p10,gaussian_blur,2,0.8560345736922929,0.8553456498126255,-0.0006889238796673469,0.9038208168642952,0.9014394022634875,-0.002381414600807652,0.8082483305202905,0.8092518973617636,0.0010035668414730692,0.2515207066894115,0.22386569595558392,-0.02765501073382759,0.11051579658504507,0.18307342485387013,0.07255762826882506,762,755,-7,1397,1189,-208
test,154519964-154519981-001,light_dysplastic,20260803,nc_aware_lambda_0p10,gaussian_blur,3,0.8560345736922929,0.8602022864073275,0.004167712715034688,0.9038208168642952,0.9035252514089954,-0.00029556545529974,0.8082483305202905,0.8168793214056597,0.008630990885369116,0.2515207066894115,0.19268584106154418,-0.05883486562786733,0.11051579658504507,0.22204354728901077,0.1115277507039657,762,703,-59,1397,995,-402
test,157183964-157183980-001,normal_superficiel,20260803,nc_aware_lambda_0p10,gaussian_noise,30,0.9055115154729605,0.8976482363452081,-0.00786327912775242,0.9174468085106383,0.8831814415907208,-0.03426536691991755,0.8935762224352828,0.9121150310996953,0.018538808664412487,0.001116239640719132,0.0030647431426723375,0.0019485035019532054,0.20511352936918426,0.3072885119765074,0.10217498260732316,69,101,32,1615,1360,-255
test,157185433-157185479-002,normal_columnar,20260803,nc_aware_lambda_0p10,gaussian_noise,20,0.9083030571035343,0.9019902099745125,-0.0063128471290218036,0.9464221503056455,0.9484684684684684,0.0020463181628229687,0.8701839639014232,0.8555119514805566,-0.014672012420866576,0.035009147430557,0.0614799712359802,0.026470823805423205,0.0080671211633907,0.17284451424971192,0.16477739308632122,97,91,-6,8,164,156
test,157185433-157185479-003,normal_columnar,20260803,nc_aware_lambda_0p10,gaussian_noise,10,0.9200230033430923,0.9128090789280631,-0.007213924415029216,0.9321223709369025,0.9238721804511278,-0.008250190485774689,0.9079236357492819,0.9017459774049983,-0.006177658344283632,0.09185815469402836,0.11687519886248299,0.025017044168454627,0.04078189447695857,0.02955067813779977,-0.0112312163391588,126,162,36,409,486,77
test,157185433-157185508-001,normal_columnar,20260803,nc_aware_lambda_0p10,gaussian_blur,3,0.8991697971104069,0.8955379052240502,-0.0036318918863567085,0.9009345794392524,0.8978407992265549,-0.003093780212697461,0.8974050147815613,0.8932350112215454,-0.004170003560015956,0.08197975490783138,0.0403311446470081,-0.04164861026082328,0.23854117639761319,0.28062629111428583,0.042085114716672645,300,193,-107,211,13,-198
test,157227461-157227503-003,normal_columnar,20260803,nc_aware_lambda_0p10,gaussian_blur,2,0.8749103349374265,0.876865358654674,0.0019550237172474283,0.8622633910592026,0.854301948051948,-0.007961443007254543,0.8875572788156504,0.8994287692574,0.011871490441749621,0.10521838538386452,0.14820644289528706,0.04298805751142254,0.08615634704354691,0.12923952763932323,0.043083180595776316,454,492,38,178,75,-103
test,157227461-157227503-003,normal_columnar,20260803,nc_aware_lambda_0p10,gaussian_blur,3,0.8749103349374265,0.8735646116406521,-0.0013457232967744037,0.8622633910592026,0.8474506578947368,-0.014812733164465741,0.8875572788156504,0.8996785653865674,0.012121286570917045,0.10521838538386452,0.20457104387281588,0.09935265848895136,0.08615634704354691,0.14720410132951867,0.061047754285971756,454,556,102,178,59,-119
test,157268504-157268544-001,normal_superficiel,20260803,nc_aware_lambda_0p10,gaussian_blur,2,0.8642844327702708,0.870090651664279,0.0058062188940082304,0.8534246575342466,0.8692628650904033,0.015838207556156725,0.8751442080062951,0.8709184382381547,-0.004225769768140375,0.0021741546044162317,0.0017285343191823614,-0.00044562028523387025,0.09400123278258399,0.1422461852147583,0.048244952432174304,198,176,-22,3603,4783,1180
test,157268504-157268544-001,normal_superficiel,20260803,nc_aware_lambda_0p10,gaussian_noise,20,0.8642844327702708,0.8569990613211167,-0.007285371449154088,0.8534246575342466,0.837891927951968,-0.015532729582278582,0.8751442080062951,0.8761061946902655,0.0009619866839704061,0.0021741546044162317,0.0027668029025111826,0.0005926482980949509,0.09400123278258399,0.13938205430080863,0.045380821518224645,198,237,39,3603,3032,-571
test,158986813-158986820-001,normal_columnar,20260803,nc_aware_lambda_0p10,gaussian_noise,20,0.8148389207526074,0.817131180675011,0.002292259922403561,0.9469485440765856,0.9529931699477702,0.006044625871184595,0.6827292974286293,0.6812691914022518,-0.0014601060263774723,0.21808514572415622,0.22607916996271155,0.00799402423855533,0.0005494261068748063,0.06860914603053492,0.06805971992366011,133,115,-18,773,827,54
test,158986813-158986820-001,normal_columnar,20260803,nc_aware_lambda_0p10,gaussian_noise,30,0.8148389207526074,0.8090158309398217,-0.005823089812785787,0.9469485440765856,0.9465648854961832,-0.00038365858040234624,0.6827292974286293,0.6714667763834602,-0.011262521045169116,0.21808514572415622,0.23376031210489184,0.015675166380735628,0.0005494261068748063,0.12541366769016427,0.12486424158328946,133,115,-18,773,851,78
test,204871030-204871038-002,light_dysplastic,20260803,nc_aware_lambda_0p10,gaussian_noise,30,0.8623336176600732,0.8622523334591189,-8.128420095432354e-05,0.8855515277058519,0.880435292462123,-0.005116235243728839,0.8391157076142945,0.8440693744561147,0.004953666841820192,0.07335534804555122,0.08527088577619857,0.011915537730647352,0.1575459744670119,0.22396667642451995,0.06642070195750804,2397,2475,78,1335,855,-480
test,209307421-209307504-001,normal_intermediate,20260803,nc_aware_lambda_0p10,gaussian_blur,1,0.6241913161191255,0.619675152609799,-0.004516163509326487,0.448972602739726,0.437,-0.011972602739726002,0.799410029498525,0.802350305219598,0.002940275721073027,0.16559216247842493,0.16959140346516022,0.003999240986735292,0.33623047915986953,0.6425732912744141,0.30634281211454456,3218,3378,160,2682,2335,-347
test,209565409-209565503-001,normal_intermediate,20260803,nc_aware_lambda_0p10,gaussian_noise,10,0.8922402779058236,0.8901406605619187,-0.002099617343904958,0.8913809676385773,0.8871173469387755,-0.004263620699801796,0.89309958817307,0.8931639741850619,6.438601199187932e-05,0.00092385266258381,0.0012477923284009082,0.00032393966581709815,0.19086450037595437,0.2490850417708067,0.05822054139485233,301,316,15,7997,7934,-63
test,209565409-209565503-001,normal_intermediate,20260803,nc_aware_lambda_0p10,gaussian_noise,30,0.8922402779058236,0.890455617992709,-0.0017846599131146057,0.8913809676385773,0.8854331958108537,-0.005947771827723658,0.89309958817307,0.8954780401745643,0.0023784520014943356,0.00092385266258381,0.001774151936023545,0.0008502992734397349,0.19086450037595437,0.23454888235014448,0.04368438197419011,301,331,30,7997,7553,-444
test,209565864-209565911-001,normal_intermediate,20260803,nc_aware_lambda_0p10,gaussian_blur,3,0.9348247704112482,0.9315733816935343,-0.00325138871771391,0.9556103575832305,0.9490822972172883,-0.006528060365942223,0.914039183239266,0.9140644661697803,2.528293051429209e-05,0.002541294049184125,0.0010542884142542008,-0.0014870056349299242,0.1498916591791407,0.22032007418771915,0.07042841500857844,86,48,-38,1345,3132,1787
test,209566047-209566095-001,normal_intermediate,20260803,nc_aware_lambda_0p10,gaussian_noise,20,0.7942058984742977,0.8020259774367713,0.007820078962473609,0.7546000387371683,0.7663257277734068,0.011725689036238496,0.833811758211427,0.8377262271001358,0.003914468888708833,0.024641065406557132,0.023232363650914335,-0.0014087017556427966,0.2771808734885439,0.3989974381109707,0.12181656462242679,1267,1188,-79,5320,5022,-298
test,148503400-148503432-001,light_dysplastic,20260804,baseline,gaussian_blur,2,0.9171411105947813,0.9128299025088001,-0.0043112080859811774,0.9340688673369517,0.9283606117520794,-0.005708255584872313,0.9002133538526109,0.8972991932655209,-0.0029141605870900422,0.0693298363089403,0.07131887720852048,0.0019890408995801856,0.0027111508307194887,0.04407045132221277,0.04135930049149328,741,799,58,635,554,-81
test,148503568-148503580-002,light_dysplastic,20260804,baseline,gaussian_blur,1,0.8234098528174705,0.8319006259304749,0.00849077311300439,0.8774002954209749,0.8874366197183099,0.01003632429733503,0.769419410213966,0.7763646321426398,0.0069452219286738615,0.13373861269993442,0.13361610065135282,-0.00012251204858160225,0.18117885579786047,0.22388976615920536,0.04271091036134489,89,163,74,1831,1709,-122
test,148719308-148719348-004,light_dysplastic,20260804,baseline,gaussian_blur,2,0.9317266022143542,0.9307141504611818,-0.0010124517531724386,0.9611351017890192,0.9526970954356846,-0.008438006353334582,0.9023181026396891,0.908731205486679,0.0064131028469898155,0.010084802534731763,0.04213307834491353,0.03204827581018177,0.021452859224343257,0.0007755228044052931,-0.020677336419937964,179,222,43,217,98,-119
test,148719308-148719348-004,light_dysplastic,20260804,baseline,gaussian_blur,3,0.9317266022143542,0.9239301090949252,-0.007796493119428982,0.9611351017890192,0.94245658087466,-0.018678520914359176,0.9023181026396891,0.9054036373151904,0.0030855346755012114,0.010084802534731763,0.06276863386361642,0.052683831328884656,0.021452859224343257,0.0038721321295850375,-0.01758072709475822,179,263,84,217,37,-180
test,148848523-148848559-002,moderate_dysplastic,20260804,baseline,gaussian_noise,20,0.8444270519696607,0.8433083861014008,-0.001118665868259927,0.9467814517706906,0.962190884937666,0.015409433166975406,0.7420726521686308,0.7244258872651357,-0.01764676490349515,0.07324477564425025,0.13389521834688534,0.06065044270263509,0.018142761533494478,0.129382931726851,0.11124017019335652,330,106,-224,23,414,391
test,148881870-148882178-002,light_dysplastic,20260804,baseline,gaussian_blur,2,0.8223789926469212,0.8184392454617992,-0.003939747185121911,0.8719393282773564,0.8732638888888888,0.0013245606115324104,0.7728186570164858,0.7636146020347098,-0.009204054981776011,0.47553372192467,0.45135230882703103,-0.024181413097638993,0.01330431241292318,0.05720380402162073,0.04389949160869755,591,584,-7,618,579,-39
test,148881870-148882178-002,light_dysplastic,20260804,baseline,gaussian_blur,3,0.8223789926469212,0.8152303164912977,-0.0071486761556234235,0.8719393282773564,0.8732638888888888,0.0013245606115324104,0.7728186570164858,0.7571967440937065,-0.015621912922779257,0.47553372192467,0.43881199571773033,-0.0367217262069397,0.01330431241292318,0.05409381003485425,0.04078949762193107,591,584,-7,618,555,-63
test,148881870-148882178-002,light_dysplastic,20260804,baseline,gaussian_noise,20,0.8223789926469212,0.8165748740373122,-0.005804118609608944,0.8719393282773564,0.8701184730144801,-0.001820855262876342,0.7728186570164858,0.7630312750601443,-0.009787381956341434,0.47553372192467,0.4418969226110294,-0.03363679931364061,0.01330431241292318,0.22890811783723708,0.2156038054243139,591,534,-57,618,604,-14
test,149014929-149014984-001,moderate_dysplastic,20260804,baseline,gaussian_noise,20,0.9275930419430138,0.9339533098730418,0.006360267930027974,0.9760332599657618,0.9715657778339442,-0.0044674821318176905,0.8791528239202658,0.8963408419121395,0.01718801799187364,0.00782884782955151,0.07492766982804966,0.06709882199849815,0.05447972715047189,0.020500951204768247,-0.03397877594570364,126,139,13,104,283,179
test,149014929-149015022-001,light_dysplastic,20260804,baseline,gaussian_noise,10,0.9498407056148919,0.9517514265971916,0.0019107209822997184,0.9562317632346811,0.9578174186778594,0.0015856554431783465,0.9434496479951026,0.9456854345165239,0.0022357865214213124,0.012472639019783516,0.007265719147824812,-0.005206919871958704,0.07940076754244074,0.12587606859938916,0.046475301056948415,290,224,-66,346,354,8
test,149014929-149015022-001,light_dysplastic,20260804,baseline,gaussian_noise,20,0.9498407056148919,0.9437773780912855,-0.006063327523606388,0.9562317632346811,0.9471038022415419,-0.009127960993139173,0.9434496479951026,0.9404509539410291,-0.002998694054073492,0.012472639019783516,0.014181623160243573,0.001708984140460057,0.07940076754244074,0.17685776665114988,0.09745699910870914,290,241,-49,346,155,-191
test,149054642-149054677-003,light_dysplastic,20260804,baseline,gaussian_noise,10,0.8859962126652698,0.8905030505039324,0.00450683783866257,0.9046000453206435,0.9139905681562991,0.009390522835655557,0.867392380009896,0.8670155328515657,-0.0003768471583303068,0.1165315307243231,0.1060211514635031,-0.01051037926081999,0.017274986212277854,0.13463225556471858,0.11735726935244073,419,379,-40,782,695,-87
test,149054642-149054677-003,light_dysplastic,20260804,baseline,gaussian_noise,20,0.8859962126652698,0.8872292831760643,0.001233070510794465,0.9046000453206435,0.9248070562293275,0.02020701090868393,0.867392380009896,0.8496515101228012,-0.01774086988709489,0.1165315307243231,0.09382038369198525,-0.02271114703233784,0.017274986212277854,0.11872383963850452,0.10144885342622667,419,297,-122,782,708,-74
test,149056321-149056343-001,severe_dysplastic,20260804,baseline,gaussian_noise,30,0.96361819562791,0.9590312612428773,-0.004586934385032659,0.9867092866756393,0.9847438847694536,-0.00196540190618566,0.9405271045801806,0.9333186377163011,-0.007208466863879548,0.03203987997345631,0.024988123679774543,-0.007051756293681766,0.06906551408752337,0.11047339490968455,0.04140788082216118,102,53,-49,773,911,138
test,149056321-149056360-001,severe_dysplastic,20260804,baseline,gaussian_blur,1,0.777665563176152,0.7762217533064972,-0.0014438098696547552,0.8350738916256157,0.834251968503937,-0.0008219231216787248,0.7202572347266881,0.7181915381090576,-0.0020656966176305636,0.4341886183209325,0.43032013198702335,-0.003868486333909127,0.03554794324000177,0.09026305330429663,0.05471511006429486,837,842,5,725,709,-16
test,149056321-149056360-001,severe_dysplastic,20260804,baseline,gaussian_blur,2,0.777665563176152,0.7792046157583417,0.0015390525821896706,0.8350738916256157,0.8375494071146246,0.002475515489008817,0.7202572347266881,0.7208598244020588,0.000602589675370635,0.4341886183209325,0.4035071968415199,-0.03068142147941255,0.03554794324000177,0.11888551127033331,0.08333756803033154,837,822,-15,725,650,-75
test,149056321-149056360-001,severe_dysplastic,20260804,baseline,gaussian_blur,3,0.777665563176152,0.7804270020645238,0.00276143888837177,0.8350738916256157,0.8399762046400951,0.004902313014479409,0.7202572347266881,0.7208777994889524,0.0006205647622642418,0.4341886183209325,0.3825432130263242,-0.05164540529460826,0.03554794324000177,0.1403171441593779,0.10476920091937614,837,805,-32,725,603,-122
test,149056873-149056884-002,severe_dysplastic,20260804,baseline,gaussian_blur,1,0.8370617229786679,0.8359157009936371,-0.0011460219850307762,0.9483537766300839,0.937724160417346,-0.010629616212737947,0.725769669327252,0.7341072415699281,0.008337572242676172,0.3468226072763221,0.3997617937702376,0.05293918649391549,0.01636056945126252,0.02106851869604609,0.004707949244783571,160,191,31,494,604,110
test,149057756-149057766-002,moderate_dysplastic,20260804,baseline,gaussian_noise,20,0.9131582159715672,0.9147563848609321,0.001598168889364926,0.9644141586219951,0.9624060150375939,-0.0020081435844011564,0.8619022733211392,0.8671067546842702,0.005204481363131008,0.09074067834722477,0.05589923823770915,-0.03484144010951562,0.017917663404176998,0.0732911740039649,0.0553735105997879,92,166,74,1134,823,-311
test,149057756-149057766-002,moderate_dysplastic,20260804,baseline,gaussian_noise,30,0.9131582159715672,0.9126937980625573,-0.00046441790900986213,0.9644141586219951,0.9647126880061705,0.00029852938417540553,0.8619022733211392,0.8606749081189442,-0.0012273652021950188,0.09074067834722477,0.08714347517720589,-0.003597203170018881,0.017917663404176998,0.16745562698728056,0.14953796358310356,92,102,10,1134,791,-343
test,149057812-149057825-003,moderate_dysplastic,20260804,baseline,gaussian_noise,20,0.9125841512263244,0.9161121671569629,0.0035280159306384506,0.9238608525232729,0.9224103977944073,-0.0014504547288656244,0.901307449929376,0.9098139365195185,0.008506486590142526,0.029568949567806868,0.031572326698234954,0.0020033771304280856,0.048588651823212925,0.11368682817405584,0.06509817635084292,743,694,-49,907,706,-201
test,149057812-149057825-003,moderate_dysplastic,20260804,baseline,gaussian_noise,30,0.9125841512263244,0.915275033133232,0.002690881906907583,0.9238608525232729,0.9253349093774625,0.0014740568541896648,0.901307449929376,0.9052151568890014,0.003907706959625501,0.029568949567806868,0.025319495279617854,-0.004249454288189014,0.048588651823212925,0.11594355198136985,0.06735490015815693,743,690,-53,907,927,20
test,149057812-149057847-004,moderate_dysplastic,20260804,baseline,gaussian_noise,20,0.9107527212174449,0.9048239817237074,-0.0059287394937375115,0.942226713828533,0.9348155634158666,-0.0074111504126663785,0.8792787286063569,0.8748324000315483,-0.0044463285748086445,0.08262596411804157,0.11727214872611647,0.03464618460807489,0.036199668126367546,0.07994205782176023,0.04374238969539268,293,293,0,544,953,409
test,149057812-149057847-004,moderate_dysplastic,20260804,baseline,gaussian_noise,30,0.9107527212174449,0.9015242879218714,-0.009228433295573435,0.942226713828533,0.951984746056509,0.009758032227975999,0.8792787286063569,0.851063829787234,-0.02821489881912287,0.08262596411804157,0.10858457031721569,0.025958606199174117,0.036199668126367546,0.1081297555310321,0.07193008740466456,293,125,-168,544,1177,633
test,149058262-149058272-003,moderate_dysplastic,20260804,baseline,gaussian_noise,20,0.8511152114500117,0.8591858371846628,0.008070625734651116,0.883688086351256,0.9016312407315867,0.017943154380330784,0.8185423365487674,0.8167404336377388,-0.0018019029110285523,0.16228377322848092,0.0979938084037516,-0.06428996482472932,0.05505647061292129,0.25503826294029,0.19998179232736868,1153,951,-202,676,135,-541
test,149061666-149061699-003,moderate_dysplastic,20260804,baseline,gaussian_noise,20,0.9173227038697891,0.9107418434961692,-0.0065808603736199345,0.9452274183215887,0.9379132398000323,-0.007314178521556469,0.8894179894179894,0.883570447192306,-0.0058475422256834,0.01250565778310031,0.013562333260622172,0.0010566754775218623,0.042077667773443905,0.11340013761981582,0.07132246984637192,308,351,43,604,721,117
test,149061666-149061699-003,moderate_dysplastic,20260804,baseline,gaussian_noise,30,0.9173227038697891,0.9108095182269735,-0.0065131856428155555,0.9452274183215887,0.9391248183432908,-0.0061025999782979845,0.8894179894179894,0.8824942181106564,-0.006923771307333015,0.01250565778310031,0.012348647901020304,-0.00015700988208000588,0.042077667773443905,0.10535071426281306,0.06327304648936916,308,359,51,604,800,196
test,149095913-149095926-001,light_dysplastic,20260804,baseline,gaussian_blur,1,0.7672086272621713,0.7712646623819543,0.00405603511978303,0.8102914487028932,0.8239763613338962,0.013684912631003021,0.7241258058214495,0.7185529634300126,-0.00557284239143685,0.0901034552431712,0.07486167306886277,-0.015241782174308438,0.5807450759378812,0.6333432797649251,0.05259820382704394,1777,1668,-109,1719,1938,219
test,149097324-149097373-001,moderate_dysplastic,20260804,baseline,gaussian_noise,20,0.9120277541859743,0.9055870078010381,-0.006440746384936191,0.9184741959611069,0.913620430645969,-0.004853765315137926,0.9055813124108416,0.8975535849561072,-0.008027727454734457,0.012938113175294086,0.01625805773751854,0.0033199445622244528,0.019740804873295104,0.11920996066695166,0.09946915579365656,168,202,34,64,55,-9
test,149097594-149097637-001,moderate_dysplastic,20260804,baseline,gaussian_noise,10,0.8066348132425423,0.8075527760640775,0.0009179628215352231,0.8521349499209278,0.8540483423590014,0.0019133924380736467,0.7611346765641569,0.7610572097691536,-7.746679500331144e-05,0.2071505517303468,0.2173405296641796,0.010189977933832806,0.2197123027328502,0.33149998543535414,0.11178768270250394,1086,1069,-17,936,1079,143
test,149102510-149102519-001,moderate_dysplastic,20260804,baseline,gaussian_noise,20,0.8854634866461271,0.8842939825157325,-0.0011695041303945164,0.9232995658465991,0.9188128525876871,-0.004486713258912034,0.847627407445655,0.8497751124437781,0.0021477049981231122,0.05761092619876662,0.09479047581297934,0.037179549614212715,0.05288891839504917,0.03274346179361243,-0.02014545660143674,294,432,138,615,1258,643
test,149105289-149105300-001,moderate_dysplastic,20260804,baseline,gaussian_noise,20,0.9041927159494578,0.9083226527604846,0.004129936811026802,0.9656903765690377,0.9627473806752037,-0.002942995893833955,0.8426950553298781,0.8538979248457655,0.011202869515887448,0.09630935981495187,0.13302134878374383,0.036711988968791964,0.06291308810410601,0.09030180237715546,0.027388714273049453,71,78,7,817,810,-7
test,149140081-149140096-002,moderate_dysplastic,20260804,baseline,gaussian_noise,20,0.9047910507215983,0.9055120560516934,0.0007210053300951147,0.9092566335831477,0.9122991282428317,0.003042494659683981,0.9003254678600489,0.8987249838605552,-0.0016004839994936404,0.0038280843842377066,0.029238206720810733,0.025410122336573027,0.24600903239979566,0.2960874116345278,0.05007837923473213,586,233,-353,1342,1546,204
test,149143028-149143108-002,severe_dysplastic,20260804,baseline,gaussian_noise,10,0.8789084284667041,0.8732220800395264,-0.005686348427177745,0.9585822381521306,0.9629482861105607,0.004366047958430097,0.7992346187812776,0.7834958739684921,-0.015738744812785477,0.09727041041621987,0.14096557817064448,0.04369516775442461,0.035101904226728875,0.04820497229147391,0.013103068064745038,198,173,-25,710,839,129
test,149146837-149146854-001,carcinoma_in_situ,20260804,baseline,gaussian_blur,2,0.8521005740553291,0.8543025647295046,0.0022019906741754802,0.9700127359036702,0.9678318429915225,-0.002180892912147736,0.734188412206988,0.7407732864674869,0.0065848742604988075,0.46629163043842325,0.49654020342573624,0.030248572987312983,0.03712945738047291,0.049993854994699216,0.012864397614226308,55,81,26,516,546,30
test,149146837-149146854-001,carcinoma_in_situ,20260804,baseline,gaussian_blur,3,0.8521005740553291,0.8509333420868348,-0.001167231968494331,0.9700127359036702,0.9635854341736695,-0.006427301730000723,0.734188412206988,0.73828125,0.00409283779301195,0.46629163043842325,0.5490160153244221,0.08272438488599887,0.03712945738047291,0.05693086636457534,0.01980140898410243,55,124,69,516,602,86
test,149181904-149181927-001,carcinoma_in_situ,20260804,baseline,gaussian_noise,10,0.9273503123785609,0.9192396516690309,-0.008110660709530038,0.9792768959435626,0.9757174392935982,-0.0035594566499643765,0.8754237288135593,0.8627618640444634,-0.01266186476909592,0.046843199167769245,0.0627834099355663,0.01594021076779706,0.006855656685378797,0.05099165586424492,0.044135999178866125,78,84,6,196,238,42
test,149181904-149181951-001,carcinoma_in_situ,20260804,baseline,gaussian_blur,1,0.9116809967205834,0.9078612731501936,-0.0038197235703898436,0.9618889809444905,0.9573715949261801,-0.004517386018310421,0.8614730124966764,0.8583509513742071,-0.0031220611224692663,0.0713716473795547,0.09663519988557545,0.025263552506020748,0.01860829747124404,0.0019612623967952825,-0.016647035074448757,174,193,19,31,8,-23
test,149182125-149182135-002,carcinoma_in_situ,20260804,baseline,gaussian_blur,2,0.8480746358126623,0.8422092470098724,-0.0058653888027898615,0.9583678885387295,0.9570736595957908,-0.0012942289429386244,0.737781383086595,0.727344834423954,-0.010436548662640988,0.28103338907211994,0.3381070232822918,0.057073634210171864,0.07372666317938259,0.15473048143617174,0.08100381825678915,95,53,-42,635,747,112
test,149182125-149182135-002,carcinoma_in_situ,20260804,baseline,gaussian_noise,20,0.8480746358126623,0.8575706877550697,0.009496051942407435,0.9583678885387295,0.9502060439560439,-0.00816184458268554,0.737781383086595,0.7649353315540957,0.027153948467500633,0.28103338907211994,0.3320744865279628,0.05104109745584284,0.07372666317938259,0.05778845407467037,-0.01593820910471222,95,110,15,635,575,-60
test,149182657-149182681-002,carcinoma_in_situ,20260804,baseline,gaussian_blur,2,0.5998560347547333,0.6090858008173698,0.00922976606263659,0.7576887232059646,0.7507029053420806,-0.00698581786388397,0.44202334630350193,0.46746869629265897,0.02544534998915704,1.1702939022814398,1.2353936578660474,0.06509975558460757,0.04113164066986941,0.0665472729872374,0.025415632317367987,1040,1064,24,965,1183,218
test,149182657-149182681-002,carcinoma_in_situ,20260804,baseline,gaussian_blur,3,0.5998560347547333,0.6021234523487515,0.002267417594018273,0.7576887232059646,0.7313823459433738,-0.026306377262590774,0.44202334630350193,0.4728645587541293,0.030841212450627375,1.1702939022814398,1.2946783667027182,0.12438446442127837,0.04113164066986941,0.08166122323941016,0.040529582569540756,1040,1129,89,965,1348,383
test,149185604-149185645-003,carcinoma_in_situ,20260804,baseline,gaussian_blur,1,0.7967383372540555,0.7925188076248657,-0.004219529629189811,0.9357930043124102,0.9296385542168675,-0.006154450095542718,0.657683670195701,0.6553990610328638,-0.0022846091628371257,1.186457330530121,1.3026154953598268,0.11615816482970587,0.06949711893879451,0.021280528484293515,-0.048216590454500996,534,582,48,475,553,78
test,149185604-149185657-001,carcinoma_in_situ,20260804,baseline,gaussian_blur,1,0.8178585698476549,0.8123107400806553,-0.005547829766999635,0.9376716670188041,0.9341546304163126,-0.0035170366024914745,0.6980454726765057,0.6904668497449981,-0.007578622931507684,1.0926679644904704,1.1476347858246019,0.054966821334131444,0.07608243926275948,0.07720729447841246,0.0011248552156529756,259,284,25,553,595,42
test,149185698-149185709-002,carcinoma_in_situ,20260804,baseline,gaussian_blur,1,0.7622005301115068,0.7605727100229736,-0.0016278200885332383,0.9069003285870756,0.9034473286636451,-0.003452999923430511,0.617500731635938,0.6176980913823019,0.00019735974636392317,0.6109445874624635,0.6647802053171887,0.05383561785472524,0.010680423174161624,0.006190934890082711,-0.004489488284078913,680,703,23,169,210,41
test,149185698-149185709-002,carcinoma_in_situ,20260804,baseline,gaussian_blur,2,0.7622005301115068,0.7579920238093985,-0.004208506302108339,0.9069003285870756,0.8961703304299737,-0.01072999815710185,0.617500731635938,0.619813717188823,0.0023129855528850607,0.6109445874624635,0.769227609823466,0.15828302236100256,0.010680423174161624,0.04202322693361382,0.0313428037594522,680,751,71,169,295,126
test,149185788-149185824-001,carcinoma_in_situ,20260804,baseline,gaussian_blur,1,0.6910002994784978,0.6960728211965825,0.005072521718084699,0.8117821415339015,0.8086843570235666,-0.0030977845103349333,0.5702184574230941,0.5834612853695986,0.013242827946504554,0.5576631725330157,0.5894991098974071,0.03183593736439139,0.16992699612856577,0.1396909041834702,-0.030236091945095578,956,965,9,242,315,73
test,149314453-149314465-001,carcinoma_in_situ,20260804,baseline,gaussian_blur,2,0.8935179095017367,0.8878452977581801,-0.005672611743556599,0.968434896975011,0.9606194690265487,-0.007815427948462239,0.8186009220284626,0.8150711264898116,-0.0035297955386509594,0.018608512651201448,0.07247441150905576,0.05386589885785431,0.03309673708217731,0.02728630102264984,-0.0058104360595274684,110,152,42,171,42,-129
test,149314453-149314507-002,carcinoma_in_situ,20260804,baseline,gaussian_noise,10,0.9222441355936828,0.9126489616810651,-0.00959517391261766,0.965143299767622,0.961790814357391,-0.003352485410231032,0.8793449714197435,0.8635071090047394,-0.015837862415004178,0.08161081196281705,0.10696548208857598,0.025354670125758927,0.021272258459624438,0.009257953834589494,-0.012014304625034944,70,79,9,483,626,143
test,149314453-149314507-002,carcinoma_in_situ,20260804,baseline,gaussian_noise,20,0.9222441355936828,0.9184988996252738,-0.003745235968409033,0.965143299767622,0.9628751974723538,-0.002268102295268193,0.8793449714197435,0.8741226017781937,-0.005222369641549873,0.08161081196281705,0.07392235290473242,-0.007688459058084629,0.021272258459624438,0.064279021851116,0.043006763391491565,70,20,-50,483,545,62
test,149314679-149314698-001,carcinoma_in_situ,20260804,baseline,gaussian_blur,1,0.7344276605561846,0.7418660606435523,0.007438400087367736,0.8849737421650008,0.8874239350912779,0.0024501929262771283,0.5838815789473685,0.5963081861958266,0.012426607248458121,2.254452827485764,2.306449293700824,0.05199646621505982,0.0112274161085687,0.028605163911334275,0.017377747802765575,679,666,-13,744,804,60
test,149314679-149314698-001,carcinoma_in_situ,20260804,baseline,gaussian_blur,2,0.7344276605561846,0.7274545796042344,-0.00697308095195015,0.8849737421650008,0.8800408371618172,-0.004932905003183552,0.5838815789473685,0.5748683220466516,-0.00901325690071686,2.254452827485764,2.473710268214049,0.2192574407282848,0.0112274161085687,0.04820901553682122,0.03698159942825252,679,705,26,744,970,226
test,149315229-149315310-001,severe_dysplastic,20260804,baseline,gaussian_blur,1,0.7201359796384645,0.7126497392606741,-0.007486240377790443,0.9476106466211551,0.9452560356758419,-0.002354610945313196,0.492661312655774,0.4800434428455064,-0.012617869810267635,2.2496223252348826,2.2871269182744594,0.03750459303957676,0.061429009157177084,0.049003379330589514,-0.01242562982658757,679,710,31,3226,3370,144
test,149315229-149315310-001,severe_dysplastic,20260804,baseline,gaussian_noise,20,0.7201359796384645,0.7229471972752328,0.0028112176367682817,0.9476106466211551,0.9257635082223963,-0.021847138398758847,0.492661312655774,0.5201308863280695,0.027469573672295466,2.2496223252348826,2.2573181410390712,0.007695815804188655,0.061429009157177084,0.16662902737951057,0.10520001822233349,679,946,267,3226,3033,-193
test,149315671-149315731-001,carcinoma_in_situ,20260804,baseline,gaussian_blur,1,0.7670231767037214,0.7719299019640284,0.004906725260306999,0.9391830559757942,0.936428463055682,-0.0027545929201122643,0.5948632974316487,0.6074313408723748,0.012568043440726151,0.8854132563882029,1.003313610722314,0.11790035433411106,0.002085654821957217,0.006293579227245605,0.004207924405288388,384,403,19,246,308,62
test,149315671-149315731-001,carcinoma_in_situ,20260804,baseline,gaussian_blur,3,0.7670231767037214,0.7766657751284323,0.009642598424710824,0.9391830559757942,0.913469007301538,-0.025714048674256196,0.5948632974316487,0.6398625429553264,0.04499924552367773,0.8854132563882029,1.6159380898299673,0.7305248334417644,0.002085654821957217,0.0016986380921755195,-0.0003870167297816973,384,557,173,246,742,496
test,149315671-149315740-001,carcinoma_in_situ,20260804,baseline,gaussian_blur,1,0.8075739478676316,0.7983425244118721,-0.009231423455759447,0.9546827794561934,0.9517074156395231,-0.0029753638166702956,0.6604651162790698,0.6449776331842212,-0.015487483094848598,0.8823622345803841,1.0038966041421624,0.12153436956177832,0.026697455723324492,0.04310702471900196,0.01640956899567747,203,219,16,387,481,94
test,149316754-149316779-002,moderate_dysplastic,20260804,baseline,gaussian_noise,20,0.9055315873031085,0.9148022204396583,0.009270633136549855,0.9344927536231884,0.9519477951354558,0.0174550415122674,0.8765704209830284,0.8776566457438608,0.0010862247608324216,0.14208091963127112,0.11344169244385882,-0.028639227187412297,0.0456883027118683,0.08770298019497513,0.04201467748310683,339,221,-118,532,525,-7
test,149317002-149317010-002,severe_dysplastic,20260804,baseline,gaussian_blur,1,0.8960574334285563,0.8961625930174417,0.00010515958888546173,0.958256599140577,0.9610870907967881,0.002830491656211076,0.8338582677165355,0.8312380952380952,-0.0026201724784402636,0.02324708946315912,0.07164626166865373,0.04839917220549461,0.0849420428352573,0.08720748402187384,0.0022654411866165347,68,48,-20,30,115,85
test,149317002-149317010-002,severe_dysplastic,20260804,baseline,gaussian_noise,10,0.8960574334285563,0.890313785949225,-0.005743647479331315,0.958256599140577,0.9560171044593769,-0.002239494681200105,0.8338582677165355,0.8246104674390731,-0.009247800277462415,0.02324708946315912,0.07443622944120953,0.05118913997805041,0.0849420428352573,0.03817527650849284,-0.046766766326764464,68,84,16,30,7,-23
test,149317204-149317230-002,severe_dysplastic,20260804,baseline,gaussian_blur,1,0.7563855506982586,0.7657840539272485,0.00939850322898983,0.8766364551863042,0.880080280983442,0.003443825797137867,0.636134646210213,0.651487826871055,0.015353180660842014,0.20759154243006206,0.2261433125162633,0.018551770086201236,0.1922693845485448,0.2443196545031917,0.0520502699546469,476,462,-14,25,44,19
test,153276386-153276405-001,moderate_dysplastic,20260804,baseline,gaussian_blur,1,0.8543868335497047,0.8528432512662563,-0.0015435822834484192,0.9524166354439865,0.9528560738338738,0.00043943838988735884,0.7563570316554229,0.7528304286986388,-0.003526602956784086,0.396914881020079,0.4236039455998375,0.026689064579758504,0.13492127902020967,0.13577807969407218,0.0008568006738625122,323,312,-11,1130,1283,153
test,153276386-153276414-001,moderate_dysplastic,20260804,baseline,gaussian_blur,2,0.9197742689808427,0.9113594966053983,-0.008414772375444413,0.9672210171125573,0.9610200364298725,-0.006200980682684709,0.8723275208491281,0.861698956780924,-0.010628564068204116,0.13723088460659394,0.1634348666372205,0.02620398203062657,0.0167932001161184,0.03452625449540936,0.017733054379290958,208,271,63,1098,1328,230
test,153276386-153276414-001,moderate_dysplastic,20260804,baseline,gaussian_noise,10,0.9197742689808427,0.9158317688968738,-0.003942500083968903,0.9672210171125573,0.9571671939644683,-0.010053823148089003,0.8723275208491281,0.8744963438292792,0.002168822980151086,0.13723088460659394,0.16442452166164168,0.027193637055047737,0.0167932001161184,0.011887761162354682,-0.004905438953763719,208,288,80,1098,1310,212
test,153314466-153314473-003,light_dysplastic,20260804,baseline,gaussian_noise,20,0.9150962492116064,0.9126111045649186,-0.002485144646687809,0.9515201314708299,0.9526518320227539,0.0011317005519240197,0.8786723669523829,0.8725703771070832,-0.006101989845299749,0.015397555531178594,0.011712096042722178,-0.0036854594884564162,0.12569656111790706,0.16971699223224146,0.0440204311143344,75,183,108,3423,3625,202
test,153314466-153314473-003,light_dysplastic,20260804,baseline,gaussian_noise,30,0.9150962492116064,0.9156875022634021,0.0005912530517957482,0.9515201314708299,0.9622827156444737,0.01076258417364373,0.8786723669523829,0.8690922888823306,-0.009580078070052345,0.015397555531178594,0.016268068181088127,0.0008705126499095328,0.12569656111790706,0.1894551786915556,0.06375861757364853,75,62,-13,3423,3468,45
test,153654869-153654880-001,severe_dysplastic,20260804,baseline,gaussian_blur,1,0.7915452316211704,0.7904762323281234,-0.001068999293047046,0.8640432674375234,0.8628405580001872,-0.0012027094373361358,0.7190471958048174,0.7181119066560594,-0.0009352891487579562,0.23520732729679805,0.25158326705960754,0.016375939762809488,0.04290760769441915,0.16804918232121502,0.12514157462679587,1112,1155,43,221,283,62
test,153654869-153654880-001,severe_dysplastic,20260804,baseline,gaussian_blur,2,0.7915452316211704,0.7859935819206616,-0.0055516497005088095,0.8640432674375234,0.8581125671726219,-0.005930700264901501,0.7190471958048174,0.7138745966687015,-0.005172599136115896,0.23520732729679805,0.28527101672857014,0.050063689431772085,0.04290760769441915,0.2664707507118219,0.22356314301740277,1112,1229,117,221,437,216
test,153654869-153654880-001,severe_dysplastic,20260804,baseline,gaussian_noise,10,0.7915452316211704,0.7848047672950416,-0.006740464326128848,0.8640432674375234,0.8549948313128465,-0.009048436124676873,0.7190471958048174,0.7146147032772365,-0.0044324925275808225,0.23520732729679805,0.2552379382479111,0.020030610951113026,0.04290760769441915,0.14033147300881899,0.09742386531439984,1112,1195,83,221,260,39
test,153655087-153655101-002,severe_dysplastic,20260804,baseline,gaussian_blur,1,0.6808945127750567,0.6765589500199116,-0.004335562755145128,0.6830708661417323,0.6686626746506986,-0.014408191491033673,0.6787181594083813,0.6844552253891247,0.0057370659807434166,0.5463485205625815,0.5717434687953555,0.025394948232773995,0.28394663590905256,0.22111258449052829,-0.06283405141852427,840,882,42,734,813,79
test,153655087-153655101-002,severe_dysplastic,20260804,baseline,gaussian_blur,2,0.6808945127750567,0.6844889018899205,0.0035943891148637608,0.6830708661417323,0.6702305379218175,-0.012840328219914765,0.6787181594083813,0.6987472658580235,0.020029106449642176,0.5463485205625815,0.5863408692004872,0.039992348637905684,0.28394663590905256,0.1795967412332975,-0.10434989467575506,840,895,55,734,895,161
test,153655087-153655101-002,severe_dysplastic,20260804,baseline,gaussian_blur,3,0.6808945127750567,0.6816651734119368,0.0007706606368800273,0.6830708661417323,0.6614864864864864,-0.021584379655245844,0.6787181594083813,0.7018438603373872,0.0231257009290059,0.5463485205625815,0.605290565463122,0.05894204490054045,0.28394663590905256,0.36789324541493623,0.08394660950588367,840,928,88,734,964,230
test,153657121-153657160-001,severe_dysplastic,20260804,baseline,gaussian_blur,2,0.8663840357876659,0.8588871958019402,-0.007496839985725701,0.9612983770287141,0.9537188009532171,-0.007579576075496974,0.7714696945466176,0.7640555906506633,-0.007414103895954316,0.07355798751202847,0.11592587600284832,0.04236788849081985,0.020919663525235777,0.0550309116972183,0.03411124817198252,262,299,37,25,54,29
test,153697342-153697375-001,moderate_dysplastic,20260804,baseline,gaussian_blur,3,0.8717262175141551,0.8632458236102883,-0.00848039390386679,0.9578203834510596,0.9479039479039479,-0.009916435547111635,0.7856320515772508,0.7785876993166287,-0.0070443522606220554,0.42174819347687453,0.4558749382488816,0.034126744772007056,4.308325614499342e-05,0.01776728840935138,0.017724205153206385,203,244,41,609,656,47
test,153697342-153697375-001,moderate_dysplastic,20260804,baseline,gaussian_noise,10,0.8717262175141551,0.8774855801332476,0.00575936261909249,0.9578203834510596,0.9586443413354852,0.0008239578844255746,0.7856320515772508,0.7963268189310101,0.010694767353759294,0.42174819347687453,0.38220080747885654,-0.03954738599801799,4.308325614499342e-05,0.053496939020771794,0.0534538557646268,203,201,-2,609,513,-96
test,153697342-153697375-001,moderate_dysplastic,20260804,baseline,gaussian_noise,20,0.8717262175141551,0.8680411934673662,-0.003685024046788943,0.9578203834510596,0.9380785846533635,-0.01974179879769611,0.7856320515772508,0.7980038022813688,0.012371750704118,0.42174819347687453,0.40656337608596615,-0.015184817390908378,4.308325614499342e-05,0.08764789773939308,0.08760481448324808,203,297,94,609,474,-135
test,153701949-153701958-001,light_dysplastic,20260804,baseline,gaussian_blur,2,0.8573437548658721,0.8560667276619294,-0.0012770272039427377,0.9470362857786793,0.9475818564133374,0.0005455706346580991,0.767651223953065,0.7645515989105215,-0.0030996250425434635,0.05600684413482626,0.0589945083773159,0.0029876642424896405,0.07220697509699703,0.11786291288659656,0.04565593778959953,485,480,-5,102,156,54
test,153701949-153701958-001,light_dysplastic,20260804,baseline,gaussian_blur,3,0.8573437548658721,0.8537742159230193,-0.0035695389428528346,0.9470362857786793,0.9474316611595074,0.0003953753808281224,0.767651223953065,0.760116770686531,-0.007534453266533903,0.05600684413482626,0.061683622490114165,0.005676778355287904,0.07220697509699703,0.1484210026075009,0.07621402751050388,485,480,-5,102,198,96
test,153702037-153702051-003,light_dysplastic,20260804,baseline,gaussian_noise,20,0.7979970829285244,0.790814214375828,-0.007182868552696453,0.8923742563547864,0.8953749438706781,0.0030006875158916646,0.7036199095022625,0.6862534848809779,-0.01736642462128457,0.01877056365560592,0.04580000436794307,0.02702944071233715,0.23476943729186972,0.30087220110607016,0.06610276381420044,1190,1149,-41,1684,1839,155
test,153826963-153826970-001,severe_dysplastic,20260804,baseline,gaussian_blur,3,0.7211392453355185,0.7181500074079885,-0.0029892379275300307,0.8806560257724411,0.8637853949329359,-0.01687063083950513,0.5616224648985959,0.572514619883041,0.010892154984445068,0.7769589951467668,1.0361696005204621,0.25921060537369534,0.243962618928667,0.3023077233317796,0.05834510440311258,777,896,119,217,432,215
test,153826963-153826982-003,severe_dysplastic,20260804,baseline,gaussian_blur,2,0.7762261760669829,0.7714212831827896,-0.004804892884193279,0.9289763779527559,0.9279634300126104,-0.0010129479401455033,0.6234759741812097,0.6148791363529688,-0.008596837828240944,1.6501662134441513,1.7261374033912817,0.07597118994713048,0.01335034384096423,0.021993306659748968,0.008642962818784738,664,676,12,869,947,78
test,153827595-153827657-002,carcinoma_in_situ,20260804,baseline,gaussian_blur,1,0.9259473453418354,0.9292787383070783,0.003331392965242874,0.9807073954983923,0.9831835982492513,0.0024762027508590245,0.8711872951852786,0.8753738783649053,0.004186583179626724,0.03817519146594406,0.06786660287838409,0.029691411412440027,0.10052134105454424,0.1112450340911324,0.010723693036588156,22,9,-13,89,134,45
test,153827595-153827657-002,carcinoma_in_situ,20260804,baseline,gaussian_blur,2,0.9259473453418354,0.9231838628187647,-0.0027634825230706817,0.9807073954983923,0.9779531213738687,-0.002754274124523559,0.8711872951852786,0.8684146042636609,-0.002772690921617693,0.03817519146594406,0.11660380156876227,0.07842861010281821,0.10052134105454424,0.12967259354512706,0.029151252490582813,22,23,1,89,203,114
test,153828877-153828902-002,severe_dysplastic,20260804,baseline,gaussian_blur,3,0.8252623368499112,0.8266452393180059,0.0013829024680946933,0.9664464308848296,0.95733228305107,-0.009114147833759634,0.6840782428149929,0.6959581955849419,0.01187995276994902,0.3880526662005277,0.2941180253003217,-0.09393464090020598,0.024972657332049453,0.07362563941533773,0.048652982083288276,195,297,102,2213,1987,-226
test,153828952-153828970-001,severe_dysplastic,20260804,baseline,gaussian_blur,1,0.7954362161916501,0.7974341814828041,0.0019979652911540358,0.9392038909509791,0.9354797166773986,-0.003724174273580516,0.651668541432321,0.6593886462882096,0.007720104855888588,0.18934771483683033,0.3860886813566027,0.19674096651977235,0.03952680736998904,0.013205305871852646,-0.02632150149813639,273,321,48,7,74,67
test,153828952-153828970-001,severe_dysplastic,20260804,baseline,gaussian_blur,2,0.7954362161916501,0.7991326997848386,0.0036964835931885265,0.9392038909509791,0.9299727166428479,-0.009231174308131251,0.651668541432321,0.6682926829268293,0.016624141494508304,0.18934771483683033,0.6403725371666273,0.451024822329797,0.03952680736998904,0.011427387329175587,-0.02809942004081345,273,389,116,7,196,189
test,153828952-153828970-001,severe_dysplastic,20260804,baseline,gaussian_blur,3,0.7954362161916501,0.7993571799994525,0.003920963807802491,0.9392038909509791,0.9209180327868852,-0.018285858164093893,0.651668541432321,0.67779632721202,0.026127785779698987,0.18934771483683033,0.8634999228599036,0.6741522080230733,0.03952680736998904,0.019363894761700973,-0.020162912608288064,273,461,188,7,321,314
test,153831352-153831372-004,severe_dysplastic,20260804,baseline,gaussian_noise,20,0.696523632803317,0.700242027482864,0.0037183946795470435,0.8153103750822549,0.8213002286834368,0.0059898536011818715,0.577736890524379,0.5791838262822913,0.0014469357579122155,1.6752658810002874,1.626550502067336,-0.0487153789329513,0.15304963714934416,0.1989646572031057,0.045915020053761524,1640,1575,-65,1523,1430,-93
test,153915432-153915441-002,severe_dysplastic,20260804,baseline,gaussian_blur,2,0.9265255331473519,0.9283685412308635,0.0018430080835116769,0.9544496676933052,0.955131342796541,0.0006816751032358015,0.8986013986013986,0.9016057396651862,0.0030043410637875523,0.2629329004329003,0.18957668142960127,-0.07335621900329903,0.02791984078495713,0.06895556687560334,0.04103572609064621,273,233,-40,440,306,-134
test,153915432-153915441-002,severe_dysplastic,20260804,baseline,gaussian_blur,3,0.9265255331473519,0.9217821490962614,-0.004743384051090427,0.9544496676933052,0.952989352989353,-0.001460314703952248,0.8986013986013986,0.8905749452031698,-0.008026453398228828,0.2629329004329003,0.15018790399358617,-0.11274499643931413,0.02791984078495713,0.08904238085774807,0.06112254007279094,273,209,-64,440,229,-211
test,153916114-153916167-001,carcinoma_in_situ,20260804,baseline,gaussian_blur,3,0.787807328342236,0.7807318536068566,-0.0070754747353793945,0.8849557522123894,0.8806346916696718,-0.004321060542717636,0.6906589044720826,0.6808290155440414,-0.009829888928041153,0.6321192918775091,0.551875279441191,-0.08024401243631818,0.3530920401370526,0.41451858432713823,0.06142654419008564,461,470,9,487,406,-81
test,153916569-153916586-001,carcinoma_in_situ,20260804,baseline,gaussian_noise,30,0.7629357438550164,0.7664429665993483,0.003507222744331906,0.834941050375134,0.8099281515349445,-0.025012898840189535,0.6909304373348988,0.7229577816637521,0.03202734432885335,0.9566155138189035,0.02905141125480104,-0.9275641025641025,0.17226352984266602,0.2246377042540003,0.05237417441133427,450,220,-230,959,363,-596
test,153956040-153956058-001,normal_columnar,20260804,baseline,gaussian_noise,10,0.7768932107173714,0.7771859117991613,0.0002927010817899145,0.9743954480796586,0.9695528068506185,-0.004842641229040101,0.5793909733550843,0.584819016747704,0.005428043392619708,0.5015835571125082,0.476053743814922,-0.025529813297586246,0.054337921180182325,0.1986714823936352,0.14433356121345287,94,108,14,2886,2838,-48
test,153956040-153956058-001,normal_columnar,20260804,baseline,gaussian_noise,20,0.7768932107173714,0.7864723697843802,0.009579159067008791,0.9743954480796586,0.964824120603015,-0.009571327476643576,0.5793909733550843,0.6081206189657453,0.028729645610661048,0.5015835571125082,0.40808683946846963,-0.09349671764403861,0.054337921180182325,0.17452099259999854,0.12018307141981621,94,133,39,2886,2681,-205
test,153956040-153956058-001,normal_columnar,20260804,baseline,gaussian_noise,30,0.7768932107173714,0.7847509042588601,0.007857693541488686,0.9743954480796586,0.9481877888591583,-0.02620765922050028,0.5793909733550843,0.6213140196585618,0.04192304630347754,0.5015835571125082,0.32774374499427156,-0.17383981211823668,0.054337921180182325,0.23815805008978508,0.18382012890960275,94,201,107,2886,2510,-376
test,153956040-153956058-003,normal_columnar,20260804,baseline,gaussian_noise,20,0.892876964048763,0.8830044275519618,-0.009872536496801199,0.9381035996488147,0.9368327402135231,-0.0012708594352915936,0.8476503284487115,0.8291761148904006,-0.018474213558310915,0.06850113432601013,0.049769785963165725,-0.018731348362844402,0.11347697491105824,0.1618217582475001,0.04834478333644188,202,142,-60,120,98,-22
test,153956040-153956072-003,normal_columnar,20260804,baseline,gaussian_blur,3,0.8445505645199192,0.8358301476831792,-0.008720416836739964,0.8604860486048604,0.8389261744966443,-0.021559874108216137,0.828615080434978,0.8327341208697141,0.004119040434736099,0.10384866724680697,0.1340494849335911,0.03020081768678412,0.05114947543048698,0.07571403569173496,0.02456456026124798,393,448,55,611,1166,555
test,153956444-153956458-004,normal_columnar,20260804,baseline,gaussian_noise,30,0.8936263197117276,0.8913089331644315,-0.002317386547296074,0.9334817701085444,0.9266081042788326,-0.006873665829711828,0.8537708693149108,0.8560097620500305,0.0022388927351197907,0.05197245925722749,0.012092133662616189,-0.0398803255946113,0.04142756272421089,0.14209692295930043,0.10066936023508954,23,87,64,304,88,-216
test,153958547-153958572-002,normal_columnar,20260804,baseline,gaussian_blur,2,0.8250849197461739,0.8254099034466267,0.00032498370045275227,0.8673684210526316,0.8580508474576272,-0.009317573595004403,0.7828014184397163,0.7927689594356261,0.009967540995909796,0.5250820410318543,0.49781067189504025,-0.02727136913681405,0.04094665609233139,0.09368436265281499,0.0527377065604836,248,236,-12,388,376,-12
test,153958547-153958572-002,normal_columnar,20260804,baseline,gaussian_noise,30,0.8250849197461739,0.8347648020162639,0.009679882270089979,0.8673684210526316,0.8851674641148325,0.017799043062200925,0.7828014184397163,0.7843621399176954,0.0015607214779791434,0.5250820410318543,0.13872701355019468,-0.3863550274816596,0.04094665609233139,0.32186150176990497,0.2809148456775736,248,20,-228,388,214,-174
test,153958547-153958572-006,normal_columnar,20260804,baseline,gaussian_blur,1,0.7910644454990291,0.7833506671619189,-0.007713778337110178,0.8448815377738041,0.8370239149689991,-0.007857622804805064,0.737247353224254,0.7296774193548388,-0.007569933869415291,0.4031367164059353,0.4305359971835945,0.027399280777659185,0.01909197268920404,0.00619670905294567,-0.01289526363625837,347,368,21,379,396,17
test,153958547-153958572-008,normal_columnar,20260804,baseline,gaussian_noise,10,0.7154425659555594,0.7082194557299282,-0.0072231102256312685,0.8386167146974063,0.8322017458777885,-0.006414968819617783,0.5922684172137126,0.584237165582068,-0.008031251631644643,0.8470968111901682,0.8883720728044129,0.04127526161424466,0.1681449552135838,0.1315591104857497,-0.036585844727834105,170,190,20,257,269,12
test,153958547-153958572-009,normal_columnar,20260804,baseline,gaussian_noise,20,0.7897514083283066,0.7873687207736029,-0.002382687554703722,0.9153776160145587,0.9290681502086231,0.013690534194064408,0.6641252006420546,0.6456692913385826,-0.018455909303471962,0.18159642621907196,0.17043266769836612,-0.011163758520705835,0.0447255413083224,0.1434730927593445,0.0987475514510221,186,145,-41,590,621,31
test,153958547-153958572-009,normal_columnar,20260804,baseline,gaussian_noise,30,0.7897514083283066,0.7912841948711167,0.0015327865428100829,0.9153776160145587,0.9408983451536643,0.025520729139105636,0.6641252006420546,0.6416700445885691,-0.02245515605348547,0.18159642621907196,0.15557309211758835,-0.02602333410148361,0.0447255413083224,0.09738263169938888,0.052657090391066474,186,103,-83,590,640,50
test,153958547-153958590-002,normal_columnar,20260804,baseline,gaussian_noise,10,0.7072716342888722,0.7108652627416175,0.0035936284527453566,0.8452855245683931,0.8527851458885941,0.007499621320200989,0.5692577440093513,0.568945379594641,-0.00031236441471027554,0.14905341786731857,0.14883026155414664,-0.00022315631317193496,0.09368217935327028,0.24362351341477784,0.14994133406150756,152,160,8,9971,9994,23
test,154519964-154519981-001,light_dysplastic,20260804,baseline,gaussian_blur,2,0.8369036924211408,0.8326515354824116,-0.004252156938729268,0.8704618689581095,0.8658287678590612,-0.004633101099048353,0.803345515884172,0.799474303105762,-0.0038712127784100714,0.20937863325766326,0.18401365590433283,-0.02536497735333043,0.03864198355180393,0.14996976001765971,0.11132777646585579,964,963,-1,796,567,-229
test,154519964-154519981-001,light_dysplastic,20260804,baseline,gaussian_blur,3,0.8369036924211408,0.8305834475870673,-0.006320244834073563,0.8704618689581095,0.8639602677607429,-0.0065016011973666465,0.803345515884172,0.7972066274133918,-0.006138888470780257,0.20937863325766326,0.1618556067270096,-0.047523026530653656,0.03864198355180393,0.18394309272098008,0.14530110916917616,964,916,-48,796,418,-378
test,157184850-157184920-002,normal_columnar,20260804,baseline,gaussian_blur,1,0.794877757432028,0.7904094469912,-0.004468310440828072,0.8426042983565107,0.8387299591323483,-0.003874339224162471,0.7471512165075455,0.7420889348500517,-0.0050622816574937834,0.02842517515148235,0.020680216372516214,-0.007744958778966138,0.28348178662482953,0.41418211930365784,0.1307003326788283,24,41,17,499,428,-71
test,157184850-157184920-002,normal_columnar,20260804,baseline,gaussian_blur,2,0.794877757432028,0.7984291558219356,0.0035513983899075896,0.8426042983565107,0.8412797992471769,-0.0013244991093338543,0.7471512165075455,0.7555785123966943,0.008427295889148811,0.02842517515148235,0.01992724757192116,-0.008497927579561193,0.28348178662482953,0.46174404673909214,0.1782622601142626,24,48,24,499,438,-61
test,157185433-157185479-002,normal_columnar,20260804,baseline,gaussian_noise,10,0.9077827552051021,0.9168382977590359,0.009055542553933815,0.9616407140144322,0.9580973952434881,-0.0035433187709440483,0.853924796395772,0.8755792002745838,0.02165440387881179,0.017832697382090812,0.02090903628439844,0.0030763389023076293,0.03369931247020175,0.11074182486718398,0.07704251239698223,51,35,-16,1,57,56
test,157185433-157185479-006,normal_columnar,20260804,baseline,gaussian_blur,1,0.7486263908457735,0.7479334281053198,-0.0006929627404537175,0.8629466470876163,0.8612345679012345,-0.0017120791863817209,0.6343061346039309,0.6346322883094052,0.0003261537054742858,0.2450992022248173,0.29408465766721603,0.04898545544239874,0.0811288813642036,0.07288457658727987,-0.008244304776923728,206,170,-36,500,555,55
test,157185433-157185479-006,normal_columnar,20260804,baseline,gaussian_blur,2,0.7486263908457735,0.7571807278999129,0.008554337054139327,0.8629466470876163,0.8669527896995708,0.004006142611954533,0.6343061346039309,0.6474086661002549,0.01310253149632401,0.2450992022248173,0.39612745101303104,0.15102824878821375,0.0811288813642036,0.09513693786311772,0.014008056498914123,206,81,-125,500,673,173
test,157185433-157185479-006,normal_columnar,20260804,baseline,gaussian_noise,20,0.7486263908457735,0.7539542108631434,0.0053278200173698664,0.8629466470876163,0.8611393692777213,-0.0018072778098949804,0.6343061346039309,0.6467690524485656,0.012462917844634713,0.2450992022248173,0.3724295174355705,0.12733031521075322,0.0811288813642036,0.1113394001435084,0.030210518779304807,206,52,-154,500,593,93
test,157185730-157185758-001,normal_columnar,20260804,baseline,gaussian_blur,1,0.5982330890223391,0.5937504954067045,-0.0044825936156345225,0.6789654548742992,0.6797172376291463,0.0007517827548471079,0.517500723170379,0.5077837531842627,-0.009716969986116264,0.06616324105865268,0.03564857463455717,-0.030514666424095505,0.09031937144407792,0.15075928606096028,0.06043991461688236,1637,1625,-12,1780,1932,152
test,157185730-157185758-001,normal_columnar,20260804,baseline,gaussian_blur,2,0.5982330890223391,0.5917569355109982,-0.0064761535113408986,0.6789654548742992,0.6942271880819367,0.015261733207637573,0.517500723170379,0.48928668294005967,-0.028214040230319315,0.06616324105865268,0.04578879537850955,-0.020374445680143127,0.09031937144407792,0.19353656551315318,0.10321719406907526,1637,1478,-159,1780,2240,460
test,157185730-157185758-001,normal_columnar,20260804,baseline,gaussian_blur,3,0.5982330890223391,0.5949049198704631,-0.003328169151875948,0.6789654548742992,0.710597302504817,0.03163184763051785,0.517500723170379,0.4792125372361093,-0.03828818593426969,0.06616324105865268,0.12866931845477947,0.06250607739612679,0.09031937144407792,0.26767461145752286,0.17735524001344494,1637,1298,-339,1780,2587,807
test,157224412-157224429-001,normal_superficiel,20260804,baseline,gaussian_blur,1,0.8209218180163989,0.8243540363513415,0.0034322183349426716,0.7113316790736146,0.717948717948718,0.006617038875103343,0.9305119569591832,0.930759354753965,0.0002473977947817785,0.0021496911843513367,0.0021522321295266754,2.5409451753386977e-06,0.2038873193019647,0.2672924914704683,0.06340517216850361,329,329,0,14895,14843,-52
test,157224412-157224429-001,normal_superficiel,20260804,baseline,gaussian_blur,2,0.8209218180163989,0.8244273473110063,0.0035055292946074568,0.7113316790736146,0.717948717948718,0.006617038875103343,0.9305119569591832,0.9309059766732947,0.00039401971411145986,0.0021496911843513367,0.002158887650456632,9.196466105295363e-06,0.2038873193019647,0.2672924914704683,0.06340517216850361,329,329,0,14895,14707,-188
test,157227461-157227503-003,normal_columnar,20260804,baseline,gaussian_blur,2,0.884354046997389,0.8897375605360112,0.005383513538622209,0.9144,0.9094922737306843,-0.004907726269315682,0.854308093994778,0.8699828473413379,0.015674753346559878,0.11383428095214654,0.14346558545123134,0.0296313044990848,0.11498440407909993,0.13299037813818293,0.018005974059082996,420,437,17,107,22,-85
test,204871030-204871038-002,light_dysplastic,20260804,baseline,gaussian_noise,20,0.8963469330878999,0.897385903695576,0.001038970607676104,0.9290758977419675,0.9263764086779527,-0.0026994890640148483,0.8636179684338324,0.8683953987131995,0.0047774302793670564,0.0011387789337765075,0.008840372659369156,0.007701593725592648,0.19553652592737691,0.25806533865507675,0.06252881272769983,1262,1299,37,3333,2732,-601
test,148503209-148503222-001,light_dysplastic,20260804,nc_aware_lambda_0p10,gaussian_noise,20,0.8461651689688445,0.8377376602625071,-0.008427508706337461,0.8722351843210453,0.8677953205250143,-0.004439863796031007,0.8200951536166439,0.80768,-0.012415153616643915,0.03740600056825222,0.015468515132430694,-0.021937485435821524,0.30179756902364446,0.3904165879900941,0.08861901896644964,1001,800,-201,1246,1444,198
test,148503568-148503580-002,light_dysplastic,20260804,nc_aware_lambda_0p10,gaussian_blur,2,0.8107440226526801,0.808970016391972,-0.0017740062607081164,0.924961033177466,0.920428208806975,-0.004532824370491073,0.6965270121278941,0.697511823976969,0.0009848118490748403,0.36999969466305255,0.37245234515564435,0.0024526504925918013,0.2584219723335727,0.30128208055421096,0.04286010822063824,270,349,79,3630,3553,-77
test,148503568-148503580-002,light_dysplastic,20260804,nc_aware_lambda_0p10,gaussian_blur,3,0.8107440226526801,0.8067291083999155,-0.004014914252764568,0.924961033177466,0.9141546526867628,-0.01080638049070326,0.6965270121278941,0.6993035641130684,0.002776551985174236,0.36999969466305255,0.3807748835420423,0.010775188878989761,0.2584219723335727,0.3030211135166491,0.044599141183076396,270,444,174,3630,3496,-134
test,148719308-148719348-004,light_dysplastic,20260804,nc_aware_lambda_0p10,gaussian_noise,10,0.9386317988007074,0.9288316939890711,-0.00980010481163629,0.9643073200241984,0.9581967213114754,-0.006110598712723014,0.9129562775772162,0.8994666666666666,-0.013489610910549565,0.013453859233305887,0.011974897540983576,-0.0014789616923223114,0.014223414118157751,0.06941293863837183,0.055189524520214084,83,162,79,201,180,-21
test,148882535-148882616-001,light_dysplastic,20260804,nc_aware_lambda_0p10,gaussian_noise,20,0.8069825368925856,0.8130628472238753,0.006080310331289751,0.7795992714025501,0.7869996327579876,0.007400361355437424,0.8343658023826209,0.8391260616897631,0.0047602593071421895,0.17768068365277195,0.16956478103210043,-0.008115902620671522,0.2698753267607379,0.3144940140089362,0.044618687248198285,2352,2264,-88,2601,2484,-117
test,149014929-149015022-001,light_dysplastic,20260804,nc_aware_lambda_0p10,gaussian_noise,10,0.8998226454597791,0.9047109659249221,0.004888320465142981,0.9065283351277283,0.9113426380971102,0.004814302969381901,0.8931169557918299,0.8980792937527339,0.004962337960903951,0.09812476913241958,0.08978277296079218,-0.008341996171627397,0.1359088430427643,0.20408136563670065,0.06817252259393636,911,868,-43,772,643,-129
test,149014929-149015022-001,light_dysplastic,20260804,nc_aware_lambda_0p10,gaussian_noise,20,0.8998226454597791,0.9090703132664014,0.00924766780662234,0.9065283351277283,0.9141384096767797,0.007610074549051382,0.8931169557918299,0.9040022168560231,0.010885261064193186,0.09812476913241958,0.07851229625164546,-0.019612472880774112,0.1359088430427643,0.23463980685808555,0.09873096381532126,911,780,-131,772,529,-243
test,149014929-149015022-002,light_dysplastic,20260804,nc_aware_lambda_0p10,gaussian_noise,30,0.9324534410442802,0.9322980991044536,-0.00015534193982658095,0.9692000420477241,0.9660377358490566,-0.0031623061986675305,0.8957068400408361,0.8985584623598505,0.0028516223190143686,0.011075625772752229,0.04219103786529532,0.031115412092543093,0.11405772560011429,0.10311154330982497,-0.010946182290289319,59,179,120,317,436,119
test,149054642-149054677-003,light_dysplastic,20260804,nc_aware_lambda_0p10,gaussian_blur,2,0.8809490549194507,0.8792780435582617,-0.0016710113611890787,0.9281132492811325,0.9295774647887324,0.0014642155075998975,0.8337848605577689,0.828978622327791,-0.004806238229977944,0.11990377528810608,0.12011703507362936,0.00021325978552327873,0.008161590615444747,0.08135180174016454,0.0731902111247198,311,288,-23,1206,1286,80
test,149054642-149054677-003,light_dysplastic,20260804,nc_aware_lambda_0p10,gaussian_blur,3,0.8809490549194507,0.875064018731375,-0.005885036188075787,0.9281132492811325,0.9272367553308419,-0.0008764939502905467,0.8337848605577689,0.8228912821319079,-0.010893578425861028,0.11990377528810608,0.12335593221017255,0.0034521569220664627,0.008161590615444747,0.08341261827595825,0.0752510276605135,311,283,-28,1206,1377,171
test,149054642-149054677-003,light_dysplastic,20260804,nc_aware_lambda_0p10,gaussian_noise,10,0.8809490549194507,0.8832434875113735,0.002294432591922746,0.9281132492811325,0.9320688134097926,0.003955564128660161,0.8337848605577689,0.8344181616129545,0.0006333010551855534,0.11990377528810608,0.12014782913630168,0.00024405384819559117,0.008161590615444747,0.08094844365261755,0.0727868530371728,311,298,-13,1206,1254,48
test,149054642-149054677-003,light_dysplastic,20260804,nc_aware_lambda_0p10,gaussian_noise,20,0.8809490549194507,0.8709613444899628,-0.009987710429487984,0.9281132492811325,0.9174638487208009,-0.01064940056033159,0.8337848605577689,0.8244588402591246,-0.009326020298644266,0.11990377528810608,0.12835685475323,0.008453079465123914,0.008161590615444747,0.12785056907268377,0.11968897845723903,311,337,26,1206,1314,108
test,149056321-149056360-001,severe_dysplastic,20260804,nc_aware_lambda_0p10,gaussian_blur,2,0.7289114372279626,0.7237205895390243,-0.005190847688938294,0.8079419625811378,0.8012139605462822,-0.006728002034855574,0.6498809118747874,0.6462272185317663,-0.003653693343021014,0.8021538650006126,0.8216382856673783,0.0194844206667657,0.0910176677701906,0.13452458556611013,0.04350691779591953,1000,1034,34,1378,1385,7
test,149056321-149056360-001,severe_dysplastic,20260804,nc_aware_lambda_0p10,gaussian_blur,3,0.7289114372279626,0.7195901782552039,-0.009321258972758706,0.8079419625811378,0.7966773645459694,-0.011264598035168438,0.6498809118747874,0.6425029919644384,-0.007377919910348973,0.8021538650006126,0.8468186306217043,0.04466476562109167,0.0910176677701906,0.1310003916422573,0.039982723872066694,1000,1059,59,1378,1407,29
test,149056873-149056884-001,severe_dysplastic,20260804,nc_aware_lambda_0p10,gaussian_blur,2,0.9004288758595527,0.8906307315398303,-0.009798144319722368,0.975268817204301,0.9668980245595301,-0.008370792644770919,0.8255889345148044,0.8143634385201306,-0.011225495994673818,0.11980545748749627,0.1450371982545844,0.025231740767088118,0.015622801337425885,0.0331865381639993,0.017563736826573417,34,60,26,301,333,32
test,149056873-149056884-001,severe_dysplastic,20260804,nc_aware_lambda_0p10,gaussian_noise,10,0.9004288758595527,0.895498292834435,-0.004930583025117619,0.975268817204301,0.9689608636977058,-0.0063079535065951875,0.8255889345148044,0.8220357219711641,-0.0035532125436402717,0.11980545748749627,0.10498387034403978,-0.014821587143456494,0.015622801337425885,0.07050879552058742,0.054885994183161535,34,19,-15,301,281,-20
test,149057756-149057766-002,moderate_dysplastic,20260804,nc_aware_lambda_0p10,gaussian_noise,30,0.8583949941283455,0.8628265408804968,0.004431546752151294,0.9393493843043558,0.9548213081591369,0.015471923854781133,0.7774406039523352,0.7708317736018567,-0.006608830350478434,0.13977733334200226,0.08145601635089439,-0.058321316991107874,0.00892533007129348,0.21641698372827511,0.20749165365698163,408,93,-315,663,817,154
test,149057756-149057788-002,moderate_dysplastic,20260804,nc_aware_lambda_0p10,gaussian_blur,3,0.8408376075430588,0.8315871968935256,-0.009250410649533247,0.9476198600921345,0.9433389544688027,-0.004280905623331832,0.7340553549939831,0.7198354393182486,-0.014219915675734551,0.22915687304215737,0.23952793912422077,0.010371066082063396,0.07685608266550326,0.1960053221455228,0.11914923948001954,428,290,-138,2052,2447,395
test,149057812-149057825-003,moderate_dysplastic,20260804,nc_aware_lambda_0p10,gaussian_noise,10,0.898168716080372,0.8958111633649016,-0.0023575527154703346,0.9059747223286098,0.9027751196172249,-0.0031996027113848635,0.8903627098321343,0.8888472071125784,-0.0015155027195559168,0.07406038265085152,0.07550946712933349,0.0014490844784819656,0.12225224542780255,0.20390557194773273,0.08165332651993018,982,988,6,16,47,31
test,149057812-149057825-003,moderate_dysplastic,20260804,nc_aware_lambda_0p10,gaussian_noise,30,0.898168716080372,0.9060936078027607,0.00792489172238875,0.9059747223286098,0.9169745284853199,0.010999806156710146,0.8903627098321343,0.8952126871202015,0.004849977288067242,0.07406038265085152,0.05304859058274708,-0.02101179206810444,0.12225224542780255,0.24539306361180924,0.12314081818400668,982,824,-158,16,284,268
test,149057812-149057825-005,moderate_dysplastic,20260804,nc_aware_lambda_0p10,gaussian_noise,20,0.7874428303044958,0.7839870002467527,-0.003455830057743081,0.9344864864864865,0.940893169877408,0.0064066833909215415,0.6403991741225051,0.6270808306160974,-0.013318343506407704,0.1642274394570376,0.17352742902584295,0.009299989568805345,0.05406258188098578,0.126406822974511,0.07234424109352522,187,130,-57,2736,2766,30
test,149058262-149058272-003,moderate_dysplastic,20260804,nc_aware_lambda_0p10,gaussian_noise,10,0.9117336132105924,0.9137185628028861,0.001984949592293672,0.9571267393757051,0.9617220402433317,0.004595300867626606,0.8663404870454798,0.8657150853624406,-0.0006254016830392617,0.04794648092797327,0.03468684286730139,-0.013259638060671874,0.01241187229592211,0.05834198728200091,0.045930114986078796,430,381,-49,2,119,117
test,149061666-149061699-003,moderate_dysplastic,20260804,nc_aware_lambda_0p10,gaussian_noise,20,0.9295756750751643,0.9260240302884423,-0.003551644786721986,0.9609979472603821,0.9547338221230475,-0.006264125137334653,0.8981534028899463,0.8973142384538371,-0.0008391644361092077,0.010023444660969716,0.016811064403939424,0.006787619742969708,0.030349777237453912,0.08829835142718723,0.057948574189733315,219,278,59,377,311,-66
test,149061666-149061699-003,moderate_dysplastic,20260804,nc_aware_lambda_0p10,gaussian_noise,30,0.9295756750751643,0.9293132507750418,-0.00026242430012246576,0.9609979472603821,0.9536550406115624,-0.007342906648819758,0.8981534028899463,0.9049714609385212,0.006818058048574938,0.010023444660969716,0.015854229540716802,0.005830784879747086,0.030349777237453912,0.135372985623748,0.10502320838629409,219,273,54,377,333,-44
test,149095913-149095926-001,light_dysplastic,20260804,nc_aware_lambda_0p10,gaussian_noise,20,0.7878744772236814,0.7817663256015435,-0.006108151622137958,0.8474506153687041,0.8320234727025044,-0.015427142666199711,0.7282983390786587,0.7315091785005825,0.0032108394219237946,0.18353964577219395,0.18862787390617128,0.005088228133977329,0.5005060745367119,0.6778034730018234,0.1772973984651115,1475,1601,126,4596,4445,-151
test,149097324-149097373-001,moderate_dysplastic,20260804,nc_aware_lambda_0p10,gaussian_noise,20,0.9045879833834463,0.9118391951634558,0.007251211780009537,0.9203858520900322,0.9242638549569243,0.003878002866892105,0.8887901146768602,0.8994145353699873,0.010624420693127079,0.036953611506243045,0.043025399223858674,0.006071787717615629,0.010715406392646565,0.25239482197474483,0.24167941558209827,415,413,-2,2,221,219
test,149097594-149097637-001,moderate_dysplastic,20260804,nc_aware_lambda_0p10,gaussian_noise,10,0.8228025580107301,0.8261732356733116,0.0033706776625814783,0.900573346385121,0.9038163638924095,0.0032430175072885037,0.7450317696363391,0.7485301074542137,0.003498337817874564,0.16928525672122896,0.16166179985732532,-0.007623456863903644,0.18296227657424113,0.2562189767542477,0.07325670018000657,649,599,-50,1230,1227,-3
test,149097594-149097637-001,moderate_dysplastic,20260804,nc_aware_lambda_0p10,gaussian_noise,20,0.8228025580107301,0.8293325160581797,0.006529958047449602,0.900573346385121,0.9102453102453102,0.009671963860189203,0.7450317696363391,0.7484197218710493,0.003387952234710223,0.16928525672122896,0.11853178263102715,-0.05075347409020181,0.18296227657424113,0.3351027813328737,0.15214050475863256,649,428,-221,1230,995,-235
test,149097594-149097637-002,moderate_dysplastic,20260804,nc_aware_lambda_0p10,gaussian_blur,2,0.786515946117783,0.7864648259943816,-5.1120123401360296e-05,0.9623388229286353,0.9470647265429002,-0.01527409638573507,0.6106930693069307,0.625864925445863,0.01517185613893235,0.48901999278277775,0.47990030424405605,-0.009119688538721693,0.06057559942617574,0.17311091389422395,0.11253531446804821,257,396,139,2636,2475,-161
test,149098972-149098988-002,severe_dysplastic,20260804,nc_aware_lambda_0p10,gaussian_noise,20,0.8015367846704373,0.7975165666952733,-0.004020217975164053,0.9326025172553796,0.9010667224430036,-0.031535794812376006,0.670471052085495,0.6939664109475431,0.02349535886204812,0.30775729093136817,0.33289813336921265,0.02514084243784448,0.21474584479058384,0.16471629823319928,-0.05002954655738456,322,467,145,2130,2138,8
test,149099276-149099290-001,light_dysplastic,20260804,nc_aware_lambda_0p10,gaussian_noise,20,0.8859420489959406,0.8761286139968982,-0.009813434999042414,0.8776125206571401,0.8569448569448569,-0.020667663712283235,0.8942715773347412,0.8953123710489395,0.001040793714198296,0.06163915665464642,0.0703366575001447,0.00869750084549828,0.1823058123279877,0.29515364251231974,0.11284783018433203,1259,1445,186,1075,1240,165
test,149099502-149099525-002,light_dysplastic,20260804,nc_aware_lambda_0p10,gaussian_noise,30,0.9011101134292516,0.9077042450121335,0.0065941315828819125,0.9603163395000706,0.9684361549497847,0.008119815449714185,0.8419038873584328,0.8469723350744824,0.00506844771604964,0.02870865795143765,0.030063836483810627,0.0013551785323729776,0.08506499986302307,0.12630818752474438,0.0412431876617213,215,104,-111,7026,6444,-582
test,149100006-149100028-002,severe_dysplastic,20260804,nc_aware_lambda_0p10,gaussian_noise,10,0.5915616200111978,0.5890498785645071,-0.0025117414466907517,0.4831013916500994,0.4831013916500994,0.0,0.7000218483722963,0.6949983654789147,-0.0050234828933816145,0.4726925661614074,0.47326746230156974,0.0005748961401623176,0.16637414939260425,0.3360928544054557,0.16971870501285147,1560,1560,0,1624,1647,23
test,149100064-149100072-001,moderate_dysplastic,20260804,nc_aware_lambda_0p10,gaussian_noise,10,0.7883922479629268,0.7938167574139878,0.005424509451060988,0.8080706541250807,0.8136794158050755,0.0056087616799948,0.7687138418007731,0.7739540990229,0.005240257222126954,0.1466349822491,0.14118463585872304,-0.005450346390376948,0.14374442462840242,0.1861142161209769,0.04236979149257447,2673,2577,-96,649,625,-24
test,149102510-149102519-001,moderate_dysplastic,20260804,nc_aware_lambda_0p10,gaussian_noise,20,0.8744847165305729,0.8756775422047576,0.001192825674184661,0.8992506244796004,0.9032258064516129,0.00397518197201252,0.8497188085815455,0.8481292779579023,-0.0015895306236431983,0.03927124180963776,0.07398254777902424,0.034711305969386486,0.0529982621428583,0.09201750176025059,0.03901923961739229,179,433,254,452,679,227
test,149105003-149105050-001,light_dysplastic,20260804,nc_aware_lambda_0p10,gaussian_blur,2,0.8569749325530884,0.8550367357352269,-0.0019381968178615594,0.92018779342723,0.9206411258795935,0.000453332452363453,0.793762071678947,0.7894323455908604,-0.004329726088086572,0.017566100801180762,0.018361098327964398,0.0007949975267836362,0.005182836092298637,0.09308944368282435,0.08790660759052571,408,404,-4,781,755,-26
test,149105003-149105050-001,light_dysplastic,20260804,nc_aware_lambda_0p10,gaussian_blur,3,0.8569749325530884,0.8538680774020895,-0.003106855150998955,0.92018779342723,0.9207340882467786,0.0005462948195485984,0.793762071678947,0.7870020665574005,-0.0067600051215465085,0.017566100801180762,0.018955932833039424,0.0013898320318586621,0.005182836092298637,0.09505852356624211,0.08987568747394348,408,398,-10,781,727,-54
test,149105289-149105300-002,moderate_dysplastic,20260804,nc_aware_lambda_0p10,gaussian_noise,10,0.8925161010988267,0.8845531946809034,-0.007962906417923299,0.9465161923454367,0.9423652694610778,-0.004150922884358921,0.8385160098522167,0.8267411199007291,-0.011774889951487677,0.04814074237195509,0.03671687761471654,-0.011423864757238555,0.10447817567662065,0.16056860285624053,0.05609042717961987,206,70,-136,170,268,98
test,149105289-149105300-002,moderate_dysplastic,20260804,nc_aware_lambda_0p10,gaussian_noise,20,0.8925161010988267,0.8860383837166572,-0.006477717382169512,0.9465161923454367,0.9340929690534766,-0.012423223291960106,0.8385160098522167,0.8379837983798379,-0.0005322114723788074,0.04814074237195509,0.04823437999505309,9.363762309799739e-05,0.10447817567662065,0.21131328051466952,0.10683510483804887,206,223,17,170,170,0
test,149105289-149105311-001,moderate_dysplastic,20260804,nc_aware_lambda_0p10,gaussian_blur,2,0.8211458067117272,0.8151840137431698,-0.005961792968557367,0.8226328824538007,0.8054911059551431,-0.017141776498657668,0.8196587309696536,0.8248769215311966,0.005218190561543046,0.3197106719259147,0.3450299623535167,0.025319290427602004,0.2984807470053954,0.20015006274607228,-0.09833068425932312,929,1006,77,1145,1311,166
test,149140081-149140096-002,moderate_dysplastic,20260804,nc_aware_lambda_0p10,gaussian_noise,20,0.8605788563463916,0.8546810293830291,-0.005897826963362496,0.9004065040650406,0.8990132269577997,-0.001393277107240909,0.8207512086277426,0.8103488318082587,-0.010402376819483972,0.12552968975630252,0.09294354066536864,-0.03258614909093388,0.23813796385539931,0.30046664118066657,0.06232867732526726,552,238,-314,1726,1709,-17
test,149140849-149140856-001,moderate_dysplastic,20260804,nc_aware_lambda_0p10,gaussian_blur,2,0.718065446120393,0.7276067617323556,0.009541315611962586,0.8919689263957973,0.8871218861209964,-0.004847040274800873,0.5441619658449888,0.5680916373437149,0.023929671498726157,1.194862412774211,1.0337070424072623,-0.1611553703669486,0.02343686370983522,0.07387594663501151,0.05043908292517629,1847,1938,91,3779,3363,-416
test,149146837-149146854-001,carcinoma_in_situ,20260804,nc_aware_lambda_0p10,gaussian_noise,20,0.8400045992374165,0.8444701792550646,0.004465580017648074,0.947173737140215,0.9564204148217199,0.009246677681504889,0.7328354613346182,0.7325199436884092,-0.0003155176462089626,0.16555543779303106,0.2945793792710667,0.12902394147803564,0.015323645317723567,0.017960097811898224,0.002636452494174657,41,110,69,145,256,111
test,149181904-149181951-001,carcinoma_in_situ,20260804,nc_aware_lambda_0p10,gaussian_blur,2,0.8683650964988188,0.8585955400794817,-0.009769556419337078,0.9440574203082119,0.9337028352163718,-0.010354585091840174,0.7926727726894255,0.7834882449425916,-0.00918452774683387,0.009192416928062386,0.07618703812794259,0.0669946211998802,0.023753487084688052,0.03099402934128115,0.007240542256593097,265,311,46,189,134,-55
test,149182125-149182135-002,carcinoma_in_situ,20260804,nc_aware_lambda_0p10,gaussian_noise,10,0.8256841491894549,0.8340068764826942,0.008322727293239351,0.9518367346938775,0.9540438148575193,0.0022070801636417947,0.6995315636850323,0.7139699381078691,0.014438374422836797,0.02882238943452209,0.07488760980381093,0.04606522036928884,0.14090931773756998,0.08876671934560387,-0.05214259839196611,191,137,-54,187,228,41
test,149182657-149182667-001,carcinoma_in_situ,20260804,nc_aware_lambda_0p10,gaussian_blur,1,0.8063959630885623,0.8020012520125125,-0.004394711076049829,0.934156378600823,0.9316642725220603,-0.0024921060787627125,0.6786355475763016,0.6723382315029647,-0.006297316073336945,0.6362419799568866,0.6668625140288658,0.030620534071979177,0.13276032382055858,0.14371539360013597,0.010955069779577387,90,103,13,873,893,20
test,149182657-149182667-001,carcinoma_in_situ,20260804,nc_aware_lambda_0p10,gaussian_noise,20,0.8063959630885623,0.8060087001708532,-0.00038726291770907473,0.934156378600823,0.9234851835471031,-0.01067119505371994,0.6786355475763016,0.6885322167946034,0.00989666921830179,0.6362419799568866,0.11751268179207086,-0.5187292981648157,0.13276032382055858,0.18934371158205454,0.05658338776149596,90,248,158,873,473,-400
test,149182657-149182681-002,carcinoma_in_situ,20260804,nc_aware_lambda_0p10,gaussian_blur,2,0.6755945591768389,0.6737731899914375,-0.0018213691854013225,0.8483801295896328,0.8404347826086956,-0.007945346980937185,0.5028089887640449,0.5071115973741794,0.0043026086101345395,0.9163774980163113,0.9702653764834213,0.05388787846710996,0.040521076957125146,0.03020363911006796,-0.010317437847057187,702,732,30,670,766,96
test,149182657-149182681-002,carcinoma_in_situ,20260804,nc_aware_lambda_0p10,gaussian_blur,3,0.6755945591768389,0.6712158537551524,-0.004378705421686502,0.8483801295896328,0.8318390553247321,-0.0165410742649007,0.5028089887640449,0.5105926521855726,0.007783663421527698,0.9163774980163113,1.0100439949339166,0.09366649691760531,0.040521076957125146,0.01711088164763408,-0.023410195309491066,702,759,57,670,839,169
test,149185604-149185645-003,carcinoma_in_situ,20260804,nc_aware_lambda_0p10,gaussian_blur,1,0.8622188324253086,0.8625291494714655,0.000310317046156916,0.9673398730525101,0.9640454650893064,-0.0032944079632036827,0.7570977917981072,0.7610128338536247,0.003915042055517515,0.6046669288832933,0.6851505426475306,0.0804836137642373,0.09985732955458926,0.11467954520137358,0.01482221564678432,217,260,43,211,241,30
test,149185604-149185645-003,carcinoma_in_situ,20260804,nc_aware_lambda_0p10,gaussian_blur,2,0.8622188324253086,0.8621022683309436,-0.00011656409436500148,0.9673398730525101,0.962169712489815,-0.0051701605626951475,0.7570977917981072,0.7620348241720724,0.0049370323739651445,0.6046669288832933,0.7810013143969781,0.17633438551368474,0.09985732955458926,0.10405390556966265,0.004196576015073394,217,291,74,211,287,76
test,149185604-149185645-003,carcinoma_in_situ,20260804,nc_aware_lambda_0p10,gaussian_blur,3,0.8622188324253086,0.8539511950038265,-0.008267637421482066,0.9673398730525101,0.9553216374269006,-0.012018235625609552,0.7570977917981072,0.7525807525807526,-0.004517039217354579,0.6046669288832933,0.9189219963617088,0.3142550674784155,0.09985732955458926,0.10372982413147969,0.0038724945768904284,217,332,115,211,361,150
test,149185604-149185657-001,carcinoma_in_situ,20260804,nc_aware_lambda_0p10,gaussian_blur,2,0.8182666172649131,0.8127285591744309,-0.005538058090482245,0.9542000410761964,0.9535692370627941,-0.0006308040134023196,0.6823331934536299,0.6718878812860676,-0.010445312167562282,0.8669927536759408,0.9032756858398796,0.03628293216393885,0.06233011641624586,0.10361391673127396,0.041283800315028096,123,103,-20,429,472,43
test,149185698-149185709-002,carcinoma_in_situ,20260804,nc_aware_lambda_0p10,gaussian_blur,1,0.8226090979609395,0.8231081001427463,0.0004990021818067625,0.9320492241840557,0.9309051955008034,-0.0011440286832522517,0.7131689717378232,0.715311004784689,0.0021420330468657767,0.4111245535533392,0.43719784625959424,0.026073292706255025,0.012336914013227118,0.0026607123970558977,-0.00967620161617122,508,516,8,78,96,18
test,149185698-149185709-002,carcinoma_in_situ,20260804,nc_aware_lambda_0p10,gaussian_blur,2,0.8226090979609395,0.8213034284566052,-0.0013056695043343058,0.9320492241840557,0.9276024177300202,-0.004446806454035501,0.7131689717378232,0.7150044391831903,0.0018354674453671116,0.4111245535533392,0.49060671129636657,0.07948215774302736,0.012336914013227118,0.020213719500111638,0.00787680548688452,508,539,31,78,131,53
test,149185698-149185709-002,carcinoma_in_situ,20260804,nc_aware_lambda_0p10,gaussian_blur,3,0.8226090979609395,0.8207695890157747,-0.001839508945164825,0.9320492241840557,0.9238441838522712,-0.008205040331784486,0.7131689717378232,0.7176949941792782,0.004526022441454947,0.4111245535533392,0.5668477256168509,0.15572317206351172,0.012336914013227118,0.02481747655103539,0.01248056253780827,508,565,57,78,188,110
test,149314453-149314507-002,carcinoma_in_situ,20260804,nc_aware_lambda_0p10,gaussian_noise,20,0.8515920606804996,0.855904809476238,0.004312748795738397,0.947489459563051,0.957613814756672,0.010124355193620982,0.7556946617979482,0.7541958041958042,-0.001498857602143966,0.23412148564023955,0.21514410190933814,-0.01897738373090141,0.01583977343027132,0.07195215764310137,0.056112384212830047,97,36,-61,1205,1236,31
test,149315671-149315740-001,carcinoma_in_situ,20260804,nc_aware_lambda_0p10,gaussian_blur,1,0.7671699840567012,0.7660501214020178,-0.0011198626546834456,0.9530874097834804,0.9536609829488465,0.0005735731653661036,0.5812525583299222,0.5784392598551891,-0.002813298474733106,0.9593701278019702,1.0088657260594662,0.049495598257496054,0.07137245824931415,0.06904978583432198,-0.0023226724149921774,180,183,3,465,508,43
test,149315671-149315740-001,carcinoma_in_situ,20260804,nc_aware_lambda_0p10,gaussian_blur,2,0.7671699840567012,0.761263003318088,-0.005906980738613177,0.9530874097834804,0.9507667473769169,-0.0023206624065634784,0.5812525583299222,0.5717592592592593,-0.009493299070662875,0.9593701278019702,1.1330146268971157,0.17364449909514557,0.07137245824931415,0.06992147114386493,-0.0014509871054492196,180,212,32,465,614,149
test,149317002-149317010-002,severe_dysplastic,20260804,nc_aware_lambda_0p10,gaussian_blur,1,0.8824002858569245,0.8748248315102483,-0.00757545434667628,0.9523510971786834,0.9447426586675087,-0.007608438511174653,0.8124494745351657,0.8049070043529878,-0.007542470182177907,0.03753321414914579,0.03506727805758092,-0.0024659360915648687,0.006836768267324822,0.05121218053363297,0.044375412266308145,0,23,23,36,17,-19
test,149317002-149317010-002,severe_dysplastic,20260804,nc_aware_lambda_0p10,gaussian_noise,10,0.8824002858569245,0.8783669921684449,-0.0040332936884796,0.9523510971786834,0.9544740973312402,0.002123000152556842,0.8124494745351657,0.8022598870056498,-0.010189587529515931,0.03753321414914579,0.02916543148745987,-0.008367782661685919,0.006836768267324822,0.10087428212929139,0.09403751386196657,0,5,5,36,32,-4
test,153276386-153276405-001,moderate_dysplastic,20260804,nc_aware_lambda_0p10,gaussian_noise,10,0.8441455800767894,0.845761947039315,0.0016163669625255395,0.9550041552890894,0.9526791089704997,-0.002325046318589763,0.7332870048644893,0.7388447851081303,0.005557780243641064,0.17622458576175282,0.23572248772755322,0.059497901965800404,0.10909667869929673,0.10149877776590321,-0.00759790093339352,93,25,-68,617,728,111
test,153314466-153314473-003,light_dysplastic,20260804,nc_aware_lambda_0p10,gaussian_noise,20,0.761341223453377,0.76960909657527,0.008267873121893032,0.6923682140047207,0.7067876421270243,0.014419428122303568,0.8303142329020333,0.8324305510235158,0.0021163181214824967,0.16230650467417018,0.15326639069604486,-0.00904011397812532,0.30063919774488945,0.34780952675986787,0.04717032901497842,2737,2547,-190,4921,4937,16
test,153654869-153654880-001,severe_dysplastic,20260804,nc_aware_lambda_0p10,gaussian_blur,1,0.8382845390476705,0.8436829826347735,0.005398443587102952,0.9224489795918367,0.9263977353149327,0.0039487557230960535,0.7541200985035045,0.7609682299546142,0.00684813145110974,0.011800384328501057,0.008856878090917286,-0.0029435062375837706,0.2747386351329334,0.3441915619296294,0.06945292679669601,566,532,-34,472,454,-18
test,153654869-153654880-001,severe_dysplastic,20260804,nc_aware_lambda_0p10,gaussian_blur,2,0.8382845390476705,0.8411197310788725,0.002835192031201972,0.9224489795918367,0.9215843346684468,-0.0008646449233898901,0.7541200985035045,0.7606551274892983,0.006535028985793834,0.011800384328501057,0.05663298492684232,0.044832600598341266,0.2747386351329334,0.3850902559622711,0.1103516208293377,566,601,35,472,284,-188
test,153654869-153654880-001,severe_dysplastic,20260804,nc_aware_lambda_0p10,gaussian_blur,3,0.8382845390476705,0.8365217705534238,-0.0017627684942467248,0.9224489795918367,0.914265194362151,-0.008183785229685658,0.7541200985035045,0.7587783467446965,0.004658248241191987,0.011800384328501057,0.10996699815682709,0.09816661382832603,0.2747386351329334,0.3939859429288336,0.1192473077959002,566,697,131,472,94,-378
test,153655016-153655039-005,severe_dysplastic,20260804,nc_aware_lambda_0p10,gaussian_noise,10,0.8739768093171909,0.8685275085898905,-0.005449300727300432,0.912472647702407,0.910484533260334,-0.00198811444207303,0.8354809709319748,0.826570483919447,-0.008910487012527835,0.41557787995945017,0.41225025336086485,-0.0033276265985853204,0.05952983374703613,0.22391296040287834,0.1643831266558422,308,311,3,345,335,-10
test,153656862-153656873-001,light_dysplastic,20260804,nc_aware_lambda_0p10,gaussian_noise,20,0.9201856585361967,0.9140921244679339,-0.006093534068262851,0.9795230065044568,0.9757458161532865,-0.003777190351170301,0.8608483105679368,0.8524384327825814,-0.008409877785355402,0.024108870016560258,0.016802850192485536,-0.007306019824074722,0.07202459285912743,0.11256661276868818,0.040542019909560745,50,6,-44,1543,1275,-268
test,153656862-153656873-001,light_dysplastic,20260804,nc_aware_lambda_0p10,gaussian_noise,30,0.9201856585361967,0.9213509767412528,0.001165318205056054,0.9795230065044568,0.9701565557729941,-0.009366450731462694,0.8608483105679368,0.8725453977095114,0.011697087141574691,0.024108870016560258,0.010600464475459287,-0.01350840554110097,0.07202459285912743,0.1695042282958844,0.09747963543675697,50,76,26,1543,1129,-414
test,153657121-153657160-001,severe_dysplastic,20260804,nc_aware_lambda_0p10,gaussian_blur,2,0.8507559893863907,0.8413519379391229,-0.009404051447267858,0.9575036425449247,0.9496264160038563,-0.007877226541068372,0.7440083362278569,0.7330774598743894,-0.010930876353467456,0.24786593328022555,0.2874735531137511,0.039607619833525565,0.02959889830422946,0.05223525180183597,0.02263635349760651,36,26,-10,520,546,26
test,153659229-153659264-001,severe_dysplastic,20260804,nc_aware_lambda_0p10,gaussian_noise,20,0.8962013904555357,0.8916433355066469,-0.0045580549488888344,0.9468154957321077,0.9274431057563588,-0.01937238997574886,0.8455872851789636,0.855843565256935,0.010256280077971303,0.04926450361831275,0.06304809050542864,0.013783586887115895,0.016485217286798748,0.10516356240173608,0.08867834511493733,397,542,145,32,117,85
test,153701622-153701650-001,moderate_dysplastic,20260804,nc_aware_lambda_0p10,gaussian_blur,2,0.8159668318127213,0.8090685987055997,-0.006898233107121676,0.9577248270561107,0.9536763762350827,-0.004048450821028005,0.674208836569332,0.6644608211761167,-0.009748015393215237,0.05222205012688286,0.09260639367698942,0.04038434355010656,0.11496946733133995,0.1175421825701759,0.002572715238835954,12,25,13,133,241,108
test,153701622-153701650-001,moderate_dysplastic,20260804,nc_aware_lambda_0p10,gaussian_blur,3,0.8159668318127213,0.8076178388930815,-0.008348992919639864,0.9577248270561107,0.9518413597733711,-0.005883467282739585,0.674208836569332,0.6633943180127919,-0.010814518556540031,0.05222205012688286,0.12398743897493847,0.07176538884805561,0.11496946733133995,0.13830364553760555,0.0233341782062656,12,52,40,133,315,182
test,153701622-153701650-001,moderate_dysplastic,20260804,nc_aware_lambda_0p10,gaussian_noise,20,0.8159668318127213,0.8103354756845689,-0.005631356128152465,0.9577248270561107,0.9566697211676921,-0.001055105888418617,0.674208836569332,0.6640012302014455,-0.010207606367886424,0.05222205012688286,0.08939180298649108,0.03716975285960822,0.11496946733133995,0.04070698209075152,-0.07426248524058843,12,179,167,133,95,-38
test,153702037-153702051-003,light_dysplastic,20260804,nc_aware_lambda_0p10,gaussian_noise,20,0.8329900348999156,0.8236965776020511,-0.009293457297864571,0.9246055957465353,0.9152303904326415,-0.009375205313893797,0.7413744740532959,0.7321627647714605,-0.009211709281835456,0.06396372890068391,0.03627108847887395,-0.027692640421809966,0.19894363354509226,0.2727762607282803,0.07383262718318806,811,912,101,1568,1476,-92
test,153826963-153826982-003,severe_dysplastic,20260804,nc_aware_lambda_0p10,gaussian_blur,2,0.8065189297862027,0.8014633718093136,-0.005055557976889058,0.9610709339898446,0.9608475356978351,-0.00022339829200945793,0.6519669255825608,0.6420792079207921,-0.009887717661768658,1.3265050402876524,1.370398500138402,0.04389345985074966,0.03962427406264002,0.05065107610274977,0.011026802040109751,366,338,-28,677,726,49
test,153826963-153826982-003,severe_dysplastic,20260804,nc_aware_lambda_0p10,gaussian_blur,3,0.8065189297862027,0.7967188272008134,-0.009800102585389214,0.9610709339898446,0.9594107266170491,-0.0016602073727954858,0.6519669255825608,0.6340269277845777,-0.017939997797983054,1.3265050402876524,1.4168559026207022,0.09035086233304979,0.03962427406264002,0.05470365140142275,0.015079377338782729,366,331,-35,677,771,94
test,153826963-153826982-003,severe_dysplastic,20260804,nc_aware_lambda_0p10,gaussian_noise,10,0.8065189297862027,0.8052359605531493,-0.001282969233053377,0.9610709339898446,0.9587477831752641,-0.0023231508145804547,0.6519669255825608,0.6517241379310345,-0.00024278765152629944,1.3265050402876524,1.4162760741388691,0.08977103385121676,0.03962427406264002,0.017394403442089867,-0.02222987062055015,366,395,29,677,746,69
test,153826963-153826982-003,severe_dysplastic,20260804,nc_aware_lambda_0p10,gaussian_noise,20,0.8065189297862027,0.803634337907753,-0.0028845918784496938,0.9610709339898446,0.9483765475356225,-0.01269438645422205,0.6519669255825608,0.6588921282798834,0.006925202697322663,1.3265050402876524,1.5270989796942636,0.2005939394066112,0.03962427406264002,0.08496098485161885,0.04533671078897883,366,521,155,677,802,125
test,153828877-153828902-002,severe_dysplastic,20260804,nc_aware_lambda_0p10,gaussian_blur,2,0.875872265681005,0.8752093172236044,-0.0006629484574005584,0.9713408393039918,0.9655349135169763,-0.005805925787015553,0.7804036920580181,0.7848837209302325,0.004480028872214437,0.22745909047357704,0.19972442577226446,-0.027734664701312584,0.00038749115860881034,0.059680936772026794,0.05929344561341798,98,109,11,1505,1388,-117
test,153828877-153828902-002,severe_dysplastic,20260804,nc_aware_lambda_0p10,gaussian_blur,3,0.875872265681005,0.873121552381678,-0.002750713299326968,0.9713408393039918,0.9624485596707819,-0.008892279633209932,0.7804036920580181,0.7837945450925742,0.003390853034556107,0.22745909047357704,0.17870485889639431,-0.04875423157718273,0.00038749115860881034,0.062470951441231604,0.06208346028262279,98,138,40,1505,1318,-187
test,153829745-153829768-003,severe_dysplastic,20260804,nc_aware_lambda_0p10,gaussian_blur,3,0.7667020323277318,0.7730385182991115,0.006336485971379702,0.9204806016692654,0.9080619723536506,-0.012418629315614771,0.6129234629861983,0.6380150642445724,0.025091601258374174,0.08730844701460083,0.16461597671515227,0.07730752970055144,0.01915304465134493,0.002842884116651234,-0.016310160534693696,867,991,124,668,273,-395
test,153916114-153916167-001,carcinoma_in_situ,20260804,nc_aware_lambda_0p10,gaussian_blur,1,0.708031548740339,0.7042771550376113,-0.0037543937027276764,0.8723922114047288,0.8692640692640693,-0.0031281421406594845,0.5436708860759494,0.5392902408111534,-0.004380645264795979,1.9396299902629017,1.9743494561787742,0.034719465915872494,0.4042292139328562,0.4303036018651037,0.026074387932247478,676,699,23,1106,1110,4
test,153916114-153916167-001,carcinoma_in_situ,20260804,nc_aware_lambda_0p10,gaussian_blur,2,0.708031548740339,0.6985383859961021,-0.00949316274423695,0.8723922114047288,0.8661145617667356,-0.0062776496379931546,0.5436708860759494,0.5309622102254684,-0.012708675850480966,1.9396299902629017,2.0168194956643077,0.07718950540140601,0.4042292139328562,0.4226392433447959,0.0184100294119397,676,720,44,1106,1117,11
test,153956040-153956058-001,normal_columnar,20260804,nc_aware_lambda_0p10,gaussian_noise,10,0.8846117392682669,0.8750099873954992,-0.009601751872767683,0.9855813953488373,0.9863013698630136,0.0007199745141763803,0.7836420831876966,0.7637186049279847,-0.019923478259711858,0.19828368389649847,0.23478116173956115,0.036497477843062676,0.045696695808993715,0.05373174988282481,0.008035054073831094,12,5,-7,1659,1841,182
test,153956444-153956458-004,normal_columnar,20260804,nc_aware_lambda_0p10,gaussian_noise,30,0.885930804138265,0.890182274367275,0.004251470229010068,0.9352237976091187,0.9341993787065801,-0.0010244189025385708,0.8366378106674114,0.84616517002797,0.009527359360558596,0.07836503486855312,0.0449707050644621,-0.033394329804091016,0.03351926749149792,0.15002746283866863,0.11650819534717072,19,75,56,518,149,-369
test,153958547-153958572-006,normal_columnar,20260804,nc_aware_lambda_0p10,gaussian_blur,1,0.666583089997285,0.658826588592374,-0.00775650140491102,0.8127972330306961,0.8070477009024495,-0.005749532128246582,0.5203689469638739,0.5106054762822985,-0.009763470681575459,1.0612556873295143,1.09488510960963,0.03362942228011567,0.05830649317769121,0.06464218154214507,0.006335688364453862,423,437,14,894,903,9
test,153958547-153958572-009,normal_columnar,20260804,nc_aware_lambda_0p10,gaussian_noise,20,0.8291581258214833,0.829101688826372,-5.643699511126421e-05,0.8938249666814749,0.9170464904284412,0.02322152374696629,0.7644912849614917,0.741156887224303,-0.023334397737188706,0.2189172933285804,0.227448496548665,0.008531203220084604,0.058551615298159665,0.14558970822430017,0.08703809292614051,239,182,-57,640,768,128
test,153958547-153958572-009,normal_columnar,20260804,nc_aware_lambda_0p10,gaussian_noise,30,0.8291581258214833,0.8368965108716414,0.007738385050158114,0.8938249666814749,0.9388707419505367,0.04504577526906173,0.7644912849614917,0.7349222797927462,-0.0295690051687455,0.2189172933285804,0.19693829440135097,-0.02197899892722943,0.058551615298159665,0.12376928559310763,0.06521767029494796,239,131,-108,640,749,109
test,154519964-154519981-001,light_dysplastic,20260804,nc_aware_lambda_0p10,gaussian_blur,2,0.8506921834738811,0.8452566374782898,-0.005435545995591262,0.8890089700637631,0.8846236328543856,-0.0043853372093775045,0.8123753968839991,0.805889642102194,-0.00648575478180502,0.286803525236756,0.274680536918279,-0.012122988318477024,0.10290957241116516,0.18045632476484952,0.07754675235368436,907,980,73,1481,1305,-176
test,154519964-154519981-001,light_dysplastic,20260804,nc_aware_lambda_0p10,gaussian_blur,3,0.8506921834738811,0.8433998696148588,-0.0072923138590222925,0.8890089700637631,0.8828058169375534,-0.006203153126209671,0.8123753968839991,0.803993922292164,-0.008381474591835025,0.286803525236756,0.2653796088249608,-0.021423916411795196,0.10290957241116516,0.20513188089365708,0.10222230848249192,907,1006,99,1481,1203,-278
test,157181481-157181497-004,normal_columnar,20260804,nc_aware_lambda_0p10,gaussian_blur,3,0.8526729547855509,0.849412788168769,-0.0032601666167819676,0.9483814523184602,0.9351892127011744,-0.013192239617285773,0.7569644572526417,0.7636363636363637,0.006671906383721948,0.14606840753038747,0.1291199035718707,-0.01694850395851677,0.18750357981112842,0.24729149712820586,0.059787917317077444,2,11,9,548,477,-71
test,157184850-157184942-001,normal_superficiel,20260804,nc_aware_lambda_0p10,gaussian_noise,10,0.4220715339751247,0.42087442332924196,-0.0011971106458827374,0.0,0.0,0.0,0.8441430679502494,0.8417488466584839,-0.002394221291765475,0.006195974405043705,0.008719272530748808,0.002523298125705103,0.19087373368589727,0.25974282166156065,0.06886908797566338,300,452,152,15424,15972,548
test,157184850-157184942-001,normal_superficiel,20260804,nc_aware_lambda_0p10,gaussian_noise,20,0.4220715339751247,0.42000452431110297,-0.002067009664021735,0.0,0.0,0.0,0.8441430679502494,0.8400090486222059,-0.00413401932804347,0.006195974405043705,0.006538215254047016,0.00034224084900331096,0.19087373368589727,0.2928245983859207,0.1019508647000234,300,311,11,15424,16276,852
test,157184850-157184942-001,normal_superficiel,20260804,nc_aware_lambda_0p10,gaussian_noise,30,0.4220715339751247,0.42193890502919357,-0.00013262894593113472,0.0,0.0,0.0,0.8441430679502494,0.8438778100583871,-0.00026525789186226945,0.006195974405043705,0.0035760882031770184,-0.0026198862018666867,0.19087373368589727,0.3378074877783329,0.14693375409243564,300,129,-171,15424,15922,498
test,157185208-157185238-001,normal_superficiel,20260804,nc_aware_lambda_0p10,gaussian_blur,3,0.8936901194445617,0.9033983006822943,0.00970818123773265,0.8821170809943866,0.9031758326878389,0.021058751693452282,0.9052631578947369,0.9036207686767498,-0.0016423892179870947,0.0024101076642881842,0.002048587806934357,-0.00036151985735382707,0.22334470466395173,0.2674933673931382,0.044148662729186494,139,95,-44,19859,20216,357
test,157185433-157185479-002,normal_columnar,20260804,nc_aware_lambda_0p10,gaussian_noise,10,0.895824656756838,0.8933080850182367,-0.0025165717386013142,0.9598822230401178,0.9553239017125837,-0.004558321327534087,0.8317670904735581,0.8312922683238896,-0.0004748221496685412,0.0757480224771499,0.05455693301217995,-0.021191089464969948,0.013844291174486711,0.06026926339444694,0.046424972219960225,33,2,-31,343,299,-44
test,157185433-157185479-002,normal_columnar,20260804,nc_aware_lambda_0p10,gaussian_noise,20,0.895824656756838,0.8866705859832773,-0.009154070773560674,0.9598822230401178,0.9487577639751553,-0.01112445906496251,0.8317670904735581,0.8245834079913994,-0.007183682482158726,0.0757480224771499,0.007449511182880841,-0.06829851129426906,0.013844291174486711,0.12850031182324517,0.11465602064875846,33,108,75,343,189,-154
test,157185730-157185758-001,normal_columnar,20260804,nc_aware_lambda_0p10,gaussian_blur,1,0.5373238956888045,0.5375624531650562,0.00023855747625178836,0.5608899297423887,0.5576727272727273,-0.0032172024696613954,0.5137578616352201,0.5174521790573852,0.003694317422165083,1.1800364279359958,1.2103671134365772,0.030330685500581378,0.08603911091747035,0.12302133289748196,0.03698222198001161,2940,2983,43,46,63,17
test,157185730-157185758-001,normal_columnar,20260804,nc_aware_lambda_0p10,gaussian_blur,2,0.5373238956888045,0.5383720100116918,0.0010481143228873169,0.5608899297423887,0.5533574007220217,-0.007532529020367051,0.5137578616352201,0.5233866193013618,0.009628757666141685,1.1800364279359958,1.2335166342033501,0.05348020626735428,0.08603911091747035,0.2553958477596138,0.16935673684214347,2940,3033,93,46,67,21
test,157185730-157185758-001,normal_columnar,20260804,nc_aware_lambda_0p10,gaussian_blur,3,0.5373238956888045,0.5436648438475783,0.00634094815877384,0.5608899297423887,0.5546194073213249,-0.006270522421063851,0.5137578616352201,0.5327102803738317,0.018952418738611643,1.1800364279359958,1.164065330194008,-0.015971097741987794,0.08603911091747035,0.3141742349399485,0.22813512402247815,2940,2992,52,46,2,-44
test,157185781-157185793-003,normal_columnar,20260804,nc_aware_lambda_0p10,gaussian_noise,30,0.7503097188934098,0.7409707721071584,-0.009338946786251356,0.8245887445887445,0.8607478779536591,0.03615913336491461,0.6760306931980752,0.6211936662606578,-0.05483702693741743,0.5660145544499934,0.17164825720645838,-0.394366297243535,0.041086498676256133,0.2432322688822669,0.20214577020601077,907,509,-398,1569,1869,300
test,157227461-157227503-003,normal_columnar,20260804,nc_aware_lambda_0p10,gaussian_blur,2,0.8631661652560277,0.8571056638660033,-0.006060501390024453,0.8783616052958213,0.867056856187291,-0.011304749108530299,0.8479707252162342,0.8471544715447155,-0.0008162536715187185,0.23790947940758622,0.28287883593486307,0.04496935652727685,0.1282783678596605,0.1475910456930728,0.019312677833412284,586,636,50,160,298,138
test,158986813-158986820-001,normal_columnar,20260804,nc_aware_lambda_0p10,gaussian_noise,20,0.8343005442389311,0.8336591335015335,-0.0006414107373975408,0.9506222400642312,0.9606171335769387,0.009994893512707437,0.717978848413631,0.7067011334261285,-0.011277714987502518,0.16393930905695614,0.1715903802846495,0.0076510712276933734,0.013363301982049047,0.05938879834043642,0.046025496358387374,117,89,-28,606,683,77
test,158986813-158986820-001,normal_columnar,20260804,nc_aware_lambda_0p10,gaussian_noise,30,0.8343005442389311,0.8264314787384397,-0.007869065500491379,0.9506222400642312,0.9518320296418279,0.0012097895775966538,0.717978848413631,0.7010309278350515,-0.016947920578579523,0.16393930905695614,0.15202543540268026,-0.011913873654275875,0.013363301982049047,0.14083413450281945,0.1274708325207704,117,55,-62,606,668,62
test,158986920-158986928-004,normal_columnar,20260804,nc_aware_lambda_0p10,gaussian_blur,3,0.2171437498452657,0.225384699977281,0.008240950132015312,0.3807266982622433,0.3586869495596477,-0.02203974870259562,0.053560801428288035,0.09208245039491428,0.03852164896662624,0.31348569485840566,0.3566019771586252,0.04311628230021952,0.389681634707173,0.22415662079631293,-0.16552501391086005,1568,1602,34,1735,1585,-150
test,204870858-204870872-001,light_dysplastic,20260804,nc_aware_lambda_0p10,gaussian_blur,2,0.8216476450342812,0.8255971077170221,0.0039494626827408785,0.9500179791441927,0.9521770164168452,0.002159037272652431,0.6932773109243697,0.699017199017199,0.005739888092829326,0.18705622576601766,0.18413105163532606,-0.002925174130691599,0.10943619181960718,0.18155971147190242,0.07212351965229524,232,190,-42,754,802,48
test,204870858-204870872-001,light_dysplastic,20260804,nc_aware_lambda_0p10,gaussian_blur,3,0.8216476450342812,0.8232952304617196,0.0016475854274383694,0.9500179791441927,0.9490014265335235,-0.0010165526106692413,0.6932773109243697,0.6975890343899156,0.004311723465545869,0.18705622576601766,0.18741163341110378,0.00035540764508612543,0.10943619181960718,0.19224955912900654,0.08281336730939937,232,186,-46,754,833,79
test,204871030-204871038-002,light_dysplastic,20260804,nc_aware_lambda_0p10,gaussian_noise,20,0.869266935128703,0.8780929938837414,0.00882605875503839,0.9095662277304415,0.9188898135004161,0.009323585769974607,0.8289676425269645,0.8372961742670668,0.008328531740102285,0.09829045924839502,0.08287614670171783,-0.015414312546677189,0.17280951002105693,0.21865689940085065,0.04584738937979371,1812,1585,-227,1181,907,-274
test,209307421-209307504-001,normal_intermediate,20260804,nc_aware_lambda_0p10,gaussian_noise,10,0.550127153846111,0.5505656934282994,0.00043853958218842415,0.3872529245663574,0.3929003630496168,0.005647438483259382,0.7130013831258645,0.708231023806982,-0.004770359318882478,0.02331683857719779,0.02402842039033675,0.0007115818131389617,0.4908101627266189,0.5524158363671288,0.06160567364050984,143,143,0,8478,8606,128
test,148495842-148495854-001,light_dysplastic,20260805,baseline,gaussian_blur,1,0.8975471453732633,0.8926020344867631,-0.004945110886500181,0.9252433936022253,0.9197207678883071,-0.00552262571391815,0.8698508971443012,0.8654833010852191,-0.004367596059082102,0.03618516057938265,0.04130219646134675,0.005117035881964105,0.1480747988283474,0.2040553915109049,0.055980592682557506,404,426,22,391,375,-16
test,148495842-148495854-001,light_dysplastic,20260805,baseline,gaussian_noise,10,0.8975471453732633,0.8999388239462591,0.0023916785729958256,0.9252433936022253,0.9267615411315515,0.0015181475293262192,0.8698508971443012,0.8731161067609666,0.003265209616665432,0.03618516057938265,0.03493126603556429,-0.0012538945438183569,0.1480747988283474,0.2015355060040953,0.05346070717574791,404,394,-10,391,385,-6
test,148503209-148503222-001,light_dysplastic,20260805,baseline,gaussian_noise,30,0.8295853500419055,0.8202286769749526,-0.00935667306695287,0.8704906204906205,0.8729999085672487,0.002509288076628202,0.7886800795931903,0.7674574453826565,-0.02122263421053383,0.1625956122566643,0.16093546258781322,-0.0016601496688510853,0.2660901665893168,0.32250232468596407,0.05641215809664729,1374,1223,-151,941,1173,232
test,148503568-148503580-002,light_dysplastic,20260805,baseline,gaussian_blur,1,0.814330258729171,0.8151269559162735,0.000796697187102513,0.86222965706775,0.8600690722877218,-0.0021605847800282296,0.7664308603905919,0.7701848395448251,0.0037539791542331447,0.05714773656396416,0.055872178324709976,-0.001275558239254182,0.18053272590396513,0.22438023986464478,0.04384751396067965,343,315,-28,1603,1533,-70
test,148503568-148503580-002,light_dysplastic,20260805,baseline,gaussian_blur,2,0.814330258729171,0.8172212511429183,0.002890992413747351,0.86222965706775,0.8587264150943397,-0.0035032419734103426,0.7664308603905919,0.775716087191497,0.009285226800905044,0.05714773656396416,0.0637081465333374,0.006560409969373238,0.18053272590396513,0.28634619861874483,0.1058134727147797,343,232,-111,1603,1489,-114
test,148503568-148503580-002,light_dysplastic,20260805,baseline,gaussian_blur,3,0.814330258729171,0.8208768326076306,0.006546573878459583,0.86222965706775,0.8598304494251539,-0.0023992076425961573,0.7664308603905919,0.7819232157901072,0.015492355399515212,0.05714773656396416,0.08358852196101435,0.026440785397050193,0.18053272590396513,0.3206009644012366,0.14006823849727146,343,101,-242,1603,1524,-79
test,148719308-148719357-001,light_dysplastic,20260805,baseline,gaussian_blur,3,0.8964776325464832,0.8878549384497932,-0.00862269409668992,0.9772972972972973,0.9587476979742173,-0.01854959932307998,0.8156579677956691,0.8169621789253692,0.001304211129700028,0.026880492213463336,0.06212797170805051,0.035247479494587175,0.05004608662644028,0.03166457765770281,-0.01838150896873747,10,110,100,528,953,425
test,148848523-148848559-002,moderate_dysplastic,20260805,baseline,gaussian_noise,10,0.8793345041033485,0.8735206444232463,-0.005813859680102174,0.9804283225740342,0.9740568475452196,-0.006371475028814633,0.7782406856326628,0.772984441301273,-0.0052562443313898255,0.08508191262683384,0.12548532671099366,0.04040341408415982,0.023393193245479615,0.023160413922503453,-0.0002327793229761621,133,217,84,193,276,83
test,148881870-148882178-002,light_dysplastic,20260805,baseline,gaussian_noise,20,0.8195750352755224,0.81900767505331,-0.0005673602222124874,0.8756544502617801,0.8762452955501439,0.0005908452883637283,0.7634956202892647,0.7617700545564761,-0.001725565732788592,0.4976272641533068,0.44389337298921494,-0.053733891164091885,0.02331315536584022,0.3250062357416616,0.3016930803758214,560,493,-67,683,643,-40
test,149014929-149015022-001,light_dysplastic,20260805,baseline,gaussian_noise,10,0.9056913318450536,0.9084248429018693,0.0027335110568157406,0.8988308049086868,0.9026686074721009,0.003837802563414039,0.9125518587814203,0.9141810783316379,0.0016292195502175533,0.12637485166787837,0.12306657566116208,-0.003308276006716293,0.07535973341990232,0.14307559177899232,0.06771585835909,1043,999,-44,1204,1215,11
test,149014929-149015022-001,light_dysplastic,20260805,baseline,gaussian_noise,30,0.9056913318450536,0.8959231602745772,-0.00976817157047638,0.8988308049086868,0.9109999018742028,0.012169096965515935,0.9125518587814203,0.8808464186749517,-0.031705440106468585,0.12637485166787837,0.14616603651980015,0.019791184851921773,0.07535973341990232,0.21506630993741443,0.13970657651751212,1043,885,-158,1204,1972,768
test,149053341-149053350-001,moderate_dysplastic,20260805,baseline,gaussian_blur,2,0.9082655944035772,0.9044099631796663,-0.0038556312239109714,0.9635833940276766,0.9506903353057199,-0.012893058721956674,0.8529477947794779,0.8581295910536125,0.00518179627413462,0.0211358885230023,0.057315587919211874,0.036179699396209575,0.028182604294777924,0.015663971587628445,-0.01251863270714948,224,350,126,78,388,310
test,149054642-149054677-003,light_dysplastic,20260805,baseline,gaussian_blur,2,0.921785141507133,0.9155196640328762,-0.006265477474256764,0.9455337690631809,0.9436435124508519,-0.0018902566123289999,0.8980365139510851,0.8873958156149004,-0.01064069833618464,0.05995877914072556,0.07071050717802702,0.010751728037301456,0.011243443827698596,0.08353895010311152,0.07229550627541292,242,254,12,268,414,146
test,149054642-149054677-003,light_dysplastic,20260805,baseline,gaussian_noise,20,0.921785141507133,0.9220883802274882,0.0003032387203552034,0.9455337690631809,0.961105207226355,0.015571438163174078,0.8980365139510851,0.8830715532286213,-0.014964960722463783,0.05995877914072556,0.030478651906624576,-0.029480127234100983,0.011243443827698596,0.06620328504366924,0.05495984121597064,242,127,-115,268,116,-152
test,149056321-149056360-001,severe_dysplastic,20260805,baseline,gaussian_noise,30,0.7789705005134595,0.7885453477150159,0.009574847201556436,0.8474779823859088,0.855640921957137,0.008162939571228267,0.7104630186410102,0.7214497734728949,0.010986754831884604,0.3673205316672792,0.43540513718877616,0.06808460552149698,0.14074238320057852,0.09459361770831698,-0.046148765492261545,758,708,-50,604,855,251
test,149056410-149056458-001,severe_dysplastic,20260805,baseline,gaussian_blur,3,0.8895980249275615,0.897764300525405,0.008166275597843553,0.9575984990619137,0.9511077158135982,-0.006490783248315535,0.8215975507932091,0.8444208852372118,0.022823334444002752,0.24352826628576896,0.12620255052576623,-0.11732571576000272,0.05458161539692552,0.10885030655473926,0.05426869115781374,93,46,-47,455,275,-180
test,149056410-149056458-001,severe_dysplastic,20260805,baseline,gaussian_noise,20,0.8895980249275615,0.8797024742415933,-0.009895550685968146,0.9575984990619137,0.9567588624853915,-0.0008396365765221958,0.8215975507932091,0.802646085997795,-0.018951464795414097,0.24352826628576896,0.16325293485653458,-0.08027533142923438,0.05458161539692552,0.24820497494644522,0.1936233595495197,93,5,-88,455,420,-35
test,149056873-149056884-002,severe_dysplastic,20260805,baseline,gaussian_blur,1,0.8439368240377112,0.8401052928266984,-0.003831531211012762,0.9514000643707756,0.9432371067142393,-0.008162957656536296,0.7364735837046468,0.7369734789391575,0.0004998952345107721,0.17698000564135974,0.2246540095963635,0.04767400395500376,0.021193653117775324,0.008446900534951118,-0.012746752582824206,151,175,24,128,191,63
test,149057756-149057766-002,moderate_dysplastic,20260805,baseline,gaussian_noise,20,0.9064662681949518,0.9017434354255562,-0.004722832769395557,0.9606373897372664,0.9559208068733657,-0.004716582863900753,0.8522951466526372,0.8475660639777469,-0.00472908267489025,0.08542989699588732,0.011212740534863097,-0.07421715646102423,0.005779974814204114,0.06091535202140441,0.0551353772072003,69,234,165,1032,206,-826
test,149057756-149057788-002,moderate_dysplastic,20260805,baseline,gaussian_blur,1,0.8403119777635518,0.8380258642188995,-0.0022861135446523573,0.9166462967489611,0.9133116883116883,-0.0033346084372728457,0.7639776587781425,0.7627400401261106,-0.0012376186520318688,0.21932176281182492,0.2194149076312878,9.31448194628759e-05,0.0927277129966243,0.3773910839410935,0.2846633709444692,123,170,47,2799,2877,78
test,149057756-149057788-002,moderate_dysplastic,20260805,baseline,gaussian_blur,2,0.8403119777635518,0.8342271779117837,-0.00608479985176813,0.9166462967489611,0.9110303030303031,-0.005615993718658063,0.7639776587781425,0.7574240527932643,-0.006553605984878197,0.21932176281182492,0.22201277499184602,0.0026910121800211018,0.0927277129966243,0.3627920572322585,0.2700643442356342,123,225,102,2799,3010,211
test,149057812-149057825-003,moderate_dysplastic,20260805,baseline,gaussian_noise,20,0.9026890558221455,0.8991086705352758,-0.0035803852868697694,0.9085845976570002,0.8983662613981763,-0.010218336258823846,0.8967935139872909,0.8998510796723753,0.003057565685084418,0.05073164497714605,0.07482415497781936,0.024092510000673306,0.06912451243076523,0.1331702911267465,0.06404577869598127,952,1066,114,678,156,-522
test,149057812-149057825-005,moderate_dysplastic,20260805,baseline,gaussian_blur,2,0.8323798535575089,0.8228962875624377,-0.009483565995071164,0.9474157303370786,0.9388224471021159,-0.008593283234962668,0.717343976777939,0.7069701280227596,-0.010373848755179438,0.1602671817333709,0.1864207584779642,0.026153576744593288,0.06832688380105545,0.06669559481240972,-0.0016312889886457294,12,90,78,2136,2360,224
test,149057812-149057847-004,moderate_dysplastic,20260805,baseline,gaussian_blur,3,0.9086714851734095,0.9137077682030061,0.005036283029596689,0.9446320054017556,0.9498798489529694,0.005247843551213771,0.8727109649450632,0.8775356874530428,0.004824722507979606,0.05862388128353646,0.048555022259622826,-0.010068859023913634,0.03730252377743448,0.08213668956426179,0.04483416578682731,280,182,-98,253,322,69
test,149058262-149058272-003,moderate_dysplastic,20260805,baseline,gaussian_blur,2,0.8896088343676671,0.879901337439696,-0.009707496927971127,0.9387520368062877,0.921652699278893,-0.017099337527394676,0.8404656319290466,0.8381499756004989,-0.0023156563285476883,0.07376858809166453,0.11495440191419981,0.04118581382253528,0.014829731886646824,0.03345794481411224,0.018628212927465415,633,804,171,56,459,403
test,149058262-149058272-003,moderate_dysplastic,20260805,baseline,gaussian_noise,20,0.8896088343676671,0.8824308478618541,-0.007177986505813028,0.9387520368062877,0.9393737508327782,0.0006217140264904719,0.8404656319290466,0.8254879448909299,-0.014977687038116638,0.07376858809166453,0.0251491279703141,-0.04861946012135043,0.014829731886646824,0.17049901345787177,0.15566928157122495,633,559,-74,56,564,508
test,149061666-149061699-003,moderate_dysplastic,20260805,baseline,gaussian_noise,20,0.9430188665469255,0.9364933772456319,-0.006525489301293597,0.9773075743636921,0.9735849056603774,-0.0037226687033147243,0.9087301587301587,0.8994018488308864,-0.009328309899272358,0.02675010478907691,0.03982124097207457,0.013071136182997656,0.016491679511770774,0.07907316813429388,0.06258148862252311,30,73,43,1108,1216,108
test,149097594-149097637-001,moderate_dysplastic,20260805,baseline,gaussian_noise,20,0.7889366854300041,0.7889637928757818,2.710744577771873e-05,0.8554089709762533,0.8632364702745935,0.007827499298340146,0.7224643998837548,0.7146911154769701,-0.0077732844067847084,0.34684143812098267,0.33598901508146084,-0.01085242303952183,0.31078999756456793,0.3776605307196307,0.06687053315506275,1078,1000,-78,2260,2281,21
test,149099276-149099290-001,light_dysplastic,20260805,baseline,gaussian_noise,10,0.7860965804625064,0.7779423114580122,-0.00815426900449423,0.8341232227488151,0.8338880484114978,-0.00023517433731734538,0.7380699381761978,0.7219965745045266,-0.016073363671671226,0.011586127180418182,0.004441164865345709,-0.007144962315072473,0.25103803170396544,0.3142734660186421,0.06323543431467665,1629,1631,2,5820,6358,538
test,149099276-149099290-002,light_dysplastic,20260805,baseline,gaussian_noise,30,0.8393668407142216,0.8446814435079038,0.005314602793682122,0.9706605000722648,0.9702510520969381,-0.0004094479753267155,0.7080731813561784,0.7191118349188695,0.01103865356269118,0.028847118680201442,0.06055487522389817,0.03170775654369673,0.07624593457028028,0.07567341698842445,-0.0005725175818558359,151,123,-28,5072,9817,4745
test,149105003-149105050-001,light_dysplastic,20260805,baseline,gaussian_blur,2,0.8909793727122146,0.8961831301682939,0.005203757456079261,0.9176103084732526,0.9335892514395393,0.015978942966286658,0.8643484369511767,0.8587770088970484,-0.005571428054128247,0.029417729625873912,0.012733371214573241,-0.01668435841130067,0.021350764738367167,0.10166878859810735,0.08031802385974018,398,310,-88,525,598,73
test,149105003-149105050-001,light_dysplastic,20260805,baseline,gaussian_blur,3,0.8909793727122146,0.8964995488107259,0.005520176098511298,0.9176103084732526,0.9394977168949772,0.02188740842172454,0.8643484369511767,0.8535013807264745,-0.010847056224702167,0.029417729625873912,0.0038220907197948906,-0.02559563890607902,0.021350764738367167,0.10077651964319378,0.07942575490482662,398,264,-134,525,637,112
test,149140081-149140096-002,moderate_dysplastic,20260805,baseline,gaussian_noise,30,0.8757291573703061,0.870650040808278,-0.005079116562028085,0.873043126956873,0.8662433642135943,-0.006799762743278759,0.8784151877837392,0.8750567174029616,-0.003358470380777523,0.017168135646397242,0.006550111967516203,-0.010618023678881039,0.29362826818522086,0.3453188968266825,0.05169062864146162,613,319,-294,992,1005,13
test,149140849-149140856-001,moderate_dysplastic,20260805,baseline,gaussian_blur,2,0.8349679971334177,0.8375142616065935,0.002546264473175741,0.9435302474251214,0.9428554509385918,-0.0006747964865295719,0.7264057468417141,0.7321730722745952,0.005767325432881054,0.17937109723461198,0.12287084845835772,-0.05650024877625426,0.032578050642361966,0.08035714188084275,0.047779091238480786,848,841,-7,572,172,-400
test,149140849-149140856-001,moderate_dysplastic,20260805,baseline,gaussian_blur,3,0.8349679971334177,0.8383273986058066,0.00335940147238889,0.9435302474251214,0.942111506524318,-0.0014187409008034058,0.7264057468417141,0.7345432906872954,0.008137543845581297,0.17937109723461198,0.08672900360055624,-0.09264209363405573,0.032578050642361966,0.14766122310828067,0.1150831724659187,848,814,-34,572,85,-487
test,149146837-149146854-001,carcinoma_in_situ,20260805,baseline,gaussian_blur,1,0.8485022362474961,0.8488197858051552,0.0003175495576590581,0.9682191147578875,0.9673686646609582,-0.0008504500969293005,0.7287853577371048,0.7302709069493521,0.0014855492122473057,0.2155711532519733,0.2535990839788489,0.0380279307268756,0.03876116039947186,0.04696736352990194,0.008206203130430079,39,50,11,201,239,38
test,149146837-149146854-001,carcinoma_in_situ,20260805,baseline,gaussian_blur,2,0.8485022362474961,0.851950505519447,0.0034482692719508545,0.9682191147578875,0.9662037037037037,-0.002015411054183791,0.7287853577371048,0.7376973073351903,0.0089119495980855,0.2155711532519733,0.3068386574151787,0.09126750416320539,0.03876116039947186,0.05706944128454916,0.0183082808850773,39,52,13,201,302,101
test,149146837-149146854-001,carcinoma_in_situ,20260805,baseline,gaussian_blur,3,0.8485022362474961,0.8504539029067691,0.0019516666592730436,0.9682191147578875,0.9605385329619313,-0.0076805817959562095,0.7287853577371048,0.740369272851607,0.011583915114502186,0.2155711532519733,0.37863799937677367,0.16306684612480038,0.03876116039947186,0.05623861738455682,0.01747745698508496,39,76,37,201,381,180
test,149181904-149181927-001,carcinoma_in_situ,20260805,baseline,gaussian_noise,10,0.9266995032418387,0.9182240298645037,-0.008475473377335008,0.9778848259251149,0.9746059544658494,-0.003278871459265531,0.8755141805585624,0.8618421052631579,-0.013672075295404595,0.10724418260087376,0.13707430406470966,0.0298301214638359,0.0040791762998980685,0.04223596536217211,0.038156789062274044,47,46,-1,297,356,59
test,149181904-149181951-001,carcinoma_in_situ,20260805,baseline,gaussian_blur,1,0.8979708807408255,0.8903974163009714,-0.007573464439854183,0.959234608985025,0.9513830678960603,-0.007851541088964686,0.8367071524966262,0.8294117647058824,-0.00729538779074379,0.04380261141549635,0.08753100487840593,0.043728393462909576,0.0004299783091716858,0.0009238234241976118,0.000493845115025926,194,230,36,87,52,-35
test,149181904-149181951-001,carcinoma_in_situ,20260805,baseline,gaussian_noise,10,0.8979708807408255,0.8936930252327229,-0.004277855508102668,0.959234608985025,0.9595351732724632,0.00030056428743818753,0.8367071524966262,0.8278508771929824,-0.008856275303643746,0.04380261141549635,0.003966533726374122,-0.03983607768912223,0.0004299783091716858,0.06475120140193891,0.06432122309276722,194,183,-11,87,144,57
test,149182125-149182135-002,carcinoma_in_situ,20260805,baseline,gaussian_blur,1,0.8421833614134047,0.8429149571005511,0.0007315956871464246,0.9574813372281726,0.9588638589618022,0.001382521733629516,0.7268853855986366,0.7269660552393,8.06696406634444e-05,0.1263752539858778,0.16394387573868974,0.03756862175281195,0.10839986734685625,0.11614226034066377,0.007742392993807523,228,192,-36,398,447,49
test,149182125-149182135-002,carcinoma_in_situ,20260805,baseline,gaussian_blur,2,0.8421833614134047,0.8399085644059312,-0.0022747970074734614,0.9574813372281726,0.9562634098035979,-0.0012179274245747163,0.7268853855986366,0.7235537190082645,-0.0033316665903720954,0.1263752539858778,0.23269650609710557,0.10632125211122778,0.10839986734685625,0.12712804855696458,0.01872818121010833,228,125,-103,398,544,146
test,149182125-149182135-002,carcinoma_in_situ,20260805,baseline,gaussian_blur,3,0.8421833614134047,0.8324740344629029,-0.009709326950501751,0.9574813372281726,0.9516641578859341,-0.0058171793422385765,0.7268853855986366,0.7132839110398718,-0.013601474558764814,0.1263752539858778,0.32184066716840554,0.19546541318252775,0.10839986734685625,0.15421353041424002,0.04581366306738377,228,45,-183,398,695,297
test,149182657-149182667-001,carcinoma_in_situ,20260805,baseline,gaussian_noise,20,0.8268886919934568,0.8213478306691144,-0.005540861324342394,0.9463270890338876,0.9338025071475698,-0.012524581886317776,0.707450294953026,0.708893154190659,0.0014428592376329874,0.08029131595649819,0.060805378312263625,-0.019485937644234563,0.11838597334360323,0.24128377177373544,0.12289779843013221,19,223,204,195,83,-112
test,149182657-149182681-002,carcinoma_in_situ,20260805,baseline,gaussian_blur,1,0.6076742327224156,0.6017806779430335,-0.0058935547793821375,0.7879063423505343,0.7804208600182982,-0.007485482332236004,0.427442123094297,0.4231404958677686,-0.004301627226528437,1.0185640055904548,1.0642046669253244,0.04564066133486966,0.022721434587643308,0.0032593937761062897,-0.019462040811537018,933,960,27,652,740,88
test,149182657-149182681-002,carcinoma_in_situ,20260805,baseline,gaussian_noise,10,0.6076742327224156,0.608141195369097,0.0004669626466814458,0.7879063423505343,0.7996398018910401,0.011733459540505864,0.427442123094297,0.416642588847154,-0.010799534247143028,1.0185640055904548,0.9640303180095569,-0.05453368758089794,0.022721434587643308,0.10308366264714952,0.08036222805950621,933,890,-43,652,571,-81
test,149185604-149185616-001,carcinoma_in_situ,20260805,baseline,gaussian_noise,20,0.6915087520522867,0.683540206484275,-0.007968545568011631,0.7821612349914236,0.8129175946547884,0.030756359663364763,0.6008562691131498,0.5541628183137617,-0.046693450799388136,0.7465102616896544,0.6259529331656747,-0.12055732852397971,0.39494852221647514,0.4825334840629946,0.08758496184651948,1512,1324,-188,1653,1057,-596
test,149185604-149185645-003,carcinoma_in_situ,20260805,baseline,gaussian_blur,1,0.8107851773327965,0.8098715813056916,-0.0009135960271049459,0.9579181807525495,0.9542083578575633,-0.0037098228949862255,0.6636521739130434,0.66553480475382,0.0018826308407765557,0.7299294536236247,0.865541666822045,0.13561221319842032,0.09864461029504357,0.11118662303090088,0.01254201273585731,351,387,36,233,303,70
test,149185604-149185657-001,carcinoma_in_situ,20260805,baseline,gaussian_blur,1,0.8510737588206542,0.8474243550087266,-0.0036494038119275762,0.9640317008738062,0.963265306122449,-0.0007663947513572023,0.7381158167675022,0.7315834038950042,-0.00653241287249795,0.7409973136821539,0.8190193955562781,0.07802208187412418,0.08233655787054961,0.07036992936423703,-0.011966628506312582,71,92,21,360,408,48
test,149185604-149185657-001,carcinoma_in_situ,20260805,baseline,gaussian_noise,10,0.8510737588206542,0.8517037363080016,0.0006299774873473885,0.9640317008738062,0.9599835830084137,-0.004048117865392498,0.7381158167675022,0.7434238896075894,0.0053080728400872745,0.7409973136821539,0.7835225079968944,0.042525194314740444,0.08233655787054961,0.05775034826247205,-0.02458620960807756,71,119,48,360,365,5
test,149185698-149185709-002,carcinoma_in_situ,20260805,baseline,gaussian_blur,1,0.7426794489995969,0.7439049337012291,0.0012254847016321957,0.9162481335686168,0.9137414965986395,-0.002506636969977327,0.5691107644305772,0.5740683708038189,0.004957606373241719,0.32340322113272446,0.38912006895944673,0.06571684782672227,0.000595841069558789,0.01664320396750385,0.01604736289794506,617,634,17,43,1,-42
test,149185698-149185709-002,carcinoma_in_situ,20260805,baseline,gaussian_blur,2,0.7426794489995969,0.7449408901935539,0.0022614411939569923,0.9162481335686168,0.9080962800875274,-0.008151853481089377,0.5691107644305772,0.5817855002995805,0.012674735869003362,0.32340322113272446,0.5211385805680258,0.1977353594353013,0.000595841069558789,0.03550798110382425,0.03491214003426546,617,672,55,43,90,47
test,149185698-149185709-002,carcinoma_in_situ,20260805,baseline,gaussian_blur,3,0.7426794489995969,0.7451440494833608,0.0024646004837638458,0.9162481335686168,0.8993658671078026,-0.016882266460814144,0.5691107644305772,0.5909222318589188,0.021811467428341613,0.32340322113272446,0.6804714030684151,0.3570681819356907,0.000595841069558789,0.03547093395183998,0.03487509288228119,617,730,113,43,211,168
test,149185698-149185709-002,carcinoma_in_situ,20260805,baseline,gaussian_noise,10,0.7426794489995969,0.7351559914254431,-0.007523457574153847,0.9162481335686168,0.9158066268332428,-0.00044150673537401985,0.5691107644305772,0.5545053560176434,-0.014605408412933785,0.32340322113272446,0.2826442078499922,-0.04075901328273224,0.000595841069558789,0.1809389288326183,0.18034308776305952,617,620,3,43,74,31
test,149185788-149185824-001,carcinoma_in_situ,20260805,baseline,gaussian_blur,3,0.7249135865844549,0.7231452645687895,-0.0017683220156654578,0.9032368556259633,0.8782107286388258,-0.025026126987137576,0.5465903175429464,0.5680798004987531,0.02148948295580666,0.050501939811060215,0.14865552964104856,0.09815358982998834,0.006426402866329228,0.024531245280170033,0.018104842413840805,515,631,116,402,234,-168
test,149314453-149314507-001,carcinoma_in_situ,20260805,baseline,gaussian_blur,1,0.8777924649272754,0.8691855020813111,-0.008606962845964294,0.9591378536147284,0.9552643470402169,-0.003873506574511465,0.7964470762398224,0.7831066571224051,-0.013340419117417235,0.5026817745888539,0.6023991531416186,0.09971737855276475,0.03506458465272122,0.03188792203461621,-0.0031766626181050084,83,97,14,153,199,46
test,149314453-149314507-001,carcinoma_in_situ,20260805,baseline,gaussian_noise,20,0.8777924649272754,0.8732760727214064,-0.004516392205868969,0.9591378536147284,0.9611086276262852,0.001970774011556875,0.7964470762398224,0.7854435178165277,-0.011003558423294701,0.5026817745888539,0.4254359117046931,-0.0772458628841608,0.03506458465272122,0.08288949231861287,0.04782490766589165,83,73,-10,153,121,-32
test,149314453-149314507-002,carcinoma_in_situ,20260805,baseline,gaussian_blur,3,0.8874737876033507,0.8895050820105661,0.0020312944072153893,0.9226785053644099,0.9163854518185227,-0.006293053545887162,0.8522690698422916,0.8626247122026094,0.01035564236031783,0.16774718447450815,0.10347614233728047,-0.06427104213722767,0.01061978973632638,0.07019270031290203,0.059572910576575655,191,155,-36,742,441,-301
test,149314679-149314698-001,carcinoma_in_situ,20260805,baseline,gaussian_blur,1,0.7645224652317182,0.7685863496321124,0.00406388440039418,0.9192118226600985,0.9181459566074951,-0.0010658660526033925,0.6098331078033379,0.6190267426567295,0.009193634853391641,1.860687497195404,1.9556565316763797,0.09496903448097571,0.04591738724912542,0.05741262596786634,0.011495238718740919,492,498,6,529,593,64
test,149314679-149314698-001,carcinoma_in_situ,20260805,baseline,gaussian_blur,2,0.7645224652317182,0.761218667480527,-0.003303797751191162,0.9192118226600985,0.9111662531017369,-0.008045569558361554,0.6098331078033379,0.6112710818593171,0.0014379740559792298,1.860687497195404,2.163939383079942,0.3032518858845381,0.04591738724912542,0.06102355280298222,0.015106165553856798,492,537,45,529,743,214
test,149314679-149314698-001,carcinoma_in_situ,20260805,baseline,gaussian_noise,10,0.7645224652317182,0.758946529178905,-0.005575936052813146,0.9192118226600985,0.9158293526601877,-0.0033824699999107644,0.6098331078033379,0.6020637056976222,-0.007769402105715639,1.860687497195404,1.8920688829195682,0.03138138572416427,0.04591738724912542,0.014699056485355744,-0.031218330763769675,492,511,19,529,541,12
test,149315229-149315310-001,severe_dysplastic,20260805,baseline,gaussian_blur,1,0.7311844909434921,0.722258707994476,-0.008925782949016137,0.950734394124847,0.947675310725794,-0.00305908339905292,0.5116345877621373,0.4968421052631579,-0.014792482498979409,2.180619378443714,2.227829350708227,0.0472099722645134,0.004304767094934214,0.005586450285014477,0.0012816831900802628,644,682,38,2966,3129,163
test,149315229-149315310-001,severe_dysplastic,20260805,baseline,gaussian_noise,20,0.7311844909434921,0.7290744868697651,-0.0021100040737270787,0.950734394124847,0.9361669122779803,-0.014567481846866626,0.5116345877621373,0.5219820614615498,0.010347473699412468,2.180619378443714,2.175926082234639,-0.00469329620907466,0.004304767094934214,0.14801497231255045,0.14371020521761624,644,823,179,2966,2805,-161
test,149315671-149315740-001,carcinoma_in_situ,20260805,baseline,gaussian_blur,1,0.8032268691864219,0.799056906533618,-0.0041699626528038936,0.9541650059784775,0.9543369890329013,0.00017198305442378548,0.6522887323943662,0.6437768240343348,-0.008511908360031462,0.7156240074963334,0.7999138924892686,0.08428988499293522,0.06316072288327967,0.06592055644544748,0.0027598335621678016,150,153,3,294,352,58
test,149316754-149316779-002,moderate_dysplastic,20260805,baseline,gaussian_noise,30,0.8678637897535535,0.8697137020669492,0.0018499123133957074,0.906636670416198,0.9352462194649089,0.028609549048710936,0.8290909090909091,0.8041811846689896,-0.02490972442191952,0.22611180746584292,0.2162914661131644,-0.009820341352678508,0.19045639009535564,0.27640370812318216,0.08594731802782651,498,322,-176,806,996,190
test,149317002-149317010-002,severe_dysplastic,20260805,baseline,gaussian_blur,1,0.8886677589147209,0.8893734153662254,0.0007056564515044439,0.9572649572649573,0.9599753694581281,0.002710412193170808,0.8200705605644845,0.8187714612743228,-0.0012990992901616982,0.02615156657321327,0.06081384564232084,0.03466227906910757,0.011494487043463675,0.07994690253578385,0.06845241549232017,86,58,-28,41,111,70
test,149317204-149317230-002,severe_dysplastic,20260805,baseline,gaussian_blur,2,0.7931927343112322,0.7995586361689786,0.006365901857746437,0.936878612716763,0.9341592108281715,-0.002719401888591433,0.6495068559057012,0.6649580615097856,0.015451205604084417,0.05864169149043885,0.0058564148556015105,-0.05278527663483734,0.18246725834958388,0.2251568304562953,0.042689572106711426,123,89,-34,235,100,-135
test,149317204-149317230-002,severe_dysplastic,20260805,baseline,gaussian_blur,3,0.7931927343112322,0.8003164134842748,0.007123679173042685,0.936878612716763,0.9289467671921408,-0.007931845524622227,0.6495068559057012,0.6716860597764088,0.022179203870707598,0.05864169149043885,0.028296865981545127,-0.030344825508893725,0.18246725834958388,0.22678717364629508,0.0443199152967112,123,71,-52,235,9,-226
test,149788987-149788996-003,light_dysplastic,20260805,baseline,gaussian_blur,3,0.8901850776631137,0.887825169167298,-0.002359908495815688,0.9596872284969592,0.9568860185023564,-0.00280120999460276,0.8206829268292682,0.8187643198322395,-0.0019186069970287267,0.11938219005752748,0.10932184483543661,-0.010060345222090872,0.011315953408335355,0.05869685781741474,0.04738090440907938,328,276,-52,2639,2513,-126
test,153276386-153276405-001,moderate_dysplastic,20260805,baseline,gaussian_blur,2,0.8613039241505283,0.853687861464296,-0.007616062686232272,0.9583948793697686,0.9558696988322065,-0.0025251805375621217,0.7642129689312879,0.7515060240963856,-0.012706944834902312,0.38026357084587603,0.4178704575946648,0.03760688674878876,0.10854563449813692,0.16809083232656308,0.059545197828426155,206,195,-11,1179,1390,211
test,153276386-153276405-002,moderate_dysplastic,20260805,baseline,gaussian_blur,1,0.7581843047492856,0.7538326678168392,-0.004351636932446334,0.8983153557144589,0.8950624772534271,-0.0032528784610317274,0.6180532537841122,0.6126028583802512,-0.0054503954038610525,0.3448852040816326,0.37199216604462315,0.02710696196299056,0.17371391873134256,0.17709756040070768,0.0033836416693651117,45,37,-8,1701,1886,185
test,153276386-153276405-002,moderate_dysplastic,20260805,baseline,gaussian_noise,10,0.7581843047492856,0.7580460614026032,-0.00013824334668233185,0.8983153557144589,0.889586098708821,-0.00872925700563787,0.6180532537841122,0.6265060240963856,0.008452770312273317,0.3448852040816326,0.34945983526316104,0.004574631181528455,0.17371391873134256,0.27652206325832396,0.1028081445269814,45,81,36,1701,1780,79
test,153276386-153276414-001,moderate_dysplastic,20260805,baseline,gaussian_blur,3,0.9274107166790435,0.9179651862258029,-0.009445530453240591,0.9730499821916182,0.9628653569717297,-0.010184625219888499,0.8817714511664689,0.8730650154798761,-0.008706435686592795,0.07152636474907703,0.1077172768449356,0.03619091209585856,0.0034895710163020954,0.030438160769014178,0.026948589752712082,83,158,75,553,828,275
test,153654869-153654880-001,severe_dysplastic,20260805,baseline,gaussian_blur,1,0.7587602923880568,0.7605234418548089,0.0017631494667521563,0.8628517823639775,0.8595929136826235,-0.0032588686813540546,0.6546688024121361,0.6614539700269944,0.006785167614858256,0.1429047424780735,0.17521574671845097,0.03231100424037747,0.04041876781917031,0.08931371596169624,0.04889494814252593,1176,1224,48,417,287,-130
test,153654869-153654880-001,severe_dysplastic,20260805,baseline,gaussian_blur,2,0.7587602923880568,0.7556548671899307,-0.003105425198126066,0.8628517823639775,0.8491843937804063,-0.013667388583571194,0.6546688024121361,0.662125340599455,0.007456538187318951,0.1429047424780735,0.2423182040542915,0.099413461576218,0.04041876781917031,0.2500692647524442,0.20965049693327387,1176,1353,177,417,20,-397
test,153655016-153655039-005,severe_dysplastic,20260805,baseline,gaussian_noise,10,0.8246527404556749,0.8229869390749979,-0.0016658013806770677,0.884323107233324,0.8934151785714286,0.009092071338104635,0.7649823736780259,0.7525586995785671,-0.01242367409945877,0.5014910481059206,0.4475388183751048,-0.053952229730815815,0.10088941209823865,0.21609113063954433,0.11520171854130568,411,380,-31,412,330,-82
test,153655087-153655101-002,severe_dysplastic,20260805,baseline,gaussian_blur,1,0.8257068527977199,0.8218456967856872,-0.0038611560120327404,0.8850948509485095,0.877968877968878,-0.0071259729796314675,0.7663188546469304,0.7657225156024964,-0.0005963390444340133,0.09044478330363204,0.12153205860002447,0.031087275296392436,0.05219914155349448,0.016867739508817925,-0.03533140204467655,198,225,27,13,32,19
test,153655087-153655101-002,severe_dysplastic,20260805,baseline,gaussian_blur,2,0.8257068527977199,0.8209279661218201,-0.004778886675899874,0.8850948509485095,0.8709588284056369,-0.014136022542872606,0.7663188546469304,0.7708971038380033,0.0045782491910728584,0.09044478330363204,0.17214484494214455,0.08170006163851251,0.05219914155349448,0.012065284560880962,-0.040133856992613515,198,269,71,13,113,100
test,153657121-153657160-001,severe_dysplastic,20260805,baseline,gaussian_blur,1,0.8447548111392986,0.8464657110627042,0.0017108999234055622,0.9536307961504812,0.95075,-0.002880796150481202,0.7358788261281162,0.7421814221254084,0.006302595997292215,0.10942701610819183,0.1424345937499274,0.033007577641735564,0.00240996977153074,0.025633739980514436,0.023223770208983696,271,272,1,60,149,89
test,153657121-153657160-001,severe_dysplastic,20260805,baseline,gaussian_blur,2,0.8447548111392986,0.8472491163204188,0.002494305181120149,0.9536307961504812,0.9449173760640961,-0.008713420086385093,0.7358788261281162,0.7495808565767413,0.013702030448625169,0.10942701610819183,0.1919595652738153,0.08253254916562347,0.00240996977153074,0.03642377946016384,0.0340138096886331,271,284,13,60,283,223
test,153657121-153657160-001,severe_dysplastic,20260805,baseline,gaussian_blur,3,0.8447548111392986,0.840147649237275,-0.004607161902023593,0.9536307961504812,0.9360954174513496,-0.017535378699131576,0.7358788261281162,0.7441998810232004,0.008321054895084279,0.10942701610819183,0.2495557086956155,0.14012869258742366,0.00240996977153074,0.039491820694404156,0.037081850922873416,271,307,36,60,446,386
test,153659229-153659264-001,severe_dysplastic,20260805,baseline,gaussian_blur,2,0.8784932448555358,0.8788931515124694,0.00039990665693356853,0.9468713105076741,0.9381866313699537,-0.008684679137720419,0.8101151792033975,0.8195996716549852,0.009484492451587667,0.05201819529937102,0.07744597565476113,0.025427780355390117,0.02658732874425629,0.010911462423370044,-0.015675866320886245,389,457,68,31,327,296
test,153659229-153659264-001,severe_dysplastic,20260805,baseline,gaussian_blur,3,0.8784932448555358,0.8701409958935564,-0.008352248961979392,0.9468713105076741,0.9256530475552579,-0.021218262952416245,0.8101151792033975,0.814628944231855,0.0045137650284574615,0.05201819529937102,0.09401925855705268,0.04200106325768166,0.02658732874425629,0.004046624272561528,-0.02254070447169476,389,547,158,31,431,400
test,153659229-153659264-001,severe_dysplastic,20260805,baseline,gaussian_noise,20,0.8784932448555358,0.8707252225809936,-0.007768022274542208,0.9468713105076741,0.9398227747652427,-0.007048535742431472,0.8101151792033975,0.8016276703967447,-0.008487508806652833,0.05201819529937102,0.007986263880702782,-0.044031931418668235,0.02658732874425629,0.06836367966469625,0.041776350920439964,389,451,62,31,765,734
test,153697342-153697375-001,moderate_dysplastic,20260805,baseline,gaussian_blur,1,0.8627681332599365,0.8562797987354819,-0.006488334524454631,0.9669669669669669,0.9646869983948636,-0.0022799685721033303,0.7585692995529061,0.7478725990761002,-0.010696700476805932,0.2623238803300443,0.3105679513087838,0.048244070978739506,0.003663426625035049,0.004832665625984611,0.0011692390009495623,163,174,11,292,379,87
test,153697342-153697375-001,moderate_dysplastic,20260805,baseline,gaussian_noise,20,0.8627681332599365,0.8620457992179835,-0.0007223340419529878,0.9669669669669669,0.9651860744297719,-0.0017808925371950446,0.7585692995529061,0.7589055240061952,0.000336224453289069,0.2623238803300443,0.1760789566458476,-0.08624492368419667,0.003663426625035049,0.059573251896453905,0.055909825271418856,163,160,-3,292,140,-152
test,153697342-153697384-001,moderate_dysplastic,20260805,baseline,gaussian_noise,20,0.9037359977327739,0.8940199732169727,-0.009716024515801225,0.9760687257107793,0.9732901659247268,-0.002778559786052459,0.8314032697547684,0.8147497805092186,-0.01665348924554977,0.09124078350437037,0.17367670658066736,0.08243592307629699,0.0069725232378986535,0.09662426091226928,0.08965173767437062,105,52,-53,446,623,177
test,153697726-153697736-001,light_dysplastic,20260805,baseline,gaussian_noise,30,0.8868054662030602,0.8840135546396735,-0.002791911563386762,0.9337657477859549,0.9362867098058736,0.0025209620199186933,0.8398451846201656,0.8317403994734733,-0.008104785146692217,0.12990590146251663,0.11835263969656612,-0.011553261765950507,0.06878902370020779,0.13752253818861382,0.06873351448840603,1028,990,-38,2775,2324,-451
test,153701009-153701019-002,light_dysplastic,20260805,baseline,gaussian_noise,30,0.8581838327421552,0.8500648905999975,-0.008118942142157692,0.8817649926864944,0.8803013731923685,-0.0014636194941259895,0.8346026727978157,0.8198284080076264,-0.014774264790189395,0.21380991198924543,0.24952905827256505,0.035719146283319625,0.1534334483154426,0.2693592869342868,0.1159258386188442,956,981,25,892,1173,281
test,153701622-153701650-001,moderate_dysplastic,20260805,baseline,gaussian_blur,1,0.8115457884367665,0.8085496814759658,-0.0029961069608006596,0.9351189702249383,0.9341176470588235,-0.001001323166114787,0.6879726066485946,0.6829817158931083,-0.00499089075548631,0.22608213123871101,0.2622801567165466,0.03619802547783557,0.10154193320902127,0.10716526171297314,0.005623328503951863,127,168,41,601,702,101
test,153701622-153701650-001,moderate_dysplastic,20260805,baseline,gaussian_blur,2,0.8115457884367665,0.8042068766832879,-0.007338911753478561,0.9351189702249383,0.9319593077024706,-0.0031596625224676878,0.6879726066485946,0.6764544456641054,-0.011518160984489212,0.22608213123871101,0.32385723770849606,0.09777510646978504,0.10154193320902127,0.12786718366980843,0.026325250460787153,127,249,122,601,880,279
test,153701949-153701958-001,light_dysplastic,20260805,baseline,gaussian_blur,2,0.8235509289588663,0.822434982120846,-0.0011159468380202986,0.89821117619123,0.9015151515151515,0.0033039753239214598,0.7488906817265026,0.7433548127265405,-0.005535868999962168,0.1276005170641178,0.1256422668110979,-0.0019582502530198775,0.0371477775714959,0.0890099167724765,0.051862139200980595,1162,1124,-38,162,194,32
test,153701949-153701958-001,light_dysplastic,20260805,baseline,gaussian_blur,3,0.8235509289588663,0.8233622641594256,-0.00018866479944068537,0.89821117619123,0.9060877772534214,0.007876601062191346,0.7488906817265026,0.7406367510654299,-0.008253930661072717,0.1276005170641178,0.12610064079065209,-0.0014998762734657056,0.0371477775714959,0.13406386437829476,0.09691608680679886,1162,1082,-80,162,275,113
test,153826963-153826970-001,severe_dysplastic,20260805,baseline,gaussian_blur,1,0.7279370058488663,0.7362565636108855,0.008319557762019203,0.8934747856416219,0.8944081336238199,0.0009333479821980184,0.5623992260561109,0.5781049935979513,0.015705767541840387,0.6301451397791957,0.6547178489007155,0.024572709121519765,0.14710440386400514,0.1907501897773548,0.043645785913349666,725,721,-4,113,136,23
test,153826963-153826970-001,severe_dysplastic,20260805,baseline,gaussian_blur,2,0.7279370058488663,0.7341999134466927,0.006262907597826328,0.8934747856416219,0.8856347927954312,-0.007839992846190635,0.5623992260561109,0.5827650340979541,0.02036580804184318,0.6301451397791957,0.7984022309406991,0.16825709116150334,0.14710440386400514,0.23579240235818666,0.08868799849418152,725,777,52,113,238,125
test,153826963-153826970-001,severe_dysplastic,20260805,baseline,gaussian_blur,3,0.7279370058488663,0.7186527247136291,-0.009284281135237271,0.8934747856416219,0.8659609363351722,-0.027513849306449623,0.5623992260561109,0.5713445130920859,0.00894528703597497,0.6301451397791957,1.0211059460940877,0.39096080631489194,0.14710440386400514,0.2767742663539785,0.12966986248997336,725,899,174,113,411,298
test,153826963-153826982-003,severe_dysplastic,20260805,baseline,gaussian_blur,1,0.7715391906215554,0.7716774231838718,0.00013823256231637604,0.9376133764492468,0.9379288587428031,0.00031548229355626844,0.6054650047938639,0.6054259876249405,-3.901716892340534e-05,1.6480959745450048,1.6762039475322288,0.028107972987224006,0.009452623189743936,0.0226754488907982,0.013222825701054264,685,685,0,858,888,30
test,153826963-153826982-003,severe_dysplastic,20260805,baseline,gaussian_blur,2,0.7715391906215554,0.7669439233336717,-0.004595267287883731,0.9376133764492468,0.9354736675628658,-0.002139708886381042,0.6054650047938639,0.5984141791044776,-0.007050825689386309,1.6480959745450048,1.7657703161804825,0.11767434163547774,0.009452623189743936,0.04805617387386674,0.0386035506841228,685,718,33,858,974,116
test,153826963-153826982-003,severe_dysplastic,20260805,baseline,gaussian_blur,3,0.7715391906215554,0.7621904896421285,-0.00934870097942686,0.9376133764492468,0.9321590097595811,-0.005454366689665702,0.6054650047938639,0.5922219695246759,-0.01324303526918802,1.6480959745450048,1.8716401111850187,0.22354413664001394,0.009452623189743936,0.05099704683403716,0.04154442364429323,685,761,76,858,1083,225
test,153826963-153826982-003,severe_dysplastic,20260805,baseline,gaussian_noise,20,0.7715391906215554,0.7664038604893695,-0.005135330132185922,0.9376133764492468,0.9252731477789298,-0.012340228670317033,0.6054650047938639,0.6075345731998093,0.00206956840594541,1.6480959745450048,1.7239567734880432,0.07586079894303843,0.009452623189743936,0.1817014722422008,0.17224884905245685,685,825,140,858,880,22
test,153827595-153827657-002,carcinoma_in_situ,20260805,baseline,gaussian_blur,1,0.9123850561676791,0.9123943461830222,9.290015343110802e-06,0.971894832275612,0.9733909483738913,0.0014961160982792654,0.8528752800597461,0.8513977439921531,-0.0014775360675930438,0.03622368673810117,0.07405990228862014,0.03783621555051897,0.048774707677851414,0.08054827470603776,0.031773567028186345,80,65,-15,139,200,61
test,153827595-153827657-002,carcinoma_in_situ,20260805,baseline,gaussian_blur,2,0.9123850561676791,0.9057937560395615,-0.006591300128117594,0.971894832275612,0.9694063926940639,-0.0024884395815480964,0.8528752800597461,0.8421811193850589,-0.010694160674687203,0.03622368673810117,0.12156705785448996,0.08534337111638879,0.048774707677851414,0.09112227977447473,0.04234757209662332,80,48,-32,139,285,146
test,153828877-153828902-002,severe_dysplastic,20260805,baseline,gaussian_blur,2,0.8209673948713406,0.8276093498488407,0.006641954977500086,0.971761658031088,0.9666623427163056,-0.005099315314782471,0.6701731317115932,0.6885563569813758,0.018383225269782644,0.39621513993085333,0.34378989697669304,-0.05242524295416029,0.015855257186874305,0.07136547734308318,0.05551022015620888,194,205,11,2238,2075,-163
test,153828952-153828970-001,severe_dysplastic,20260805,baseline,gaussian_noise,10,0.8012827120514829,0.8056243494909172,0.004341637439434276,0.9601603608118267,0.9681925907446676,0.008032229932840917,0.6424050632911392,0.6430561082371667,0.0006510449460275236,0.2833706048919624,0.35531751967802805,0.07194691478606563,0.008769786041514682,0.009582096710742172,0.0008123106692274895,104,69,-35,146,161,15
test,153828952-153828970-001,severe_dysplastic,20260805,baseline,gaussian_noise,30,0.8012827120514829,0.7976825041293589,-0.00360020792212401,0.9601603608118267,0.9483305827091533,-0.011829778102673383,0.6424050632911392,0.6470344255495645,0.004629362258425251,0.2833706048919624,0.5458982212323931,0.26252761634043065,0.008769786041514682,0.14436502011749852,0.13559523407598384,104,209,105,146,263,117
test,153830680-153830827-002,severe_dysplastic,20260805,baseline,gaussian_noise,30,0.8013931741400941,0.7938501433925014,-0.007543030747592772,0.9729194187582563,0.9704896042924211,-0.002429814465835123,0.629866929521932,0.6172106824925816,-0.01265624702935042,1.1504313871402023,1.0710058336090111,-0.07942555353119118,0.03188387848286356,0.07833556558532573,0.04645168710246217,110,18,-92,343,350,7
test,153916114-153916150-001,carcinoma_in_situ,20260805,baseline,gaussian_blur,2,0.8703903333332759,0.872887184289645,0.00249685095636909,0.961798574300859,0.948975791433892,-0.01282278286696703,0.7789820923656927,0.7967985771453979,0.01781648477970521,0.055569205569205415,0.13574694097082163,0.08017773540161621,0.07793635448432734,0.1316183530528271,0.053681998568499756,135,236,101,196,58,-138
test,153916114-153916150-001,carcinoma_in_situ,20260805,baseline,gaussian_blur,3,0.8703903333332759,0.8701198979436497,-0.00027043538962612246,0.961798574300859,0.9408450704225352,-0.020953503878323843,0.7789820923656927,0.7993947254647644,0.02041263309907171,0.055569205569205415,0.21439981128260444,0.15883060571339902,0.07793635448432734,0.16769853437868165,0.08976217989435431,135,281,146,196,186,-10
test,153916569-153916586-001,carcinoma_in_situ,20260805,baseline,gaussian_blur,2,0.7858509398936908,0.7823845377818264,-0.0034664021118644417,0.8566117896972916,0.8517932489451476,-0.0048185407521439405,0.7150900900900901,0.7129758266185051,-0.002114263471584943,0.8005100840648253,0.7673499770957398,-0.033160106969085446,0.16681556203533554,0.2464158888144714,0.07960032677913587,484,510,26,814,767,-47
test,153916569-153916586-001,carcinoma_in_situ,20260805,baseline,gaussian_blur,3,0.7858509398936908,0.7838003951239361,-0.0020505447697547474,0.8566117896972916,0.8513549066035254,-0.0052568830937661515,0.7150900900900901,0.7162458836443468,0.0011557935542567677,0.8005100840648253,0.7267216055369049,-0.07378847852792036,0.16681556203533554,0.30184565117717266,0.13503008914183712,484,519,35,814,722,-92
test,153956040-153956058-003,normal_columnar,20260805,baseline,gaussian_noise,10,0.8747569742483662,0.8687229306115032,-0.006034043636862996,0.8874361593462717,0.8795620437956204,-0.007874115550651317,0.8620777891504606,0.8578838174273858,-0.004193971723074785,0.17382796373664477,0.2039921598071267,0.03016419607048193,0.010745571201065895,0.0370437572103377,0.026298186009271807,541,578,37,220,324,104
test,153956040-153956072-003,normal_columnar,20260805,baseline,gaussian_noise,30,0.8099705798069049,0.8095226369874258,-0.00044794281947913017,0.8313627878033603,0.8648018648018648,0.03343907699850457,0.7885783718104495,0.7542434091729866,-0.03433496263746294,0.13864034710593648,0.08463692837681513,-0.054003418729121344,0.057018698794828904,0.17945761232688573,0.12243891353205683,512,294,-218,1006,560,-446
test,153956444-153956458-004,normal_columnar,20260805,baseline,gaussian_blur,3,0.9002587568373455,0.8938037866153126,-0.006454970222032896,0.9542048293089093,0.9543454345434543,0.0001406052345450659,0.8463126843657817,0.8332621386871707,-0.01305054567861097,0.02516427455430592,0.050329889524952265,0.025165614970646344,0.03286467675158722,0.04358894082065712,0.0107242640690699,13,20,7,136,379,243
test,153956444-153956458-004,normal_columnar,20260805,baseline,gaussian_noise,30,0.9002587568373455,0.8949962547482457,-0.00526250208909973,0.9542048293089093,0.9453015427769986,-0.008903286531910637,0.8463126843657817,0.8446909667194928,-0.0016217176462888228,0.02516427455430592,0.04376829009797967,0.018604015543673746,0.03286467675158722,0.15337349200088501,0.1205088152492978,13,51,38,136,334,198
test,153958547-153958572-002,normal_columnar,20260805,baseline,gaussian_blur,2,0.8034807771037255,0.8126205847770138,0.00913980767328837,0.8515463917525773,0.8516397709526289,9.337920005159095e-05,0.7554151624548736,0.7736013986013986,0.018186236146525037,0.6212741185986929,0.5087294800838181,-0.11254463851487473,0.06362467232193825,0.11796145122222279,0.054336778900284544,288,269,-19,428,356,-72
test,153958547-153958572-002,normal_columnar,20260805,baseline,gaussian_blur,3,0.8034807771037255,0.7998118895096016,-0.0036688875941238708,0.8515463917525773,0.8400208441896821,-0.011525547562895144,0.7554151624548736,0.7596029348295209,0.004187772374647292,0.6212741185986929,0.4736815697245683,-0.14759254887412454,0.06362467232193825,0.12368921565461144,0.06006454333267319,288,267,-21,428,327,-101
test,153958547-153958572-008,normal_columnar,20260805,baseline,gaussian_noise,20,0.6926498198062108,0.6963253645199389,0.003675544713728107,0.8483221476510067,0.842843779232928,-0.005478368418078694,0.5369774919614148,0.5498069498069498,0.01282945784553502,0.40727906569556693,0.6502702729002154,0.2429912072046485,0.18457484634036997,0.07501120154531415,-0.10956364479505581,17,114,97,130,181,51
test,154519964-154519981-001,light_dysplastic,20260805,baseline,gaussian_blur,2,0.8066936194233896,0.804002510525852,-0.002691108897537542,0.8445078459343794,0.8389856400855484,-0.005522205848831008,0.7688793929123996,0.7690193809661556,0.00013998805375603496,0.37519332209860035,0.3384090205512852,-0.03678430154731516,0.009253109589815844,0.09103410408175261,0.08178099449193676,1468,1473,5,1451,1196,-255
test,154519964-154519981-001,light_dysplastic,20260805,baseline,gaussian_blur,3,0.8066936194233896,0.8033461108250963,-0.0033475085982932473,0.8445078459343794,0.8386237968462011,-0.0058840490881783,0.7688793929123996,0.7680684248039914,-0.0008109681084081943,0.37519332209860035,0.3025741201313248,-0.07261920196727556,0.009253109589815844,0.13347065776939637,0.12421754817958053,1468,1420,-48,1451,994,-457
test,157181481-157181497-004,normal_columnar,20260805,baseline,gaussian_blur,2,0.8774051798928906,0.8863766626121474,0.008971482719256851,0.9516824849007766,0.9447585906916051,-0.0069238942091714994,0.8031278748850046,0.8279947345326898,0.024866859647685202,0.1037886691076701,0.0389544001517374,-0.0648342689559327,0.1824617288847049,0.22515640776056633,0.042694678875861425,30,11,-19,364,154,-210
test,157183964-157183980-001,normal_superficiel,20260805,baseline,gaussian_noise,10,0.9134013168100552,0.9096325870138905,-0.003768729796164716,0.9452554744525548,0.9358974358974359,-0.009358038555118853,0.8815471591675558,0.8833677381303451,0.0018205789627893099,0.0004961843768377175,0.0005425824807282313,4.6398103890513825e-05,0.18330570357148201,0.2266534853509028,0.04334778177942078,10,14,4,761,602,-159
test,157185433-157185479-004,normal_columnar,20260805,baseline,gaussian_blur,1,0.8337610757571905,0.8395325001624163,0.005771424405225822,0.8703416149068323,0.872954014029618,0.002612399122785769,0.7971805366075488,0.8061109862952146,0.008930449687665765,0.22063172412933585,0.1981824698242608,-0.02244925430507505,0.052640265983357026,0.09361822226146344,0.04097795627810641,312,302,-10,292,239,-53
test,157185433-157185479-006,normal_columnar,20260805,baseline,gaussian_blur,1,0.6736529840556686,0.6699764982373678,-0.003676485818300823,0.802013422818792,0.8,-0.00201342281879191,0.5452925452925453,0.5399529964747356,-0.005339548817809736,0.20588993580563608,0.23354208927195264,0.027652153466316554,0.06988080657610807,0.06985103562091655,-2.977095519152151e-05,292,280,-12,509,546,37
test,157185433-157185479-006,normal_columnar,20260805,baseline,gaussian_blur,2,0.6736529840556686,0.6707330112231417,-0.0029199728325269847,0.802013422818792,0.8009720534629404,-0.0010413693558515291,0.5452925452925453,0.5404939689833429,-0.00479857630920244,0.20588993580563608,0.29816749081461635,0.09227755500898027,0.06988080657610807,0.0940490969281721,0.024168290352064026,292,235,-57,509,624,115
test,157185433-157185479-006,normal_columnar,20260805,baseline,gaussian_blur,3,0.6736529840556686,0.6774118677619826,0.0037588837063139424,0.802013422818792,0.8039950062421972,0.0019815834234052643,0.5452925452925453,0.550828729281768,0.0055361839892226206,0.20588993580563608,0.4151007094037923,0.2092107735981562,0.06988080657610807,0.09049886719789468,0.020618060621786616,292,125,-167,509,762,253
test,157185730-157185758-001,normal_columnar,20260805,baseline,gaussian_noise,30,0.6391414598257386,0.6312562380381461,-0.007885221787592434,0.7482800485633346,0.7707137938948818,0.022433745331547184,0.5300028710881424,0.4917986821814104,-0.038204188906731995,0.07701948764252387,0.23005007626533136,0.1530305886228075,0.13194253514685783,0.12415896198057377,-0.007783573166284058,1050,465,-585,1832,1999,167
test,157227058-157227087-001,normal_columnar,20260805,baseline,gaussian_noise,10,0.652654152914963,0.6548894096929536,0.002235256777990635,0.6696392379408188,0.6581673306772908,-0.01147190726352798,0.6356690678891072,0.6516114887086165,0.015942420819509362,0.4871743297056952,0.5168626945383724,0.029688364832677228,0.18246213218353308,0.2117732484977098,0.02931111631417671,803,846,43,551,571,20
test,157227461-157227503-003,normal_columnar,20260805,baseline,gaussian_blur,2,0.89820247058283,0.8988587575922593,0.0006562870094293238,0.9548141086749286,0.9468432162732681,-0.00797089240166049,0.8415908324907314,0.8508742989112504,0.009283466420519026,0.08342642449935278,0.1286663289717801,0.04523990447242732,0.09175423056348608,0.1274880646814477,0.035733834117961605,175,209,34,82,210,128
test,157268504-157268544-001,normal_superficiel,20260805,baseline,gaussian_noise,20,0.8916569505098655,0.8834444047332626,-0.008212545776602909,0.9086924762600438,0.8949249463902788,-0.013767529869765038,0.8746214247596871,0.8719638630762464,-0.002657561683440668,0.001754775436628499,0.002339730475502193,0.000584955038873694,0.11080394433817242,0.2063557425773015,0.09555179823912907,107,137,30,2063,3121,1058
test,158986813-158986820-001,normal_columnar,20260805,baseline,gaussian_noise,20,0.8189957853242331,0.8152435272472793,-0.003752258076953785,0.9529553679131484,0.9568374344493747,0.0038820665362263584,0.6850362027353177,0.6736496200451838,-0.011386582690133928,0.19875048318003946,0.22621187073935384,0.027461387559314376,0.007038036073132803,0.04307034468634119,0.036032308613208386,113,105,-8,740,843,103
test,158986920-158986928-004,normal_columnar,20260805,baseline,gaussian_blur,2,0.06468071784312056,0.070046768265016,0.005366050421895446,0.10710987996306556,0.1140754369825207,0.006965557019455143,0.02225155572317556,0.026018099547511313,0.003766543824335753,0.5445023289077408,0.5403585786011293,-0.0041437503066114045,0.336956906562444,0.4575115412777987,0.12055463471535471,1934,1926,-8,1473,1472,-1
test,158986920-158986928-004,normal_columnar,20260805,baseline,gaussian_noise,20,0.06468071784312056,0.05885470728975849,-0.005826010553362071,0.10710987996306556,0.09921186833565136,-0.0078980116274142,0.02225155572317556,0.01849754624386561,-0.003754009479309952,0.5445023289077408,0.5490557990320009,0.004553470124260106,0.336956906562444,0.45726028508748984,0.12030337852504586,1934,1943,9,1473,1478,5
test,204870858-204870872-001,light_dysplastic,20260805,baseline,gaussian_blur,2,0.8231870291257529,0.825969262728462,0.0027822336027091277,0.9566929133858267,0.9588161882688536,0.002123274883026882,0.6896811448656791,0.6931223371880706,0.003441192322391484,0.1633375710157492,0.19302003192704908,0.02968246091129989,0.12734682607633885,0.17839086489816036,0.051044038821821514,206,185,-21,628,877,249
test,204870858-204870872-001,light_dysplastic,20260805,baseline,gaussian_blur,3,0.8231870291257529,0.8247661682115544,0.0015791390858014287,0.9566929133858267,0.9572801708793165,0.0005872574934897568,0.6896811448656791,0.6922521655437921,0.0025710206781129896,0.1633375710157492,0.2035449373639836,0.04020736634823441,0.12734682607633885,0.1970825871918388,0.06973576111549995,206,176,-30,628,974,346
test,204871030-204871038-002,light_dysplastic,20260805,baseline,gaussian_noise,20,0.8959943642415276,0.8999711978371805,0.003976833595652929,0.9212478506509457,0.9208392707975038,-0.00040857985344189274,0.8707408778321093,0.879103124876857,0.00836224704474775,0.01607557127202519,0.02473253620243515,0.00865696493040996,0.17108751532893796,0.21336294841366787,0.04227543308472992,1511,1507,-4,2773,2196,-577
test,148495842-148495854-001,light_dysplastic,20260805,nc_aware_lambda_0p10,gaussian_blur,2,0.8683357946872927,0.8613777882979048,-0.006958006389387927,0.8779154518950437,0.8762078395624431,-0.0017076123326006387,0.8587561374795417,0.8465477370333664,-0.012208400446175327,0.10624312195715707,0.09932842928829527,-0.006914692668861799,0.12399265351856303,0.2502643695230614,0.12627171600449838,668,671,3,42,154,112
test,148503209-148503222-001,light_dysplastic,20260805,nc_aware_lambda_0p10,gaussian_blur,2,0.8435852063972337,0.8395237661063271,-0.004061440290906604,0.8982142857142857,0.8933695230709577,-0.0048447626433280044,0.7889561270801816,0.7856780091416963,-0.0032781179384853143,0.022219091128971358,0.04829609376847199,0.026077002639500635,0.40935226488465026,0.3669978409295529,-0.042354423955097364,366,602,236,240,72,-168
test,148503209-148503231-001,light_dysplastic,20260805,nc_aware_lambda_0p10,gaussian_noise,30,0.8905004476323031,0.8825931569596236,-0.007907290672679479,0.9188619599578504,0.9200615700359158,0.0011996100780654606,0.8621389353067558,0.8451247438833314,-0.01701419142342442,0.01862117794007845,0.02113103739688038,0.002509859456801933,0.049276835990322954,0.2821218617246318,0.23284502573430882,378,633,255,942,780,-162
test,148503568-148503580-002,light_dysplastic,20260805,nc_aware_lambda_0p10,gaussian_blur,2,0.8647781512824995,0.873826524018593,0.00904837273609349,0.9367177447654697,0.9474284410993272,0.010710696333857572,0.7928385577995292,0.8002246069378588,0.007386049138329631,0.11277376991745419,0.15411347660345537,0.041339706686001176,0.14618412155757826,0.2939355453842987,0.14775142382672046,163,57,-106,2000,2114,114
test,148503568-148503580-002,light_dysplastic,20260805,nc_aware_lambda_0p10,gaussian_blur,3,0.8647781512824995,0.8745015262834069,0.009723375000907475,0.9367177447654697,0.9470815353168295,0.01036379055135983,0.7928385577995292,0.8019215172499844,0.00908295945045523,0.11277376991745419,0.15933993174284217,0.046566161825387975,0.14618412155757826,0.31295268009605876,0.1667685585384805,163,94,-69,2000,2113,113
test,148848523-148848559-002,moderate_dysplastic,20260805,nc_aware_lambda_0p10,gaussian_noise,10,0.7835195750805303,0.7766570770441956,-0.006862498036334652,0.9175395162826129,0.9202347734051766,0.002695257122563688,0.6494996338784477,0.6330793806832146,-0.016420253195233103,0.15326951581616366,0.14510699019349182,-0.008162525622671835,0.03796019309218557,0.11249498110654954,0.07453478801436397,610,501,-109,14,70,56
test,148882535-148882616-001,light_dysplastic,20260805,nc_aware_lambda_0p10,gaussian_blur,1,0.7974387365442972,0.792806978434017,-0.00463175811028016,0.7773705478808383,0.768755676657584,-0.008614871223254217,0.8175069252077563,0.8168582802104501,-0.0006486449973061026,0.14759485431581165,0.1735122100325644,0.025917355716752744,0.3072351664514915,0.2921204081872512,-0.015114758264240302,2013,2382,369,2176,2353,177
test,149014929-149015008-003,moderate_dysplastic,20260805,nc_aware_lambda_0p10,gaussian_noise,20,0.8757846767325244,0.8856188201355957,0.009834143403071316,0.8870373337606153,0.9087027914614122,0.021665457700796864,0.8645320197044335,0.8625348488097792,-0.001997170894654343,0.2113600066197181,0.11124912844872148,-0.10011087817099662,0.03311754337792072,0.2833184575069282,0.25020091412900747,705,554,-151,340,54,-286
test,149014929-149015022-001,light_dysplastic,20260805,nc_aware_lambda_0p10,gaussian_blur,1,0.9243198197225282,0.9306445151408036,0.006324695418275406,0.9565217391304348,0.9590668080593849,0.0025450689289501227,0.8921179003146217,0.9022222222222223,0.010104321907600577,0.06541235506954568,0.05801384704537832,-0.007398508024167361,0.01544024554202228,0.09477750096536497,0.07933725542334269,147,124,-23,1634,1490,-144
test,149014929-149015022-001,light_dysplastic,20260805,nc_aware_lambda_0p10,gaussian_blur,2,0.9243198197225282,0.9332702348694026,0.008950415146874446,0.9565217391304348,0.9583156103785623,0.0017938712481274655,0.8921179003146217,0.9082248593602431,0.016106959045621427,0.06541235506954568,0.053807255738729465,-0.011605099330816215,0.01544024554202228,0.1637813214063749,0.14834107586435263,147,98,-49,1634,1437,-197
test,149014929-149015022-001,light_dysplastic,20260805,nc_aware_lambda_0p10,gaussian_blur,3,0.9243198197225282,0.9326871980965421,0.008367378374013912,0.9565217391304348,0.9552620366425224,-0.0012597024879124064,0.8921179003146217,0.9101123595505618,0.01799445923594012,0.06541235506954568,0.05122407950872354,-0.014188275560822139,0.01544024554202228,0.1646071932486658,0.14916694770664352,147,82,-65,1634,1404,-230
test,149014929-149015022-002,light_dysplastic,20260805,nc_aware_lambda_0p10,gaussian_blur,2,0.9429213255391982,0.9363132703128496,-0.006608055226348553,0.9633486047480216,0.9567913996278685,-0.00655720512015312,0.9224940463303746,0.9158351409978308,-0.006658905332543763,0.00599697444215852,0.015554708605763135,0.009557734163604614,0.09804662407479747,0.14194288503531594,0.04389626096051846,150,220,70,182,146,-36
test,149053341-149053350-001,moderate_dysplastic,20260805,nc_aware_lambda_0p10,gaussian_blur,1,0.8929887131519376,0.8911261592503752,-0.0018625539015624248,0.9634902411021814,0.9608874656907593,-0.0026027754114220647,0.8224871852016937,0.821364852809991,-0.001122332391702674,0.022552731502227585,0.026988084790257938,0.0044353532880303526,0.06607647459072674,0.13067666366843245,0.0646001890777057,248,282,34,94,82,-12
test,149053341-149053350-001,moderate_dysplastic,20260805,nc_aware_lambda_0p10,gaussian_noise,10,0.8929887131519376,0.8856270513805425,-0.007361661771395078,0.9634902411021814,0.9662247838616714,0.002734542759490033,0.8224871852016937,0.8050293188994136,-0.01745786630228008,0.022552731502227585,0.03052863424975394,0.007975902747526353,0.06607647459072674,0.11118669691486838,0.045110222324141636,248,213,-35,94,118,24
test,149054642-149054677-003,light_dysplastic,20260805,nc_aware_lambda_0p10,gaussian_blur,3,0.8872237224982946,0.8841847750749401,-0.003038947423354532,0.9539388721480844,0.9529583943131925,-0.0009804778348918575,0.820508572848505,0.8154111558366878,-0.005097417011817207,0.07756897998792062,0.06185421403108432,-0.015714765956836296,0.05274769842050486,0.09744641630019002,0.04469871787968516,186,49,-137,729,829,100
test,149054642-149054677-003,light_dysplastic,20260805,nc_aware_lambda_0p10,gaussian_noise,10,0.8872237224982946,0.8857682443882269,-0.0014554781100677427,0.9539388721480844,0.943815331010453,-0.010123541137631364,0.820508572848505,0.8277211577660009,0.007212584917495879,0.07756897998792062,0.09590502556778496,0.018336045579864346,0.05274769842050486,0.15112099356039788,0.09837329513989301,186,240,54,729,921,192
test,149056321-149056343-001,severe_dysplastic,20260805,nc_aware_lambda_0p10,gaussian_noise,10,0.9566461488137958,0.9574598171069102,0.0008136682931143557,0.9798434116275195,0.9813747598763886,0.0015313482488690244,0.9334488860000723,0.9335448743374319,9.598833735968704e-05,0.029578492701972547,0.025851358418796655,-0.0037271342831758925,0.10476463937332436,0.15435996192102275,0.049595322547698384,220,187,-33,437,397,-40
test,149056410-149056458-001,severe_dysplastic,20260805,nc_aware_lambda_0p10,gaussian_noise,10,0.8416210457802427,0.8453294292368447,0.0037083834566020712,0.9207601290785228,0.9267053701015965,0.0059452410230737,0.7624819624819624,0.763953488372093,0.001471525890130554,0.40765018254231666,0.40276009914919264,-0.004890083393124023,0.017281007444274077,0.14829493800094862,0.13101393055667454,217,184,-33,583,608,25
test,149056873-149056884-001,severe_dysplastic,20260805,nc_aware_lambda_0p10,gaussian_noise,10,0.9315933370736198,0.922752893002134,-0.008840444071485765,0.9748908296943232,0.9675500270416442,-0.0073408026526790016,0.8882958444529165,0.8779557589626239,-0.010340085490292639,0.09340571811366205,0.08070459217041959,-0.012701125943242464,0.015927324624237293,0.06332425828915034,0.047396933664913043,22,12,-10,318,316,-2
test,149056873-149056884-002,severe_dysplastic,20260805,nc_aware_lambda_0p10,gaussian_blur,1,0.8724315890823648,0.8732362813107254,0.0008046922283605484,0.9391077824812765,0.9321533923303835,-0.006954390150892942,0.8057553956834532,0.8143191702910673,0.008563774607614039,0.059709081886042625,0.12144137076906969,0.061732288883027064,0.011018556108911781,0.0017956945619561626,-0.009222861546955619,187,207,20,95,25,-70
test,149057756-149057766-002,moderate_dysplastic,20260805,nc_aware_lambda_0p10,gaussian_blur,3,0.9017611445132778,0.8967004038553062,-0.005060740657971574,0.9706157589369269,0.9672672389397227,-0.0033485199972042023,0.8329065300896287,0.8261335687708898,-0.006772961318738835,0.10037902467848203,0.1273280979724386,0.02694907329395657,0.002341141148565873,0.01831020640628922,0.015969065257723347,212,127,-85,1446,1683,237
test,149057756-149057766-002,moderate_dysplastic,20260805,nc_aware_lambda_0p10,gaussian_noise,20,0.9017611445132778,0.8922160437797968,-0.009545100733481027,0.9706157589369269,0.9674118984463812,-0.0032038604905456625,0.8329065300896287,0.8170201891132124,-0.01588634097641628,0.10037902467848203,0.11794289487399168,0.017563870195509645,0.002341141148565873,0.08492815846168777,0.0825870173131219,212,82,-130,1446,1478,32
test,149057756-149057788-002,moderate_dysplastic,20260805,nc_aware_lambda_0p10,gaussian_blur,2,0.8169766373218359,0.8122972565176262,-0.00467938080420971,0.9049217918270412,0.89996720236143,-0.0049545894656112255,0.7290314828166307,0.7246273106738224,-0.004404172142808305,0.17846421380194033,0.18875306052342467,0.010288846721484335,0.08758835713330593,0.38038611189292243,0.2927977547596165,61,46,-15,2076,2202,126
test,149057756-149057788-002,moderate_dysplastic,20260805,nc_aware_lambda_0p10,gaussian_noise,20,0.8169766373218359,0.8149061792167429,-0.002070458105092987,0.9049217918270412,0.8983459396558889,-0.006575852171152308,0.7290314828166307,0.731466418777597,0.0024349359609663335,0.17846421380194033,0.23410034953477232,0.05563613573283199,0.08758835713330593,0.12955106332602617,0.041962706192720245,61,119,58,2076,2644,568
test,149057756-149057788-002,moderate_dysplastic,20260805,nc_aware_lambda_0p10,gaussian_noise,30,0.8169766373218359,0.8094409808504408,-0.007535656471395091,0.9049217918270412,0.8800887599214816,-0.024833031905559633,0.7290314828166307,0.7387932017794,0.009761718962769339,0.17846421380194033,0.28358074496725194,0.10511653116531161,0.08758835713330593,0.27317869187757426,0.18559033474426834,61,433,372,2076,2966,890
test,149057812-149057825-003,moderate_dysplastic,20260805,nc_aware_lambda_0p10,gaussian_noise,20,0.907349062092857,0.9062397451573456,-0.0011093169355114174,0.9265547877591312,0.9238208012630748,-0.0027339864960564952,0.8881433364265829,0.8886586890516164,0.0005153526250334384,0.01380143007753143,0.014652826546829534,0.0008513964692981046,0.05946213000923595,0.1358233761201224,0.07636124611088646,668,672,4,1314,1291,-23
test,149057812-149057825-005,moderate_dysplastic,20260805,nc_aware_lambda_0p10,gaussian_noise,20,0.8439519129752806,0.8357492605396583,-0.008202652435622348,0.9496500338676902,0.923438233912635,-0.02621179995505518,0.7382537920828709,0.7480602871666815,0.009806495083810596,0.152277193799782,0.1980987543280846,0.04582156052830261,0.04835486928674981,0.11470654646466094,0.06635167717791113,9,180,171,1924,2325,401
test,149057812-149057847-005,moderate_dysplastic,20260805,nc_aware_lambda_0p10,gaussian_noise,20,0.9335502056684534,0.933352212162628,-0.000197993505825389,0.9645171243443381,0.9602628606633125,-0.004254263681025661,0.9025832869925686,0.9064415636619435,0.0038582766693748827,0.02773908610560588,0.02300532586743914,-0.00473376023816674,0.004372623817164634,0.07069750870122338,0.06632488488405874,175,159,-16,913,792,-121
test,149061666-149061699-003,moderate_dysplastic,20260805,nc_aware_lambda_0p10,gaussian_noise,20,0.9050423662079801,0.9001183946500763,-0.004923971557903806,0.9482288828337875,0.9377017430600387,-0.01052713977374875,0.8618558495821727,0.8625350462401138,0.000679196657941139,0.019969150838980265,0.04312485548217315,0.023155704643192887,0.028081531635533175,0.1802405219591493,0.15215899032361613,313,356,43,308,613,305
test,149095913-149095926-001,light_dysplastic,20260805,nc_aware_lambda_0p10,gaussian_noise,20,0.6769184018323622,0.6726419402658304,-0.004276461566531831,0.7725170667253909,0.7488215488215488,-0.023695517903842056,0.5813197369393335,0.5964623317101118,0.015142594770778284,0.1462314129998063,0.17409498159321424,0.02786356859340794,0.6565645972237428,0.5588707361696567,-0.09769386105408617,2062,2234,172,248,614,366
test,149095913-149095926-001,light_dysplastic,20260805,nc_aware_lambda_0p10,gaussian_noise,30,0.6769184018323622,0.6682132728982807,-0.008705128934081485,0.7725170667253909,0.731535222487766,-0.040981844237624854,0.5813197369393335,0.6048913233087954,0.023571586369461883,0.1462314129998063,0.1937482652590766,0.0475168522592703,0.6565645972237428,0.6541335745366589,-0.00243102268708395,2062,2357,295,248,1349,1101
test,149097594-149097637-001,moderate_dysplastic,20260805,nc_aware_lambda_0p10,gaussian_blur,1,0.8026418757156792,0.7999567308027833,-0.0026851449128959537,0.875697325132313,0.877252731658862,0.0015554065265489525,0.7295864262990456,0.7226607299467045,-0.006925696352341082,0.122780851334643,0.15156737438256063,0.028786523047917623,0.2573306945167506,0.21220747965388786,-0.04512321486286275,489,545,56,936,1201,265
test,149097594-149097637-001,moderate_dysplastic,20260805,nc_aware_lambda_0p10,gaussian_blur,2,0.8026418757156792,0.8004852512100358,-0.0021566245056434674,0.875697325132313,0.879625691195236,0.003928366062923017,0.7295864262990456,0.7213448112248356,-0.008241615074209951,0.122780851334643,0.15824492381735955,0.03546407248271655,0.2573306945167506,0.18178644623629703,-0.07554424828045359,489,551,62,936,1271,335
test,149099276-149099290-001,light_dysplastic,20260805,nc_aware_lambda_0p10,gaussian_noise,10,0.8239417728910202,0.8232566748257617,-0.0006850980652585159,0.8555917480998915,0.8527637694057154,-0.0028279786941760587,0.792291797682149,0.7937495802458081,0.001457782563659138,0.036056591998918364,0.03834680661184997,0.002290214612931607,0.2539368594729762,0.32172110610072424,0.06778424662774807,1415,1433,18,2704,2559,-145
test,149100006-149100028-002,severe_dysplastic,20260805,nc_aware_lambda_0p10,gaussian_blur,3,0.7344014085473098,0.7374582099001481,0.0030568013528382565,0.7187237615449202,0.7219430485762144,0.003219287031294149,0.7500790555496996,0.7529733712240817,0.002894315674382142,0.3835710635263907,0.38254971744819877,-0.0010213460781919315,0.00973026666319754,0.11214835466987816,0.10241808800668062,1005,996,-9,1957,1971,14
test,149102510-149102519-001,moderate_dysplastic,20260805,nc_aware_lambda_0p10,gaussian_blur,2,0.786208986660039,0.795312117712337,0.009103131052297986,0.8727924238546199,0.8652829702204461,-0.007509453634173768,0.6996255494654583,0.7253412652042279,0.02571571573876963,0.06885337231984251,0.09134909925200685,0.02249572693216434,0.020369911207536617,0.07293184957955046,0.05256193837201384,772,829,57,325,75,-250
test,149105289-149105300-001,moderate_dysplastic,20260805,nc_aware_lambda_0p10,gaussian_blur,3,0.9059277916558199,0.8986258546546038,-0.007301937001216174,0.9740585774058578,0.9735955056179775,-0.0004630717878802981,0.8377970059057822,0.8236562036912299,-0.014140802214552273,0.11214744013047362,0.13279593461549138,0.020648494485017765,0.034294031295209804,0.07565864880037909,0.04136461750516929,71,46,-25,959,1101,142
test,149105289-149105311-001,moderate_dysplastic,20260805,nc_aware_lambda_0p10,gaussian_noise,10,0.6080846992287342,0.6123928550734317,0.004308155844697459,0.5015765219500364,0.5116839315827512,0.010107409632714726,0.714592876507432,0.7131017785641122,-0.001491097943319808,0.5527101747266204,0.5494087049347514,-0.0033014697918690716,0.2991823272635882,0.41253042239278453,0.11334809512919636,2055,2027,-28,2055,2097,42
test,149105289-149105311-003,moderate_dysplastic,20260805,nc_aware_lambda_0p10,gaussian_noise,10,0.5696364709511801,0.5685181464478555,-0.001118324503324608,0.5430277485072006,0.536723163841808,-0.006304584665392632,0.5962451933951595,0.6003131290539029,0.004067935658743416,0.9620799850201586,0.9724453324553257,0.01036534743516715,0.43087562295183446,0.6833763196512109,0.25250069669937647,2568,2598,30,2206,2306,100
test,149140081-149140096-002,moderate_dysplastic,20260805,nc_aware_lambda_0p10,gaussian_blur,2,0.9131511508231369,0.9172706099496143,0.004119459126477376,0.921313183949974,0.9260643821391485,0.004751198189174577,0.9049891176963,0.90847683776008,0.0034877200637800643,0.003715687575763904,0.0035773882897826015,-0.0001382992859813026,0.051147275382073754,0.26826551579120733,0.21711824040913358,307,342,35,654,745,91
test,149140081-149140096-002,moderate_dysplastic,20260805,nc_aware_lambda_0p10,gaussian_blur,3,0.9131511508231369,0.9150848053687948,0.001933654545657859,0.921313183949974,0.9245969838793552,0.003283799929381215,0.9049891176963,0.9055726268582344,0.0005835091619343924,0.003715687575763904,0.0008295352073275919,-0.002886152368436312,0.051147275382073754,0.24657877132898454,0.19543149594691078,307,327,20,654,844,190
test,149143469-149143497-003,severe_dysplastic,20260805,nc_aware_lambda_0p10,gaussian_blur,2,0.7467357879958201,0.7389216537254972,-0.007814134270322848,0.9118031928814446,0.9066455696202531,-0.005157623261191513,0.5816683831101956,0.5711977378307412,-0.010470645279454405,0.8094455686771976,0.8327118322142789,0.023266263537081278,0.002314950858616216,0.05525606876672862,0.0529411179081124,141,170,29,1925,2021,96
test,149181904-149181951-001,carcinoma_in_situ,20260805,nc_aware_lambda_0p10,gaussian_blur,1,0.8964331105864862,0.8895294448448575,-0.006903665741628706,0.9476340694006309,0.9400296673023946,-0.007604402098236318,0.8452321517723415,0.8390292223873205,-0.006202929385020983,0.2508463815065891,0.2836119679939486,0.0327655864873595,0.011438634815226223,0.022427709150318997,0.010989074335092774,247,283,36,214,246,32
test,149181904-149181951-001,carcinoma_in_situ,20260805,nc_aware_lambda_0p10,gaussian_noise,10,0.8964331105864862,0.892379878923662,-0.00405323166282423,0.9476340694006309,0.9471912476330738,-0.0004428217675570556,0.8452321517723415,0.8375685102142502,-0.007663641558091294,0.2508463815065891,0.2558255937653149,0.004979212258725774,0.011438634815226223,0.05455705517834741,0.04311842036312119,247,249,2,214,222,8
test,149182657-149182681-002,carcinoma_in_situ,20260805,nc_aware_lambda_0p10,gaussian_blur,2,0.4962590657355622,0.4949269114496867,-0.0013321542858755198,0.6034977812581571,0.5957334737951014,-0.007764307463055675,0.3890203502129673,0.39412034910427196,0.005099998891304636,1.426068639271179,1.4561892991681942,0.03012065989701518,0.04621743119547084,0.06973395976462604,0.023516528569155204,1501,1535,34,1336,1464,128
test,149182657-149182681-002,carcinoma_in_situ,20260805,nc_aware_lambda_0p10,gaussian_blur,3,0.4962590657355622,0.49769225529999495,0.0014331895644327242,0.6034977812581571,0.5931398416886543,-0.010357939569502816,0.3890203502129673,0.4022446689113356,0.013224318698368265,1.426068639271179,1.4715607720516388,0.045492132780459826,0.04621743119547084,0.09073814814982706,0.04452071695435622,1501,1542,41,1336,1565,229
test,149182657-149182681-002,carcinoma_in_situ,20260805,nc_aware_lambda_0p10,gaussian_noise,20,0.4962590657355622,0.48752572590817733,-0.00873333982738489,0.6034977812581571,0.5647375504710632,-0.0387602307870939,0.3890203502129673,0.4103139013452915,0.021293551132324173,1.426068639271179,1.4970556674528166,0.0709870281816376,0.04621743119547084,0.48943305216749106,0.4432156209720202,1501,1617,116,1336,1570,234
test,149182657-149182698-003,carcinoma_in_situ,20260805,nc_aware_lambda_0p10,gaussian_blur,3,0.8546112410161635,0.8484653682555672,-0.006145872760596305,0.9208711433756805,0.9167729011109088,-0.004098242264771734,0.7883513386566463,0.7801578354002254,-0.008193503256420875,0.027470076868504112,0.031070036905137766,0.0035999600366336537,0.1282209574807085,0.17471225741503105,0.04649129993432255,336,355,19,367,368,1
test,149185604-149185657-001,carcinoma_in_situ,20260805,nc_aware_lambda_0p10,gaussian_blur,1,0.7317659615073707,0.7351595821008028,0.0033936205934320673,0.8465266558966075,0.8507702920211543,0.004243636124546812,0.617005267118134,0.6195488721804512,0.0025436050623172113,1.4619575641296518,1.4537493667483432,-0.008208197381308624,0.04111266496163479,0.0884854992729951,0.0473728343113603,659,643,-16,704,706,2
test,149185604-149185657-001,carcinoma_in_situ,20260805,nc_aware_lambda_0p10,gaussian_blur,2,0.7317659615073707,0.7314441660662145,-0.00032179544115618075,0.8465266558966075,0.8501036150126641,0.0035769591160565994,0.617005267118134,0.6127847171197649,-0.004220549998369072,1.4619575641296518,1.496306745695407,0.03434918156575506,0.04111266496163479,0.11474402323539612,0.07363135827376133,659,649,-10,704,768,64
test,149190861-149190868-001,moderate_dysplastic,20260805,nc_aware_lambda_0p10,gaussian_blur,2,0.8647892527374867,0.867222718428856,0.002433465691369263,0.9142638915409586,0.9347074718783385,0.02044358033737992,0.8153146139340149,0.7997379649793736,-0.015576648954641392,0.0667283634818589,0.09209990518529254,0.025371541703433642,0.1152858779160798,0.09203792894658247,-0.023247948969497334,19,183,164,7059,8379,1320
test,149190861-149190868-001,moderate_dysplastic,20260805,nc_aware_lambda_0p10,gaussian_noise,20,0.8647892527374867,0.8618414460927324,-0.0029478066447543583,0.9142638915409586,0.8985507246376812,-0.015713166903277398,0.8153146139340149,0.8251321675477836,0.009817553613768681,0.0667283634818589,0.04040851002589957,-0.02631985345595933,0.1152858779160798,0.21213696888145883,0.09685109096537903,19,343,324,7059,5844,-1215
test,149316754-149316779-002,moderate_dysplastic,20260805,nc_aware_lambda_0p10,gaussian_noise,20,0.9196188143896469,0.9269907232916847,0.007371908902037871,0.9649052037111738,0.973809032790266,0.008903829079092151,0.8743324250681199,0.8801724137931034,0.00583998872498348,0.07753445496381772,0.03956219009310824,-0.03797226487070948,0.012530320036408749,0.0910245183832955,0.07849419834688676,122,13,-109,431,326,-105
test,149317002-149317010-002,severe_dysplastic,20260805,nc_aware_lambda_0p10,gaussian_blur,1,0.8696836029603356,0.8679780467505553,-0.0017055562097803012,0.9490147012824522,0.9450204209864908,-0.003994280295961494,0.7903525046382189,0.7909356725146199,0.0005831678764010029,0.15841633466135452,0.19866785390510877,0.04025151924375425,0.04810101716592852,0.08606889792371242,0.0379678807577839,7,7,0,185,226,41
test,149317002-149317010-002,severe_dysplastic,20260805,nc_aware_lambda_0p10,gaussian_noise,10,0.8696836029603356,0.8644201914470444,-0.0052634115132912385,0.9490147012824522,0.9458036543821616,-0.003211046900290615,0.7903525046382189,0.7830367285119273,-0.00731577612629164,0.15841633466135452,0.09198415572917562,-0.0664321789321789,0.04810101716592852,0.16627849610620504,0.11817747894027653,7,39,32,185,131,-54
test,149317204-149317230-002,severe_dysplastic,20260805,nc_aware_lambda_0p10,gaussian_blur,2,0.7767732960571452,0.780500202420044,0.003726906362898852,0.8757132225254279,0.8743196437407225,-0.0013935787847054737,0.6778333695888623,0.6866807610993657,0.0088473915105034,0.26014737332425997,0.29530767715714723,0.03516030383288726,0.24425154258051318,0.26623585461846533,0.021984312037952147,417,406,-11,205,338,133
test,149317204-149317230-002,severe_dysplastic,20260805,nc_aware_lambda_0p10,gaussian_blur,3,0.7767732960571452,0.7793781976739527,0.0026049016168074868,0.8757132225254279,0.8705125030948254,-0.005200719430602518,0.6778333695888623,0.68824389225308,0.010410522664217714,0.26014737332425997,0.31278902074170545,0.05264164741744548,0.24425154258051318,0.2590533188215537,0.01480177624104051,417,409,-8,205,397,192
test,149788987-149788996-003,light_dysplastic,20260805,nc_aware_lambda_0p10,gaussian_noise,30,0.8950817718569278,0.8865442152258174,-0.008537556631110443,0.9697980684811238,0.9310086239220098,-0.03878944455911404,0.8203654752327318,0.8420798065296251,0.021714331296893263,0.08879373737972246,0.052887460351311644,-0.035906277028410816,0.029307946432139298,0.1282914450582776,0.09898349862613831,208,514,306,2161,681,-1480
test,153276386-153276405-002,moderate_dysplastic,20260805,nc_aware_lambda_0p10,gaussian_noise,10,0.7044959517173164,0.6982348201290576,-0.006261131588258806,0.8526473526473527,0.8375396322130628,-0.015107720434289873,0.5563445507872801,0.5589300080450523,0.002585457257772261,0.47015341588472526,0.5131765745060186,0.043023158621293356,0.38644174671658593,0.38858139481510134,0.002139648098515412,198,321,123,2367,2594,227
test,153656862-153656873-001,light_dysplastic,20260805,nc_aware_lambda_0p10,gaussian_blur,2,0.8679093008953418,0.861312318182293,-0.00659698271304876,0.9595404595404595,0.9688834655277608,0.009343005987301312,0.776278142250224,0.7537411708368251,-0.022536971413398832,0.008887508889950518,0.03955203831946574,0.030664529429515225,0.21597215787259927,0.07026148215358152,-0.14571067571901775,244,57,-187,1717,2906,1189
test,153657121-153657160-001,severe_dysplastic,20260805,nc_aware_lambda_0p10,gaussian_blur,2,0.8195824048904804,0.8132169491613723,-0.0063654557291080716,0.9224957665754853,0.9118652986056301,-0.010630467969855117,0.7166690432054755,0.7145685997171146,-0.0021004434883609147,0.4035747419963315,0.435907586822027,0.03233284482569554,0.027466361817683915,0.05570950619442827,0.028243144376744356,595,670,75,735,792,57
test,153697342-153697375-001,moderate_dysplastic,20260805,nc_aware_lambda_0p10,gaussian_blur,2,0.8700072501572804,0.8652469756713732,-0.004760274485907212,0.9402095746866653,0.9336639801611903,-0.006545594525474985,0.7998049256278956,0.7968299711815562,-0.0029749544463394395,0.357188582356041,0.397468438257768,0.040279855901727,0.02021465965617486,0.0045510158681031365,-0.015663643788071724,291,319,28,367,430,63
test,153697342-153697375-001,moderate_dysplastic,20260805,nc_aware_lambda_0p10,gaussian_noise,10,0.8700072501572804,0.8626184596487589,-0.007388790508521481,0.9402095746866653,0.9307628524046434,-0.009446722282021924,0.7998049256278956,0.7944740668928745,-0.005330858735021149,0.357188582356041,0.387557903836656,0.030369321480614997,0.02021465965617486,0.07102255754666587,0.050807897890491005,291,334,43,367,392,25
test,153697342-153697384-001,moderate_dysplastic,20260805,nc_aware_lambda_0p10,gaussian_noise,10,0.8881658065485603,0.8812939452523735,-0.0068718612961867764,0.9599169262720665,0.9528993091898681,-0.007017617082198391,0.816414686825054,0.8096885813148789,-0.006726105510175162,0.02004949782727561,0.006934858023059598,-0.01311463980421601,0.004225410440867994,0.07858524738969885,0.07435983694883086,179,217,38,299,249,-50
test,153697726-153697736-001,light_dysplastic,20260805,nc_aware_lambda_0p10,gaussian_noise,10,0.815102105226659,0.8109107681829711,-0.004191337043687904,0.9009983896940419,0.8950197526066964,-0.005978637087345473,0.7292058207592762,0.7268017837592459,-0.0024040370000303346,0.18893959259208665,0.19612185114649777,0.007182258554411125,0.09353394977784668,0.17748241457827452,0.08394846480042784,1537,1621,84,4624,4827,203
test,153701622-153701650-001,moderate_dysplastic,20260805,nc_aware_lambda_0p10,gaussian_blur,2,0.8544564881198544,0.8529448971518958,-0.0015115909679586093,0.9767262440529767,0.9732953072336012,-0.003430936819375452,0.7321867321867321,0.7325944870701904,0.0004077548834582334,0.17885306556575475,0.22760135511361967,0.04874828954786492,0.10288451323570669,0.10021433871228913,-0.0026701745234175567,41,104,63,511,630,119
test,153701622-153701650-001,moderate_dysplastic,20260805,nc_aware_lambda_0p10,gaussian_blur,3,0.8544564881198544,0.8497700183555137,-0.004686469764340728,0.9767262440529767,0.9709446254071661,-0.005781618645810616,0.7321867321867321,0.7285954113038612,-0.003591320882870952,0.17885306556575475,0.2651692990253055,0.08631623345955075,0.10288451323570669,0.1311545617069706,0.02827004847126391,41,143,102,511,740,229
test,153701949-153701958-001,light_dysplastic,20260805,nc_aware_lambda_0p10,gaussian_blur,2,0.8378169918263806,0.8296245791639802,-0.008192412662400339,0.9047008547008547,0.9038654979163673,-0.0008353567844874288,0.7709331289519065,0.7553836604115933,-0.015549468540313138,0.05451095139358331,0.06939569515661648,0.01488474376303317,0.05173016409433806,0.10382103368260787,0.052090869588269806,244,122,-122,1206,1273,67
test,153826963-153826970-001,severe_dysplastic,20260805,nc_aware_lambda_0p10,gaussian_blur,2,0.7137528861440806,0.7209426081575827,0.007189722013502098,0.8803179743853967,0.8756836659275684,-0.004634308457828307,0.5471877979027645,0.5662015503875969,0.01901375248483239,0.7366829690206684,0.8343657704184735,0.09768280139780505,0.12793990011656908,0.21017741088441066,0.08223751076784158,813,841,28,159,237,78
test,153826963-153826970-001,severe_dysplastic,20260805,nc_aware_lambda_0p10,gaussian_blur,3,0.7137528861440806,0.7051351423392687,-0.00861774380481195,0.8803179743853967,0.8545180722891567,-0.025799902096240057,0.5471877979027645,0.5557522123893806,0.008564414486616045,0.7366829690206684,1.0492073780353484,0.3125244090146799,0.12793990011656908,0.23082870261106947,0.10288880249450039,813,966,153,159,402,243
test,153827595-153827657-002,carcinoma_in_situ,20260805,nc_aware_lambda_0p10,gaussian_blur,2,0.8773953861451459,0.872425825848425,-0.00496956029672091,0.9682094436652642,0.958981612446959,-0.009227831218305171,0.7865813286250276,0.785870039249891,-0.0007112893751366478,0.3022558401619774,0.3327865597746765,0.030530719612699153,0.030616855566710344,0.09817398019523649,0.06755712462852614,54,90,36,653,708,55
test,153827595-153827657-002,carcinoma_in_situ,20260805,nc_aware_lambda_0p10,gaussian_blur,3,0.8773953861451459,0.8675379202224891,-0.009857465922656794,0.9682094436652642,0.949346016646849,-0.018863427018415146,0.7865813286250276,0.7857298237981292,-0.0008515048268984415,0.3022558401619774,0.34995252104150243,0.047696680879525055,0.030616855566710344,0.12167153008510612,0.09105467451839577,54,127,73,653,719,66
test,153828877-153828902-002,severe_dysplastic,20260805,nc_aware_lambda_0p10,gaussian_noise,10,0.8410855865493448,0.8416006627041568,0.0005150761548119442,0.9357181280258203,0.9337284482758621,-0.0019896797499582286,0.7464530450728694,0.7494728771324516,0.003019832059582228,0.04712522847484313,0.03317782719841855,-0.013947401276424576,0.04327423507631267,0.13270031910505764,0.08942608402874497,478,490,12,1003,930,-73
test,153828952-153828970-001,severe_dysplastic,20260805,nc_aware_lambda_0p10,gaussian_blur,2,0.8208801729389124,0.8303235353366785,0.009443362397766109,0.9673330082886397,0.9683124539425203,0.0009794456538806395,0.6744273375891852,0.6923346167308365,0.017907279141651355,0.11407486877151163,0.3272236546864544,0.2131487859149428,0.07431556777398607,0.03571448878516681,-0.03860107898881926,118,56,-62,11,183,172
test,153828952-153828970-001,severe_dysplastic,20260805,nc_aware_lambda_0p10,gaussian_noise,10,0.8208801729389124,0.8267246124927448,0.005844439553832403,0.9673330082886397,0.9679314565483477,0.0005984482597080065,0.6744273375891852,0.6855177684371417,0.011090430847956578,0.11407486877151163,0.20028456899775593,0.0862097002262443,0.07431556777398607,0.06031570536053121,-0.013999862413454855,118,84,-34,11,57,46
test,153828952-153828970-001,severe_dysplastic,20260805,nc_aware_lambda_0p10,gaussian_noise,20,0.8208801729389124,0.811471367316128,-0.009408805622784344,0.9673330082886397,0.9383738995339203,-0.02895910875471941,0.6744273375891852,0.6845688350983359,0.010141497509150721,0.11407486877151163,0.20756080686299372,0.09348593809148209,0.07431556777398607,0.09839633410328164,0.024080766329295566,118,362,244,11,30,19
test,153828952-153829005-002,severe_dysplastic,20260805,nc_aware_lambda_0p10,gaussian_blur,1,0.8192931984612724,0.8243285458199461,0.005035347358673725,0.902285027059531,0.9013830426939267,-0.0009019843656042914,0.7363013698630136,0.7472740489459656,0.010972679082951964,0.29707744608698117,0.3248462378895016,0.027768791802520454,0.1566473893829189,0.1077623839480032,-0.048885005434915696,630,630,0,14,25,11
test,153828952-153829005-002,severe_dysplastic,20260805,nc_aware_lambda_0p10,gaussian_blur,2,0.8192931984612724,0.8240564219405454,0.004763223479273049,0.902285027059531,0.8979345695763606,-0.004350457483170311,0.7363013698630136,0.7501782743047302,0.01387690444171652,0.29707744608698117,0.387476492303406,0.0903990462164248,0.1566473893829189,0.027041993473314818,-0.12960539590960407,630,649,19,14,105,91
test,153828952-153829005-002,severe_dysplastic,20260805,nc_aware_lambda_0p10,gaussian_blur,3,0.8192931984612724,0.823093512682487,0.003800314221214629,0.902285027059531,0.893404094010614,-0.008880933048916906,0.7363013698630136,0.7527829313543599,0.016481561491346275,0.29707744608698117,0.4687300463566062,0.17165260026962503,0.1566473893829189,0.04729927720142579,-0.1093481121814931,630,687,57,14,210,196
test,153830680-153830827-002,severe_dysplastic,20260805,nc_aware_lambda_0p10,gaussian_blur,3,0.8410718088990581,0.8506164998903103,0.009544690991252214,0.9776793320838303,0.9633234833999652,-0.01435584868386508,0.7044642857142858,0.7379095163806553,0.03344523066636951,0.24088272092822338,0.4893288168448051,0.24844609591658173,0.021299810259321483,0.0043800155229722915,-0.016919794736349192,77,193,116,132,192,60
test,153915432-153915441-002,severe_dysplastic,20260805,nc_aware_lambda_0p10,gaussian_blur,2,0.9495236421054511,0.9458583936818956,-0.003665248423555534,0.974477958236659,0.9718098415346121,-0.0026681167020468077,0.9245693259742432,0.9199069458291791,-0.004662380145064149,0.10736214458187543,0.07995721093066221,-0.027404933651213215,0.03830013683494815,0.08098393274571036,0.04268379591076221,138,99,-39,181,142,-39
test,153916114-153916129-002,severe_dysplastic,20260805,nc_aware_lambda_0p10,gaussian_noise,30,0.8968281453328757,0.9016671042352445,0.004838958902368851,0.9196691434179167,0.9310591944962018,0.011390051078285057,0.8739871472478346,0.8722750139742873,-0.001712133273547245,0.11423937482943336,0.09834549184238045,-0.01589388298705291,0.1890074606350527,0.24998588353419454,0.06097842289914185,507,351,-156,2130,2136,6
test,153916114-153916150-001,carcinoma_in_situ,20260805,nc_aware_lambda_0p10,gaussian_blur,3,0.8974358974358975,0.8994722676632163,0.00203637022731884,0.9757834757834758,0.9641335227272727,-0.011649953056203088,0.8190883190883191,0.83481101259916,0.01572269351084088,0.14953598176489735,0.1067000688975519,-0.04283591286734545,0.1040188014920026,0.15402691704829874,0.05000811555629614,10,26,16,228,154,-74
test,153956444-153956458-004,normal_columnar,20260805,nc_aware_lambda_0p10,gaussian_noise,10,0.9277051066255468,0.9248174826861921,-0.002887623939354711,0.9539249146757679,0.9497559575078955,-0.004168957167872356,0.9014852985753259,0.8998790078644888,-0.001606290710837066,0.02288293016769838,0.0351319105017851,0.012248980334086723,0.029215163654468745,0.07385419515283664,0.0446390314983679,100,133,33,46,32,-14
test,153958547-153958572-008,normal_columnar,20260805,nc_aware_lambda_0p10,gaussian_noise,10,0.5855566675760271,0.5899611575001737,0.0044044899241466595,0.7931186590207322,0.7962633451957295,0.003144686174997302,0.3779946761313221,0.3836589698046181,0.005664293673296017,0.019789599672430658,0.04966349354595434,0.029873893873523683,0.1733658190379463,0.11312475260363547,-0.06024106643431082,15,4,-11,13,12,-1
test,157184013-157184031-001,normal_superficiel,20260805,nc_aware_lambda_0p10,gaussian_noise,20,0.9019736902566562,0.8949173363189019,-0.007056353937754278,0.8745583038869258,0.8767857142857143,0.0022274103987884875,0.9293890766263867,0.9130489583520895,-0.016340118274297155,0.006538008420001615,0.006960335399089232,0.0004223269790876172,0.10258652077662656,0.1470051968500834,0.04441867607345684,140,128,-12,2221,3205,984
test,157184850-157184920-002,normal_columnar,20260805,nc_aware_lambda_0p10,gaussian_blur,1,0.8795990934650644,0.882780594184581,0.0031815007195166167,0.8970438328236493,0.899527983816588,0.0024841509929387495,0.8621543541064796,0.8660332045525738,0.003878850446094262,0.0689980250578125,0.05807452694728543,-0.010923498110527063,0.2166033658522118,0.3135038347451277,0.09690046889291593,197,174,-23,450,335,-115
test,157184850-157184920-002,normal_columnar,20260805,nc_aware_lambda_0p10,gaussian_blur,2,0.8795990934650644,0.8712899210637165,-0.008309172401347875,0.8970438328236493,0.8832555036691128,-0.013788329154536538,0.8621543541064796,0.8593243384583202,-0.002830015648159323,0.0689980250578125,0.05068447424055117,-0.018313550817261326,0.2166033658522118,0.3678039759420754,0.15120061008986363,197,142,-55,450,319,-131
test,157185433-157185479-006,normal_columnar,20260805,nc_aware_lambda_0p10,gaussian_blur,1,0.8378254122710379,0.8389713381128514,0.0011459258418134999,0.9163498098859315,0.9169398907103825,0.0005900808244510003,0.7593010146561443,0.7610027855153203,0.0017017708591759995,0.5355068326127929,0.5616649109848258,0.02615807837203299,0.08846675227757517,0.08421296908818987,-0.004253783189385296,198,220,22,690,732,42
test,157185433-157185479-006,normal_columnar,20260805,nc_aware_lambda_0p10,gaussian_blur,2,0.8378254122710379,0.8280889619415934,-0.00973645032944448,0.9163498098859315,0.9100470523110988,-0.006302757574832674,0.7593010146561443,0.746130871572088,-0.013170143084056285,0.5355068326127929,0.6153566973386245,0.07984986472583167,0.08846675227757517,0.11370009150733773,0.025233339229762564,198,267,69,690,825,135
test,157185433-157185508-001,normal_columnar,20260805,nc_aware_lambda_0p10,gaussian_blur,1,0.928260671590122,0.9256401801171519,-0.0026204914729701656,0.9465440926115083,0.9422680412371134,-0.004276051374394907,0.9099772505687358,0.9090123189971904,-0.0009649315715454243,0.013641493042514163,0.006117128220613166,-0.007524364821900997,0.1561854682038497,0.22190969243649872,0.06572422423264901,27,0,-27,113,90,-23
test,157185433-157185508-001,normal_columnar,20260805,nc_aware_lambda_0p10,gaussian_blur,2,0.928260671590122,0.9245184554420004,-0.0037422161481216465,0.9465440926115083,0.9398679179701077,-0.0066761746414005785,0.9099772505687358,0.9091689929138931,-0.0008082576548427145,0.013641493042514163,0.005096317570957243,-0.00854517547155692,0.1561854682038497,0.26193603279121536,0.10575056458736565,27,33,6,113,30,-83
test,157185433-157185508-001,normal_columnar,20260805,nc_aware_lambda_0p10,gaussian_blur,3,0.928260671590122,0.9206621970750166,-0.0075984745151054245,0.9465440926115083,0.932909604519774,-0.013634488091734287,0.9099772505687358,0.9084147896302592,-0.001562460938476562,0.013641493042514163,0.020923465406623876,0.007281972364109712,0.1561854682038497,0.27408027977484095,0.11789481157099124,27,78,51,113,68,-45
test,157185730-157185758-001,normal_columnar,20260805,nc_aware_lambda_0p10,gaussian_blur,1,0.5884523912004798,0.5866371093359347,-0.0018152818645450486,0.6154957558244537,0.6115761353517364,-0.003919620472717322,0.5614090265765057,0.561698083320133,0.00028905674362733613,0.1889103050894262,0.22136137526047783,0.032451070171051644,0.06583097675459937,0.02552884663586441,-0.04030213011873496,1645,1723,78,1225,1179,-46
test,157185730-157185758-001,normal_columnar,20260805,nc_aware_lambda_0p10,gaussian_blur,2,0.5884523912004798,0.5820356643785378,-0.006416726821941943,0.6154957558244537,0.6049796927423627,-0.010516063082090965,0.5614090265765057,0.5590916360147129,-0.0023173905617928092,0.1889103050894262,0.25032683496298114,0.06141652987355495,0.06583097675459937,0.0798760821073699,0.014045105352770537,1645,1771,126,1225,1119,-106
test,157222647-157222687-001,normal_intermediate,20260805,nc_aware_lambda_0p10,gaussian_noise,30,0.9019165803709563,0.9110401694608832,0.009123589089926831,0.8648289604782464,0.8869209809264306,0.022092020448184146,0.9390042002636662,0.9351593579953359,-0.003844842268330262,0.004010007342050474,0.0026548593927965963,-0.0013551479492538779,0.16663378142635288,0.21646260084647517,0.049828819420122294,405,330,-75,6240,6986,746
test,157227461-157227503-003,normal_columnar,20260805,nc_aware_lambda_0p10,gaussian_blur,1,0.834535961998575,0.841129842904238,0.00659388090566293,0.9017784963621666,0.9053945249597424,0.0036160285975758155,0.7672934276349836,0.7768651608487337,0.009571733213750044,0.1466597528303517,0.15236140072906423,0.005701647898712525,0.04012894144576473,0.13135719900491816,0.09122825755915343,472,452,-20,55,8,-47
test,158986813-158986820-001,normal_columnar,20260805,nc_aware_lambda_0p10,gaussian_noise,20,0.8593988029680686,0.8614127384960718,0.002013935528003219,0.9692748873412536,0.9679012345679012,-0.0013736527733523296,0.7495227185948835,0.7549242424242424,0.0054015238293588785,0.11083211622180361,0.0971725323792883,-0.01365958384251531,0.012809826624151532,0.055635421044774036,0.042825594420622504,67,56,-11,474,432,-42
test,204871030-204871038-001,light_dysplastic,20260805,nc_aware_lambda_0p10,gaussian_noise,20,0.8532214923851437,0.8574605228066794,0.004239030421535728,0.8982881707223459,0.9193396226415095,0.021051451919163577,0.8081548140479414,0.7955814229718494,-0.012573391076092011,0.10394933752537322,0.07339683117705381,-0.030552506348319408,0.09372638174950454,0.16785328359864893,0.07412690184914439,1325,1018,-307,38,181,143
