split,cell_id,class,seed,model,degradation,severity,clean_foreground_dice,degraded_foreground_dice,delta_foreground_dice,clean_nucleus_dice,degraded_nucleus_dice,delta_nucleus_dice,clean_cytoplasm_dice,degraded_cytoplasm_dice,delta_cytoplasm_dice,clean_nc_absolute_error,degraded_nc_absolute_error,delta_nc_absolute_error,clean_circularity_absolute_error,degraded_circularity_absolute_error,delta_circularity_absolute_error,clean_nucleus_area_absolute_error,degraded_nucleus_area_absolute_error,delta_nucleus_area_absolute_error,clean_cytoplasm_area_absolute_error,degraded_cytoplasm_area_absolute_error,delta_cytoplasm_area_absolute_error
test,148503400-148503432-001,light_dysplastic,20260803,baseline,gaussian_blur,3.0,0.8870134901958147,0.8821648294018916,-0.004848660793923099,0.9012036513450198,0.901797603195739,0.0005939518507191988,0.8728233290466094,0.8625320556080442,-0.010291273438565174,0.003362915120444454,0.04367935372632076,0.040316438605876304,0.21042204011931287,0.023344541185986944,-0.18707749893332593,399.0,36.0,-363.0,815.0,1680.0,865.0
test,148503400-148503432-001,light_dysplastic,20260803,baseline,gaussian_noise,30.0,0.8870134901958147,0.8804908358520287,-0.006522654343785961,0.9012036513450198,0.8898767088819928,-0.011326942463027012,0.8728233290466094,0.8711049628220646,-0.0017183662245447984,0.003362915120444454,0.03132896803480234,0.027966052914357886,0.21042204011931287,0.3311235183210898,0.12070147820177696,399.0,57.0,-342.0,815.0,959.0,144.0
test,148719308-148719357-001,light_dysplastic,20260803,baseline,gaussian_noise,20.0,0.8943096044952609,0.8901063409662834,-0.0042032635289774856,0.9782923299565847,0.9486255924170616,-0.02966673753952309,0.8103268790339371,0.8315870895155052,0.02126021048156812,0.02987584031287055,0.055089299178668394,0.025213458865797844,0.04178691616676067,0.10537529634135956,0.06358838017459889,12.0,265.0,253.0,529.0,341.0,-188.0
test,148848523-148848559-002,moderate_dysplastic,20260803,baseline,gaussian_blur,1.0,0.7361314262686828,0.7379866029436607,0.0018551766749779208,0.9387076667359235,0.9387796887796888,7.202204376521859e-05,0.533555185801442,0.5371935171076326,0.003638331306190623,0.30062581378370856,0.3428278874464563,0.04220207366274775,0.0067571967643694775,0.002119606895539472,-0.0046375898688300055,266.0,124.0,-142.0,996.0,989.0,-7.0
test,148848523-148848559-002,moderate_dysplastic,20260803,baseline,gaussian_blur,2.0,0.7361314262686828,0.7380101784773327,0.0018787522086499697,0.9387076667359235,0.9366883116883117,-0.0020193550476118594,0.533555185801442,0.5393320452663538,0.005776859464911799,0.30062581378370856,0.357533225878899,0.05690741209519046,0.0067571967643694775,0.014943250227866578,0.0081860534634971,266.0,36.0,-230.0,996.0,962.0,-34.0
test,148848523-148848559-002,moderate_dysplastic,20260803,baseline,gaussian_blur,3.0,0.7361314262686828,0.7362461319048048,0.00011470563612203666,0.9387076667359235,0.9339251487945123,-0.004782517941411268,0.533555185801442,0.5385671150150975,0.005011929213655453,0.30062581378370856,0.35580225268107757,0.05517643889736901,0.0067571967643694775,0.01734731728062533,0.010590120516255852,266.0,21.0,-245.0,996.0,922.0,-74.0
test,149013033-149013072-001,moderate_dysplastic,20260803,baseline,gaussian_blur,3.0,0.9078143320057144,0.8997278615354471,-0.008086470470267226,0.9780965303353363,0.9766115231032516,-0.0014850072320846675,0.8375321336760926,0.8228441999676428,-0.014687933708449785,0.033033730974907416,0.062348784909760535,0.02931505393485312,0.01588084529235312,0.011663456921295778,-0.00421738837105734,91.0,9.0,-82.0,230.0,922.0,692.0
test,149056321-149056343-001,severe_dysplastic,20260803,baseline,gaussian_noise,30.0,0.9513873584117236,0.9424380583778704,-0.008949300033853191,0.986052764241304,0.9698129621574597,-0.016239802083844235,0.9167219525821433,0.9150631545982811,-0.001658797983862148,0.006673699434358804,0.03721962823649094,0.03054592880213214,0.06361032119535603,0.09069815336655318,0.027087832171197146,116.0,291.0,175.0,509.0,609.0,100.0
test,149056410-149056458-001,severe_dysplastic,20260803,baseline,gaussian_blur,1.0,0.8799056394382757,0.871844996250339,-0.008060643187936756,0.9294245385450597,0.920487106017192,-0.008937432527867717,0.8303867403314917,0.8232028864834859,-0.0071838538480057945,0.2900631024200818,0.3183927136552629,0.028329611235181074,0.0640445448403767,0.07160466280227484,0.0075601179618981496,191.0,220.0,29.0,428.0,445.0,17.0
test,149057756-149057788-002,moderate_dysplastic,20260803,baseline,gaussian_noise,30.0,0.8066245835304471,0.8000696212364125,-0.0065549622940346275,0.9212004493660728,0.8969072164948454,-0.02429323287122742,0.6920487176948212,0.7032320259779796,0.011183308283158389,0.3394402432617858,0.3705187633212786,0.031078520059492798,0.36344651365440883,0.17029137621978052,-0.1931551374346283,312.0,316.0,4.0,5630.0,5141.0,-489.0
test,149097324-149097373-001,moderate_dysplastic,20260803,baseline,gaussian_noise,20.0,0.8879198313699257,0.8860290372562731,-0.0018907941136525608,0.907239263803681,0.8874780494394164,-0.01976121436426459,0.8686003989361702,0.8845800250731299,0.01597962613695969,0.04766334933395844,0.10322258415338947,0.055559234819431036,0.04349750743181846,0.22687916499964028,0.18338165756782182,40.0,787.0,747.0,1568.0,1434.0,-134.0
test,149097594-149097637-002,moderate_dysplastic,20260803,baseline,gaussian_blur,3.0,0.8608648892456712,0.8539580522630349,-0.006906836982636277,0.9460923394377095,0.9315815567674764,-0.014510782670233091,0.7756374390536328,0.7763345477585933,0.0006971087049605362,0.050763646492269277,0.08907533031087045,0.03831168381860117,0.07067190620635122,0.10182721250558868,0.031155306299237462,178.0,492.0,314.0,225.0,110.0,-115.0
test,149098972-149098988-002,severe_dysplastic,20260803,baseline,gaussian_noise,20.0,0.8069230094573452,0.8099234583393631,0.003000448882017892,0.9389497123770644,0.8802891771209866,-0.05866053525607773,0.6748963065376259,0.7395577395577395,0.06466143302011362,0.2650580539995672,0.35329436429542216,0.08823631029585494,0.23306311004329044,0.11720590454906504,-0.1158572054942254,141.0,545.0,404.0,2618.0,2260.0,-358.0
test,149181904-149181927-001,carcinoma_in_situ,20260803,baseline,gaussian_blur,2.0,0.9379855789219332,0.9327858234798615,-0.005199755442071741,0.9850162866449511,0.9810002183882944,-0.00401606825665668,0.8909548711989154,0.8845714285714286,-0.006383442627486802,0.08903004862465758,0.12481435975389399,0.03578431112923641,0.0027633869971107616,0.0005312446247223157,-0.002232142372388446,9.0,35.0,26.0,247.0,334.0,87.0
test,149181904-149181927-001,carcinoma_in_situ,20260803,baseline,gaussian_blur,3.0,0.9379855789219332,0.9287366957446217,-0.00924888317731154,0.9850162866449511,0.9753412593571114,-0.009675027287839755,0.8909548711989154,0.8821321321321322,-0.008822739066783214,0.08903004862465758,0.15982229681648197,0.07079224819182439,0.0027633869971107616,0.011649685966144352,0.00888629896903359,9.0,72.0,63.0,247.0,412.0,165.0
test,149181904-149181951-001,carcinoma_in_situ,20260803,baseline,gaussian_blur,3.0,0.9207136362892689,0.9191839329957441,-0.0015297032935248644,0.9821573398215734,0.9774344378938808,-0.0047229019276925355,0.8592699327569645,0.8609334280976072,0.0016634953406426956,0.2472233384680642,0.27909282700421945,0.03186948853615523,0.02109938582460069,0.010880835681708279,-0.010218550142892413,70.0,83.0,13.0,372.0,429.0,57.0
test,149182657-149182667-001,carcinoma_in_situ,20260803,baseline,gaussian_noise,20.0,0.7892192226144297,0.7968720551820065,0.007652832567576873,0.8966491723859508,0.8669927789424645,-0.02965639344348625,0.6817892728429086,0.7267513314215486,0.044962058578639996,0.10252121358575672,0.23515781159326843,0.1326365980075117,0.07005865507070785,0.33835623450196767,0.2682975794312598,184.0,477.0,293.0,55.0,110.0,55.0
test,149182657-149182681-002,carcinoma_in_situ,20260803,baseline,gaussian_blur,2.0,0.7581414619217475,0.7569644329289836,-0.00117702899276384,0.8965231788079471,0.9010717230008244,0.004548544192877313,0.619759745035548,0.6128571428571429,-0.006902602178405104,1.0226592365473592,1.051516274279542,0.028857037732182844,0.051910126304579696,0.06828571594084942,0.016375589636269727,500.0,480.0,-20.0,1189.0,1310.0,121.0
test,149182657-149182681-002,carcinoma_in_situ,20260803,baseline,gaussian_blur,3.0,0.7581414619217475,0.7542389985596476,-0.0039024633620998728,0.8965231788079471,0.9033449620357069,0.006821783227759837,0.619759745035548,0.6051330350835884,-0.014626709951959582,1.0226592365473592,1.0573310215886331,0.034671785041273884,0.051910126304579696,0.0708911777154484,0.0189810514108687,500.0,459.0,-41.0,1189.0,1357.0,168.0
test,149185604-149185616-001,carcinoma_in_situ,20260803,baseline,gaussian_noise,20.0,0.7448385753950608,0.7429408064300395,-0.0018977689650213625,0.8740187878007979,0.8502208539686789,-0.023797933832119034,0.6156583629893239,0.6356607588914001,0.020002395902076198,0.624105420770594,0.6793620754198203,0.055256654649226244,0.04878292120595662,0.30574623427079994,0.2569633130648433,737.0,1037.0,300.0,1908.0,1885.0,-23.0
test,149185604-149185645-003,carcinoma_in_situ,20260803,baseline,gaussian_blur,1.0,0.8445432885929749,0.8400950790331425,-0.004448209559832383,0.9620371451933185,0.9599719101123596,-0.002065235080958905,0.7270494319926313,0.7202182479539254,-0.006831184038705862,1.2337479119875376,1.2875295931246744,0.05378168113713677,0.09780300908370254,0.08769119007299375,-0.010111819010708789,321.0,338.0,17.0,615.0,657.0,42.0
test,149185604-149185645-003,carcinoma_in_situ,20260803,baseline,gaussian_blur,2.0,0.8445432885929749,0.835283179354465,-0.00926010923850984,0.9620371451933185,0.9551817433243148,-0.0068554018690036855,0.7270494319926313,0.7153846153846154,-0.011664816608015882,1.2337479119875376,1.3900160996257638,0.15626818763822614,0.09780300908370254,0.0827979196844767,-0.015005089399225846,321.0,381.0,60.0,615.0,738.0,123.0
test,149185604-149185657-001,carcinoma_in_situ,20260803,baseline,gaussian_blur,2.0,0.7954526654791907,0.7864083714351173,-0.009044294044073364,0.9422566823097327,0.9405537459283387,-0.0017029363813939602,0.6486486486486487,0.632262996941896,-0.016385651706752657,1.0287442393320483,1.080689913151977,0.05194567381992865,0.09936787183404105,0.11360154934180577,0.01423367750776472,91.0,80.0,-11.0,599.0,662.0,63.0
test,149185698-149185709-002,carcinoma_in_situ,20260803,baseline,gaussian_blur,2.0,0.791691338404164,0.7862009550959125,-0.0054903833082514675,0.9144799456152277,0.9115201090661214,-0.002959836549106365,0.6689027311931002,0.6608818011257036,-0.00802093006739657,1.1393045494059693,1.1918402000298551,0.05253565062388588,0.02562780171403367,0.045475475109069685,0.019847673395036014,629.0,649.0,20.0,926.0,1016.0,90.0
test,149314453-149314507-001,carcinoma_in_situ,20260803,baseline,gaussian_blur,1.0,0.8470118831388183,0.8384891215200452,-0.008522761618773078,0.9528936742934051,0.9491220171094101,-0.0037716571839949697,0.7411300919842313,0.7278562259306803,-0.013273866053550964,0.764616723068603,0.8166391326524396,0.05202240958383664,0.003659876360769143,0.021113885815924438,0.017454009455155295,81.0,89.0,8.0,324.0,360.0,36.0
test,149314679-149314698-001,carcinoma_in_situ,20260803,baseline,gaussian_blur,2.0,0.6772437970228606,0.6704123612987258,-0.0068314357241348045,0.908638700049743,0.907189108417732,-0.0014495916320109714,0.44584889399597816,0.4336356141797197,-0.012213279816258471,2.860229562173014,2.9218293499732937,0.06159978780027986,0.05980165497500256,0.08005612079269198,0.020254465817689415,551.0,559.0,8.0,1793.0,1951.0,158.0
test,149315229-149315310-001,severe_dysplastic,20260803,baseline,gaussian_blur,3.0,0.6460527030330467,0.6430166007689365,-0.0030361022641102187,0.9296805016422813,0.9360812425328554,0.006400740890574075,0.36242490442381214,0.34995195900501763,-0.012472945418794512,2.518921184702937,2.545744957876862,0.026823773173924703,0.039422997146269845,0.05761586634951066,0.018192869203240813,320.0,324.0,4.0,5159.0,5371.0,212.0
test,149315671-149315731-001,carcinoma_in_situ,20260803,baseline,gaussian_blur,1.0,0.7231321517975426,0.7240543071467926,0.0009221553492499979,0.905707584050039,0.906733322918294,0.0010257388682549662,0.5405567195450464,0.5413752913752914,0.0008185718302450296,1.9420094433553994,1.9892174858716218,0.04720804251622246,0.014784388326169906,0.01244990007854152,-0.0023344882476283857,599.0,593.0,-6.0,1173.0,1264.0,91.0
test,149315671-149315731-001,carcinoma_in_situ,20260803,baseline,gaussian_blur,2.0,0.7231321517975426,0.7168012870191185,-0.00633086477842415,0.905707584050039,0.9003447195236602,-0.005362864526378797,0.5405567195450464,0.5332578545145769,-0.0072988650304695035,1.9420094433553994,2.047982910413016,0.10597346705761646,0.014784388326169906,0.035743165791145115,0.02095877746497521,599.0,612.0,13.0,1173.0,1365.0,192.0
test,149315671-149315740-001,carcinoma_in_situ,20260803,baseline,gaussian_blur,2.0,0.7540786375396871,0.7477775088028714,-0.006301128736815653,0.9654503105590062,0.9634098871156092,-0.0020404234433970547,0.5427069645203679,0.5321451304901337,-0.010561834030234252,1.3631051050607779,1.4264883998014386,0.06338329474066073,0.05877962056646302,0.06252842301568229,0.0037488024492192684,16.0,30.0,14.0,1066.0,1164.0,98.0
test,149315671-149315740-001,carcinoma_in_situ,20260803,baseline,gaussian_noise,10.0,0.7540786375396871,0.7558650484137786,0.001786410874091482,0.9654503105590062,0.9593240322263706,-0.006126278332635571,0.5427069645203679,0.5524060646011866,0.009699100080818646,1.3631051050607779,1.387801266251505,0.02469616119072704,0.05877962056646302,0.03194608433426971,-0.02683353623219331,16.0,79.0,63.0,1066.0,1056.0,-10.0
test,149315671-149315740-001,carcinoma_in_situ,20260803,baseline,gaussian_noise,20.0,0.7540786375396871,0.7481219050359126,-0.005956732503774487,0.9654503105590062,0.9328160098019196,-0.03263430075708662,0.5427069645203679,0.5634278002699056,0.020720835749537647,1.3631051050607779,1.4416009010507993,0.07849579599002143,0.05877962056646302,0.0865699162034782,0.027790295637015183,16.0,271.0,255.0,1066.0,986.0,-80.0
test,149316426-149316462-004,carcinoma_in_situ,20260803,baseline,gaussian_blur,2.0,0.8979184574153213,0.8982713698269132,0.00035291241159196574,0.9564381806534273,0.9524421593830334,-0.00399602127039389,0.8393987341772152,0.844100580270793,0.004701846093577822,0.12600177396657042,0.18216334745126317,0.05616157348469275,0.13937677831501616,0.1652026208154206,0.025825842500404428,38.0,48.0,10.0,98.0,155.0,57.0
test,149316426-149316462-004,carcinoma_in_situ,20260803,baseline,gaussian_blur,3.0,0.8979184574153213,0.8980463010957067,0.00012784368038543104,0.9564381806534273,0.9496449322143318,-0.006793248439095567,0.8393987341772152,0.8464476699770818,0.00704893579986654,0.12600177396657042,0.21844430951899074,0.09244253555242032,0.13937677831501616,0.17701827459773678,0.03764149628272062,38.0,62.0,24.0,98.0,188.0,90.0
test,149317002-149317010-002,severe_dysplastic,20260803,baseline,gaussian_blur,1.0,0.8546742920049772,0.8514107117297458,-0.003263580275231437,0.9490698383653553,0.9490387549588037,-3.10834065515575e-05,0.7602787456445993,0.7537826685006878,-0.006496077143911538,0.2281918764570201,0.2533724750122317,0.025180598555211597,0.12084255883103268,0.11336002156353941,-0.007482537267493261,89.0,87.0,-2.0,360.0,398.0,38.0
test,149317204-149317230-002,severe_dysplastic,20260803,baseline,gaussian_blur,2.0,0.8319500546497081,0.8388027601350883,0.006852705485380195,0.9185425852866094,0.9182070240295749,-0.000335561257034489,0.7453575240128069,0.7593984962406015,0.014040972227794657,0.17506463777597747,0.20102206031167769,0.025957422535700214,0.25481613300822936,0.2716123706913275,0.016796237683098125,139.0,120.0,-19.0,293.0,396.0,103.0
test,149317204-149317230-002,severe_dysplastic,20260803,baseline,gaussian_blur,3.0,0.8319500546497081,0.8391831460452526,0.007233091395544511,0.9185425852866094,0.9177389705882353,-0.0008036146983740888,0.7453575240128069,0.7606273215022699,0.015269797489463,0.17506463777597747,0.20973158744887788,0.034666949672900405,0.25481613300822936,0.26428083641677835,0.009464703408548991,139.0,96.0,-43.0,293.0,454.0,161.0
test,149317204-149317230-002,severe_dysplastic,20260803,baseline,gaussian_noise,10.0,0.8319500546497081,0.8233035803973574,-0.008646474252350655,0.9185425852866094,0.9140142517814727,-0.004528333505136706,0.7453575240128069,0.7325929090132423,-0.012764614999564605,0.17506463777597747,0.2138767626944037,0.03881212491842623,0.25481613300822936,0.24060596403254186,-0.014210168975687498,139.0,238.0,99.0,293.0,290.0,-3.0
test,153276386-153276405-001,moderate_dysplastic,20260803,baseline,gaussian_noise,10.0,0.8317230058588405,0.8271503415586352,-0.004572664300205309,0.9639408385282973,0.950864878415643,-0.013075960112654217,0.6995051731893838,0.7034358047016275,0.00393063151224371,0.5495834741270029,0.5804276204332518,0.030844146306248876,0.1526256112020581,0.12349508456764424,-0.029130526634413845,149.0,352.0,203.0,2314.0,2270.0,-44.0
test,153276386-153276414-001,moderate_dysplastic,20260803,baseline,gaussian_noise,30.0,0.8562009028602382,0.8542302732719981,-0.001970629588240125,0.9255047574843351,0.8926267863918047,-0.032877971092530434,0.7868970482361412,0.8158337601521914,0.028936711916050295,0.1469640034931916,0.22397565391483382,0.07701165042164221,0.22702230351865393,0.4038972599693718,0.17687495645071788,112.0,599.0,487.0,1798.0,1575.0,-223.0
test,153697342-153697375-001,moderate_dysplastic,20260803,baseline,gaussian_noise,10.0,0.8606466311473293,0.8654690253297028,0.004822394182373513,0.9751263116984066,0.9723320158102767,-0.0027942958881298496,0.7461669505962522,0.7586060348491288,0.012439084252876653,0.47397270181453355,0.5074612110414792,0.033488509226945684,0.03678109562976972,0.007086700065386808,-0.029694395564382914,12.0,98.0,86.0,962.0,972.0,10.0
test,153697342-153697384-001,moderate_dysplastic,20260803,baseline,gaussian_noise,10.0,0.8816414189195751,0.889040771563297,0.007399352643721824,0.9701582215101141,0.9709408656777078,0.0007826441675936602,0.7931246163290362,0.8071406774488862,0.014016061119849987,0.04691901176857982,0.07644884918653527,0.02952983741795545,0.037885458983718756,0.01888102251003765,-0.019004436473681108,1.0,73.0,72.0,198.0,236.0,38.0
test,153697342-153697384-001,moderate_dysplastic,20260803,baseline,gaussian_noise,20.0,0.8816414189195751,0.8729905255270675,-0.008650893392507686,0.9701582215101141,0.9385072094995759,-0.031651012010538215,0.7931246163290362,0.807473841554559,0.014349225225522844,0.04691901176857982,0.16200614123770918,0.11508712946912936,0.037885458983718756,0.17727879652942702,0.13939333754570826,1.0,278.0,277.0,198.0,372.0,174.0
test,153701622-153701650-001,moderate_dysplastic,20260803,baseline,gaussian_blur,3.0,0.8399285294143259,0.8344647496578981,-0.005463779756427867,0.9732403297400127,0.9723030226381687,-0.0009373071018440315,0.7066167290886392,0.6966264766776276,-0.009990252411011591,0.3927382438618393,0.42155532815855545,0.028817084296716144,0.09598891057150716,0.13093299119844792,0.034944080626940766,67.0,89.0,22.0,1602.0,1803.0,201.0
test,153701622-153701650-001,moderate_dysplastic,20260803,baseline,gaussian_noise,10.0,0.8399285294143259,0.8405483027463105,0.0006197733319845966,0.9732403297400127,0.9695629552549427,-0.003677374485069995,0.7066167290886392,0.7115336502376782,0.004916921149039077,0.3927382438618393,0.43110217134635975,0.038363927484520444,0.09598891057150716,0.09342955564681188,-0.0025593549246952785,67.0,130.0,63.0,1602.0,1586.0,-16.0
test,153826963-153826970-001,severe_dysplastic,20260803,baseline,gaussian_blur,3.0,0.6357139967969436,0.6306149240949581,-0.0050990727019855075,0.7696538337107732,0.7592169657422512,-0.010436867968522057,0.5017741598831141,0.5020128824476651,0.00023872256455093055,1.8239503357683085,1.8756823494322714,0.05173201366396296,0.07124942488970804,0.22642119139041827,0.15517176650071024,1424.0,1476.0,52.0,1803.0,1980.0,177.0
test,153827595-153827657-002,carcinoma_in_situ,20260803,baseline,gaussian_noise,30.0,0.8502101745540616,0.8440267915365484,-0.0061833830175132,0.9526327384886539,0.9198416625432954,-0.03279107594535857,0.7477876106194691,0.7682119205298014,0.020424309910332283,0.19765957400042644,0.43289851785060685,0.2352389438501804,0.08841057587411427,0.14610504104101685,0.057694465166902575,207.0,290.0,83.0,642.0,803.0,161.0
test,153828877-153828902-002,severe_dysplastic,20260803,baseline,gaussian_blur,2.0,0.9023894214960309,0.897304845061899,-0.005084576434131849,0.963069669984285,0.954443417403935,-0.008626252580349991,0.8417091730077766,0.8401662727198631,-0.0015429002879134845,0.11030170150693452,0.14744964201831734,0.037147940511382815,0.036644319965115635,0.07705885448791183,0.0404145345227962,278.0,341.0,63.0,595.0,905.0,310.0
test,153828952-153828970-001,severe_dysplastic,20260803,baseline,gaussian_noise,10.0,0.7883611823933867,0.779268310383546,-0.009092872009840658,0.9070422535211268,0.8846309539873162,-0.022411299533810602,0.6696801112656467,0.673905666779776,0.004225555514129287,0.5762408736598137,0.9320087151637346,0.35576784150392093,0.05898919661910251,0.028475987668343472,-0.03051320895075904,276.0,675.0,399.0,202.0,273.0,71.0
test,153828952-153829005-001,severe_dysplastic,20260803,baseline,gaussian_blur,1.0,0.7622102388848497,0.7716280785276943,0.009417839642844594,0.9162717219589257,0.9161102343086075,-0.0001614876503182039,0.6081487558107739,0.6271459227467812,0.01899716693600728,0.9470327397516629,1.0045446443175647,0.05751190456590183,0.06588386139640212,0.09782779164334376,0.03194393024694164,681.0,673.0,-8.0,455.0,526.0,71.0
test,153828952-153829005-002,severe_dysplastic,20260803,baseline,gaussian_blur,1.0,0.8297013601821681,0.8304895252034213,0.0007881650212532287,0.8771010023130301,0.8764460897732531,-0.0006549125397770084,0.7823017180513062,0.7845329606335896,0.002231242582283355,0.48132804566360354,0.5076133963067557,0.026285350643152183,0.02840842344609351,0.017244178484191797,-0.011164244961901715,797.0,799.0,2.0,147.0,191.0,44.0
test,153828952-153829005-002,severe_dysplastic,20260803,baseline,gaussian_blur,2.0,0.8297013601821681,0.8237704334076199,-0.005930926774548206,0.8771010023130301,0.8747103352386838,-0.00239066707434632,0.7823017180513062,0.7728305315765561,-0.009471186474750093,0.48132804566360354,0.570637804467574,0.08930975880397041,0.02840842344609351,0.0036401724902394017,-0.02476825095585411,797.0,809.0,12.0,147.0,300.0,153.0
test,153829745-153829768-003,severe_dysplastic,20260803,baseline,gaussian_blur,2.0,0.8357529292988748,0.8355586883017441,-0.00019424099713072351,0.9193903782592728,0.9218792929755472,0.0024889147162743264,0.7521154803384769,0.749238083627941,-0.0028773967105358844,0.5617098372984093,0.5955143735334196,0.03380453623501034,0.043888791740677946,0.008317546407475063,-0.03557124533320288,878.0,851.0,-27.0,992.0,1159.0,167.0
test,153829745-153829768-003,severe_dysplastic,20260803,baseline,gaussian_blur,3.0,0.8357529292988748,0.830550752335549,-0.005202176963325811,0.9193903782592728,0.9203961848862803,0.001005806627007444,0.7521154803384769,0.7407053197848177,-0.011410160553659177,0.5617098372984093,0.6345844995669239,0.07287466226851458,0.043888791740677946,0.013853870603424912,-0.030034921137253034,878.0,866.0,-12.0,992.0,1321.0,329.0
test,153830680-153830827-002,severe_dysplastic,20260803,baseline,gaussian_blur,1.0,0.8560802808032654,0.8598228584501748,0.0037425776469094396,0.9794127573405332,0.977710233029382,-0.0017025243111512545,0.7327478042659975,0.7419354838709677,0.009187679604970245,0.05612295592423333,0.227765455298941,0.17164249937470766,0.007782766686184606,0.016230962722005193,0.008448196035820588,20.0,24.0,4.0,19.0,108.0,89.0
test,153830680-153830827-002,severe_dysplastic,20260803,baseline,gaussian_blur,3.0,0.8560802808032654,0.8652592129672136,0.009178932163948272,0.9794127573405332,0.9725933538883179,-0.006819403452215322,0.7327478042659975,0.7579250720461095,0.025177267780111978,0.05612295592423333,0.7048585701104075,0.6487356141861742,0.007782766686184606,0.003021689265941485,-0.0047610774202431205,20.0,108.0,88.0,19.0,404.0,385.0
test,153830680-153830827-002,severe_dysplastic,20260803,baseline,gaussian_noise,10.0,0.8560802808032654,0.8468206836285109,-0.009259597174754441,0.9794127573405332,0.9770861833105335,-0.002326574029999695,0.7327478042659975,0.7165551839464883,-0.016192620319509188,0.05612295592423333,0.12283159805245836,0.06670864212822503,0.007782766686184606,0.0100285817996143,0.0022458151134296944,20.0,98.0,78.0,19.0,20.0,1.0
test,153831352-153831372-004,severe_dysplastic,20260803,baseline,gaussian_blur,2.0,0.7109988916628569,0.7013779016888351,-0.009620989974021832,0.8547753107404653,0.8528285835814547,-0.001946727159010564,0.5672224725852486,0.5499272197962154,-0.01729525278903321,1.8918847053818335,1.9309116809116809,0.03902697552984735,0.2203334022000084,0.055667850806368935,-0.16466555139363948,1345.0,1354.0,9.0,2745.0,2958.0,213.0
test,153915726-153915736-001,severe_dysplastic,20260803,baseline,gaussian_blur,1.0,0.770777316157376,0.7650693538826319,-0.005707962274744127,0.845707656612529,0.8358095238095238,-0.009898132803005222,0.695846975702223,0.69432918395574,-0.0015177917464830326,0.4765982687352871,0.5158063225290116,0.039208053793724496,0.06491797020340973,0.07409712485630071,0.009179154652890986,772.0,850.0,78.0,665.0,684.0,19.0
test,153916114-153916150-001,carcinoma_in_situ,20260803,baseline,gaussian_blur,2.0,0.8941640905464698,0.8912617318411067,-0.0029023587053631505,0.9581651376146789,0.9602914389799636,0.0021263013652846885,0.8301630434782609,0.8222320247022497,-0.007931018776011212,0.057239206419534394,0.10141987276818742,0.04418066634865303,0.13580669194488104,0.17747006281282962,0.04166337086794858,156.0,116.0,-40.0,24.0,94.0,70.0
test,153916114-153916167-001,carcinoma_in_situ,20260803,baseline,gaussian_blur,1.0,0.6936785969354031,0.686763801761707,-0.006914795173696087,0.8629389703375383,0.85410693202901,-0.0088320383085283,0.5244182235332678,0.5194206714944042,-0.004997552038863651,2.435398913433165,2.5570879082453315,0.12168899481216666,0.39059099915206225,0.405490513281018,0.014899514128955738,790.0,853.0,63.0,1215.0,1228.0,13.0
test,153956040-153956058-001,normal_columnar,20260803,baseline,gaussian_blur,3.0,0.9529897218752967,0.9457800712838698,-0.007209650591426975,0.9856481481481482,0.9763705103969754,-0.00927763775117274,0.9203312956024453,0.9151896321707642,-0.005141663431681098,0.009978321473556429,0.03463519511244956,0.02465687363889313,0.04336551477204398,0.033612004797487494,-0.009753509974556485,8.0,80.0,72.0,100.0,252.0,152.0
test,153958547-153958572-006,normal_columnar,20260803,baseline,gaussian_blur,1.0,0.7626001315217683,0.7534368582887496,-0.009163273233018687,0.8271334792122538,0.8178277801817395,-0.009305699030514258,0.698066783831283,0.6890459363957597,-0.009020847435523227,0.680895368896658,0.7218590456693047,0.04096367677264667,0.010382913008442962,0.02839632943785486,0.0180134164294119,395.0,421.0,26.0,651.0,666.0,15.0
test,153958547-153958590-002,normal_columnar,20260803,baseline,gaussian_noise,30.0,0.34600306770539574,0.3540505433696517,0.008047475664255954,0.16398771898139786,0.15942640236187264,-0.004561316619525219,0.5280184164293936,0.5486746843774307,0.0206562679480371,0.1962887616981639,0.23151106982944802,0.03522230813128413,0.738929214116638,0.5163334715459165,-0.22259574257072157,335.0,1130.0,795.0,13898.0,14310.0,412.0
test,157181481-157181497-004,normal_columnar,20260803,baseline,gaussian_noise,10.0,0.8907863500565965,0.8948248619216678,0.004038511865071315,0.9266473269788645,0.9338009644892591,0.00715363751039455,0.8549253731343284,0.8558487593540764,0.0009233862197480791,0.010109787212928878,0.06786119264647361,0.057751405433544734,0.21131387867601625,0.090739941417323,-0.12057393725869325,125.0,7.0,-118.0,313.0,366.0,53.0
test,157185433-157185508-001,normal_columnar,20260803,baseline,gaussian_noise,10.0,0.9078596328979245,0.8997354234772309,-0.008124209420693584,0.9494057724957555,0.9245351804593511,-0.024870592036404404,0.8663134933000934,0.8749356664951107,0.008622173195017235,0.010723437305613537,0.05602626487549539,0.045302827569881854,0.21204377932691953,0.006542025902312787,-0.20550175342460675,35.0,167.0,132.0,283.0,371.0,88.0
test,157185730-157185758-001,normal_columnar,20260803,baseline,gaussian_blur,3.0,0.4989597474218366,0.4943559759018097,-0.004603771520026889,0.6301099983582334,0.6155819172811798,-0.014528081077053612,0.3678094964854397,0.3731300345224396,0.005320538036999889,0.18310646163295963,0.2207079682968508,0.03760150666389117,0.3703671829304516,0.23221745221123552,-0.1381497307192161,2199.0,2346.0,147.0,1837.0,1818.0,-19.0
test,157227058-157227087-001,normal_columnar,20260803,baseline,gaussian_blur,2.0,0.6602252442471284,0.6540890984694909,-0.006136145777637436,0.7422920302501455,0.730196545562835,-0.012095484687310476,0.5781584582441114,0.5779816513761468,-0.00017680686796461842,0.03227166209052701,0.0691195804261473,0.03684791833562029,0.08826279330640913,0.14735847247393724,0.059095679167528115,55.0,15.0,-40.0,472.0,754.0,282.0
test,157227461-157227503-003,normal_columnar,20260803,baseline,gaussian_noise,10.0,0.8002240455449157,0.7970337079422398,-0.003190337602675841,0.8286820126298635,0.8177072457715598,-0.010974766858303675,0.7717660784599679,0.7763601701129198,0.004594091652951882,0.3667794402172958,0.3921436358333893,0.025364195616093488,0.03124758430598018,0.063349756274234,0.03210217196825382,511.0,631.0,120.0,1005.0,967.0,-38.0
test,158986766-158986776-001,normal_columnar,20260803,baseline,gaussian_noise,20.0,0.9092941706331641,0.8997241201489823,-0.009570050484181802,0.9829323462882994,0.9881570745896531,0.005224728301353676,0.8356559949780289,0.8112911657083115,-0.024364829269717392,0.09782086082332186,0.1441727632074613,0.04635190238413944,0.016420566259031766,0.028183571041329736,0.01176300478229797,55.0,5.0,-50.0,545.0,858.0,313.0
test,148503209-148503231-001,light_dysplastic,20260803,nc_aware_lambda_0p10,gaussian_noise,10.0,0.5747594940979897,0.5707544255637613,-0.004005068534228329,0.661056297156123,0.6580486748032065,-0.003007622352916517,0.4884626910398562,0.4834601763243162,-0.005002514715539974,1.1198134572445482,1.1559046029783029,0.036091145733754715,0.23827604456023,0.2405074666747547,0.002231422114524706,4672.0,4735.0,63.0,2466.0,2543.0,77.0
test,149056410-149056458-001,severe_dysplastic,20260803,nc_aware_lambda_0p10,gaussian_noise,10.0,0.8064590216270371,0.8048712999982395,-0.0015877216287976115,0.9021396001403017,0.8996152500874431,-0.0025243500528585594,0.7107784431137725,0.7101273499090358,-0.0006510932047366635,0.5538342323726229,0.5993183834798741,0.045484151107251236,0.034104391719843696,0.09939655704895844,0.06529216532911475,279.0,287.0,8.0,708.0,750.0,42.0
test,149056873-149056884-001,severe_dysplastic,20260803,nc_aware_lambda_0p10,gaussian_noise,20.0,0.9182952334712919,0.9092020211875174,-0.009093212283774577,0.9707757704569607,0.9630606860158312,-0.0077150844411295605,0.865814696485623,0.8553433563592036,-0.010471340126419482,0.007139283672302543,0.04413662517303685,0.036997341500734304,0.011834508774600905,0.20902005190317996,0.19718554312857905,78.0,104.0,26.0,80.0,6.0,-74.0
test,149056873-149056884-002,severe_dysplastic,20260803,nc_aware_lambda_0p10,gaussian_blur,1.0,0.8580767585987084,0.853045274481391,-0.005031484117317353,0.9480142072973846,0.9380704041720991,-0.009943803125285533,0.7681393099000322,0.768020144790683,-0.00011916510934917302,0.16000196489989427,0.21927889410296864,0.05927692920307437,0.030320594878761042,0.024305795072941505,-0.006014799805819537,161.0,190.0,29.0,87.0,163.0,76.0
test,149057812-149057847-004,moderate_dysplastic,20260803,nc_aware_lambda_0p10,gaussian_noise,20.0,0.900397229131086,0.8933206349365059,-0.007076594194580066,0.9459230378030175,0.9396697000337041,-0.006253337769313361,0.8548714204591547,0.8469715698393078,-0.007899850619846882,0.1443120481188711,0.17104656043045263,0.026734512311581526,0.07632636890820632,0.0816220720216071,0.005295703113400774,255.0,290.0,35.0,1305.0,1497.0,192.0
test,149100006-149100028-002,severe_dysplastic,20260803,nc_aware_lambda_0p10,gaussian_blur,3.0,0.7949802440628191,0.7866756249159907,-0.00830461914682834,0.8050117462803446,0.7933579335793358,-0.011653812701008737,0.7849487418452936,0.7799933162526457,-0.004955425592647944,0.2879847284445947,0.31921141221759164,0.03122668377299692,0.04772185871874801,0.11458601355627973,0.06686415483753172,747.0,784.0,37.0,1054.0,1447.0,393.0
test,149102510-149102519-001,moderate_dysplastic,20260803,nc_aware_lambda_0p10,gaussian_noise,20.0,0.850589477054341,0.8426083345624404,-0.007981142491900517,0.8856231487810435,0.8948566226672735,0.00923347388622997,0.8155558053276385,0.7903600464576074,-0.025195758870031115,0.07491572483634534,0.11517830414934216,0.040262579312996816,0.027490603515339496,0.19295186304226464,0.16546125952692514,192.0,202.0,10.0,958.0,1532.0,574.0
test,149102510-149102519-001,moderate_dysplastic,20260803,nc_aware_lambda_0p10,gaussian_noise,30.0,0.850589477054341,0.8480657279742458,-0.0025237490800951168,0.8856231487810435,0.9074439670189293,0.02182081823788573,0.8155558053276385,0.7886874889295625,-0.026868316398075964,0.07491572483634534,0.11321731995018447,0.038301595113839126,0.027490603515339496,0.1569970210943461,0.1295064175790066,192.0,25.0,-167.0,958.0,1815.0,857.0
test,149143028-149143108-002,severe_dysplastic,20260803,nc_aware_lambda_0p10,gaussian_noise,10.0,0.8556203951785151,0.8519450566293598,-0.0036753385491552493,0.9685163321526958,0.9697327044025157,0.0012163722498198526,0.7427244582043344,0.7341574088562041,-0.008567049348130351,0.2172218145398771,0.24336304457251445,0.026141230032637353,0.026862724010722983,0.051809408983835015,0.024946684973112032,138.0,132.0,-6.0,1044.0,1113.0,69.0
test,149146837-149146854-001,carcinoma_in_situ,20260803,nc_aware_lambda_0p10,gaussian_blur,2.0,0.8475495021459796,0.8535681961384645,0.0060186939924848915,0.9644681575661256,0.9660437556973565,0.0015755981312308709,0.7306308467258336,0.7410926365795725,0.010461789853738912,0.10926523418934364,0.16249572175492988,0.05323048756558624,0.022225259479702886,0.059687544548035376,0.03746228506833249,117.0,84.0,-33.0,163.0,204.0,41.0
test,149146837-149146854-001,carcinoma_in_situ,20260803,nc_aware_lambda_0p10,gaussian_blur,3.0,0.8475495021459796,0.8551422940773488,0.007592791931369192,0.9644681575661256,0.9652881200595715,0.0008199624934459582,0.7306308467258336,0.744996468095126,0.014365621369292425,0.10926523418934364,0.21653682577737676,0.10727159158803312,0.022225259479702886,0.07287834923524272,0.05065308975553984,117.0,37.0,-80.0,163.0,241.0,78.0
test,149181904-149181951-001,carcinoma_in_situ,20260803,nc_aware_lambda_0p10,gaussian_blur,1.0,0.9113396714767472,0.9053875650139742,-0.005952106462772999,0.9519029694688415,0.9465713083718974,-0.0053316610969440514,0.8707763734846531,0.8642038216560509,-0.006572551828602169,0.16765415966449204,0.20869361557001542,0.04103945590552338,0.0008369343294228893,0.005739233462740634,0.004902299133317745,220.0,248.0,28.0,85.0,133.0,48.0
test,149182125-149182135-002,carcinoma_in_situ,20260803,nc_aware_lambda_0p10,gaussian_blur,2.0,0.8289519030646207,0.8254318767283522,-0.003520026336268578,0.9566217548471903,0.9558312655086849,-0.0007904893385053402,0.7012820512820512,0.6950324879480193,-0.006249563334031927,0.14945237275719947,0.20781941867919596,0.058367045921996485,0.13516129929206466,0.14215894360100068,0.006997644308936013,152.0,111.0,-41.0,384.0,475.0,91.0
test,149182125-149182135-002,carcinoma_in_situ,20260803,nc_aware_lambda_0p10,gaussian_blur,3.0,0.8289519030646207,0.8222126154278291,-0.006739287636791658,0.9566217548471903,0.9536357571714477,-0.002985997675742591,0.7012820512820512,0.6907894736842105,-0.010492577597840724,0.14945237275719947,0.2660419117828552,0.11658953902565572,0.13516129929206466,0.1351473203775726,-1.3978914492063232e-05,152.0,62.0,-90.0,384.0,568.0,184.0
test,149182657-149182667-001,carcinoma_in_situ,20260803,nc_aware_lambda_0p10,gaussian_noise,10.0,0.8072406985390936,0.8101647973449053,0.0029240988058116812,0.9356749030018379,0.9328434374362115,-0.002831465565626412,0.6788064940763493,0.6874861572535991,0.008679663177249775,0.15695686470649073,0.18125518475749214,0.02429832005100141,0.13390326773851924,0.06427814623617667,-0.06962512150234257,127.0,129.0,2.0,214.0,257.0,43.0
test,149182657-149182681-002,carcinoma_in_situ,20260803,nc_aware_lambda_0p10,gaussian_blur,1.0,0.7048032785968679,0.7041481819696306,-0.0006550966272372838,0.8758169934640523,0.8732037193575655,-0.002613274106486818,0.5337895637296834,0.5350926445816957,0.0013030808520122505,0.8377082081762928,0.8690733933407757,0.031365185164482945,0.04264474115412331,0.07302464041188439,0.030379899257761078,589.0,600.0,11.0,617.0,672.0,55.0
test,149182657-149182698-003,carcinoma_in_situ,20260803,nc_aware_lambda_0p10,gaussian_noise,10.0,0.8835813469584336,0.8824067516404706,-0.0011745953179630453,0.9559357179885951,0.9622770919067215,0.006341373918126392,0.8112269759282721,0.8025364113742197,-0.008690564554052371,0.0714379457187132,0.10330815359600176,0.03187020787728856,0.1612796257134943,0.12078975920173907,-0.040489866511755235,59.0,14.0,-45.0,751.0,919.0,168.0
test,149182657-149182698-003,carcinoma_in_situ,20260803,nc_aware_lambda_0p10,gaussian_noise,20.0,0.8835813469584336,0.8750127628848791,-0.008568584073554542,0.9559357179885951,0.9534765691084419,-0.0024591488801531947,0.8112269759282721,0.7965489566613162,-0.014678019266955888,0.0714379457187132,0.13877945464489005,0.06734150892617685,0.1612796257134943,0.04025903755137783,-0.12102058816211647,59.0,65.0,6.0,751.0,1044.0,293.0
test,149185604-149185616-001,carcinoma_in_situ,20260803,nc_aware_lambda_0p10,gaussian_blur,2.0,0.8138998531274665,0.8047222380356127,-0.009177615091853775,0.9450522433927474,0.9296300909204135,-0.015422152472333917,0.6827474628621856,0.679814385150812,-0.002933077711373522,0.20756039176183094,0.2659933767711189,0.05843298500928795,0.014049096555066587,0.036815891932535316,0.02276679537746873,373.0,479.0,106.0,277.0,374.0,97.0
test,149185604-149185645-003,carcinoma_in_situ,20260803,nc_aware_lambda_0p10,gaussian_blur,1.0,0.8604277907058924,0.8598553491387368,-0.0005724415671555239,0.9645472509589678,0.9634713820381573,-0.0010758689208104633,0.7563083304528171,0.7562393162393163,-6.90142135008065e-05,0.7142643883402391,0.771448083047491,0.05718369470725193,0.1206893193348888,0.11920672350848172,-0.0014825958264070849,279.0,286.0,7.0,251.0,283.0,32.0
test,149185604-149185645-003,carcinoma_in_situ,20260803,nc_aware_lambda_0p10,gaussian_blur,2.0,0.8604277907058924,0.8582955854246416,-0.0021322052812507986,0.9645472509589678,0.9587316390767079,-0.005815611882259875,0.7563083304528171,0.7578595317725753,0.0015512013197581664,0.7142643883402391,0.8831173072308913,0.16885291889065224,0.1206893193348888,0.0811718418615538,-0.039517477473335005,279.0,304.0,25.0,251.0,348.0,97.0
test,149185604-149185645-003,carcinoma_in_situ,20260803,nc_aware_lambda_0p10,gaussian_blur,3.0,0.8604277907058924,0.857196574451807,-0.0032312162540854006,0.9645472509589678,0.9517370016320821,-0.012810249326885681,0.7563083304528171,0.7626561472715319,0.006347816818714769,0.7142643883402391,0.9580121058782702,0.24374771753803115,0.1206893193348888,0.10134518316758712,-0.019344136167301684,279.0,304.0,25.0,251.0,400.0,149.0
test,149185604-149185657-001,carcinoma_in_situ,20260803,nc_aware_lambda_0p10,gaussian_blur,1.0,0.8316430722370288,0.8260194407293888,-0.005623631507640003,0.9580838323353293,0.9546489956512736,-0.003434836684055753,0.7052023121387283,0.697389885807504,-0.007812426331224254,0.930538014471247,0.973064552504207,0.042526538032960026,0.043560975334694274,0.08121941466376725,0.03765843932907298,149.0,163.0,14.0,468.0,498.0,30.0
test,149185698-149185709-002,carcinoma_in_situ,20260803,nc_aware_lambda_0p10,gaussian_blur,1.0,0.8145567184461124,0.8116746203567908,-0.0028820980893216053,0.9238441838522712,0.9210810810810811,-0.0027631027711900735,0.7052692530399537,0.7022681596325007,-0.003001093407453026,0.5854504831893186,0.6248843994202085,0.039433916230889876,0.013431107245124863,0.009744459329552368,-0.003686647915572494,565.0,584.0,19.0,206.0,235.0,29.0
test,149185788-149185824-001,carcinoma_in_situ,20260803,nc_aware_lambda_0p10,gaussian_blur,2.0,0.7994015584776322,0.7959883080390626,-0.0034132504385695484,0.8970740103270224,0.8809482307826391,-0.016125779544383323,0.7017291066282421,0.7110283852954863,0.009299278667244226,0.20775034363198475,0.3207018905582968,0.11295154692631204,0.024545115224110292,0.020915005857539914,-0.0036301093665703776,544.0,617.0,73.0,80.0,54.0,-26.0
test,149314453-149314465-001,carcinoma_in_situ,20260803,nc_aware_lambda_0p10,gaussian_blur,2.0,0.8830441183834945,0.8738107257604137,-0.00923339262308076,0.9797894736842105,0.9772151898734177,-0.0025742838107928323,0.7862987630827784,0.7704062616474097,-0.01589250143536869,0.002996450047091148,0.04254049872841503,0.039544048681323885,0.025085450107765417,0.014580876219223549,-0.010504573888541868,78.0,68.0,-10.0,95.0,206.0,111.0
test,149314679-149314698-001,carcinoma_in_situ,20260803,nc_aware_lambda_0p10,gaussian_blur,1.0,0.7344703267366264,0.7255907665761843,-0.008879560160442113,0.8834605597964377,0.8766001024065541,-0.006860457389883612,0.585480093676815,0.5745814307458144,-0.010898662931000613,2.3835731507484184,2.459827216117995,0.07625406536957646,0.012196716547387743,0.00034603456814241706,-0.011850681979245326,687.0,723.0,36.0,874.0,940.0,66.0
test,149314679-149314698-001,carcinoma_in_situ,20260803,nc_aware_lambda_0p10,gaussian_noise,10.0,0.7344703267366264,0.7276963909723002,-0.006773935764326167,0.8834605597964377,0.8804218404490559,-0.0030387193473817575,0.585480093676815,0.5749709414955444,-0.010509152181270576,2.3835731507484184,2.4093639412071255,0.025790790458707136,0.012196716547387743,0.05348613679031966,0.04128942024293192,687.0,703.0,16.0,874.0,893.0,19.0
test,149314679-149314698-001,carcinoma_in_situ,20260803,nc_aware_lambda_0p10,gaussian_noise,20.0,0.7344703267366264,0.7262438397629376,-0.008226486973688774,0.8834605597964377,0.8762164930851972,-0.007244066711240449,0.585480093676815,0.576271186440678,-0.009208907236136987,2.3835731507484184,2.4346772273799475,0.05110407663152916,0.012196716547387743,0.1404036814603657,0.12820696491297795,687.0,725.0,38.0,874.0,908.0,34.0
test,149315229-149315310-001,severe_dysplastic,20260803,nc_aware_lambda_0p10,gaussian_blur,1.0,0.7508084257158905,0.744098677602666,-0.006709748113224445,0.9678437265214125,0.9664459825458923,-0.0013977439755201715,0.5337731249103685,0.5217513726594397,-0.01202175225092883,2.13554801032188,2.172099425576409,0.03655141525452921,0.0149061436467528,0.01002233439860678,-0.0048838092481460205,406.0,424.0,18.0,2977.0,3107.0,130.0
test,149315671-149315731-001,carcinoma_in_situ,20260803,nc_aware_lambda_0p10,gaussian_blur,1.0,0.7955217127009324,0.8021210092677937,0.006599296566861312,0.9419062027231467,0.9391779159714849,-0.0027282867516618126,0.6491372226787182,0.6650641025641025,0.015926879885384326,0.9200888342216755,1.033380199241086,0.1132913650194105,0.005102366483497045,0.007687575273395808,0.002585208789898763,384.0,401.0,17.0,266.0,328.0,62.0
test,149315671-149315731-001,carcinoma_in_situ,20260803,nc_aware_lambda_0p10,gaussian_blur,2.0,0.7955217127009324,0.8050998146705198,0.009578101969587416,0.9419062027231467,0.9330282227307399,-0.008877979992406804,0.6491372226787182,0.6771714066102997,0.028034183931581524,0.9200888342216755,1.211522006524413,0.29143317230273746,0.005102366483497045,0.007884394293386165,0.0027820278098891205,384.0,439.0,55.0,266.0,434.0,168.0
test,149315671-149315731-001,carcinoma_in_situ,20260803,nc_aware_lambda_0p10,gaussian_blur,3.0,0.7955217127009324,0.7907502875523754,-0.004771425148556996,0.9419062027231467,0.9211784667592164,-0.020727735963930294,0.6491372226787182,0.6603221083455344,0.011184885666816191,0.9200888342216755,1.4141215562641063,0.49403272204243076,0.005102366483497045,0.010585365317061779,0.005482998833564734,384.0,511.0,127.0,266.0,564.0,298.0
test,149315671-149315740-001,carcinoma_in_situ,20260803,nc_aware_lambda_0p10,gaussian_blur,1.0,0.7759634213050682,0.767877150147331,-0.00808627115773719,0.9305210918114144,0.923621227887617,-0.006899863923797378,0.6214057507987221,0.6121330724070451,-0.009272678391677003,1.126271494692442,1.1944770508802445,0.06820555618780255,0.03598842845938244,0.05350332841356531,0.017514899954182872,332.0,363.0,31.0,526.0,577.0,51.0
test,149316426-149316462-004,carcinoma_in_situ,20260803,nc_aware_lambda_0p10,gaussian_noise,10.0,0.8235091969493047,0.8184490539352645,-0.00506014301404023,0.9426666666666667,0.9436854381872709,0.0010187715206042558,0.7043517272319426,0.6932126696832579,-0.011139057548684717,0.09998295468380936,0.127729180883843,0.02774622620003364,0.11333926840116748,0.05705654081406297,-0.05628272758710451,160.0,159.0,-1.0,201.0,220.0,19.0
test,153276386-153276405-001,moderate_dysplastic,20260803,nc_aware_lambda_0p10,gaussian_blur,2.0,0.8563071275472292,0.8496834615206752,-0.006623666026553954,0.9537701446888601,0.9503428706550012,-0.003427274033858896,0.7588441104055981,0.7490240523863493,-0.00982005801924879,0.2871192277342861,0.3435134624992191,0.05639423476493299,0.09504895715458017,0.15614085696612967,0.0610918998115495,171.0,128.0,-43.0,1139.0,1363.0,224.0
test,153276386-153276414-001,moderate_dysplastic,20260803,nc_aware_lambda_0p10,gaussian_blur,2.0,0.9060413489415164,0.8972101044048789,-0.008831244536637528,0.9629094412331407,0.9584749878581836,-0.00443445337495707,0.8491732566498922,0.8359452209515742,-0.013228035698317986,0.18830804288181924,0.21292304972224435,0.024615006840425113,0.007658160490832455,0.030518099267453636,0.02285993877662118,202.0,270.0,68.0,1818.0,2074.0,256.0
test,153655087-153655101-002,severe_dysplastic,20260803,nc_aware_lambda_0p10,gaussian_blur,1.0,0.7559620919012126,0.7470808059043352,-0.00888128599687732,0.759680393362016,0.7438530967942732,-0.015827296567742732,0.7522437904404091,0.7503085150143973,-0.0019352754260117955,0.459583042951009,0.4864684240726364,0.026885381121627416,0.5365897052945505,0.5152937381719878,-0.021295967122562764,634.0,675.0,41.0,657.0,728.0,71.0
test,153657121-153657160-001,severe_dysplastic,20260803,nc_aware_lambda_0p10,gaussian_blur,2.0,0.8798364131283836,0.875788005910983,-0.004048407217400518,0.970108695652174,0.9687809712586719,-0.0013277243935020389,0.7895641306045931,0.7827950405632941,-0.006769090041298997,0.10363792160843532,0.1579234986013398,0.05428557699290448,0.049906963392692294,0.05190093117005101,0.0019939677773587183,176.0,200.0,24.0,123.0,255.0,132.0
test,153659229-153659264-001,severe_dysplastic,20260803,nc_aware_lambda_0p10,gaussian_blur,2.0,0.883324763864731,0.8763808061757277,-0.006943957689003355,0.9542074363992172,0.9391051098755626,-0.015102326523654619,0.8124420913302449,0.8136565024758926,0.001214411145647687,0.01908525058502636,0.04929746705010035,0.030212216465073993,0.017312727145488815,0.005507359681216184,-0.011805367464272631,347.0,458.0,111.0,400.0,162.0,-238.0
test,153697342-153697375-001,moderate_dysplastic,20260803,nc_aware_lambda_0p10,gaussian_blur,2.0,0.8648567024592987,0.8586584820223072,-0.006198220436991475,0.971895555112617,0.9669801881128677,-0.004915366999749371,0.7578178498059803,0.7503367759317467,-0.007481073874233579,0.4115911793794067,0.44668710451023186,0.035095925130825156,0.0078882133626067,0.02765518724483329,0.01976697388222659,141.0,161.0,20.0,647.0,720.0,73.0
test,153701622-153701650-001,moderate_dysplastic,20260803,nc_aware_lambda_0p10,gaussian_blur,2.0,0.8269752022687339,0.8247414094119567,-0.0022337928567771614,0.9513763828145099,0.9502532796467074,-0.0011231031678025083,0.7025740217229579,0.699229539177206,-0.0033444825457519256,0.12108948616617621,0.18874493617671773,0.06765545001054152,0.14001871469909732,0.1444908592850731,0.004472144585975779,44.0,119.0,75.0,313.0,471.0,158.0
test,153701622-153701650-001,moderate_dysplastic,20260803,nc_aware_lambda_0p10,gaussian_blur,3.0,0.8269752022687339,0.8202033536418166,-0.006771848626917265,0.9513763828145099,0.9475758770201025,-0.003800505794407383,0.7025740217229579,0.6928308302635308,-0.009743191459427147,0.12108948616617621,0.259476996515124,0.1383875103489478,0.14001871469909732,0.13877599188259426,-0.0012427228165030613,44.0,207.0,163.0,313.0,650.0,337.0
test,153701949-153701958-001,light_dysplastic,20260803,nc_aware_lambda_0p10,gaussian_noise,20.0,0.8558757805152418,0.8549494206240943,-0.0009263598911475324,0.9505730155382127,0.9471184072651065,-0.0034546082731061745,0.7611785454922709,0.762780433983082,0.0016018884908111097,0.07433422411223278,0.10499830150295708,0.030664077390724298,0.16290943427030224,0.14184853330192126,-0.02106090096838098,427.0,519.0,92.0,392.0,637.0,245.0
test,153702037-153702051-003,light_dysplastic,20260803,nc_aware_lambda_0p10,gaussian_blur,2.0,0.843078652570292,0.8398258306234444,-0.003252821946847617,0.9087357954545454,0.8985663082437276,-0.010169487210817785,0.7774215096860387,0.7810853530031612,0.0036638433171224394,0.05018597026882521,0.08585916205814992,0.03567319178932471,0.2042519248910818,0.1698552541831938,-0.03439667070788799,1020.0,1124.0,104.0,858.0,644.0,-214.0
test,153702037-153702051-003,light_dysplastic,20260803,nc_aware_lambda_0p10,gaussian_blur,3.0,0.843078652570292,0.8376984489691595,-0.0053802036011325605,0.9087357954545454,0.8907745080339411,-0.01796128742060432,0.7774215096860387,0.7846223899043778,0.00720088021833909,0.05018597026882521,0.11434209480023949,0.06415612453141428,0.2042519248910818,0.12528335072898455,-0.07896857416209724,1020.0,1206.0,186.0,858.0,455.0,-403.0
test,153826963-153826970-001,severe_dysplastic,20260803,nc_aware_lambda_0p10,gaussian_blur,2.0,0.6745971124552961,0.6669153788041299,-0.0076817336511662004,0.8078369905956113,0.7940383700650071,-0.013798620530604211,0.5413572343149808,0.5397923875432526,-0.00156484677172819,1.4766642957839933,1.5643241723424524,0.08765987655845908,0.03769682407287178,0.09245482767221291,0.05475800359934113,1226.0,1299.0,73.0,917.0,1058.0,141.0
test,153826963-153826982-003,severe_dysplastic,20260803,nc_aware_lambda_0p10,gaussian_blur,1.0,0.7902682829348002,0.7881545424039968,-0.0021137405308033763,0.9298122614317987,0.9293842556508184,-0.00042800578098034503,0.6507243044378018,0.6469248291571754,-0.0037994752806264076,1.746184855819025,1.7830463891448551,0.0368615333258302,0.002931209985515104,0.004950883918982685,0.0020196739334675806,527.0,534.0,7.0,1035.0,1076.0,41.0
test,153826963-153826982-003,severe_dysplastic,20260803,nc_aware_lambda_0p10,gaussian_blur,2.0,0.7902682829348002,0.7837805246968437,-0.0064877582379565535,0.9298122614317987,0.9277400203109132,-0.002072241120885554,0.6507243044378018,0.639821029082774,-0.010903275355027775,1.746184855819025,1.857331284335745,0.11114642851672007,0.002931209985515104,0.008222698959906904,0.0052914889743918,527.0,563.0,36.0,1035.0,1156.0,121.0
test,153827595-153827657-002,carcinoma_in_situ,20260803,nc_aware_lambda_0p10,gaussian_noise,10.0,0.8505968152911889,0.8430926456740397,-0.00750416961714917,0.9213002566295979,0.9160467587672688,-0.005253497862329093,0.7798933739527799,0.7701385325808107,-0.009754841371969247,0.13792934502320775,0.1789987681982972,0.04106942317508944,0.12664653030174933,0.09886065674439293,-0.0277858735573564,344.0,373.0,29.0,61.0,20.0,-41.0
test,153828952-153828970-001,severe_dysplastic,20260803,nc_aware_lambda_0p10,gaussian_noise,10.0,0.8433640086250794,0.8382925893633455,-0.005071419261733934,0.9680784995652714,0.9681671226063169,8.862304104551022e-05,0.7186495176848875,0.7084180561203741,-0.010231461564513378,0.4582552195190419,0.5402369419924082,0.08198172247336633,0.0038800942164630703,0.008720910510710889,0.004840816294247818,35.0,44.0,9.0,186.0,215.0,29.0
test,153828952-153829005-001,severe_dysplastic,20260803,nc_aware_lambda_0p10,gaussian_blur,1.0,0.7748217260370918,0.7836179632564763,0.008796237219384495,0.9454973513831666,0.9466133584195673,0.0011160070364006902,0.6041461006910168,0.6206225680933852,0.01647646740236841,0.02682172738005395,0.052359385970417005,0.025537658590363055,0.05827339800720477,0.09930797865450391,0.041034580647299146,415.0,406.0,-9.0,163.0,118.0,-45.0
test,153828952-153829005-001,severe_dysplastic,20260803,nc_aware_lambda_0p10,gaussian_noise,20.0,0.7748217260370918,0.7654659958164494,-0.0093557302206424,0.9454973513831666,0.9430491687301026,-0.0024481826530640127,0.6041461006910168,0.5878828229027963,-0.016263277788220565,0.02682172738005395,0.08692936479917446,0.06010763741912051,0.05827339800720477,0.012468612946467839,-0.04580478506073693,415.0,429.0,14.0,163.0,198.0,35.0
test,153829745-153829768-003,severe_dysplastic,20260803,nc_aware_lambda_0p10,gaussian_noise,10.0,0.6767452078870764,0.6677101932080294,-0.009035014679046993,0.9010270774976658,0.9001027941313896,-0.0009242833662761463,0.45246333827648705,0.4353175922846691,-0.01714574599181795,0.22345994118075918,0.26165865921431264,0.03819871803355346,0.04266511990783772,0.07403233235445894,0.03136721244662122,1060.0,1069.0,9.0,975.0,1030.0,55.0
test,153916114-153916167-001,carcinoma_in_situ,20260803,nc_aware_lambda_0p10,gaussian_blur,1.0,0.6476488121431883,0.6444396052363881,-0.003209206906800155,0.8477114173898247,0.8470428280081577,-0.0006685893816670285,0.4475862068965517,0.4418363824646186,-0.005749824431933115,3.163451223738716,3.189707734110941,0.026256510372225428,0.3987232170428387,0.41271205233053715,0.013988835287698453,801.0,808.0,7.0,1366.0,1369.0,3.0
test,153958547-153958572-006,normal_columnar,20260803,nc_aware_lambda_0p10,gaussian_noise,20.0,0.7992107044863344,0.7920140875457531,-0.0071966169405812686,0.8834586466165414,0.8792860497886331,-0.00417259682790827,0.7149627623561273,0.704742125302873,-0.010220637053254378,0.4403108409136621,0.49706839116997614,0.056757550256314016,0.014936327062964883,0.1925217612219552,0.1775854341589903,238.0,239.0,1.0,542.0,607.0,65.0
test,153958547-153958572-009,normal_columnar,20260803,nc_aware_lambda_0p10,gaussian_noise,20.0,0.7899298525371246,0.7942707739166808,0.004340921379556217,0.9091730682331677,0.9199817101051669,0.010808641871999258,0.6706866368410815,0.6685598377281947,-0.0021267991128868236,0.1517826576174916,0.1901349860972072,0.03835232847971559,0.041531227065557896,0.1442117076225502,0.1026804805569923,201.0,175.0,-26.0,433.0,644.0,211.0
test,153958547-153958572-009,normal_columnar,20260803,nc_aware_lambda_0p10,gaussian_noise,30.0,0.7899298525371246,0.7988604635412244,0.008930611004099864,0.9091730682331677,0.9356943150046598,0.026521246771492146,0.6706866368410815,0.6620266120777891,-0.008660024763292418,0.1517826576174916,0.18241303505346046,0.03063037743596886,0.041531227065557896,0.08730458513765582,0.045773358072097925,201.0,134.0,-67.0,433.0,689.0,256.0
test,157185433-157185479-002,normal_columnar,20260803,nc_aware_lambda_0p10,gaussian_noise,20.0,0.9083030571035343,0.9019902099745125,-0.0063128471290218036,0.9464221503056455,0.9484684684684684,0.0020463181628229687,0.8701839639014232,0.8555119514805566,-0.014672012420866576,0.035009147430557,0.0614799712359802,0.026470823805423205,0.0080671211633907,0.17284451424971192,0.16477739308632122,97.0,91.0,-6.0,8.0,164.0,156.0
test,157185433-157185479-003,normal_columnar,20260803,nc_aware_lambda_0p10,gaussian_noise,10.0,0.9200230033430923,0.9128090789280631,-0.007213924415029216,0.9321223709369025,0.9238721804511278,-0.008250190485774689,0.9079236357492819,0.9017459774049983,-0.006177658344283632,0.09185815469402836,0.11687519886248299,0.025017044168454627,0.04078189447695857,0.02955067813779977,-0.0112312163391588,126.0,162.0,36.0,409.0,486.0,77.0
test,157227461-157227503-003,normal_columnar,20260803,nc_aware_lambda_0p10,gaussian_blur,2.0,0.8749103349374265,0.876865358654674,0.0019550237172474283,0.8622633910592026,0.854301948051948,-0.007961443007254543,0.8875572788156504,0.8994287692574,0.011871490441749621,0.10521838538386452,0.14820644289528706,0.04298805751142254,0.08615634704354691,0.12923952763932323,0.043083180595776316,454.0,492.0,38.0,178.0,75.0,-103.0
test,157227461-157227503-003,normal_columnar,20260803,nc_aware_lambda_0p10,gaussian_blur,3.0,0.8749103349374265,0.8735646116406521,-0.0013457232967744037,0.8622633910592026,0.8474506578947368,-0.014812733164465741,0.8875572788156504,0.8996785653865674,0.012121286570917045,0.10521838538386452,0.20457104387281588,0.09935265848895136,0.08615634704354691,0.14720410132951867,0.061047754285971756,454.0,556.0,102.0,178.0,59.0,-119.0
test,158986766-158986776-001,normal_columnar,20260803,nc_aware_lambda_0p10,gaussian_noise,20.0,0.880745446129681,0.8712266121598777,-0.009518833969803242,0.9861809045226131,0.9857561793045664,-0.0004247252180467065,0.7753099877367489,0.7566970450151892,-0.018612942721559667,0.20414862502495734,0.22845585866211482,0.024307233637157477,0.022412693013338814,0.03640955817158642,0.013996865158247607,32.0,34.0,2.0,1171.0,1268.0,97.0
test,148719308-148719348-004,light_dysplastic,20260804,baseline,gaussian_blur,2.0,0.9317266022143542,0.9307141504611818,-0.0010124517531724386,0.9611351017890192,0.9526970954356846,-0.008438006353334582,0.9023181026396891,0.908731205486679,0.0064131028469898155,0.010084802534731763,0.04213307834491353,0.03204827581018177,0.021452859224343257,0.0007755228044052931,-0.020677336419937964,179.0,222.0,43.0,217.0,98.0,-119.0
test,148719308-148719348-004,light_dysplastic,20260804,baseline,gaussian_blur,3.0,0.9317266022143542,0.9239301090949252,-0.007796493119428982,0.9611351017890192,0.94245658087466,-0.018678520914359176,0.9023181026396891,0.9054036373151904,0.0030855346755012114,0.010084802534731763,0.06276863386361642,0.052683831328884656,0.021452859224343257,0.0038721321295850375,-0.01758072709475822,179.0,263.0,84.0,217.0,37.0,-180.0
test,148848523-148848559-002,moderate_dysplastic,20260804,baseline,gaussian_noise,20.0,0.8444270519696607,0.8433083861014008,-0.001118665868259927,0.9467814517706906,0.962190884937666,0.015409433166975406,0.7420726521686308,0.7244258872651357,-0.01764676490349515,0.07324477564425025,0.13389521834688534,0.06065044270263509,0.018142761533494478,0.129382931726851,0.11124017019335652,330.0,106.0,-224.0,23.0,414.0,391.0
test,149014929-149014984-001,moderate_dysplastic,20260804,baseline,gaussian_noise,20.0,0.9275930419430138,0.9339533098730418,0.006360267930027974,0.9760332599657618,0.9715657778339442,-0.0044674821318176905,0.8791528239202658,0.8963408419121395,0.01718801799187364,0.00782884782955151,0.07492766982804966,0.06709882199849815,0.05447972715047189,0.020500951204768247,-0.03397877594570364,126.0,139.0,13.0,104.0,283.0,179.0
test,149056873-149056884-002,severe_dysplastic,20260804,baseline,gaussian_blur,1.0,0.8370617229786679,0.8359157009936371,-0.0011460219850307762,0.9483537766300839,0.937724160417346,-0.010629616212737947,0.725769669327252,0.7341072415699281,0.008337572242676172,0.3468226072763221,0.3997617937702376,0.05293918649391549,0.01636056945126252,0.02106851869604609,0.004707949244783571,160.0,191.0,31.0,494.0,604.0,110.0
test,149057812-149057847-004,moderate_dysplastic,20260804,baseline,gaussian_noise,20.0,0.9107527212174449,0.9048239817237074,-0.0059287394937375115,0.942226713828533,0.9348155634158666,-0.0074111504126663785,0.8792787286063569,0.8748324000315483,-0.0044463285748086445,0.08262596411804157,0.11727214872611647,0.03464618460807489,0.036199668126367546,0.07994205782176023,0.04374238969539268,293.0,293.0,0.0,544.0,953.0,409.0
test,149057812-149057847-004,moderate_dysplastic,20260804,baseline,gaussian_noise,30.0,0.9107527212174449,0.9015242879218714,-0.009228433295573435,0.942226713828533,0.951984746056509,0.009758032227975999,0.8792787286063569,0.851063829787234,-0.02821489881912287,0.08262596411804157,0.10858457031721569,0.025958606199174117,0.036199668126367546,0.1081297555310321,0.07193008740466456,293.0,125.0,-168.0,544.0,1177.0,633.0
test,149102510-149102519-001,moderate_dysplastic,20260804,baseline,gaussian_noise,20.0,0.8854634866461271,0.8842939825157325,-0.0011695041303945164,0.9232995658465991,0.9188128525876871,-0.004486713258912034,0.847627407445655,0.8497751124437781,0.0021477049981231122,0.05761092619876662,0.09479047581297934,0.037179549614212715,0.05288891839504917,0.03274346179361243,-0.02014545660143674,294.0,432.0,138.0,615.0,1258.0,643.0
test,149105289-149105300-001,moderate_dysplastic,20260804,baseline,gaussian_noise,20.0,0.9041927159494578,0.9083226527604846,0.004129936811026802,0.9656903765690377,0.9627473806752037,-0.002942995893833955,0.8426950553298781,0.8538979248457655,0.011202869515887448,0.09630935981495187,0.13302134878374383,0.036711988968791964,0.06291308810410601,0.09030180237715546,0.027388714273049453,71.0,78.0,7.0,817.0,810.0,-7.0
test,149140081-149140096-002,moderate_dysplastic,20260804,baseline,gaussian_noise,20.0,0.9047910507215983,0.9055120560516934,0.0007210053300951147,0.9092566335831477,0.9122991282428317,0.003042494659683981,0.9003254678600489,0.8987249838605552,-0.0016004839994936404,0.0038280843842377066,0.029238206720810733,0.025410122336573027,0.24600903239979566,0.2960874116345278,0.05007837923473213,586.0,233.0,-353.0,1342.0,1546.0,204.0
test,149143028-149143108-002,severe_dysplastic,20260804,baseline,gaussian_noise,10.0,0.8789084284667041,0.8732220800395264,-0.005686348427177745,0.9585822381521306,0.9629482861105607,0.004366047958430097,0.7992346187812776,0.7834958739684921,-0.015738744812785477,0.09727041041621987,0.14096557817064448,0.04369516775442461,0.035101904226728875,0.04820497229147391,0.013103068064745038,198.0,173.0,-25.0,710.0,839.0,129.0
test,149146837-149146854-001,carcinoma_in_situ,20260804,baseline,gaussian_blur,2.0,0.8521005740553291,0.8543025647295046,0.0022019906741754802,0.9700127359036702,0.9678318429915225,-0.002180892912147736,0.734188412206988,0.7407732864674869,0.0065848742604988075,0.46629163043842325,0.49654020342573624,0.030248572987312983,0.03712945738047291,0.049993854994699216,0.012864397614226308,55.0,81.0,26.0,516.0,546.0,30.0
test,149146837-149146854-001,carcinoma_in_situ,20260804,baseline,gaussian_blur,3.0,0.8521005740553291,0.8509333420868348,-0.001167231968494331,0.9700127359036702,0.9635854341736695,-0.006427301730000723,0.734188412206988,0.73828125,0.00409283779301195,0.46629163043842325,0.5490160153244221,0.08272438488599887,0.03712945738047291,0.05693086636457534,0.01980140898410243,55.0,124.0,69.0,516.0,602.0,86.0
test,149181904-149181951-001,carcinoma_in_situ,20260804,baseline,gaussian_blur,1.0,0.9116809967205834,0.9078612731501936,-0.0038197235703898436,0.9618889809444905,0.9573715949261801,-0.004517386018310421,0.8614730124966764,0.8583509513742071,-0.0031220611224692663,0.0713716473795547,0.09663519988557545,0.025263552506020748,0.01860829747124404,0.0019612623967952825,-0.016647035074448757,174.0,193.0,19.0,31.0,8.0,-23.0
test,149182125-149182135-002,carcinoma_in_situ,20260804,baseline,gaussian_blur,2.0,0.8480746358126623,0.8422092470098724,-0.0058653888027898615,0.9583678885387295,0.9570736595957908,-0.0012942289429386244,0.737781383086595,0.727344834423954,-0.010436548662640988,0.28103338907211994,0.3381070232822918,0.057073634210171864,0.07372666317938259,0.15473048143617174,0.08100381825678915,95.0,53.0,-42.0,635.0,747.0,112.0
test,149182125-149182135-002,carcinoma_in_situ,20260804,baseline,gaussian_noise,20.0,0.8480746358126623,0.8575706877550697,0.009496051942407435,0.9583678885387295,0.9502060439560439,-0.00816184458268554,0.737781383086595,0.7649353315540957,0.027153948467500633,0.28103338907211994,0.3320744865279628,0.05104109745584284,0.07372666317938259,0.05778845407467037,-0.01593820910471222,95.0,110.0,15.0,635.0,575.0,-60.0
test,149182657-149182681-002,carcinoma_in_situ,20260804,baseline,gaussian_blur,2.0,0.5998560347547333,0.6090858008173698,0.00922976606263659,0.7576887232059646,0.7507029053420806,-0.00698581786388397,0.44202334630350193,0.46746869629265897,0.02544534998915704,1.1702939022814398,1.2353936578660474,0.06509975558460757,0.04113164066986941,0.0665472729872374,0.025415632317367987,1040.0,1064.0,24.0,965.0,1183.0,218.0
test,149182657-149182681-002,carcinoma_in_situ,20260804,baseline,gaussian_blur,3.0,0.5998560347547333,0.6021234523487515,0.002267417594018273,0.7576887232059646,0.7313823459433738,-0.026306377262590774,0.44202334630350193,0.4728645587541293,0.030841212450627375,1.1702939022814398,1.2946783667027182,0.12438446442127837,0.04113164066986941,0.08166122323941016,0.040529582569540756,1040.0,1129.0,89.0,965.0,1348.0,383.0
test,149185604-149185616-001,carcinoma_in_situ,20260804,baseline,gaussian_blur,2.0,0.7909178666166843,0.7821937890940533,-0.008724077522630935,0.9141914191419142,0.9056700371176245,-0.008521382024289648,0.6676443140914545,0.6587175410704822,-0.008926773020972334,0.4497908385551369,0.47432354163729407,0.02453270308215716,0.08886336657886484,0.02359475772242625,-0.06526860885643859,630.0,695.0,65.0,979.0,1026.0,47.0
test,149185604-149185645-003,carcinoma_in_situ,20260804,baseline,gaussian_blur,1.0,0.7967383372540555,0.7925188076248657,-0.004219529629189811,0.9357930043124102,0.9296385542168675,-0.006154450095542718,0.657683670195701,0.6553990610328638,-0.0022846091628371257,1.186457330530121,1.3026154953598268,0.11615816482970587,0.06949711893879451,0.021280528484293515,-0.048216590454500996,534.0,582.0,48.0,475.0,553.0,78.0
test,149185604-149185657-001,carcinoma_in_situ,20260804,baseline,gaussian_blur,1.0,0.8178585698476549,0.8123107400806553,-0.005547829766999635,0.9376716670188041,0.9341546304163126,-0.0035170366024914745,0.6980454726765057,0.6904668497449981,-0.007578622931507684,1.0926679644904704,1.1476347858246019,0.054966821334131444,0.07608243926275948,0.07720729447841246,0.0011248552156529756,259.0,284.0,25.0,553.0,595.0,42.0
test,149185698-149185709-002,carcinoma_in_situ,20260804,baseline,gaussian_blur,1.0,0.7622005301115068,0.7605727100229736,-0.0016278200885332383,0.9069003285870756,0.9034473286636451,-0.003452999923430511,0.617500731635938,0.6176980913823019,0.00019735974636392317,0.6109445874624635,0.6647802053171887,0.05383561785472524,0.010680423174161624,0.006190934890082711,-0.004489488284078913,680.0,703.0,23.0,169.0,210.0,41.0
test,149185698-149185709-002,carcinoma_in_situ,20260804,baseline,gaussian_blur,2.0,0.7622005301115068,0.7579920238093985,-0.004208506302108339,0.9069003285870756,0.8961703304299737,-0.01072999815710185,0.617500731635938,0.619813717188823,0.0023129855528850607,0.6109445874624635,0.769227609823466,0.15828302236100256,0.010680423174161624,0.04202322693361382,0.0313428037594522,680.0,751.0,71.0,169.0,295.0,126.0
test,149185788-149185824-001,carcinoma_in_situ,20260804,baseline,gaussian_blur,1.0,0.6910002994784978,0.6960728211965825,0.005072521718084699,0.8117821415339015,0.8086843570235666,-0.0030977845103349333,0.5702184574230941,0.5834612853695986,0.013242827946504554,0.5576631725330157,0.5894991098974071,0.03183593736439139,0.16992699612856577,0.1396909041834702,-0.030236091945095578,956.0,965.0,9.0,242.0,315.0,73.0
test,149314453-149314465-001,carcinoma_in_situ,20260804,baseline,gaussian_blur,2.0,0.8935179095017367,0.8878452977581801,-0.005672611743556599,0.968434896975011,0.9606194690265487,-0.007815427948462239,0.8186009220284626,0.8150711264898116,-0.0035297955386509594,0.018608512651201448,0.07247441150905576,0.05386589885785431,0.03309673708217731,0.02728630102264984,-0.0058104360595274684,110.0,152.0,42.0,171.0,42.0,-129.0
test,149314453-149314507-002,carcinoma_in_situ,20260804,baseline,gaussian_noise,10.0,0.9222441355936828,0.9126489616810651,-0.00959517391261766,0.965143299767622,0.961790814357391,-0.003352485410231032,0.8793449714197435,0.8635071090047394,-0.015837862415004178,0.08161081196281705,0.10696548208857598,0.025354670125758927,0.021272258459624438,0.009257953834589494,-0.012014304625034944,70.0,79.0,9.0,483.0,626.0,143.0
test,149314679-149314698-001,carcinoma_in_situ,20260804,baseline,gaussian_blur,1.0,0.7344276605561846,0.7418660606435523,0.007438400087367736,0.8849737421650008,0.8874239350912779,0.0024501929262771283,0.5838815789473685,0.5963081861958266,0.012426607248458121,2.254452827485764,2.306449293700824,0.05199646621505982,0.0112274161085687,0.028605163911334275,0.017377747802765575,679.0,666.0,-13.0,744.0,804.0,60.0
test,149314679-149314698-001,carcinoma_in_situ,20260804,baseline,gaussian_blur,2.0,0.7344276605561846,0.7274545796042344,-0.00697308095195015,0.8849737421650008,0.8800408371618172,-0.004932905003183552,0.5838815789473685,0.5748683220466516,-0.00901325690071686,2.254452827485764,2.473710268214049,0.2192574407282848,0.0112274161085687,0.04820901553682122,0.03698159942825252,679.0,705.0,26.0,744.0,970.0,226.0
test,149315229-149315310-001,severe_dysplastic,20260804,baseline,gaussian_blur,1.0,0.7201359796384645,0.7126497392606741,-0.007486240377790443,0.9476106466211551,0.9452560356758419,-0.002354610945313196,0.492661312655774,0.4800434428455064,-0.012617869810267635,2.2496223252348826,2.2871269182744594,0.03750459303957676,0.061429009157177084,0.049003379330589514,-0.01242562982658757,679.0,710.0,31.0,3226.0,3370.0,144.0
test,149315671-149315731-001,carcinoma_in_situ,20260804,baseline,gaussian_blur,1.0,0.7670231767037214,0.7719299019640284,0.004906725260306999,0.9391830559757942,0.936428463055682,-0.0027545929201122643,0.5948632974316487,0.6074313408723748,0.012568043440726151,0.8854132563882029,1.003313610722314,0.11790035433411106,0.002085654821957217,0.006293579227245605,0.004207924405288388,384.0,403.0,19.0,246.0,308.0,62.0
test,149315671-149315731-001,carcinoma_in_situ,20260804,baseline,gaussian_blur,3.0,0.7670231767037214,0.7766657751284323,0.009642598424710824,0.9391830559757942,0.913469007301538,-0.025714048674256196,0.5948632974316487,0.6398625429553264,0.04499924552367773,0.8854132563882029,1.6159380898299673,0.7305248334417644,0.002085654821957217,0.0016986380921755195,-0.0003870167297816973,384.0,557.0,173.0,246.0,742.0,496.0
test,149315671-149315740-001,carcinoma_in_situ,20260804,baseline,gaussian_blur,1.0,0.8075739478676316,0.7983425244118721,-0.009231423455759447,0.9546827794561934,0.9517074156395231,-0.0029753638166702956,0.6604651162790698,0.6449776331842212,-0.015487483094848598,0.8823622345803841,1.0038966041421624,0.12153436956177832,0.026697455723324492,0.04310702471900196,0.01640956899567747,203.0,219.0,16.0,387.0,481.0,94.0
test,149317002-149317010-002,severe_dysplastic,20260804,baseline,gaussian_blur,1.0,0.8960574334285563,0.8961625930174417,0.00010515958888546173,0.958256599140577,0.9610870907967881,0.002830491656211076,0.8338582677165355,0.8312380952380952,-0.0026201724784402636,0.02324708946315912,0.07164626166865373,0.04839917220549461,0.0849420428352573,0.08720748402187384,0.0022654411866165347,68.0,48.0,-20.0,30.0,115.0,85.0
test,149317002-149317010-002,severe_dysplastic,20260804,baseline,gaussian_noise,10.0,0.8960574334285563,0.890313785949225,-0.005743647479331315,0.958256599140577,0.9560171044593769,-0.002239494681200105,0.8338582677165355,0.8246104674390731,-0.009247800277462415,0.02324708946315912,0.07443622944120953,0.05118913997805041,0.0849420428352573,0.03817527650849284,-0.046766766326764464,68.0,84.0,16.0,30.0,7.0,-23.0
test,153276386-153276405-001,moderate_dysplastic,20260804,baseline,gaussian_blur,1.0,0.8543868335497047,0.8528432512662563,-0.0015435822834484192,0.9524166354439865,0.9528560738338738,0.00043943838988735884,0.7563570316554229,0.7528304286986388,-0.003526602956784086,0.396914881020079,0.4236039455998375,0.026689064579758504,0.13492127902020967,0.13577807969407218,0.0008568006738625122,323.0,312.0,-11.0,1130.0,1283.0,153.0
test,153276386-153276414-001,moderate_dysplastic,20260804,baseline,gaussian_blur,2.0,0.9197742689808427,0.9113594966053983,-0.008414772375444413,0.9672210171125573,0.9610200364298725,-0.006200980682684709,0.8723275208491281,0.861698956780924,-0.010628564068204116,0.13723088460659394,0.1634348666372205,0.02620398203062657,0.0167932001161184,0.03452625449540936,0.017733054379290958,208.0,271.0,63.0,1098.0,1328.0,230.0
test,153276386-153276414-001,moderate_dysplastic,20260804,baseline,gaussian_noise,10.0,0.9197742689808427,0.9158317688968738,-0.003942500083968903,0.9672210171125573,0.9571671939644683,-0.010053823148089003,0.8723275208491281,0.8744963438292792,0.002168822980151086,0.13723088460659394,0.16442452166164168,0.027193637055047737,0.0167932001161184,0.011887761162354682,-0.004905438953763719,208.0,288.0,80.0,1098.0,1310.0,212.0
test,153654869-153654880-001,severe_dysplastic,20260804,baseline,gaussian_blur,2.0,0.7915452316211704,0.7859935819206616,-0.0055516497005088095,0.8640432674375234,0.8581125671726219,-0.005930700264901501,0.7190471958048174,0.7138745966687015,-0.005172599136115896,0.23520732729679805,0.28527101672857014,0.050063689431772085,0.04290760769441915,0.2664707507118219,0.22356314301740277,1112.0,1229.0,117.0,221.0,437.0,216.0
test,153655087-153655101-002,severe_dysplastic,20260804,baseline,gaussian_blur,1.0,0.6808945127750567,0.6765589500199116,-0.004335562755145128,0.6830708661417323,0.6686626746506986,-0.014408191491033673,0.6787181594083813,0.6844552253891247,0.0057370659807434166,0.5463485205625815,0.5717434687953555,0.025394948232773995,0.28394663590905256,0.22111258449052829,-0.06283405141852427,840.0,882.0,42.0,734.0,813.0,79.0
test,153655087-153655101-002,severe_dysplastic,20260804,baseline,gaussian_blur,2.0,0.6808945127750567,0.6844889018899205,0.0035943891148637608,0.6830708661417323,0.6702305379218175,-0.012840328219914765,0.6787181594083813,0.6987472658580235,0.020029106449642176,0.5463485205625815,0.5863408692004872,0.039992348637905684,0.28394663590905256,0.1795967412332975,-0.10434989467575506,840.0,895.0,55.0,734.0,895.0,161.0
test,153655087-153655101-002,severe_dysplastic,20260804,baseline,gaussian_blur,3.0,0.6808945127750567,0.6816651734119368,0.0007706606368800273,0.6830708661417323,0.6614864864864864,-0.021584379655245844,0.6787181594083813,0.7018438603373872,0.0231257009290059,0.5463485205625815,0.605290565463122,0.05894204490054045,0.28394663590905256,0.36789324541493623,0.08394660950588367,840.0,928.0,88.0,734.0,964.0,230.0
test,153657121-153657160-001,severe_dysplastic,20260804,baseline,gaussian_blur,2.0,0.8663840357876659,0.8588871958019402,-0.007496839985725701,0.9612983770287141,0.9537188009532171,-0.007579576075496974,0.7714696945466176,0.7640555906506633,-0.007414103895954316,0.07355798751202847,0.11592587600284832,0.04236788849081985,0.020919663525235777,0.0550309116972183,0.03411124817198252,262.0,299.0,37.0,25.0,54.0,29.0
test,153697342-153697375-001,moderate_dysplastic,20260804,baseline,gaussian_blur,3.0,0.8717262175141551,0.8632458236102883,-0.00848039390386679,0.9578203834510596,0.9479039479039479,-0.009916435547111635,0.7856320515772508,0.7785876993166287,-0.0070443522606220554,0.42174819347687453,0.4558749382488816,0.034126744772007056,4.308325614499342e-05,0.01776728840935138,0.017724205153206385,203.0,244.0,41.0,609.0,656.0,47.0
test,153702037-153702051-003,light_dysplastic,20260804,baseline,gaussian_noise,20.0,0.7979970829285244,0.790814214375828,-0.007182868552696453,0.8923742563547864,0.8953749438706781,0.0030006875158916646,0.7036199095022625,0.6862534848809779,-0.01736642462128457,0.01877056365560592,0.04580000436794307,0.02702944071233715,0.23476943729186972,0.30087220110607016,0.06610276381420044,1190.0,1149.0,-41.0,1684.0,1839.0,155.0
test,153826963-153826970-001,severe_dysplastic,20260804,baseline,gaussian_blur,3.0,0.7211392453355185,0.7181500074079885,-0.0029892379275300307,0.8806560257724411,0.8637853949329359,-0.01687063083950513,0.5616224648985959,0.572514619883041,0.010892154984445068,0.7769589951467668,1.0361696005204621,0.25921060537369534,0.243962618928667,0.3023077233317796,0.05834510440311258,777.0,896.0,119.0,217.0,432.0,215.0
test,153826963-153826982-003,severe_dysplastic,20260804,baseline,gaussian_blur,2.0,0.7762261760669829,0.7714212831827896,-0.004804892884193279,0.9289763779527559,0.9279634300126104,-0.0010129479401455033,0.6234759741812097,0.6148791363529688,-0.008596837828240944,1.6501662134441513,1.7261374033912817,0.07597118994713048,0.01335034384096423,0.021993306659748968,0.008642962818784738,664.0,676.0,12.0,869.0,947.0,78.0
test,153827595-153827657-002,carcinoma_in_situ,20260804,baseline,gaussian_blur,1.0,0.9259473453418354,0.9292787383070783,0.003331392965242874,0.9807073954983923,0.9831835982492513,0.0024762027508590245,0.8711872951852786,0.8753738783649053,0.004186583179626724,0.03817519146594406,0.06786660287838409,0.029691411412440027,0.10052134105454424,0.1112450340911324,0.010723693036588156,22.0,9.0,-13.0,89.0,134.0,45.0
test,153827595-153827657-002,carcinoma_in_situ,20260804,baseline,gaussian_blur,2.0,0.9259473453418354,0.9231838628187647,-0.0027634825230706817,0.9807073954983923,0.9779531213738687,-0.002754274124523559,0.8711872951852786,0.8684146042636609,-0.002772690921617693,0.03817519146594406,0.11660380156876227,0.07842861010281821,0.10052134105454424,0.12967259354512706,0.029151252490582813,22.0,23.0,1.0,89.0,203.0,114.0
test,153828952-153828970-001,severe_dysplastic,20260804,baseline,gaussian_blur,1.0,0.7954362161916501,0.7974341814828041,0.0019979652911540358,0.9392038909509791,0.9354797166773986,-0.003724174273580516,0.651668541432321,0.6593886462882096,0.007720104855888588,0.18934771483683033,0.3860886813566027,0.19674096651977235,0.03952680736998904,0.013205305871852646,-0.02632150149813639,273.0,321.0,48.0,7.0,74.0,67.0
test,153828952-153828970-001,severe_dysplastic,20260804,baseline,gaussian_blur,2.0,0.7954362161916501,0.7991326997848386,0.0036964835931885265,0.9392038909509791,0.9299727166428479,-0.009231174308131251,0.651668541432321,0.6682926829268293,0.016624141494508304,0.18934771483683033,0.6403725371666273,0.451024822329797,0.03952680736998904,0.011427387329175587,-0.02809942004081345,273.0,389.0,116.0,7.0,196.0,189.0
test,153828952-153828970-001,severe_dysplastic,20260804,baseline,gaussian_blur,3.0,0.7954362161916501,0.7993571799994525,0.003920963807802491,0.9392038909509791,0.9209180327868852,-0.018285858164093893,0.651668541432321,0.67779632721202,0.026127785779698987,0.18934771483683033,0.8634999228599036,0.6741522080230733,0.03952680736998904,0.019363894761700973,-0.020162912608288064,273.0,461.0,188.0,7.0,321.0,314.0
test,153956040-153956072-003,normal_columnar,20260804,baseline,gaussian_blur,3.0,0.8445505645199192,0.8358301476831792,-0.008720416836739964,0.8604860486048604,0.8389261744966443,-0.021559874108216137,0.828615080434978,0.8327341208697141,0.004119040434736099,0.10384866724680697,0.1340494849335911,0.03020081768678412,0.05114947543048698,0.07571403569173496,0.02456456026124798,393.0,448.0,55.0,611.0,1166.0,555.0
test,153958547-153958572-006,normal_columnar,20260804,baseline,gaussian_blur,1.0,0.7910644454990291,0.7833506671619189,-0.007713778337110178,0.8448815377738041,0.8370239149689991,-0.007857622804805064,0.737247353224254,0.7296774193548388,-0.007569933869415291,0.4031367164059353,0.4305359971835945,0.027399280777659185,0.01909197268920404,0.00619670905294567,-0.01289526363625837,347.0,368.0,21.0,379.0,396.0,17.0
test,153958547-153958572-008,normal_columnar,20260804,baseline,gaussian_noise,10.0,0.7154425659555594,0.7082194557299282,-0.0072231102256312685,0.8386167146974063,0.8322017458777885,-0.006414968819617783,0.5922684172137126,0.584237165582068,-0.008031251631644643,0.8470968111901682,0.8883720728044129,0.04127526161424466,0.1681449552135838,0.1315591104857497,-0.036585844727834105,170.0,190.0,20.0,257.0,269.0,12.0
test,157185433-157185479-006,normal_columnar,20260804,baseline,gaussian_blur,1.0,0.7486263908457735,0.7479334281053198,-0.0006929627404537175,0.8629466470876163,0.8612345679012345,-0.0017120791863817209,0.6343061346039309,0.6346322883094052,0.0003261537054742858,0.2450992022248173,0.29408465766721603,0.04898545544239874,0.0811288813642036,0.07288457658727987,-0.008244304776923728,206.0,170.0,-36.0,500.0,555.0,55.0
test,157185433-157185479-006,normal_columnar,20260804,baseline,gaussian_blur,2.0,0.7486263908457735,0.7571807278999129,0.008554337054139327,0.8629466470876163,0.8669527896995708,0.004006142611954533,0.6343061346039309,0.6474086661002549,0.01310253149632401,0.2450992022248173,0.39612745101303104,0.15102824878821375,0.0811288813642036,0.09513693786311772,0.014008056498914123,206.0,81.0,-125.0,500.0,673.0,173.0
test,157185433-157185479-006,normal_columnar,20260804,baseline,gaussian_noise,20.0,0.7486263908457735,0.7539542108631434,0.0053278200173698664,0.8629466470876163,0.8611393692777213,-0.0018072778098949804,0.6343061346039309,0.6467690524485656,0.012462917844634713,0.2450992022248173,0.3724295174355705,0.12733031521075322,0.0811288813642036,0.1113394001435084,0.030210518779304807,206.0,52.0,-154.0,500.0,593.0,93.0
test,157185730-157185758-001,normal_columnar,20260804,baseline,gaussian_blur,3.0,0.5982330890223391,0.5949049198704631,-0.003328169151875948,0.6789654548742992,0.710597302504817,0.03163184763051785,0.517500723170379,0.4792125372361093,-0.03828818593426969,0.06616324105865268,0.12866931845477947,0.06250607739612679,0.09031937144407792,0.26767461145752286,0.17735524001344494,1637.0,1298.0,-339.0,1780.0,2587.0,807.0
test,157227461-157227503-003,normal_columnar,20260804,baseline,gaussian_blur,2.0,0.884354046997389,0.8897375605360112,0.005383513538622209,0.9144,0.9094922737306843,-0.004907726269315682,0.854308093994778,0.8699828473413379,0.015674753346559878,0.11383428095214654,0.14346558545123134,0.0296313044990848,0.11498440407909993,0.13299037813818293,0.018005974059082996,420.0,437.0,17.0,107.0,22.0,-85.0
test,149014929-149015022-002,light_dysplastic,20260804,nc_aware_lambda_0p10,gaussian_noise,30.0,0.9324534410442802,0.9322980991044536,-0.00015534193982658095,0.9692000420477241,0.9660377358490566,-0.0031623061986675305,0.8957068400408361,0.8985584623598505,0.0028516223190143686,0.011075625772752229,0.04219103786529532,0.031115412092543093,0.11405772560011429,0.10311154330982497,-0.010946182290289319,59.0,179.0,120.0,317.0,436.0,119.0
test,149056321-149056360-001,severe_dysplastic,20260804,nc_aware_lambda_0p10,gaussian_blur,3.0,0.7289114372279626,0.7195901782552039,-0.009321258972758706,0.8079419625811378,0.7966773645459694,-0.011264598035168438,0.6498809118747874,0.6425029919644384,-0.007377919910348973,0.8021538650006126,0.8468186306217043,0.04466476562109167,0.0910176677701906,0.1310003916422573,0.039982723872066694,1000.0,1059.0,59.0,1378.0,1407.0,29.0
test,149056873-149056884-001,severe_dysplastic,20260804,nc_aware_lambda_0p10,gaussian_blur,2.0,0.9004288758595527,0.8906307315398303,-0.009798144319722368,0.975268817204301,0.9668980245595301,-0.008370792644770919,0.8255889345148044,0.8143634385201306,-0.011225495994673818,0.11980545748749627,0.1450371982545844,0.025231740767088118,0.015622801337425885,0.0331865381639993,0.017563736826573417,34.0,60.0,26.0,301.0,333.0,32.0
test,149057812-149057847-004,moderate_dysplastic,20260804,nc_aware_lambda_0p10,gaussian_blur,3.0,0.8280023120843175,0.8203615000818302,-0.0076408120024873405,0.9242622950819672,0.9124513618677043,-0.011810933214262964,0.7317423290866678,0.7282716382959561,-0.003470690790711717,0.3430180583113771,0.36647336198201574,0.02345530367063864,0.06095844900838421,0.0725433818969412,0.011584932888556998,456.0,524.0,68.0,2486.0,2529.0,43.0
test,149098972-149098988-002,severe_dysplastic,20260804,nc_aware_lambda_0p10,gaussian_noise,20.0,0.8015367846704373,0.7975165666952733,-0.004020217975164053,0.9326025172553796,0.9010667224430036,-0.031535794812376006,0.670471052085495,0.6939664109475431,0.02349535886204812,0.30775729093136817,0.33289813336921265,0.02514084243784448,0.21474584479058384,0.16471629823319928,-0.05002954655738456,322.0,467.0,145.0,2130.0,2138.0,8.0
test,149102510-149102519-001,moderate_dysplastic,20260804,nc_aware_lambda_0p10,gaussian_noise,20.0,0.8744847165305729,0.8756775422047576,0.001192825674184661,0.8992506244796004,0.9032258064516129,0.00397518197201252,0.8497188085815455,0.8481292779579023,-0.0015895306236431983,0.03927124180963776,0.07398254777902424,0.034711305969386486,0.0529982621428583,0.09201750176025059,0.03901923961739229,179.0,433.0,254.0,452.0,679.0,227.0
test,149105289-149105311-001,moderate_dysplastic,20260804,nc_aware_lambda_0p10,gaussian_blur,2.0,0.8211458067117272,0.8151840137431698,-0.005961792968557367,0.8226328824538007,0.8054911059551431,-0.017141776498657668,0.8196587309696536,0.8248769215311966,0.005218190561543046,0.3197106719259147,0.3450299623535167,0.025319290427602004,0.2984807470053954,0.20015006274607228,-0.09833068425932312,929.0,1006.0,77.0,1145.0,1311.0,166.0
test,149146837-149146854-001,carcinoma_in_situ,20260804,nc_aware_lambda_0p10,gaussian_noise,20.0,0.8400045992374165,0.8444701792550646,0.004465580017648074,0.947173737140215,0.9564204148217199,0.009246677681504889,0.7328354613346182,0.7325199436884092,-0.0003155176462089626,0.16555543779303106,0.2945793792710667,0.12902394147803564,0.015323645317723567,0.017960097811898224,0.002636452494174657,41.0,110.0,69.0,145.0,256.0,111.0
test,149181904-149181951-001,carcinoma_in_situ,20260804,nc_aware_lambda_0p10,gaussian_blur,2.0,0.8683650964988188,0.8585955400794817,-0.009769556419337078,0.9440574203082119,0.9337028352163718,-0.010354585091840174,0.7926727726894255,0.7834882449425916,-0.00918452774683387,0.009192416928062386,0.07618703812794259,0.0669946211998802,0.023753487084688052,0.03099402934128115,0.007240542256593097,265.0,311.0,46.0,189.0,134.0,-55.0
test,149182125-149182135-002,carcinoma_in_situ,20260804,nc_aware_lambda_0p10,gaussian_noise,10.0,0.8256841491894549,0.8340068764826942,0.008322727293239351,0.9518367346938775,0.9540438148575193,0.0022070801636417947,0.6995315636850323,0.7139699381078691,0.014438374422836797,0.02882238943452209,0.07488760980381093,0.04606522036928884,0.14090931773756998,0.08876671934560387,-0.05214259839196611,191.0,137.0,-54.0,187.0,228.0,41.0
test,149182657-149182667-001,carcinoma_in_situ,20260804,nc_aware_lambda_0p10,gaussian_blur,1.0,0.8063959630885623,0.8020012520125125,-0.004394711076049829,0.934156378600823,0.9316642725220603,-0.0024921060787627125,0.6786355475763016,0.6723382315029647,-0.006297316073336945,0.6362419799568866,0.6668625140288658,0.030620534071979177,0.13276032382055858,0.14371539360013597,0.010955069779577387,90.0,103.0,13.0,873.0,893.0,20.0
test,149182657-149182681-002,carcinoma_in_situ,20260804,nc_aware_lambda_0p10,gaussian_blur,2.0,0.6755945591768389,0.6737731899914375,-0.0018213691854013225,0.8483801295896328,0.8404347826086956,-0.007945346980937185,0.5028089887640449,0.5071115973741794,0.0043026086101345395,0.9163774980163113,0.9702653764834213,0.05388787846710996,0.040521076957125146,0.03020363911006796,-0.010317437847057187,702.0,732.0,30.0,670.0,766.0,96.0
test,149182657-149182681-002,carcinoma_in_situ,20260804,nc_aware_lambda_0p10,gaussian_blur,3.0,0.6755945591768389,0.6712158537551524,-0.004378705421686502,0.8483801295896328,0.8318390553247321,-0.0165410742649007,0.5028089887640449,0.5105926521855726,0.007783663421527698,0.9163774980163113,1.0100439949339166,0.09366649691760531,0.040521076957125146,0.01711088164763408,-0.023410195309491066,702.0,759.0,57.0,670.0,839.0,169.0
test,149185604-149185645-003,carcinoma_in_situ,20260804,nc_aware_lambda_0p10,gaussian_blur,1.0,0.8622188324253086,0.8625291494714655,0.000310317046156916,0.9673398730525101,0.9640454650893064,-0.0032944079632036827,0.7570977917981072,0.7610128338536247,0.003915042055517515,0.6046669288832933,0.6851505426475306,0.0804836137642373,0.09985732955458926,0.11467954520137358,0.01482221564678432,217.0,260.0,43.0,211.0,241.0,30.0
test,149185604-149185645-003,carcinoma_in_situ,20260804,nc_aware_lambda_0p10,gaussian_blur,2.0,0.8622188324253086,0.8621022683309436,-0.00011656409436500148,0.9673398730525101,0.962169712489815,-0.0051701605626951475,0.7570977917981072,0.7620348241720724,0.0049370323739651445,0.6046669288832933,0.7810013143969781,0.17633438551368474,0.09985732955458926,0.10405390556966265,0.004196576015073394,217.0,291.0,74.0,211.0,287.0,76.0
test,149185604-149185645-003,carcinoma_in_situ,20260804,nc_aware_lambda_0p10,gaussian_blur,3.0,0.8622188324253086,0.8539511950038265,-0.008267637421482066,0.9673398730525101,0.9553216374269006,-0.012018235625609552,0.7570977917981072,0.7525807525807526,-0.004517039217354579,0.6046669288832933,0.9189219963617088,0.3142550674784155,0.09985732955458926,0.10372982413147969,0.0038724945768904284,217.0,332.0,115.0,211.0,361.0,150.0
test,149185604-149185657-001,carcinoma_in_situ,20260804,nc_aware_lambda_0p10,gaussian_blur,2.0,0.8182666172649131,0.8127285591744309,-0.005538058090482245,0.9542000410761964,0.9535692370627941,-0.0006308040134023196,0.6823331934536299,0.6718878812860676,-0.010445312167562282,0.8669927536759408,0.9032756858398796,0.03628293216393885,0.06233011641624586,0.10361391673127396,0.041283800315028096,123.0,103.0,-20.0,429.0,472.0,43.0
test,149185698-149185709-002,carcinoma_in_situ,20260804,nc_aware_lambda_0p10,gaussian_blur,1.0,0.8226090979609395,0.8231081001427463,0.0004990021818067625,0.9320492241840557,0.9309051955008034,-0.0011440286832522517,0.7131689717378232,0.715311004784689,0.0021420330468657767,0.4111245535533392,0.43719784625959424,0.026073292706255025,0.012336914013227118,0.0026607123970558977,-0.00967620161617122,508.0,516.0,8.0,78.0,96.0,18.0
test,149185698-149185709-002,carcinoma_in_situ,20260804,nc_aware_lambda_0p10,gaussian_blur,2.0,0.8226090979609395,0.8213034284566052,-0.0013056695043343058,0.9320492241840557,0.9276024177300202,-0.004446806454035501,0.7131689717378232,0.7150044391831903,0.0018354674453671116,0.4111245535533392,0.49060671129636657,0.07948215774302736,0.012336914013227118,0.020213719500111638,0.00787680548688452,508.0,539.0,31.0,78.0,131.0,53.0
test,149185698-149185709-002,carcinoma_in_situ,20260804,nc_aware_lambda_0p10,gaussian_blur,3.0,0.8226090979609395,0.8207695890157747,-0.001839508945164825,0.9320492241840557,0.9238441838522712,-0.008205040331784486,0.7131689717378232,0.7176949941792782,0.004526022441454947,0.4111245535533392,0.5668477256168509,0.15572317206351172,0.012336914013227118,0.02481747655103539,0.01248056253780827,508.0,565.0,57.0,78.0,188.0,110.0
test,149314679-149314698-001,carcinoma_in_situ,20260804,nc_aware_lambda_0p10,gaussian_blur,1.0,0.6881939557995895,0.6855474810560229,-0.002646474743566607,0.8555033907146583,0.855702364394993,0.00019897368033472418,0.5208845208845209,0.5153925977170529,-0.005491923167467938,2.6723564311968895,2.6970419085148305,0.024685477317941018,0.01578949044354072,0.004318276429718937,-0.011471214013821784,831.0,830.0,-1.0,1161.0,1203.0,42.0
test,149315671-149315740-001,carcinoma_in_situ,20260804,nc_aware_lambda_0p10,gaussian_blur,1.0,0.7671699840567012,0.7660501214020178,-0.0011198626546834456,0.9530874097834804,0.9536609829488465,0.0005735731653661036,0.5812525583299222,0.5784392598551891,-0.002813298474733106,0.9593701278019702,1.0088657260594662,0.049495598257496054,0.07137245824931415,0.06904978583432198,-0.0023226724149921774,180.0,183.0,3.0,465.0,508.0,43.0
test,149315671-149315740-001,carcinoma_in_situ,20260804,nc_aware_lambda_0p10,gaussian_blur,2.0,0.7671699840567012,0.761263003318088,-0.005906980738613177,0.9530874097834804,0.9507667473769169,-0.0023206624065634784,0.5812525583299222,0.5717592592592593,-0.009493299070662875,0.9593701278019702,1.1330146268971157,0.17364449909514557,0.07137245824931415,0.06992147114386493,-0.0014509871054492196,180.0,212.0,32.0,465.0,614.0,149.0
test,153276386-153276405-001,moderate_dysplastic,20260804,nc_aware_lambda_0p10,gaussian_noise,10.0,0.8441455800767894,0.845761947039315,0.0016163669625255395,0.9550041552890894,0.9526791089704997,-0.002325046318589763,0.7332870048644893,0.7388447851081303,0.005557780243641064,0.17622458576175282,0.23572248772755322,0.059497901965800404,0.10909667869929673,0.10149877776590321,-0.00759790093339352,93.0,25.0,-68.0,617.0,728.0,111.0
test,153654869-153654880-001,severe_dysplastic,20260804,nc_aware_lambda_0p10,gaussian_blur,2.0,0.8382845390476705,0.8411197310788725,0.002835192031201972,0.9224489795918367,0.9215843346684468,-0.0008646449233898901,0.7541200985035045,0.7606551274892983,0.006535028985793834,0.011800384328501057,0.05663298492684232,0.044832600598341266,0.2747386351329334,0.3850902559622711,0.1103516208293377,566.0,601.0,35.0,472.0,284.0,-188.0
test,153654869-153654880-001,severe_dysplastic,20260804,nc_aware_lambda_0p10,gaussian_blur,3.0,0.8382845390476705,0.8365217705534238,-0.0017627684942467248,0.9224489795918367,0.914265194362151,-0.008183785229685658,0.7541200985035045,0.7587783467446965,0.004658248241191987,0.011800384328501057,0.10996699815682709,0.09816661382832603,0.2747386351329334,0.3939859429288336,0.1192473077959002,566.0,697.0,131.0,472.0,94.0,-378.0
test,153657121-153657160-001,severe_dysplastic,20260804,nc_aware_lambda_0p10,gaussian_blur,2.0,0.8507559893863907,0.8413519379391229,-0.009404051447267858,0.9575036425449247,0.9496264160038563,-0.007877226541068372,0.7440083362278569,0.7330774598743894,-0.010930876353467456,0.24786593328022555,0.2874735531137511,0.039607619833525565,0.02959889830422946,0.05223525180183597,0.02263635349760651,36.0,26.0,-10.0,520.0,546.0,26.0
test,153701622-153701650-001,moderate_dysplastic,20260804,nc_aware_lambda_0p10,gaussian_blur,2.0,0.8159668318127213,0.8090685987055997,-0.006898233107121676,0.9577248270561107,0.9536763762350827,-0.004048450821028005,0.674208836569332,0.6644608211761167,-0.009748015393215237,0.05222205012688286,0.09260639367698942,0.04038434355010656,0.11496946733133995,0.1175421825701759,0.002572715238835954,12.0,25.0,13.0,133.0,241.0,108.0
test,153701622-153701650-001,moderate_dysplastic,20260804,nc_aware_lambda_0p10,gaussian_blur,3.0,0.8159668318127213,0.8076178388930815,-0.008348992919639864,0.9577248270561107,0.9518413597733711,-0.005883467282739585,0.674208836569332,0.6633943180127919,-0.010814518556540031,0.05222205012688286,0.12398743897493847,0.07176538884805561,0.11496946733133995,0.13830364553760555,0.0233341782062656,12.0,52.0,40.0,133.0,315.0,182.0
test,153701622-153701650-001,moderate_dysplastic,20260804,nc_aware_lambda_0p10,gaussian_noise,20.0,0.8159668318127213,0.8103354756845689,-0.005631356128152465,0.9577248270561107,0.9566697211676921,-0.001055105888418617,0.674208836569332,0.6640012302014455,-0.010207606367886424,0.05222205012688286,0.08939180298649108,0.03716975285960822,0.11496946733133995,0.04070698209075152,-0.07426248524058843,12.0,179.0,167.0,133.0,95.0,-38.0
test,153826963-153826982-003,severe_dysplastic,20260804,nc_aware_lambda_0p10,gaussian_blur,2.0,0.8065189297862027,0.8014633718093136,-0.005055557976889058,0.9610709339898446,0.9608475356978351,-0.00022339829200945793,0.6519669255825608,0.6420792079207921,-0.009887717661768658,1.3265050402876524,1.370398500138402,0.04389345985074966,0.03962427406264002,0.05065107610274977,0.011026802040109751,366.0,338.0,-28.0,677.0,726.0,49.0
test,153826963-153826982-003,severe_dysplastic,20260804,nc_aware_lambda_0p10,gaussian_blur,3.0,0.8065189297862027,0.7967188272008134,-0.009800102585389214,0.9610709339898446,0.9594107266170491,-0.0016602073727954858,0.6519669255825608,0.6340269277845777,-0.017939997797983054,1.3265050402876524,1.4168559026207022,0.09035086233304979,0.03962427406264002,0.05470365140142275,0.015079377338782729,366.0,331.0,-35.0,677.0,771.0,94.0
test,153826963-153826982-003,severe_dysplastic,20260804,nc_aware_lambda_0p10,gaussian_noise,10.0,0.8065189297862027,0.8052359605531493,-0.001282969233053377,0.9610709339898446,0.9587477831752641,-0.0023231508145804547,0.6519669255825608,0.6517241379310345,-0.00024278765152629944,1.3265050402876524,1.4162760741388691,0.08977103385121676,0.03962427406264002,0.017394403442089867,-0.02222987062055015,366.0,395.0,29.0,677.0,746.0,69.0
test,153826963-153826982-003,severe_dysplastic,20260804,nc_aware_lambda_0p10,gaussian_noise,20.0,0.8065189297862027,0.803634337907753,-0.0028845918784496938,0.9610709339898446,0.9483765475356225,-0.01269438645422205,0.6519669255825608,0.6588921282798834,0.006925202697322663,1.3265050402876524,1.5270989796942636,0.2005939394066112,0.03962427406264002,0.08496098485161885,0.04533671078897883,366.0,521.0,155.0,677.0,802.0,125.0
test,153829745-153829768-003,severe_dysplastic,20260804,nc_aware_lambda_0p10,gaussian_blur,3.0,0.7667020323277318,0.7730385182991115,0.006336485971379702,0.9204806016692654,0.9080619723536506,-0.012418629315614771,0.6129234629861983,0.6380150642445724,0.025091601258374174,0.08730844701460083,0.16461597671515227,0.07730752970055144,0.01915304465134493,0.002842884116651234,-0.016310160534693696,867.0,991.0,124.0,668.0,273.0,-395.0
test,153916114-153916167-001,carcinoma_in_situ,20260804,nc_aware_lambda_0p10,gaussian_blur,1.0,0.708031548740339,0.7042771550376113,-0.0037543937027276764,0.8723922114047288,0.8692640692640693,-0.0031281421406594845,0.5436708860759494,0.5392902408111534,-0.004380645264795979,1.9396299902629017,1.9743494561787742,0.034719465915872494,0.4042292139328562,0.4303036018651037,0.026074387932247478,676.0,699.0,23.0,1106.0,1110.0,4.0
test,153916114-153916167-001,carcinoma_in_situ,20260804,nc_aware_lambda_0p10,gaussian_blur,2.0,0.708031548740339,0.6985383859961021,-0.00949316274423695,0.8723922114047288,0.8661145617667356,-0.0062776496379931546,0.5436708860759494,0.5309622102254684,-0.012708675850480966,1.9396299902629017,2.0168194956643077,0.07718950540140601,0.4042292139328562,0.4226392433447959,0.0184100294119397,676.0,720.0,44.0,1106.0,1117.0,11.0
test,153956040-153956058-001,normal_columnar,20260804,nc_aware_lambda_0p10,gaussian_noise,10.0,0.8846117392682669,0.8750099873954992,-0.009601751872767683,0.9855813953488373,0.9863013698630136,0.0007199745141763803,0.7836420831876966,0.7637186049279847,-0.019923478259711858,0.19828368389649847,0.23478116173956115,0.036497477843062676,0.045696695808993715,0.05373174988282481,0.008035054073831094,12.0,5.0,-7.0,1659.0,1841.0,182.0
test,153958547-153958572-006,normal_columnar,20260804,nc_aware_lambda_0p10,gaussian_blur,1.0,0.666583089997285,0.658826588592374,-0.00775650140491102,0.8127972330306961,0.8070477009024495,-0.005749532128246582,0.5203689469638739,0.5106054762822985,-0.009763470681575459,1.0612556873295143,1.09488510960963,0.03362942228011567,0.05830649317769121,0.06464218154214507,0.006335688364453862,423.0,437.0,14.0,894.0,903.0,9.0
test,157185730-157185758-001,normal_columnar,20260804,nc_aware_lambda_0p10,gaussian_blur,1.0,0.5373238956888045,0.5375624531650562,0.00023855747625178836,0.5608899297423887,0.5576727272727273,-0.0032172024696613954,0.5137578616352201,0.5174521790573852,0.003694317422165083,1.1800364279359958,1.2103671134365772,0.030330685500581378,0.08603911091747035,0.12302133289748196,0.03698222198001161,2940.0,2983.0,43.0,46.0,63.0,17.0
test,157185730-157185758-001,normal_columnar,20260804,nc_aware_lambda_0p10,gaussian_blur,2.0,0.5373238956888045,0.5383720100116918,0.0010481143228873169,0.5608899297423887,0.5533574007220217,-0.007532529020367051,0.5137578616352201,0.5233866193013618,0.009628757666141685,1.1800364279359958,1.2335166342033501,0.05348020626735428,0.08603911091747035,0.2553958477596138,0.16935673684214347,2940.0,3033.0,93.0,46.0,67.0,21.0
test,157227461-157227503-003,normal_columnar,20260804,nc_aware_lambda_0p10,gaussian_blur,2.0,0.8631661652560277,0.8571056638660033,-0.006060501390024453,0.8783616052958213,0.867056856187291,-0.011304749108530299,0.8479707252162342,0.8471544715447155,-0.0008162536715187185,0.23790947940758622,0.28287883593486307,0.04496935652727685,0.1282783678596605,0.1475910456930728,0.019312677833412284,586.0,636.0,50.0,160.0,298.0,138.0
test,158986920-158986928-004,normal_columnar,20260804,nc_aware_lambda_0p10,gaussian_blur,3.0,0.2171437498452657,0.225384699977281,0.008240950132015312,0.3807266982622433,0.3586869495596477,-0.02203974870259562,0.053560801428288035,0.09208245039491428,0.03852164896662624,0.31348569485840566,0.3566019771586252,0.04311628230021952,0.389681634707173,0.22415662079631293,-0.16552501391086005,1568.0,1602.0,34.0,1735.0,1585.0,-150.0
test,148503568-148503580-002,light_dysplastic,20260805,baseline,gaussian_blur,3.0,0.814330258729171,0.8208768326076306,0.006546573878459583,0.86222965706775,0.8598304494251539,-0.0023992076425961573,0.7664308603905919,0.7819232157901072,0.015492355399515212,0.05714773656396416,0.08358852196101435,0.026440785397050193,0.18053272590396513,0.3206009644012366,0.14006823849727146,343.0,101.0,-242.0,1603.0,1524.0,-79.0
test,148719308-148719357-001,light_dysplastic,20260805,baseline,gaussian_blur,3.0,0.8964776325464832,0.8878549384497932,-0.00862269409668992,0.9772972972972973,0.9587476979742173,-0.01854959932307998,0.8156579677956691,0.8169621789253692,0.001304211129700028,0.026880492213463336,0.06212797170805051,0.035247479494587175,0.05004608662644028,0.03166457765770281,-0.01838150896873747,10.0,110.0,100.0,528.0,953.0,425.0
test,148848523-148848559-002,moderate_dysplastic,20260805,baseline,gaussian_noise,10.0,0.8793345041033485,0.8735206444232463,-0.005813859680102174,0.9804283225740342,0.9740568475452196,-0.006371475028814633,0.7782406856326628,0.772984441301273,-0.0052562443313898255,0.08508191262683384,0.12548532671099366,0.04040341408415982,0.023393193245479615,0.023160413922503453,-0.0002327793229761621,133.0,217.0,84.0,193.0,276.0,83.0
test,149053341-149053350-001,moderate_dysplastic,20260805,baseline,gaussian_blur,2.0,0.9082655944035772,0.9044099631796663,-0.0038556312239109714,0.9635833940276766,0.9506903353057199,-0.012893058721956674,0.8529477947794779,0.8581295910536125,0.00518179627413462,0.0211358885230023,0.057315587919211874,0.036179699396209575,0.028182604294777924,0.015663971587628445,-0.01251863270714948,224.0,350.0,126.0,78.0,388.0,310.0
test,149056321-149056360-001,severe_dysplastic,20260805,baseline,gaussian_noise,30.0,0.7789705005134595,0.7885453477150159,0.009574847201556436,0.8474779823859088,0.855640921957137,0.008162939571228267,0.7104630186410102,0.7214497734728949,0.010986754831884604,0.3673205316672792,0.43540513718877616,0.06808460552149698,0.14074238320057852,0.09459361770831698,-0.046148765492261545,758.0,708.0,-50.0,604.0,855.0,251.0
test,149056873-149056884-002,severe_dysplastic,20260805,baseline,gaussian_blur,1.0,0.8439368240377112,0.8401052928266984,-0.003831531211012762,0.9514000643707756,0.9432371067142393,-0.008162957656536296,0.7364735837046468,0.7369734789391575,0.0004998952345107721,0.17698000564135974,0.2246540095963635,0.04767400395500376,0.021193653117775324,0.008446900534951118,-0.012746752582824206,151.0,175.0,24.0,128.0,191.0,63.0
test,149057812-149057825-003,moderate_dysplastic,20260805,baseline,gaussian_noise,20.0,0.9026890558221455,0.8991086705352758,-0.0035803852868697694,0.9085845976570002,0.8983662613981763,-0.010218336258823846,0.8967935139872909,0.8998510796723753,0.003057565685084418,0.05073164497714605,0.07482415497781936,0.024092510000673306,0.06912451243076523,0.1331702911267465,0.06404577869598127,952.0,1066.0,114.0,678.0,156.0,-522.0
test,149057812-149057825-005,moderate_dysplastic,20260805,baseline,gaussian_blur,2.0,0.8323798535575089,0.8228962875624377,-0.009483565995071164,0.9474157303370786,0.9388224471021159,-0.008593283234962668,0.717343976777939,0.7069701280227596,-0.010373848755179438,0.1602671817333709,0.1864207584779642,0.026153576744593288,0.06832688380105545,0.06669559481240972,-0.0016312889886457294,12.0,90.0,78.0,2136.0,2360.0,224.0
test,149058262-149058272-003,moderate_dysplastic,20260805,baseline,gaussian_blur,2.0,0.8896088343676671,0.879901337439696,-0.009707496927971127,0.9387520368062877,0.921652699278893,-0.017099337527394676,0.8404656319290466,0.8381499756004989,-0.0023156563285476883,0.07376858809166453,0.11495440191419981,0.04118581382253528,0.014829731886646824,0.03345794481411224,0.018628212927465415,633.0,804.0,171.0,56.0,459.0,403.0
test,149099276-149099290-002,light_dysplastic,20260805,baseline,gaussian_noise,30.0,0.8393668407142216,0.8446814435079038,0.005314602793682122,0.9706605000722648,0.9702510520969381,-0.0004094479753267155,0.7080731813561784,0.7191118349188695,0.01103865356269118,0.028847118680201442,0.06055487522389817,0.03170775654369673,0.07624593457028028,0.07567341698842445,-0.0005725175818558359,151.0,123.0,-28.0,5072.0,9817.0,4745.0
test,149146837-149146854-001,carcinoma_in_situ,20260805,baseline,gaussian_blur,1.0,0.8485022362474961,0.8488197858051552,0.0003175495576590581,0.9682191147578875,0.9673686646609582,-0.0008504500969293005,0.7287853577371048,0.7302709069493521,0.0014855492122473057,0.2155711532519733,0.2535990839788489,0.0380279307268756,0.03876116039947186,0.04696736352990194,0.008206203130430079,39.0,50.0,11.0,201.0,239.0,38.0
test,149146837-149146854-001,carcinoma_in_situ,20260805,baseline,gaussian_blur,2.0,0.8485022362474961,0.851950505519447,0.0034482692719508545,0.9682191147578875,0.9662037037037037,-0.002015411054183791,0.7287853577371048,0.7376973073351903,0.0089119495980855,0.2155711532519733,0.3068386574151787,0.09126750416320539,0.03876116039947186,0.05706944128454916,0.0183082808850773,39.0,52.0,13.0,201.0,302.0,101.0
test,149146837-149146854-001,carcinoma_in_situ,20260805,baseline,gaussian_blur,3.0,0.8485022362474961,0.8504539029067691,0.0019516666592730436,0.9682191147578875,0.9605385329619313,-0.0076805817959562095,0.7287853577371048,0.740369272851607,0.011583915114502186,0.2155711532519733,0.37863799937677367,0.16306684612480038,0.03876116039947186,0.05623861738455682,0.01747745698508496,39.0,76.0,37.0,201.0,381.0,180.0
test,149181904-149181927-001,carcinoma_in_situ,20260805,baseline,gaussian_noise,10.0,0.9266995032418387,0.9182240298645037,-0.008475473377335008,0.9778848259251149,0.9746059544658494,-0.003278871459265531,0.8755141805585624,0.8618421052631579,-0.013672075295404595,0.10724418260087376,0.13707430406470966,0.0298301214638359,0.0040791762998980685,0.04223596536217211,0.038156789062274044,47.0,46.0,-1.0,297.0,356.0,59.0
test,149181904-149181951-001,carcinoma_in_situ,20260805,baseline,gaussian_blur,1.0,0.8979708807408255,0.8903974163009714,-0.007573464439854183,0.959234608985025,0.9513830678960603,-0.007851541088964686,0.8367071524966262,0.8294117647058824,-0.00729538779074379,0.04380261141549635,0.08753100487840593,0.043728393462909576,0.0004299783091716858,0.0009238234241976118,0.000493845115025926,194.0,230.0,36.0,87.0,52.0,-35.0
test,149182125-149182135-002,carcinoma_in_situ,20260805,baseline,gaussian_blur,1.0,0.8421833614134047,0.8429149571005511,0.0007315956871464246,0.9574813372281726,0.9588638589618022,0.001382521733629516,0.7268853855986366,0.7269660552393,8.06696406634444e-05,0.1263752539858778,0.16394387573868974,0.03756862175281195,0.10839986734685625,0.11614226034066377,0.007742392993807523,228.0,192.0,-36.0,398.0,447.0,49.0
test,149182125-149182135-002,carcinoma_in_situ,20260805,baseline,gaussian_blur,2.0,0.8421833614134047,0.8399085644059312,-0.0022747970074734614,0.9574813372281726,0.9562634098035979,-0.0012179274245747163,0.7268853855986366,0.7235537190082645,-0.0033316665903720954,0.1263752539858778,0.23269650609710557,0.10632125211122778,0.10839986734685625,0.12712804855696458,0.01872818121010833,228.0,125.0,-103.0,398.0,544.0,146.0
test,149182125-149182135-002,carcinoma_in_situ,20260805,baseline,gaussian_blur,3.0,0.8421833614134047,0.8324740344629029,-0.009709326950501751,0.9574813372281726,0.9516641578859341,-0.0058171793422385765,0.7268853855986366,0.7132839110398718,-0.013601474558764814,0.1263752539858778,0.32184066716840554,0.19546541318252775,0.10839986734685625,0.15421353041424002,0.04581366306738377,228.0,45.0,-183.0,398.0,695.0,297.0
test,149182657-149182681-002,carcinoma_in_situ,20260805,baseline,gaussian_blur,1.0,0.6076742327224156,0.6017806779430335,-0.0058935547793821375,0.7879063423505343,0.7804208600182982,-0.007485482332236004,0.427442123094297,0.4231404958677686,-0.004301627226528437,1.0185640055904548,1.0642046669253244,0.04564066133486966,0.022721434587643308,0.0032593937761062897,-0.019462040811537018,933.0,960.0,27.0,652.0,740.0,88.0
test,149185604-149185645-003,carcinoma_in_situ,20260805,baseline,gaussian_blur,1.0,0.8107851773327965,0.8098715813056916,-0.0009135960271049459,0.9579181807525495,0.9542083578575633,-0.0037098228949862255,0.6636521739130434,0.66553480475382,0.0018826308407765557,0.7299294536236247,0.865541666822045,0.13561221319842032,0.09864461029504357,0.11118662303090088,0.01254201273585731,351.0,387.0,36.0,233.0,303.0,70.0
test,149185604-149185657-001,carcinoma_in_situ,20260805,baseline,gaussian_blur,1.0,0.8510737588206542,0.8474243550087266,-0.0036494038119275762,0.9640317008738062,0.963265306122449,-0.0007663947513572023,0.7381158167675022,0.7315834038950042,-0.00653241287249795,0.7409973136821539,0.8190193955562781,0.07802208187412418,0.08233655787054961,0.07036992936423703,-0.011966628506312582,71.0,92.0,21.0,360.0,408.0,48.0
test,149185604-149185657-001,carcinoma_in_situ,20260805,baseline,gaussian_noise,10.0,0.8510737588206542,0.8517037363080016,0.0006299774873473885,0.9640317008738062,0.9599835830084137,-0.004048117865392498,0.7381158167675022,0.7434238896075894,0.0053080728400872745,0.7409973136821539,0.7835225079968944,0.042525194314740444,0.08233655787054961,0.05775034826247205,-0.02458620960807756,71.0,119.0,48.0,360.0,365.0,5.0
test,149185698-149185709-002,carcinoma_in_situ,20260805,baseline,gaussian_blur,1.0,0.7426794489995969,0.7439049337012291,0.0012254847016321957,0.9162481335686168,0.9137414965986395,-0.002506636969977327,0.5691107644305772,0.5740683708038189,0.004957606373241719,0.32340322113272446,0.38912006895944673,0.06571684782672227,0.000595841069558789,0.01664320396750385,0.01604736289794506,617.0,634.0,17.0,43.0,1.0,-42.0
test,149185698-149185709-002,carcinoma_in_situ,20260805,baseline,gaussian_blur,2.0,0.7426794489995969,0.7449408901935539,0.0022614411939569923,0.9162481335686168,0.9080962800875274,-0.008151853481089377,0.5691107644305772,0.5817855002995805,0.012674735869003362,0.32340322113272446,0.5211385805680258,0.1977353594353013,0.000595841069558789,0.03550798110382425,0.03491214003426546,617.0,672.0,55.0,43.0,90.0,47.0
test,149185698-149185709-002,carcinoma_in_situ,20260805,baseline,gaussian_blur,3.0,0.7426794489995969,0.7451440494833608,0.0024646004837638458,0.9162481335686168,0.8993658671078026,-0.016882266460814144,0.5691107644305772,0.5909222318589188,0.021811467428341613,0.32340322113272446,0.6804714030684151,0.3570681819356907,0.000595841069558789,0.03547093395183998,0.03487509288228119,617.0,730.0,113.0,43.0,211.0,168.0
test,149185788-149185824-001,carcinoma_in_situ,20260805,baseline,gaussian_blur,3.0,0.7249135865844549,0.7231452645687895,-0.0017683220156654578,0.9032368556259633,0.8782107286388258,-0.025026126987137576,0.5465903175429464,0.5680798004987531,0.02148948295580666,0.050501939811060215,0.14865552964104856,0.09815358982998834,0.006426402866329228,0.024531245280170033,0.018104842413840805,515.0,631.0,116.0,402.0,234.0,-168.0
test,149314453-149314507-001,carcinoma_in_situ,20260805,baseline,gaussian_blur,1.0,0.8777924649272754,0.8691855020813111,-0.008606962845964294,0.9591378536147284,0.9552643470402169,-0.003873506574511465,0.7964470762398224,0.7831066571224051,-0.013340419117417235,0.5026817745888539,0.6023991531416186,0.09971737855276475,0.03506458465272122,0.03188792203461621,-0.0031766626181050084,83.0,97.0,14.0,153.0,199.0,46.0
test,149314679-149314698-001,carcinoma_in_situ,20260805,baseline,gaussian_blur,1.0,0.7645224652317182,0.7685863496321124,0.00406388440039418,0.9192118226600985,0.9181459566074951,-0.0010658660526033925,0.6098331078033379,0.6190267426567295,0.009193634853391641,1.860687497195404,1.9556565316763797,0.09496903448097571,0.04591738724912542,0.05741262596786634,0.011495238718740919,492.0,498.0,6.0,529.0,593.0,64.0
test,149314679-149314698-001,carcinoma_in_situ,20260805,baseline,gaussian_blur,2.0,0.7645224652317182,0.761218667480527,-0.003303797751191162,0.9192118226600985,0.9111662531017369,-0.008045569558361554,0.6098331078033379,0.6112710818593171,0.0014379740559792298,1.860687497195404,2.163939383079942,0.3032518858845381,0.04591738724912542,0.06102355280298222,0.015106165553856798,492.0,537.0,45.0,529.0,743.0,214.0
test,149314679-149314698-001,carcinoma_in_situ,20260805,baseline,gaussian_noise,10.0,0.7645224652317182,0.758946529178905,-0.005575936052813146,0.9192118226600985,0.9158293526601877,-0.0033824699999107644,0.6098331078033379,0.6020637056976222,-0.007769402105715639,1.860687497195404,1.8920688829195682,0.03138138572416427,0.04591738724912542,0.014699056485355744,-0.031218330763769675,492.0,511.0,19.0,529.0,541.0,12.0
test,149315229-149315310-001,severe_dysplastic,20260805,baseline,gaussian_blur,1.0,0.7311844909434921,0.722258707994476,-0.008925782949016137,0.950734394124847,0.947675310725794,-0.00305908339905292,0.5116345877621373,0.4968421052631579,-0.014792482498979409,2.180619378443714,2.227829350708227,0.0472099722645134,0.004304767094934214,0.005586450285014477,0.0012816831900802628,644.0,682.0,38.0,2966.0,3129.0,163.0
test,149315671-149315740-001,carcinoma_in_situ,20260805,baseline,gaussian_blur,1.0,0.8032268691864219,0.799056906533618,-0.0041699626528038936,0.9541650059784775,0.9543369890329013,0.00017198305442378548,0.6522887323943662,0.6437768240343348,-0.008511908360031462,0.7156240074963334,0.7999138924892686,0.08428988499293522,0.06316072288327967,0.06592055644544748,0.0027598335621678016,150.0,153.0,3.0,294.0,352.0,58.0
test,149317002-149317010-002,severe_dysplastic,20260805,baseline,gaussian_blur,1.0,0.8886677589147209,0.8893734153662254,0.0007056564515044439,0.9572649572649573,0.9599753694581281,0.002710412193170808,0.8200705605644845,0.8187714612743228,-0.0012990992901616982,0.02615156657321327,0.06081384564232084,0.03466227906910757,0.011494487043463675,0.07994690253578385,0.06845241549232017,86.0,58.0,-28.0,41.0,111.0,70.0
test,153276386-153276405-001,moderate_dysplastic,20260805,baseline,gaussian_blur,2.0,0.8613039241505283,0.853687861464296,-0.007616062686232272,0.9583948793697686,0.9558696988322065,-0.0025251805375621217,0.7642129689312879,0.7515060240963856,-0.012706944834902312,0.38026357084587603,0.4178704575946648,0.03760688674878876,0.10854563449813692,0.16809083232656308,0.059545197828426155,206.0,195.0,-11.0,1179.0,1390.0,211.0
test,153276386-153276405-002,moderate_dysplastic,20260805,baseline,gaussian_blur,1.0,0.7581843047492856,0.7538326678168392,-0.004351636932446334,0.8983153557144589,0.8950624772534271,-0.0032528784610317274,0.6180532537841122,0.6126028583802512,-0.0054503954038610525,0.3448852040816326,0.37199216604462315,0.02710696196299056,0.17371391873134256,0.17709756040070768,0.0033836416693651117,45.0,37.0,-8.0,1701.0,1886.0,185.0
test,153276386-153276414-001,moderate_dysplastic,20260805,baseline,gaussian_blur,3.0,0.9274107166790435,0.9179651862258029,-0.009445530453240591,0.9730499821916182,0.9628653569717297,-0.010184625219888499,0.8817714511664689,0.8730650154798761,-0.008706435686592795,0.07152636474907703,0.1077172768449356,0.03619091209585856,0.0034895710163020954,0.030438160769014178,0.026948589752712082,83.0,158.0,75.0,553.0,828.0,275.0
test,153654869-153654880-001,severe_dysplastic,20260805,baseline,gaussian_blur,1.0,0.7587602923880568,0.7605234418548089,0.0017631494667521563,0.8628517823639775,0.8595929136826235,-0.0032588686813540546,0.6546688024121361,0.6614539700269944,0.006785167614858256,0.1429047424780735,0.17521574671845097,0.03231100424037747,0.04041876781917031,0.08931371596169624,0.04889494814252593,1176.0,1224.0,48.0,417.0,287.0,-130.0
test,153654869-153654880-001,severe_dysplastic,20260805,baseline,gaussian_blur,2.0,0.7587602923880568,0.7556548671899307,-0.003105425198126066,0.8628517823639775,0.8491843937804063,-0.013667388583571194,0.6546688024121361,0.662125340599455,0.007456538187318951,0.1429047424780735,0.2423182040542915,0.099413461576218,0.04041876781917031,0.2500692647524442,0.20965049693327387,1176.0,1353.0,177.0,417.0,20.0,-397.0
test,153655087-153655101-002,severe_dysplastic,20260805,baseline,gaussian_blur,1.0,0.8257068527977199,0.8218456967856872,-0.0038611560120327404,0.8850948509485095,0.877968877968878,-0.0071259729796314675,0.7663188546469304,0.7657225156024964,-0.0005963390444340133,0.09044478330363204,0.12153205860002447,0.031087275296392436,0.05219914155349448,0.016867739508817925,-0.03533140204467655,198.0,225.0,27.0,13.0,32.0,19.0
test,153655087-153655101-002,severe_dysplastic,20260805,baseline,gaussian_blur,2.0,0.8257068527977199,0.8209279661218201,-0.004778886675899874,0.8850948509485095,0.8709588284056369,-0.014136022542872606,0.7663188546469304,0.7708971038380033,0.0045782491910728584,0.09044478330363204,0.17214484494214455,0.08170006163851251,0.05219914155349448,0.012065284560880962,-0.040133856992613515,198.0,269.0,71.0,13.0,113.0,100.0
test,153657121-153657160-001,severe_dysplastic,20260805,baseline,gaussian_blur,1.0,0.8447548111392986,0.8464657110627042,0.0017108999234055622,0.9536307961504812,0.95075,-0.002880796150481202,0.7358788261281162,0.7421814221254084,0.006302595997292215,0.10942701610819183,0.1424345937499274,0.033007577641735564,0.00240996977153074,0.025633739980514436,0.023223770208983696,271.0,272.0,1.0,60.0,149.0,89.0
test,153657121-153657160-001,severe_dysplastic,20260805,baseline,gaussian_blur,2.0,0.8447548111392986,0.8472491163204188,0.002494305181120149,0.9536307961504812,0.9449173760640961,-0.008713420086385093,0.7358788261281162,0.7495808565767413,0.013702030448625169,0.10942701610819183,0.1919595652738153,0.08253254916562347,0.00240996977153074,0.03642377946016384,0.0340138096886331,271.0,284.0,13.0,60.0,283.0,223.0
test,153657121-153657160-001,severe_dysplastic,20260805,baseline,gaussian_blur,3.0,0.8447548111392986,0.840147649237275,-0.004607161902023593,0.9536307961504812,0.9360954174513496,-0.017535378699131576,0.7358788261281162,0.7441998810232004,0.008321054895084279,0.10942701610819183,0.2495557086956155,0.14012869258742366,0.00240996977153074,0.039491820694404156,0.037081850922873416,271.0,307.0,36.0,60.0,446.0,386.0
test,153659229-153659264-001,severe_dysplastic,20260805,baseline,gaussian_blur,2.0,0.8784932448555358,0.8788931515124694,0.00039990665693356853,0.9468713105076741,0.9381866313699537,-0.008684679137720419,0.8101151792033975,0.8195996716549852,0.009484492451587667,0.05201819529937102,0.07744597565476113,0.025427780355390117,0.02658732874425629,0.010911462423370044,-0.015675866320886245,389.0,457.0,68.0,31.0,327.0,296.0
test,153659229-153659264-001,severe_dysplastic,20260805,baseline,gaussian_blur,3.0,0.8784932448555358,0.8701409958935564,-0.008352248961979392,0.9468713105076741,0.9256530475552579,-0.021218262952416245,0.8101151792033975,0.814628944231855,0.0045137650284574615,0.05201819529937102,0.09401925855705268,0.04200106325768166,0.02658732874425629,0.004046624272561528,-0.02254070447169476,389.0,547.0,158.0,31.0,431.0,400.0
test,153697342-153697375-001,moderate_dysplastic,20260805,baseline,gaussian_blur,1.0,0.8627681332599365,0.8562797987354819,-0.006488334524454631,0.9669669669669669,0.9646869983948636,-0.0022799685721033303,0.7585692995529061,0.7478725990761002,-0.010696700476805932,0.2623238803300443,0.3105679513087838,0.048244070978739506,0.003663426625035049,0.004832665625984611,0.0011692390009495623,163.0,174.0,11.0,292.0,379.0,87.0
test,153697342-153697384-001,moderate_dysplastic,20260805,baseline,gaussian_noise,20.0,0.9037359977327739,0.8940199732169727,-0.009716024515801225,0.9760687257107793,0.9732901659247268,-0.002778559786052459,0.8314032697547684,0.8147497805092186,-0.01665348924554977,0.09124078350437037,0.17367670658066736,0.08243592307629699,0.0069725232378986535,0.09662426091226928,0.08965173767437062,105.0,52.0,-53.0,446.0,623.0,177.0
test,153701009-153701019-002,light_dysplastic,20260805,baseline,gaussian_noise,30.0,0.8581838327421552,0.8500648905999975,-0.008118942142157692,0.8817649926864944,0.8803013731923685,-0.0014636194941259895,0.8346026727978157,0.8198284080076264,-0.014774264790189395,0.21380991198924543,0.24952905827256505,0.035719146283319625,0.1534334483154426,0.2693592869342868,0.1159258386188442,956.0,981.0,25.0,892.0,1173.0,281.0
test,153701622-153701650-001,moderate_dysplastic,20260805,baseline,gaussian_blur,1.0,0.8115457884367665,0.8085496814759658,-0.0029961069608006596,0.9351189702249383,0.9341176470588235,-0.001001323166114787,0.6879726066485946,0.6829817158931083,-0.00499089075548631,0.22608213123871101,0.2622801567165466,0.03619802547783557,0.10154193320902127,0.10716526171297314,0.005623328503951863,127.0,168.0,41.0,601.0,702.0,101.0
test,153701622-153701650-001,moderate_dysplastic,20260805,baseline,gaussian_blur,2.0,0.8115457884367665,0.8042068766832879,-0.007338911753478561,0.9351189702249383,0.9319593077024706,-0.0031596625224676878,0.6879726066485946,0.6764544456641054,-0.011518160984489212,0.22608213123871101,0.32385723770849606,0.09777510646978504,0.10154193320902127,0.12786718366980843,0.026325250460787153,127.0,249.0,122.0,601.0,880.0,279.0
test,153826963-153826970-001,severe_dysplastic,20260805,baseline,gaussian_blur,1.0,0.7279370058488663,0.7362565636108855,0.008319557762019203,0.8934747856416219,0.8944081336238199,0.0009333479821980184,0.5623992260561109,0.5781049935979513,0.015705767541840387,0.6301451397791957,0.6547178489007155,0.024572709121519765,0.14710440386400514,0.1907501897773548,0.043645785913349666,725.0,721.0,-4.0,113.0,136.0,23.0
test,153826963-153826970-001,severe_dysplastic,20260805,baseline,gaussian_blur,2.0,0.7279370058488663,0.7341999134466927,0.006262907597826328,0.8934747856416219,0.8856347927954312,-0.007839992846190635,0.5623992260561109,0.5827650340979541,0.02036580804184318,0.6301451397791957,0.7984022309406991,0.16825709116150334,0.14710440386400514,0.23579240235818666,0.08868799849418152,725.0,777.0,52.0,113.0,238.0,125.0
test,153826963-153826970-001,severe_dysplastic,20260805,baseline,gaussian_blur,3.0,0.7279370058488663,0.7186527247136291,-0.009284281135237271,0.8934747856416219,0.8659609363351722,-0.027513849306449623,0.5623992260561109,0.5713445130920859,0.00894528703597497,0.6301451397791957,1.0211059460940877,0.39096080631489194,0.14710440386400514,0.2767742663539785,0.12966986248997336,725.0,899.0,174.0,113.0,411.0,298.0
test,153826963-153826982-003,severe_dysplastic,20260805,baseline,gaussian_blur,1.0,0.7715391906215554,0.7716774231838718,0.00013823256231637604,0.9376133764492468,0.9379288587428031,0.00031548229355626844,0.6054650047938639,0.6054259876249405,-3.901716892340534e-05,1.6480959745450048,1.6762039475322288,0.028107972987224006,0.009452623189743936,0.0226754488907982,0.013222825701054264,685.0,685.0,0.0,858.0,888.0,30.0
test,153826963-153826982-003,severe_dysplastic,20260805,baseline,gaussian_blur,2.0,0.7715391906215554,0.7669439233336717,-0.004595267287883731,0.9376133764492468,0.9354736675628658,-0.002139708886381042,0.6054650047938639,0.5984141791044776,-0.007050825689386309,1.6480959745450048,1.7657703161804825,0.11767434163547774,0.009452623189743936,0.04805617387386674,0.0386035506841228,685.0,718.0,33.0,858.0,974.0,116.0
test,153826963-153826982-003,severe_dysplastic,20260805,baseline,gaussian_blur,3.0,0.7715391906215554,0.7621904896421285,-0.00934870097942686,0.9376133764492468,0.9321590097595811,-0.005454366689665702,0.6054650047938639,0.5922219695246759,-0.01324303526918802,1.6480959745450048,1.8716401111850187,0.22354413664001394,0.009452623189743936,0.05099704683403716,0.04154442364429323,685.0,761.0,76.0,858.0,1083.0,225.0
test,153826963-153826982-003,severe_dysplastic,20260805,baseline,gaussian_noise,20.0,0.7715391906215554,0.7664038604893695,-0.005135330132185922,0.9376133764492468,0.9252731477789298,-0.012340228670317033,0.6054650047938639,0.6075345731998093,0.00206956840594541,1.6480959745450048,1.7239567734880432,0.07586079894303843,0.009452623189743936,0.1817014722422008,0.17224884905245685,685.0,825.0,140.0,858.0,880.0,22.0
test,153827595-153827657-002,carcinoma_in_situ,20260805,baseline,gaussian_blur,1.0,0.9123850561676791,0.9123943461830222,9.290015343110802e-06,0.971894832275612,0.9733909483738913,0.0014961160982792654,0.8528752800597461,0.8513977439921531,-0.0014775360675930438,0.03622368673810117,0.07405990228862014,0.03783621555051897,0.048774707677851414,0.08054827470603776,0.031773567028186345,80.0,65.0,-15.0,139.0,200.0,61.0
test,153827595-153827657-002,carcinoma_in_situ,20260805,baseline,gaussian_blur,2.0,0.9123850561676791,0.9057937560395615,-0.006591300128117594,0.971894832275612,0.9694063926940639,-0.0024884395815480964,0.8528752800597461,0.8421811193850589,-0.010694160674687203,0.03622368673810117,0.12156705785448996,0.08534337111638879,0.048774707677851414,0.09112227977447473,0.04234757209662332,80.0,48.0,-32.0,139.0,285.0,146.0
test,153828952-153828970-001,severe_dysplastic,20260805,baseline,gaussian_noise,10.0,0.8012827120514829,0.8056243494909172,0.004341637439434276,0.9601603608118267,0.9681925907446676,0.008032229932840917,0.6424050632911392,0.6430561082371667,0.0006510449460275236,0.2833706048919624,0.35531751967802805,0.07194691478606563,0.008769786041514682,0.009582096710742172,0.0008123106692274895,104.0,69.0,-35.0,146.0,161.0,15.0
test,153828952-153828970-001,severe_dysplastic,20260805,baseline,gaussian_noise,30.0,0.8012827120514829,0.7976825041293589,-0.00360020792212401,0.9601603608118267,0.9483305827091533,-0.011829778102673383,0.6424050632911392,0.6470344255495645,0.004629362258425251,0.2833706048919624,0.5458982212323931,0.26252761634043065,0.008769786041514682,0.14436502011749852,0.13559523407598384,104.0,209.0,105.0,146.0,263.0,117.0
test,153916114-153916150-001,carcinoma_in_situ,20260805,baseline,gaussian_blur,2.0,0.8703903333332759,0.872887184289645,0.00249685095636909,0.961798574300859,0.948975791433892,-0.01282278286696703,0.7789820923656927,0.7967985771453979,0.01781648477970521,0.055569205569205415,0.13574694097082163,0.08017773540161621,0.07793635448432734,0.1316183530528271,0.053681998568499756,135.0,236.0,101.0,196.0,58.0,-138.0
test,153916114-153916150-001,carcinoma_in_situ,20260805,baseline,gaussian_blur,3.0,0.8703903333332759,0.8701198979436497,-0.00027043538962612246,0.961798574300859,0.9408450704225352,-0.020953503878323843,0.7789820923656927,0.7993947254647644,0.02041263309907171,0.055569205569205415,0.21439981128260444,0.15883060571339902,0.07793635448432734,0.16769853437868165,0.08976217989435431,135.0,281.0,146.0,196.0,186.0,-10.0
test,153956040-153956058-003,normal_columnar,20260805,baseline,gaussian_noise,10.0,0.8747569742483662,0.8687229306115032,-0.006034043636862996,0.8874361593462717,0.8795620437956204,-0.007874115550651317,0.8620777891504606,0.8578838174273858,-0.004193971723074785,0.17382796373664477,0.2039921598071267,0.03016419607048193,0.010745571201065895,0.0370437572103377,0.026298186009271807,541.0,578.0,37.0,220.0,324.0,104.0
test,153956444-153956458-004,normal_columnar,20260805,baseline,gaussian_blur,3.0,0.9002587568373455,0.8938037866153126,-0.006454970222032896,0.9542048293089093,0.9543454345434543,0.0001406052345450659,0.8463126843657817,0.8332621386871707,-0.01305054567861097,0.02516427455430592,0.050329889524952265,0.025165614970646344,0.03286467675158722,0.04358894082065712,0.0107242640690699,13.0,20.0,7.0,136.0,379.0,243.0
test,153958547-153958572-008,normal_columnar,20260805,baseline,gaussian_noise,20.0,0.6926498198062108,0.6963253645199389,0.003675544713728107,0.8483221476510067,0.842843779232928,-0.005478368418078694,0.5369774919614148,0.5498069498069498,0.01282945784553502,0.40727906569556693,0.6502702729002154,0.2429912072046485,0.18457484634036997,0.07501120154531415,-0.10956364479505581,17.0,114.0,97.0,130.0,181.0,51.0
test,157185433-157185479-006,normal_columnar,20260805,baseline,gaussian_blur,1.0,0.6736529840556686,0.6699764982373678,-0.003676485818300823,0.802013422818792,0.8,-0.00201342281879191,0.5452925452925453,0.5399529964747356,-0.005339548817809736,0.20588993580563608,0.23354208927195264,0.027652153466316554,0.06988080657610807,0.06985103562091655,-2.977095519152151e-05,292.0,280.0,-12.0,509.0,546.0,37.0
test,157185433-157185479-006,normal_columnar,20260805,baseline,gaussian_blur,2.0,0.6736529840556686,0.6707330112231417,-0.0029199728325269847,0.802013422818792,0.8009720534629404,-0.0010413693558515291,0.5452925452925453,0.5404939689833429,-0.00479857630920244,0.20588993580563608,0.29816749081461635,0.09227755500898027,0.06988080657610807,0.0940490969281721,0.024168290352064026,292.0,235.0,-57.0,509.0,624.0,115.0
test,157185433-157185479-006,normal_columnar,20260805,baseline,gaussian_blur,3.0,0.6736529840556686,0.6774118677619826,0.0037588837063139424,0.802013422818792,0.8039950062421972,0.0019815834234052643,0.5452925452925453,0.550828729281768,0.0055361839892226206,0.20588993580563608,0.4151007094037923,0.2092107735981562,0.06988080657610807,0.09049886719789468,0.020618060621786616,292.0,125.0,-167.0,509.0,762.0,253.0
test,157185730-157185758-001,normal_columnar,20260805,baseline,gaussian_noise,30.0,0.6391414598257386,0.6312562380381461,-0.007885221787592434,0.7482800485633346,0.7707137938948818,0.022433745331547184,0.5300028710881424,0.4917986821814104,-0.038204188906731995,0.07701948764252387,0.23005007626533136,0.1530305886228075,0.13194253514685783,0.12415896198057377,-0.007783573166284058,1050.0,465.0,-585.0,1832.0,1999.0,167.0
test,157227058-157227087-001,normal_columnar,20260805,baseline,gaussian_noise,10.0,0.652654152914963,0.6548894096929536,0.002235256777990635,0.6696392379408188,0.6581673306772908,-0.01147190726352798,0.6356690678891072,0.6516114887086165,0.015942420819509362,0.4871743297056952,0.5168626945383724,0.029688364832677228,0.18246213218353308,0.2117732484977098,0.02931111631417671,803.0,846.0,43.0,551.0,571.0,20.0
test,157227461-157227503-003,normal_columnar,20260805,baseline,gaussian_blur,2.0,0.89820247058283,0.8988587575922593,0.0006562870094293238,0.9548141086749286,0.9468432162732681,-0.00797089240166049,0.8415908324907314,0.8508742989112504,0.009283466420519026,0.08342642449935278,0.1286663289717801,0.04523990447242732,0.09175423056348608,0.1274880646814477,0.035733834117961605,175.0,209.0,34.0,82.0,210.0,128.0
test,158986813-158986820-001,normal_columnar,20260805,baseline,gaussian_noise,20.0,0.8189957853242331,0.8152435272472793,-0.003752258076953785,0.9529553679131484,0.9568374344493747,0.0038820665362263584,0.6850362027353177,0.6736496200451838,-0.011386582690133928,0.19875048318003946,0.22621187073935384,0.027461387559314376,0.007038036073132803,0.04307034468634119,0.036032308613208386,113.0,105.0,-8.0,740.0,843.0,103.0
test,204870858-204870872-001,light_dysplastic,20260805,baseline,gaussian_blur,2.0,0.8231870291257529,0.825969262728462,0.0027822336027091277,0.9566929133858267,0.9588161882688536,0.002123274883026882,0.6896811448656791,0.6931223371880706,0.003441192322391484,0.1633375710157492,0.19302003192704908,0.02968246091129989,0.12734682607633885,0.17839086489816036,0.051044038821821514,206.0,185.0,-21.0,628.0,877.0,249.0
test,204870858-204870872-001,light_dysplastic,20260805,baseline,gaussian_blur,3.0,0.8231870291257529,0.8247661682115544,0.0015791390858014287,0.9566929133858267,0.9572801708793165,0.0005872574934897568,0.6896811448656791,0.6922521655437921,0.0025710206781129896,0.1633375710157492,0.2035449373639836,0.04020736634823441,0.12734682607633885,0.1970825871918388,0.06973576111549995,206.0,176.0,-30.0,628.0,974.0,346.0
test,148503209-148503222-001,light_dysplastic,20260805,nc_aware_lambda_0p10,gaussian_blur,2.0,0.8435852063972337,0.8395237661063271,-0.004061440290906604,0.8982142857142857,0.8933695230709577,-0.0048447626433280044,0.7889561270801816,0.7856780091416963,-0.0032781179384853143,0.022219091128971358,0.04829609376847199,0.026077002639500635,0.40935226488465026,0.3669978409295529,-0.042354423955097364,366.0,602.0,236.0,240.0,72.0,-168.0
test,148503568-148503580-002,light_dysplastic,20260805,nc_aware_lambda_0p10,gaussian_blur,1.0,0.8647781512824995,0.867248200099159,0.0024700488166595758,0.9367177447654697,0.9399007959395548,0.0031830511740851275,0.7928385577995292,0.7945956042587634,0.001757046459234246,0.11277376991745419,0.13681265691463734,0.02403888699718315,0.14618412155757826,0.15188452502938415,0.005700403471805893,163.0,43.0,-120.0,2000.0,2081.0,81.0
test,148503568-148503580-002,light_dysplastic,20260805,nc_aware_lambda_0p10,gaussian_blur,2.0,0.8647781512824995,0.873826524018593,0.00904837273609349,0.9367177447654697,0.9474284410993272,0.010710696333857572,0.7928385577995292,0.8002246069378588,0.007386049138329631,0.11277376991745419,0.15411347660345537,0.041339706686001176,0.14618412155757826,0.2939355453842987,0.14775142382672046,163.0,57.0,-106.0,2000.0,2114.0,114.0
test,148503568-148503580-002,light_dysplastic,20260805,nc_aware_lambda_0p10,gaussian_blur,3.0,0.8647781512824995,0.8745015262834069,0.009723375000907475,0.9367177447654697,0.9470815353168295,0.01036379055135983,0.7928385577995292,0.8019215172499844,0.00908295945045523,0.11277376991745419,0.15933993174284217,0.046566161825387975,0.14618412155757826,0.31295268009605876,0.1667685585384805,163.0,94.0,-69.0,2000.0,2113.0,113.0
test,148882535-148882616-001,light_dysplastic,20260805,nc_aware_lambda_0p10,gaussian_blur,1.0,0.7974387365442972,0.792806978434017,-0.00463175811028016,0.7773705478808383,0.768755676657584,-0.008614871223254217,0.8175069252077563,0.8168582802104501,-0.0006486449973061026,0.14759485431581165,0.1735122100325644,0.025917355716752744,0.3072351664514915,0.2921204081872512,-0.015114758264240302,2013.0,2382.0,369.0,2176.0,2353.0,177.0
test,149056873-149056884-002,severe_dysplastic,20260805,nc_aware_lambda_0p10,gaussian_blur,1.0,0.8724315890823648,0.8732362813107254,0.0008046922283605484,0.9391077824812765,0.9321533923303835,-0.006954390150892942,0.8057553956834532,0.8143191702910673,0.008563774607614039,0.059709081886042625,0.12144137076906969,0.061732288883027064,0.011018556108911781,0.0017956945619561626,-0.009222861546955619,187.0,207.0,20.0,95.0,25.0,-70.0
test,149056933-149056982-002,severe_dysplastic,20260805,nc_aware_lambda_0p10,gaussian_blur,2.0,0.9210147429591458,0.9110315989348039,-0.009983144024341861,0.9646442601484068,0.9589403973509933,-0.005703862797413417,0.8773852257698848,0.8631228005186146,-0.014262425251270194,0.06363960367196386,0.08715901557850364,0.023519411906539778,0.01614386412750568,0.03916817213650481,0.023024308008999128,21.0,47.0,26.0,339.0,445.0,106.0
test,149057756-149057766-002,moderate_dysplastic,20260805,nc_aware_lambda_0p10,gaussian_blur,3.0,0.9017611445132778,0.8967004038553062,-0.005060740657971574,0.9706157589369269,0.9672672389397227,-0.0033485199972042023,0.8329065300896287,0.8261335687708898,-0.006772961318738835,0.10037902467848203,0.1273280979724386,0.02694907329395657,0.002341141148565873,0.01831020640628922,0.015969065257723347,212.0,127.0,-85.0,1446.0,1683.0,237.0
test,149057756-149057788-002,moderate_dysplastic,20260805,nc_aware_lambda_0p10,gaussian_noise,20.0,0.8169766373218359,0.8149061792167429,-0.002070458105092987,0.9049217918270412,0.8983459396558889,-0.006575852171152308,0.7290314828166307,0.731466418777597,0.0024349359609663335,0.17846421380194033,0.23410034953477232,0.05563613573283199,0.08758835713330593,0.12955106332602617,0.041962706192720245,61.0,119.0,58.0,2076.0,2644.0,568.0
test,149057756-149057788-002,moderate_dysplastic,20260805,nc_aware_lambda_0p10,gaussian_noise,30.0,0.8169766373218359,0.8094409808504408,-0.007535656471395091,0.9049217918270412,0.8800887599214816,-0.024833031905559633,0.7290314828166307,0.7387932017794,0.009761718962769339,0.17846421380194033,0.28358074496725194,0.10511653116531161,0.08758835713330593,0.27317869187757426,0.18559033474426834,61.0,433.0,372.0,2076.0,2966.0,890.0
test,149057812-149057825-005,moderate_dysplastic,20260805,nc_aware_lambda_0p10,gaussian_noise,20.0,0.8439519129752806,0.8357492605396583,-0.008202652435622348,0.9496500338676902,0.923438233912635,-0.02621179995505518,0.7382537920828709,0.7480602871666815,0.009806495083810596,0.152277193799782,0.1980987543280846,0.04582156052830261,0.04835486928674981,0.11470654646466094,0.06635167717791113,9.0,180.0,171.0,1924.0,2325.0,401.0
test,149095913-149095926-001,light_dysplastic,20260805,nc_aware_lambda_0p10,gaussian_noise,20.0,0.6769184018323622,0.6726419402658304,-0.004276461566531831,0.7725170667253909,0.7488215488215488,-0.023695517903842056,0.5813197369393335,0.5964623317101118,0.015142594770778284,0.1462314129998063,0.17409498159321424,0.02786356859340794,0.6565645972237428,0.5588707361696567,-0.09769386105408617,2062.0,2234.0,172.0,248.0,614.0,366.0
test,149095913-149095926-001,light_dysplastic,20260805,nc_aware_lambda_0p10,gaussian_noise,30.0,0.6769184018323622,0.6682132728982807,-0.008705128934081485,0.7725170667253909,0.731535222487766,-0.040981844237624854,0.5813197369393335,0.6048913233087954,0.023571586369461883,0.1462314129998063,0.1937482652590766,0.0475168522592703,0.6565645972237428,0.6541335745366589,-0.00243102268708395,2062.0,2357.0,295.0,248.0,1349.0,1101.0
test,149097594-149097637-001,moderate_dysplastic,20260805,nc_aware_lambda_0p10,gaussian_blur,1.0,0.8026418757156792,0.7999567308027833,-0.0026851449128959537,0.875697325132313,0.877252731658862,0.0015554065265489525,0.7295864262990456,0.7226607299467045,-0.006925696352341082,0.122780851334643,0.15156737438256063,0.028786523047917623,0.2573306945167506,0.21220747965388786,-0.04512321486286275,489.0,545.0,56.0,936.0,1201.0,265.0
test,149097594-149097637-001,moderate_dysplastic,20260805,nc_aware_lambda_0p10,gaussian_blur,2.0,0.8026418757156792,0.8004852512100358,-0.0021566245056434674,0.875697325132313,0.879625691195236,0.003928366062923017,0.7295864262990456,0.7213448112248356,-0.008241615074209951,0.122780851334643,0.15824492381735955,0.03546407248271655,0.2573306945167506,0.18178644623629703,-0.07554424828045359,489.0,551.0,62.0,936.0,1271.0,335.0
test,149181904-149181951-001,carcinoma_in_situ,20260805,nc_aware_lambda_0p10,gaussian_blur,1.0,0.8964331105864862,0.8895294448448575,-0.006903665741628706,0.9476340694006309,0.9400296673023946,-0.007604402098236318,0.8452321517723415,0.8390292223873205,-0.006202929385020983,0.2508463815065891,0.2836119679939486,0.0327655864873595,0.011438634815226223,0.022427709150318997,0.010989074335092774,247.0,283.0,36.0,214.0,246.0,32.0
test,149182657-149182681-002,carcinoma_in_situ,20260805,nc_aware_lambda_0p10,gaussian_blur,2.0,0.4962590657355622,0.4949269114496867,-0.0013321542858755198,0.6034977812581571,0.5957334737951014,-0.007764307463055675,0.3890203502129673,0.39412034910427196,0.005099998891304636,1.426068639271179,1.4561892991681942,0.03012065989701518,0.04621743119547084,0.06973395976462604,0.023516528569155204,1501.0,1535.0,34.0,1336.0,1464.0,128.0
test,149182657-149182681-002,carcinoma_in_situ,20260805,nc_aware_lambda_0p10,gaussian_blur,3.0,0.4962590657355622,0.49769225529999495,0.0014331895644327242,0.6034977812581571,0.5931398416886543,-0.010357939569502816,0.3890203502129673,0.4022446689113356,0.013224318698368265,1.426068639271179,1.4715607720516388,0.045492132780459826,0.04621743119547084,0.09073814814982706,0.04452071695435622,1501.0,1542.0,41.0,1336.0,1565.0,229.0
test,149182657-149182681-002,carcinoma_in_situ,20260805,nc_aware_lambda_0p10,gaussian_noise,20.0,0.4962590657355622,0.48752572590817733,-0.00873333982738489,0.6034977812581571,0.5647375504710632,-0.0387602307870939,0.3890203502129673,0.4103139013452915,0.021293551132324173,1.426068639271179,1.4970556674528166,0.0709870281816376,0.04621743119547084,0.48943305216749106,0.4432156209720202,1501.0,1617.0,116.0,1336.0,1570.0,234.0
test,149185604-149185657-001,carcinoma_in_situ,20260805,nc_aware_lambda_0p10,gaussian_blur,2.0,0.7317659615073707,0.7314441660662145,-0.00032179544115618075,0.8465266558966075,0.8501036150126641,0.0035769591160565994,0.617005267118134,0.6127847171197649,-0.004220549998369072,1.4619575641296518,1.496306745695407,0.03434918156575506,0.04111266496163479,0.11474402323539612,0.07363135827376133,659.0,649.0,-10.0,704.0,768.0,64.0
test,149190861-149190868-001,moderate_dysplastic,20260805,nc_aware_lambda_0p10,gaussian_blur,2.0,0.8647892527374867,0.867222718428856,0.002433465691369263,0.9142638915409586,0.9347074718783385,0.02044358033737992,0.8153146139340149,0.7997379649793736,-0.015576648954641392,0.0667283634818589,0.09209990518529254,0.025371541703433642,0.1152858779160798,0.09203792894658247,-0.023247948969497334,19.0,183.0,164.0,7059.0,8379.0,1320.0
test,149314453-149314465-001,carcinoma_in_situ,20260805,nc_aware_lambda_0p10,gaussian_blur,2.0,0.8547085106051013,0.8491312781134603,-0.005577232491640993,0.9644356085707975,0.9582036460649177,-0.006231962505879762,0.7449814126394052,0.740058910162003,-0.004922502477402224,0.1229263565891473,0.14736184046011502,0.024435483870967722,0.029935623824624336,0.023048161713799087,-0.006887462110825249,145.0,174.0,29.0,220.0,272.0,52.0
test,149317002-149317010-002,severe_dysplastic,20260805,nc_aware_lambda_0p10,gaussian_blur,1.0,0.8696836029603356,0.8679780467505553,-0.0017055562097803012,0.9490147012824522,0.9450204209864908,-0.003994280295961494,0.7903525046382189,0.7909356725146199,0.0005831678764010029,0.15841633466135452,0.19866785390510877,0.04025151924375425,0.04810101716592852,0.08606889792371242,0.0379678807577839,7.0,7.0,0.0,185.0,226.0,41.0
test,149317204-149317230-002,severe_dysplastic,20260805,nc_aware_lambda_0p10,gaussian_blur,2.0,0.7767732960571452,0.780500202420044,0.003726906362898852,0.8757132225254279,0.8743196437407225,-0.0013935787847054737,0.6778333695888623,0.6866807610993657,0.0088473915105034,0.26014737332425997,0.29530767715714723,0.03516030383288726,0.24425154258051318,0.26623585461846533,0.021984312037952147,417.0,406.0,-11.0,205.0,338.0,133.0
test,149317204-149317230-002,severe_dysplastic,20260805,nc_aware_lambda_0p10,gaussian_blur,3.0,0.7767732960571452,0.7793781976739527,0.0026049016168074868,0.8757132225254279,0.8705125030948254,-0.005200719430602518,0.6778333695888623,0.68824389225308,0.010410522664217714,0.26014737332425997,0.31278902074170545,0.05264164741744548,0.24425154258051318,0.2590533188215537,0.01480177624104051,417.0,409.0,-8.0,205.0,397.0,192.0
test,153276386-153276405-002,moderate_dysplastic,20260805,nc_aware_lambda_0p10,gaussian_noise,10.0,0.7044959517173164,0.6982348201290576,-0.006261131588258806,0.8526473526473527,0.8375396322130628,-0.015107720434289873,0.5563445507872801,0.5589300080450523,0.002585457257772261,0.47015341588472526,0.5131765745060186,0.043023158621293356,0.38644174671658593,0.38858139481510134,0.002139648098515412,198.0,321.0,123.0,2367.0,2594.0,227.0
test,153656862-153656873-001,light_dysplastic,20260805,nc_aware_lambda_0p10,gaussian_blur,2.0,0.8679093008953418,0.861312318182293,-0.00659698271304876,0.9595404595404595,0.9688834655277608,0.009343005987301312,0.776278142250224,0.7537411708368251,-0.022536971413398832,0.008887508889950518,0.03955203831946574,0.030664529429515225,0.21597215787259927,0.07026148215358152,-0.14571067571901775,244.0,57.0,-187.0,1717.0,2906.0,1189.0
test,153657121-153657160-001,severe_dysplastic,20260805,nc_aware_lambda_0p10,gaussian_blur,2.0,0.8195824048904804,0.8132169491613723,-0.0063654557291080716,0.9224957665754853,0.9118652986056301,-0.010630467969855117,0.7166690432054755,0.7145685997171146,-0.0021004434883609147,0.4035747419963315,0.435907586822027,0.03233284482569554,0.027466361817683915,0.05570950619442827,0.028243144376744356,595.0,670.0,75.0,735.0,792.0,57.0
test,153697342-153697375-001,moderate_dysplastic,20260805,nc_aware_lambda_0p10,gaussian_blur,2.0,0.8700072501572804,0.8652469756713732,-0.004760274485907212,0.9402095746866653,0.9336639801611903,-0.006545594525474985,0.7998049256278956,0.7968299711815562,-0.0029749544463394395,0.357188582356041,0.397468438257768,0.040279855901727,0.02021465965617486,0.0045510158681031365,-0.015663643788071724,291.0,319.0,28.0,367.0,430.0,63.0
test,153697342-153697375-001,moderate_dysplastic,20260805,nc_aware_lambda_0p10,gaussian_noise,10.0,0.8700072501572804,0.8626184596487589,-0.007388790508521481,0.9402095746866653,0.9307628524046434,-0.009446722282021924,0.7998049256278956,0.7944740668928745,-0.005330858735021149,0.357188582356041,0.387557903836656,0.030369321480614997,0.02021465965617486,0.07102255754666587,0.050807897890491005,291.0,334.0,43.0,367.0,392.0,25.0
test,153701622-153701650-001,moderate_dysplastic,20260805,nc_aware_lambda_0p10,gaussian_blur,2.0,0.8544564881198544,0.8529448971518958,-0.0015115909679586093,0.9767262440529767,0.9732953072336012,-0.003430936819375452,0.7321867321867321,0.7325944870701904,0.0004077548834582334,0.17885306556575475,0.22760135511361967,0.04874828954786492,0.10288451323570669,0.10021433871228913,-0.0026701745234175567,41.0,104.0,63.0,511.0,630.0,119.0
test,153701622-153701650-001,moderate_dysplastic,20260805,nc_aware_lambda_0p10,gaussian_blur,3.0,0.8544564881198544,0.8497700183555137,-0.004686469764340728,0.9767262440529767,0.9709446254071661,-0.005781618645810616,0.7321867321867321,0.7285954113038612,-0.003591320882870952,0.17885306556575475,0.2651692990253055,0.08631623345955075,0.10288451323570669,0.1311545617069706,0.02827004847126391,41.0,143.0,102.0,511.0,740.0,229.0
test,153826963-153826970-001,severe_dysplastic,20260805,nc_aware_lambda_0p10,gaussian_blur,2.0,0.7137528861440806,0.7209426081575827,0.007189722013502098,0.8803179743853967,0.8756836659275684,-0.004634308457828307,0.5471877979027645,0.5662015503875969,0.01901375248483239,0.7366829690206684,0.8343657704184735,0.09768280139780505,0.12793990011656908,0.21017741088441066,0.08223751076784158,813.0,841.0,28.0,159.0,237.0,78.0
test,153826963-153826970-001,severe_dysplastic,20260805,nc_aware_lambda_0p10,gaussian_blur,3.0,0.7137528861440806,0.7051351423392687,-0.00861774380481195,0.8803179743853967,0.8545180722891567,-0.025799902096240057,0.5471877979027645,0.5557522123893806,0.008564414486616045,0.7366829690206684,1.0492073780353484,0.3125244090146799,0.12793990011656908,0.23082870261106947,0.10288880249450039,813.0,966.0,153.0,159.0,402.0,243.0
test,153827595-153827657-002,carcinoma_in_situ,20260805,nc_aware_lambda_0p10,gaussian_blur,2.0,0.8773953861451459,0.872425825848425,-0.00496956029672091,0.9682094436652642,0.958981612446959,-0.009227831218305171,0.7865813286250276,0.785870039249891,-0.0007112893751366478,0.3022558401619774,0.3327865597746765,0.030530719612699153,0.030616855566710344,0.09817398019523649,0.06755712462852614,54.0,90.0,36.0,653.0,708.0,55.0
test,153827595-153827657-002,carcinoma_in_situ,20260805,nc_aware_lambda_0p10,gaussian_blur,3.0,0.8773953861451459,0.8675379202224891,-0.009857465922656794,0.9682094436652642,0.949346016646849,-0.018863427018415146,0.7865813286250276,0.7857298237981292,-0.0008515048268984415,0.3022558401619774,0.34995252104150243,0.047696680879525055,0.030616855566710344,0.12167153008510612,0.09105467451839577,54.0,127.0,73.0,653.0,719.0,66.0
test,153828952-153828970-001,severe_dysplastic,20260805,nc_aware_lambda_0p10,gaussian_blur,2.0,0.8208801729389124,0.8303235353366785,0.009443362397766109,0.9673330082886397,0.9683124539425203,0.0009794456538806395,0.6744273375891852,0.6923346167308365,0.017907279141651355,0.11407486877151163,0.3272236546864544,0.2131487859149428,0.07431556777398607,0.03571448878516681,-0.03860107898881926,118.0,56.0,-62.0,11.0,183.0,172.0
test,153828952-153828970-001,severe_dysplastic,20260805,nc_aware_lambda_0p10,gaussian_noise,10.0,0.8208801729389124,0.8267246124927448,0.005844439553832403,0.9673330082886397,0.9679314565483477,0.0005984482597080065,0.6744273375891852,0.6855177684371417,0.011090430847956578,0.11407486877151163,0.20028456899775593,0.0862097002262443,0.07431556777398607,0.06031570536053121,-0.013999862413454855,118.0,84.0,-34.0,11.0,57.0,46.0
test,153828952-153828970-001,severe_dysplastic,20260805,nc_aware_lambda_0p10,gaussian_noise,20.0,0.8208801729389124,0.811471367316128,-0.009408805622784344,0.9673330082886397,0.9383738995339203,-0.02895910875471941,0.6744273375891852,0.6845688350983359,0.010141497509150721,0.11407486877151163,0.20756080686299372,0.09348593809148209,0.07431556777398607,0.09839633410328164,0.024080766329295566,118.0,362.0,244.0,11.0,30.0,19.0
test,153828952-153829005-002,severe_dysplastic,20260805,nc_aware_lambda_0p10,gaussian_blur,1.0,0.8192931984612724,0.8243285458199461,0.005035347358673725,0.902285027059531,0.9013830426939267,-0.0009019843656042914,0.7363013698630136,0.7472740489459656,0.010972679082951964,0.29707744608698117,0.3248462378895016,0.027768791802520454,0.1566473893829189,0.1077623839480032,-0.048885005434915696,630.0,630.0,0.0,14.0,25.0,11.0
test,153828952-153829005-002,severe_dysplastic,20260805,nc_aware_lambda_0p10,gaussian_blur,2.0,0.8192931984612724,0.8240564219405454,0.004763223479273049,0.902285027059531,0.8979345695763606,-0.004350457483170311,0.7363013698630136,0.7501782743047302,0.01387690444171652,0.29707744608698117,0.387476492303406,0.0903990462164248,0.1566473893829189,0.027041993473314818,-0.12960539590960407,630.0,649.0,19.0,14.0,105.0,91.0
test,153828952-153829005-002,severe_dysplastic,20260805,nc_aware_lambda_0p10,gaussian_blur,3.0,0.8192931984612724,0.823093512682487,0.003800314221214629,0.902285027059531,0.893404094010614,-0.008880933048916906,0.7363013698630136,0.7527829313543599,0.016481561491346275,0.29707744608698117,0.4687300463566062,0.17165260026962503,0.1566473893829189,0.04729927720142579,-0.1093481121814931,630.0,687.0,57.0,14.0,210.0,196.0
test,153830680-153830827-002,severe_dysplastic,20260805,nc_aware_lambda_0p10,gaussian_blur,3.0,0.8410718088990581,0.8506164998903103,0.009544690991252214,0.9776793320838303,0.9633234833999652,-0.01435584868386508,0.7044642857142858,0.7379095163806553,0.03344523066636951,0.24088272092822338,0.4893288168448051,0.24844609591658173,0.021299810259321483,0.0043800155229722915,-0.016919794736349192,77.0,193.0,116.0,132.0,192.0,60.0
test,153956444-153956458-004,normal_columnar,20260805,nc_aware_lambda_0p10,gaussian_blur,2.0,0.9277051066255468,0.9191965116038769,-0.008508595021669896,0.9539249146757679,0.9468267581475128,-0.007098156528255073,0.9014852985753259,0.891566265060241,-0.00991903351508494,0.02288293016769838,0.04733777879190898,0.0244548486242106,0.029215163654468745,0.023373590973840064,-0.005841572680628682,100.0,118.0,18.0,46.0,79.0,33.0
test,153958547-153958572-008,normal_columnar,20260805,nc_aware_lambda_0p10,gaussian_noise,10.0,0.5855566675760271,0.5899611575001737,0.0044044899241466595,0.7931186590207322,0.7962633451957295,0.003144686174997302,0.3779946761313221,0.3836589698046181,0.005664293673296017,0.019789599672430658,0.04966349354595434,0.029873893873523683,0.1733658190379463,0.11312475260363547,-0.06024106643431082,15.0,4.0,-11.0,13.0,12.0,-1.0
test,157185433-157185479-006,normal_columnar,20260805,nc_aware_lambda_0p10,gaussian_blur,1.0,0.8378254122710379,0.8389713381128514,0.0011459258418134999,0.9163498098859315,0.9169398907103825,0.0005900808244510003,0.7593010146561443,0.7610027855153203,0.0017017708591759995,0.5355068326127929,0.5616649109848258,0.02615807837203299,0.08846675227757517,0.08421296908818987,-0.004253783189385296,198.0,220.0,22.0,690.0,732.0,42.0
test,157185433-157185479-006,normal_columnar,20260805,nc_aware_lambda_0p10,gaussian_blur,2.0,0.8378254122710379,0.8280889619415934,-0.00973645032944448,0.9163498098859315,0.9100470523110988,-0.006302757574832674,0.7593010146561443,0.746130871572088,-0.013170143084056285,0.5355068326127929,0.6153566973386245,0.07984986472583167,0.08846675227757517,0.11370009150733773,0.025233339229762564,198.0,267.0,69.0,690.0,825.0,135.0
test,157185730-157185758-001,normal_columnar,20260805,nc_aware_lambda_0p10,gaussian_blur,1.0,0.5884523912004798,0.5866371093359347,-0.0018152818645450486,0.6154957558244537,0.6115761353517364,-0.003919620472717322,0.5614090265765057,0.561698083320133,0.00028905674362733613,0.1889103050894262,0.22136137526047783,0.032451070171051644,0.06583097675459937,0.02552884663586441,-0.04030213011873496,1645.0,1723.0,78.0,1225.0,1179.0,-46.0
test,157185730-157185758-001,normal_columnar,20260805,nc_aware_lambda_0p10,gaussian_blur,2.0,0.5884523912004798,0.5820356643785378,-0.006416726821941943,0.6154957558244537,0.6049796927423627,-0.010516063082090965,0.5614090265765057,0.5590916360147129,-0.0023173905617928092,0.1889103050894262,0.25032683496298114,0.06141652987355495,0.06583097675459937,0.0798760821073699,0.014045105352770537,1645.0,1771.0,126.0,1225.0,1119.0,-106.0
