cell_id,class,model,seed,closing_fallback_to_raw,target_dA,target_dP,null_dA,null_dP,area_matching_error_abs,perimeter_matching_error_abs,area_matching_error_norm,perimeter_matching_error_norm,joint_matching_error,sum_matching_error,valid_proposal_count,invalid_proposal_count,accepted_edit_count,fallback_to_raw
148495842-148495854-001,light_dysplastic,baseline,20260803,False,3.0,-1.7573593854904175,3.0,-2.0,0.0,0.24264061450958252,0.0,0.01557523062484219,0.01557523062484219,0.01557523062484219,2048,0,7,False
148497551-148497588-001,light_dysplastic,baseline,20260803,False,5.0,-2.928932309150696,5.0,-3.171573519706726,0.0,0.24264121055603027,0.0,0.017085662125761854,0.017085662125761854,0.017085662125761854,2048,0,15,False
148497788-148497816-002,light_dysplastic,baseline,20260803,False,18.0,-8.786797285079956,18.0,-8.786797881126404,0.0,5.960464477539062e-07,0.0,4.377526558894061e-08,4.377526558894061e-08,4.377526558894061e-08,2048,0,50,False
148503209-148503222-001,light_dysplastic,baseline,20260803,False,31.0,-17.816234588623047,31.0,-17.71573007106781,0.0,0.10050451755523682,0.0,0.004942631232909098,0.004942631232909098,0.004942631232909098,2048,0,71,False
148503209-148503231-001,light_dysplastic,baseline,20260803,False,71.0,-40.56140172481537,71.0,-40.56140220165253,0.0,4.76837158203125e-07,0.0,1.1755933915651567e-08,1.1755933915651567e-08,1.1755933915651567e-08,2048,0,139,False
148503400-148503432-001,light_dysplastic,baseline,20260803,False,54.0,-34.11775076389313,54.0,-34.25988698005676,0.0,0.14213621616363525,0.0,0.004166048844991805,0.004166048844991805,0.004166048844991805,2048,0,122,False
148503568-148503580-002,light_dysplastic,baseline,20260803,False,11.0,-6.443651556968689,11.0,-6.443651437759399,0.0,1.1920928955078125e-07,0.0,7.0754517235689644e-09,7.0754517235689644e-09,7.0754517235689644e-09,2048,0,29,False
148718455-148718461-001,light_dysplastic,baseline,20260803,False,50.0,-29.289323806762695,50.0,-29.289324283599854,0.0,4.76837158203125e-07,0.0,1.628023785557749e-08,1.628023785557749e-08,1.628023785557749e-08,2048,0,92,False
148719308-148719348-004,light_dysplastic,baseline,20260803,False,1.0,-0.5857864618301392,1.0,-0.5857865810394287,0.0,1.1920928955078125e-07,0.0,8.396254394225291e-09,8.396254394225291e-09,8.396254394225291e-09,2048,0,3,False
148719308-148719357-001,light_dysplastic,baseline,20260803,False,9.0,-5.272078037261963,9.0,-5.272078633308411,0.0,5.960464477539062e-07,0.0,4.1047849114284636e-08,4.1047849114284636e-08,4.1047849114284636e-08,2048,0,21,False
148848523-148848559-002,moderate_dysplastic,baseline,20260803,False,1.0,-0.5857867002487183,1.0,-0.5857869386672974,0.0,2.384185791015625e-07,0.0,1.4703306488410918e-08,1.4703306488410918e-08,1.4703306488410918e-08,2048,0,9,False
148881870-148882178-002,light_dysplastic,baseline,20260803,False,3.0,-1.7573593854904175,3.0,-1.7573602199554443,0.0,8.344650268554688e-07,0.0,6.11022871989996e-08,6.11022871989996e-08,6.11022871989996e-08,2048,0,13,False
148882307-148882323-001,light_dysplastic,baseline,20260803,False,51.0,-29.875109791755676,51.0,-28.703538417816162,0.0,1.1715713739395142,0.0,0.03921563408824093,0.03921563408824093,0.03921563408824093,2048,0,101,False
148882535-148882616-001,light_dysplastic,baseline,20260803,False,92.0,-10.86291778087616,92.0,-11.088313460350037,0.0,0.22539567947387695,0.0,0.009869822194264402,0.009869822194264402,0.009869822194264402,2048,0,130,False
148882671-148882687-001,light_dysplastic,baseline,20260803,False,63.0,-33.38982880115509,63.0,-33.188820004463196,0.0,0.20100879669189453,0.0,0.006020060716362248,0.006020060716362248,0.006020060716362248,2048,0,151,False
149011613-149011656-001,light_dysplastic,baseline,20260803,False,44.0,-24.017244935035706,44.0,-23.674100399017334,0.0,0.3431445360183716,0.0,0.014287422930754294,0.014287422930754294,0.014287422930754294,2048,0,110,False
149013033-149013072-001,moderate_dysplastic,baseline,20260803,False,3.0,-2.5857865810394287,3.0,-2.585787057876587,0.0,4.76837158203125e-07,0.0,3.4045337743804205e-08,3.4045337743804205e-08,3.4045337743804205e-08,2048,0,15,False
149014929-149014984-001,moderate_dysplastic,baseline,20260803,False,2.0,-1.1715726852416992,2.0,-1.171573281288147,0.0,5.960464477539062e-07,0.0,3.738396564436555e-08,3.738396564436555e-08,3.738396564436555e-08,2048,0,8,False
149014929-149015008-003,moderate_dysplastic,baseline,20260803,False,7.0,-4.928932428359985,7.0,-5.171573042869568,0.0,0.24264061450958252,0.0,0.014794198310548524,0.014794198310548524,0.014794198310548524,2048,0,21,False
149014929-149015022-001,light_dysplastic,baseline,20260803,False,55.0,-12.017246127128601,55.0,-11.958370447158813,0.0,0.0588756799697876,0.0,0.0025839535952840633,0.0025839535952840633,0.0025839535952840633,2048,0,77,False
149014929-149015022-002,light_dysplastic,baseline,20260803,False,49.0,-24.017244815826416,49.0,-23.916741013526917,0.0,0.10050380229949951,0.0,0.004184651614712753,0.004184651614712753,0.004184651614712753,2048,0,99,False
149053341-149053350-001,moderate_dysplastic,baseline,20260803,False,17.0,-9.958370566368103,17.0,-9.958370685577393,0.0,1.1920928955078125e-07,0.0,7.182864927372011e-09,7.182864927372011e-09,7.182864927372011e-09,2048,0,57,False
149053945-149053969-001,moderate_dysplastic,baseline,20260803,False,8.0,-6.343146443367004,8.0,-6.5857871770858765,0.0,0.24264073371887207,0.0,0.016108376867973083,0.016108376867973083,0.016108376867973083,2048,0,18,False
149053945-149053976-001,moderate_dysplastic,baseline,20260803,False,1.0,-0.5857864618301392,1.0,-0.5857864618301392,0.0,0.0,0.0,0.0,0.0,0.0,2048,0,1,False
149054642-149054677-003,light_dysplastic,baseline,20260803,False,3.0,-1.7573597431182861,3.0,-1.7573596239089966,0.0,1.1920928955078125e-07,0.0,8.787643137877677e-09,8.787643137877677e-09,8.787643137877677e-09,2048,0,11,False
149056321-149056343-001,severe_dysplastic,baseline,20260803,False,18.0,-10.544156908988953,18.0,-10.5441575050354,0.0,5.960464477539062e-07,0.0,3.3359773512893775e-08,3.3359773512893775e-08,3.3359773512893775e-08,2048,0,32,False
149056321-149056360-001,severe_dysplastic,baseline,20260803,False,7.0,6.7279216051101685,7.0,6.485281229019165,0.0,0.24264037609100342,0.0,0.016079026334445516,0.016079026334445516,0.016079026334445516,2048,0,9,False
149056410-149056458-001,severe_dysplastic,baseline,20260803,False,1.0,-0.585785984992981,1.0,-0.828427791595459,0.0,0.24264180660247803,0.0,0.02015354971344614,0.02015354971344614,0.02015354971344614,2048,0,9,False
149056873-149056884-001,severe_dysplastic,baseline,20260803,False,4.0,-2.343145728111267,4.0,-2.5857865810394287,0.0,0.24264085292816162,0.0,0.01862166149803814,0.01862166149803814,0.01862166149803814,2048,0,10,False
149056873-149056884-002,severe_dysplastic,baseline,20260803,False,2.0,-1.1715728044509888,2.0,-1.1715741157531738,0.0,1.3113021850585938e-06,0.0,1.0597944453619229e-07,1.0597944453619229e-07,1.0597944453619229e-07,2048,0,22,False
149056933-149056982-002,severe_dysplastic,baseline,20260803,False,1.0,-0.5857865810394287,1.0,-0.5857869386672974,0.0,3.5762786865234375e-07,0.0,3.11295440275481e-08,3.11295440275481e-08,3.11295440275481e-08,2048,0,7,False
149057756-149057766-002,moderate_dysplastic,baseline,20260803,False,4.0,-2.3431462049484253,4.0,-2.343147397041321,0.0,1.1920928955078125e-06,0.0,7.033281404671388e-08,7.033281404671388e-08,7.033281404671388e-08,2048,0,22,False
149057756-149057788-002,moderate_dysplastic,baseline,20260803,False,30.0,-19.816234827041626,30.0,-19.71573030948639,0.0,0.10050451755523682,0.0,0.005019985443094715,0.005019985443094715,0.005019985443094715,2048,0,78,False
149057812-149057825-003,moderate_dysplastic,baseline,20260803,False,21.0,-12.30151629447937,21.0,-12.301517128944397,0.0,8.344650268554688e-07,0.0,4.823919666353332e-08,4.823919666353332e-08,4.823919666353332e-08,2048,0,49,False
149057812-149057825-005,moderate_dysplastic,baseline,20260803,False,2.0,-1.1715729236602783,2.0,-1.1715731620788574,0.0,2.384185791015625e-07,0.0,1.7839677615038828e-08,1.7839677615038828e-08,1.7839677615038828e-08,2048,0,4,False
149057812-149057847-004,moderate_dysplastic,baseline,20260803,False,0.0,0.0,0.0,0.0,0.0,0.0,0.0,0.0,0.0,0.0,2048,0,0,False
149057812-149057847-005,moderate_dysplastic,baseline,20260803,False,5.0,-2.9289324283599854,5.0,-2.9289335012435913,0.0,1.0728836059570312e-06,0.0,6.512742555256888e-08,6.512742555256888e-08,6.512742555256888e-08,2048,0,27,False
149058262-149058272-003,moderate_dysplastic,baseline,20260803,False,12.0,-5.857864856719971,12.0,-6.000000238418579,0.0,0.1421353816986084,0.0,0.008106533563588697,0.008106533563588697,0.008106533563588697,2048,0,18,False
149061666-149061699-003,moderate_dysplastic,baseline,20260803,False,7.0,-4.100505471229553,7.0,-4.100505471229553,0.0,0.0,0.0,0.0,0.0,0.0,2048,0,25,False
149095913-149095926-001,light_dysplastic,baseline,20260803,False,108.0,-53.8751106262207,108.0,-53.188820242881775,0.0,0.6862903833389282,0.0,0.012738542443102005,0.012738542443102005,0.012738542443102005,2048,0,208,False
149097324-149097373-001,moderate_dysplastic,baseline,20260803,False,12.0,-7.029438376426697,12.0,-7.029438853263855,0.0,4.76837158203125e-07,0.0,2.993821588504319e-08,2.993821588504319e-08,2.993821588504319e-08,2048,0,34,False
149097594-149097637-001,moderate_dysplastic,baseline,20260803,False,25.0,-11.129943609237671,25.0,-11.12994396686554,0.0,3.5762786865234375e-07,0.0,2.0228827093114404e-08,2.0228827093114404e-08,2.0228827093114404e-08,2048,0,73,False
149097594-149097637-002,moderate_dysplastic,baseline,20260803,False,3.0,-0.5857864618301392,3.0,-2.86102294921875e-06,0.0,0.5857836008071899,0.0,0.03767393146775912,0.03767393146775912,0.03767393146775912,2048,0,25,False
149098972-149098988-002,severe_dysplastic,baseline,20260803,False,5.0,-2.5857865810394287,5.0,-2.3431462049484253,0.0,0.24264037609100342,0.0,0.01609618611007392,0.01609618611007392,0.01609618611007392,2048,0,17,False
149099096-149099104-001,severe_dysplastic,baseline,20260803,False,0.0,0.0,0.0,0.0,0.0,0.0,0.0,0.0,0.0,0.0,2048,0,0,False
149099276-149099290-001,light_dysplastic,baseline,20260803,False,52.0,-28.25988495349884,52.0,-28.259886384010315,0.0,1.430511474609375e-06,0.0,5.061986193373601e-08,5.061986193373601e-08,5.061986193373601e-08,2048,0,82,False
149099276-149099290-002,light_dysplastic,baseline,20260803,False,35.0,-20.50252652168274,35.0,-20.502527594566345,0.0,1.0728836059570312e-06,0.0,5.23293363294708e-08,5.23293363294708e-08,5.23293363294708e-08,2048,0,71,False
149099502-149099525-002,light_dysplastic,baseline,20260803,False,28.0,-16.402021169662476,28.0,-16.402021765708923,0.0,5.960464477539062e-07,0.0,3.633981700111242e-08,3.633981700111242e-08,3.633981700111242e-08,2048,0,44,False
149100006-149100028-002,severe_dysplastic,baseline,20260803,False,19.0,-6.686291694641113,19.0,-6.585786461830139,0.0,0.10050523281097412,0.0,0.007960652113823422,0.007960652113823422,0.007960652113823422,2048,0,25,False
149100064-149100072-001,moderate_dysplastic,baseline,20260803,False,77.0,-44.51977205276489,77.0,-44.7624135017395,0.0,0.24264144897460938,0.0,0.005450195223080442,0.005450195223080442,0.005450195223080442,2048,0,165,False
149101620-149101650-001,moderate_dysplastic,baseline,20260803,False,12.0,-7.029437780380249,12.0,-7.0294376611709595,0.0,1.1920928955078125e-07,0.0,7.149384515670499e-09,7.149384515670499e-09,7.149384515670499e-09,2048,0,32,False
149102442-149102451-001,light_dysplastic,baseline,20260803,False,2.0,-0.5857862234115601,2.0,-0.5857864618301392,0.0,2.384185791015625e-07,0.0,1.5974563140373088e-08,1.5974563140373088e-08,1.5974563140373088e-08,2048,0,8,False
149102510-149102519-001,moderate_dysplastic,baseline,20260803,False,11.0,-6.443651080131531,11.0,-6.443651556968689,0.0,4.76837158203125e-07,0.0,3.0189229186707836e-08,3.0189229186707836e-08,3.0189229186707836e-08,2048,0,27,False
149105003-149105050-001,light_dysplastic,baseline,20260803,False,2.0,-1.171572208404541,2.0,-1.4142141342163086,0.0,0.24264192581176758,0.0,0.0167179590019026,0.0167179590019026,0.0167179590019026,2048,0,16,False
149105289-149105300-001,moderate_dysplastic,baseline,20260803,False,3.0,-4.0,3.0,-4.000000715255737,0.0,7.152557373046875e-07,0.0,5.134914211077762e-08,5.134914211077762e-08,5.134914211077762e-08,2048,0,13,False
149105289-149105300-002,moderate_dysplastic,baseline,20260803,False,8.0,-4.9289329051971436,8.0,-5.171573996543884,0.0,0.24264109134674072,0.0,0.012995861233790132,0.012995861233790132,0.012995861233790132,2048,0,26,False
149105289-149105311-001,moderate_dysplastic,baseline,20260803,False,16.0,-1.757359266281128,16.0,-1.7573601007461548,0.0,8.344650268554688e-07,0.0,5.643280145366953e-08,5.643280145366953e-08,5.643280145366953e-08,2048,0,36,False
149105289-149105311-003,moderate_dysplastic,baseline,20260803,False,27.0,-38.58578658103943,27.0,-37.89949572086334,0.0,0.6862908601760864,0.0,0.017786105221276508,0.017786105221276508,0.017786105221276508,2048,0,59,False
149105289-149105311-004,moderate_dysplastic,baseline,20260803,False,11.0,-1.757359266281128,11.0,-1.6568537950515747,0.0,0.10050547122955322,0.0,0.005961281569891733,0.005961281569891733,0.005961281569891733,2048,0,17,False
149140081-149140096-002,moderate_dysplastic,baseline,20260803,False,31.0,-16.402021765708923,31.0,-16.544156789779663,0.0,0.14213502407073975,0.0,0.007762913617810181,0.007762913617810181,0.007762913617810181,2048,0,57,False
149140849-149140856-001,moderate_dysplastic,baseline,20260803,False,39.0,-22.845672607421875,39.0,-22.987807869911194,0.0,0.14213526248931885,0.0,0.006221539848344993,0.006221539848344993,0.006221539848344993,2048,0,75,False
149143028-149143108-002,severe_dysplastic,baseline,20260803,False,5.0,-2.9289321899414062,5.0,-2.9289331436157227,0.0,9.5367431640625e-07,0.0,6.591374001158819e-08,6.591374001158819e-08,6.591374001158819e-08,2048,0,17,False
149143469-149143497-003,severe_dysplastic,baseline,20260803,False,5.0,-2.9289326667785645,5.0,-2.928932547569275,0.0,1.1920928955078125e-07,0.0,8.965102015162527e-09,8.965102015162527e-09,8.965102015162527e-09,2048,0,11,False
149146837-149146854-001,carcinoma_in_situ,baseline,20260803,False,4.0,-3.1715729236602783,4.0,-3.1715747117996216,0.0,1.7881393432617188e-06,0.0,1.126498996974688e-07,1.126498996974688e-07,1.126498996974688e-07,2048,0,32,False
149181904-149181927-001,carcinoma_in_situ,baseline,20260803,False,3.0,-1.7573591470718384,3.0,-1.7573602199554443,0.0,1.0728836059570312e-06,0.0,7.959715905859225e-08,7.959715905859225e-08,7.959715905859225e-08,2048,0,15,False
149181904-149181951-001,carcinoma_in_situ,baseline,20260803,False,1.0,-0.5857864618301392,1.0,-0.5857869386672974,0.0,4.76837158203125e-07,0.0,3.4961105120915146e-08,3.4961105120915146e-08,3.4961105120915146e-08,2048,0,7,False
149182125-149182135-002,carcinoma_in_situ,baseline,20260803,False,1.0,-0.5857864618301392,1.0,-0.5857867002487183,0.0,2.384185791015625e-07,0.0,1.5580367393647427e-08,1.5580367393647427e-08,1.5580367393647427e-08,2048,0,5,False
149182657-149182667-001,carcinoma_in_situ,baseline,20260803,False,9.0,-5.272078156471252,9.0,-5.5147188901901245,0.0,0.24264073371887207,0.0,0.017227744274922647,0.017227744274922647,0.017227744274922647,2048,0,21,False
149182657-149182681-002,carcinoma_in_situ,baseline,20260803,False,3.0,-1.7573596239089966,3.0,-1.7573596239089966,0.0,0.0,0.0,0.0,0.0,0.0,2048,0,11,False
149182657-149182698-003,carcinoma_in_situ,baseline,20260803,False,2.0,-1.1715724468231201,2.0,-1.1715739965438843,0.0,1.5497207641601562e-06,0.0,1.0627201561606235e-07,1.0627201561606235e-07,1.0627201561606235e-07,2048,0,12,False
149185604-149185616-001,carcinoma_in_situ,baseline,20260803,False,2.0,-1.1715729236602783,2.0,-1.414214015007019,0.0,0.24264109134674072,0.0,0.01591269887043081,0.01591269887043081,0.01591269887043081,2048,0,10,False
149185604-149185645-003,carcinoma_in_situ,baseline,20260803,False,3.0,-1.7573596239089966,3.0,-1.1715736389160156,0.0,0.585785984992981,0.0,0.03738021808214932,0.03738021808214932,0.03738021808214932,2048,0,17,False
149185604-149185657-001,carcinoma_in_situ,baseline,20260803,False,5.0,-2.928932547569275,5.0,-2.928932785987854,0.0,2.384185791015625e-07,0.0,1.7284560095027674e-08,1.7284560095027674e-08,1.7284560095027674e-08,2048,0,19,False
149185698-149185709-002,carcinoma_in_situ,baseline,20260803,False,13.0,-2.3431458473205566,13.0,-2.2426408529281616,0.0,0.10050499439239502,0.0,0.006643088226083983,0.006643088226083983,0.006643088226083983,2048,0,21,False
149185788-149185824-001,carcinoma_in_situ,baseline,20260803,False,4.0,-2.343145966529846,4.0,-2.343145966529846,0.0,0.0,0.0,0.0,0.0,0.0,2048,0,10,False
149190861-149190868-001,moderate_dysplastic,baseline,20260803,False,66.0,-28.11775040626526,66.0,-28.117751121520996,0.0,7.152557373046875e-07,0.0,2.543787205484663e-08,2.543787205484663e-08,2.543787205484663e-08,2048,0,150,False
149314453-149314465-001,carcinoma_in_situ,baseline,20260803,False,3.0,-1.7573597431182861,3.0,-1.7573598623275757,0.0,1.1920928955078125e-07,0.0,8.795847667214995e-09,8.795847667214995e-09,8.795847667214995e-09,2048,0,27,False
149314453-149314507-001,carcinoma_in_situ,baseline,20260803,False,0.0,0.0,0.0,0.0,0.0,0.0,0.0,0.0,0.0,0.0,2048,0,0,False
149314453-149314507-002,carcinoma_in_situ,baseline,20260803,False,1.0,-0.5857865810394287,1.0,-0.5857864618301392,0.0,1.1920928955078125e-07,0.0,1.0012988342455275e-08,1.0012988342455275e-08,1.0012988342455275e-08,2048,0,3,False
149314679-149314698-001,carcinoma_in_situ,baseline,20260803,False,6.0,-3.5147186517715454,6.0,-3.514719843864441,0.0,1.1920928955078125e-06,0.0,7.959523770716882e-08,7.959523770716882e-08,7.959523770716882e-08,2048,0,24,False
149315229-149315310-001,severe_dysplastic,baseline,20260803,False,18.0,67.74011409282684,18.0,67.3380936384201,0.0,0.4020204544067383,0.0,0.0059347472290323345,0.0059347472290323345,0.0059347472290323345,2048,0,62,False
149315671-149315731-001,carcinoma_in_situ,baseline,20260803,False,5.0,-2.9289318323135376,5.0,-2.928931951522827,0.0,1.1920928955078125e-07,0.0,7.989084106419173e-09,7.989084106419173e-09,7.989084106419173e-09,2048,0,15,False
149315671-149315740-001,carcinoma_in_situ,baseline,20260803,False,1.0,-0.5857867002487183,1.0,-0.5857868194580078,0.0,1.1920928955078125e-07,0.0,8.112594375484841e-09,8.112594375484841e-09,8.112594375484841e-09,2048,0,7,False
149316426-149316462-004,carcinoma_in_situ,baseline,20260803,False,3.0,-1.7573596239089966,3.0,-1.7573593854904175,0.0,2.384185791015625e-07,0.0,1.8671301982460213e-08,1.8671301982460213e-08,1.8671301982460213e-08,2048,0,7,False
149316754-149316779-002,moderate_dysplastic,baseline,20260803,False,20.0,-18.10050594806671,20.0,-18.10050666332245,0.0,7.152557373046875e-07,0.0,3.9515786981693894e-08,3.9515786981693894e-08,3.9515786981693894e-08,2048,0,52,False
149317002-149317010-002,severe_dysplastic,baseline,20260803,False,3.0,-1.757359504699707,3.0,-2.0000009536743164,0.0,0.24264144897460938,0.0,0.019410258409637414,0.019410258409637414,0.019410258409637414,2048,0,19,False
149317204-149317230-002,severe_dysplastic,baseline,20260803,False,1.0,-0.5857864618301392,1.0,-0.5857865810394287,0.0,1.1920928955078125e-07,0.0,8.905247524137705e-09,8.905247524137705e-09,8.905247524137705e-09,2048,0,7,False
149788987-149788996-003,light_dysplastic,baseline,20260803,False,29.0,-17.816235303878784,29.0,-17.573596477508545,0.0,0.24263882637023926,0.0,0.013056052200489457,0.013056052200489457,0.013056052200489457,2048,0,87,False
153268807-153268826-001,light_dysplastic,baseline,20260803,False,43.0,-25.188817858695984,43.0,-25.18881893157959,0.0,1.0728836059570312e-06,0.0,4.259364659253501e-08,4.259364659253501e-08,4.259364659253501e-08,2048,0,67,False
153276386-153276405-001,moderate_dysplastic,baseline,20260803,False,1.0,-0.585785984992981,1.0,-0.5857868194580078,0.0,8.344650268554688e-07,0.0,5.3398377700365676e-08,5.3398377700365676e-08,5.3398377700365676e-08,2048,0,7,False
153276386-153276405-002,moderate_dysplastic,baseline,20260803,False,21.0,-5.272078275680542,21.0,-5.272078037261963,0.0,2.384185791015625e-07,0.0,1.451061950298068e-08,1.451061950298068e-08,1.451061950298068e-08,2048,0,37,False
153276386-153276414-001,moderate_dysplastic,baseline,20260803,False,3.0,-2.5857865810394287,3.0,-2.8284279108047485,0.0,0.24264132976531982,0.0,0.013970213358716496,0.013970213358716496,0.013970213358716496,2048,0,11,False
153314466-153314473-003,light_dysplastic,baseline,20260803,False,57.0,-16.98780858516693,57.0,-16.987807512283325,0.0,1.0728836059570312e-06,0.0,6.315609223980955e-08,6.315609223980955e-08,6.315609223980955e-08,2048,0,103,False
153654869-153654880-001,severe_dysplastic,baseline,20260803,False,7.0,-6.000000238418579,7.0,-6.242641925811768,0.0,0.24264168739318848,0.0,0.013803901378688161,0.013803901378688161,0.013803901378688161,2048,0,31,False
153655016-153655039-005,severe_dysplastic,baseline,20260803,False,1.0,-0.5857864618301392,1.0,-0.5857865810394287,0.0,1.1920928955078125e-07,0.0,9.427791628003692e-09,9.427791628003692e-09,9.427791628003692e-09,2048,0,5,False
153655087-153655101-002,severe_dysplastic,baseline,20260803,False,14.0,-2.9289320707321167,14.0,-2.585787057876587,0.0,0.3431450128555298,0.0,0.025491972351212155,0.025491972351212155,0.025491972351212155,2048,0,30,False
153656862-153656873-001,light_dysplastic,baseline,20260803,False,17.0,-11.372583746910095,17.0,-11.372584223747253,0.0,4.76837158203125e-07,0.0,2.963764196705039e-08,2.963764196705039e-08,2.963764196705039e-08,2048,0,43,False
153657121-153657160-001,severe_dysplastic,baseline,20260803,False,3.0,-1.757359266281128,3.0,-1.7573596239089966,0.0,3.5762786865234375e-07,0.0,2.2841617136290447e-08,2.2841617136290447e-08,2.2841617136290447e-08,2048,0,13,False
153659229-153659264-001,severe_dysplastic,baseline,20260803,False,1.0,-0.5857864618301392,1.0,-0.5857868194580078,0.0,3.5762786865234375e-07,0.0,2.30981193566162e-08,2.30981193566162e-08,2.30981193566162e-08,2048,0,7,False
153697342-153697375-001,moderate_dysplastic,baseline,20260803,False,3.0,-1.7573591470718384,3.0,-1.7573596239089966,0.0,4.76837158203125e-07,0.0,3.400690437822823e-08,3.400690437822823e-08,3.400690437822823e-08,2048,0,11,False
153697342-153697384-001,moderate_dysplastic,baseline,20260803,False,1.0,-0.5857865810394287,1.0,-0.5857870578765869,0.0,4.76837158203125e-07,0.0,3.4336585296435904e-08,3.4336585296435904e-08,3.4336585296435904e-08,2048,0,9,False
153697726-153697736-001,light_dysplastic,baseline,20260803,False,44.0,-25.774604320526123,44.0,-25.77460503578186,0.0,7.152557373046875e-07,0.0,2.7750406113318265e-08,2.7750406113318265e-08,2.7750406113318265e-08,2048,0,82,False
153701009-153701019-002,light_dysplastic,baseline,20260803,False,13.0,-7.6152249574661255,13.0,-7.41421365737915,0.0,0.2010113000869751,0.0,0.011292848671007,0.011292848671007,0.011292848671007,2048,0,15,False
153701622-153701650-001,moderate_dysplastic,baseline,20260803,False,1.0,-0.5857865810394287,1.0,-0.5857863426208496,0.0,2.384185791015625e-07,0.0,1.5005543428705945e-08,1.5005543428705945e-08,1.5005543428705945e-08,2048,0,3,False
153701949-153701958-001,light_dysplastic,baseline,20260803,False,17.0,-9.372583270072937,17.0,-9.372584342956543,0.0,1.0728836059570312e-06,0.0,5.775904985303841e-08,5.775904985303841e-08,5.775904985303841e-08,2048,0,47,False
153702037-153702051-003,light_dysplastic,baseline,20260803,False,14.0,-8.201010942459106,14.0,-8.201011061668396,0.0,1.1920928955078125e-07,0.0,6.692513969342133e-09,6.692513969342133e-09,6.692513969342133e-09,2048,0,62,False
153826963-153826970-001,severe_dysplastic,baseline,20260803,False,24.0,-9.02943754196167,24.0,-8.928932428359985,0.0,0.10050511360168457,0.0,0.006281992792800757,0.006281992792800757,0.006281992792800757,2048,0,48,False
153826963-153826982-003,severe_dysplastic,baseline,20260803,False,8.0,-3.5147188901901245,8.0,-3.757360339164734,0.0,0.24264144897460938,0.0,0.012945327128318947,0.012945327128318947,0.012945327128318947,2048,0,26,False
153827595-153827657-002,carcinoma_in_situ,baseline,20260803,False,1.0,-0.5857867002487183,1.0,-0.5857865810394287,0.0,1.1920928955078125e-07,0.0,8.565768297865021e-09,8.565768297865021e-09,8.565768297865021e-09,2048,0,3,False
153828877-153828902-002,severe_dysplastic,baseline,20260803,False,3.0,-1.7573596239089966,3.0,-2.000001549720764,0.0,0.24264192581176758,0.0,0.015404434862728383,0.015404434862728383,0.015404434862728383,2048,0,27,False
153828952-153828970-001,severe_dysplastic,baseline,20260803,False,6.0,-3.5147188901901245,6.0,-3.5147180557250977,0.0,8.344650268554688e-07,0.0,5.336090112688483e-08,5.336090112688483e-08,5.336090112688483e-08,2048,0,18,False
153828952-153829005-001,severe_dysplastic,baseline,20260803,False,14.0,-5.514719128608704,14.0,-5.51472008228302,0.0,9.5367431640625e-07,0.0,5.970535619336159e-08,5.970535619336159e-08,5.970535619336159e-08,2048,0,28,False
153828952-153829005-002,severe_dysplastic,baseline,20260803,False,1.0,-0.5857865810394287,1.0,-0.5857863426208496,0.0,2.384185791015625e-07,0.0,1.6273194933768994e-08,1.6273194933768994e-08,1.6273194933768994e-08,2048,0,5,False
153829664-153829672-001,light_dysplastic,baseline,20260803,False,66.0,-31.046682953834534,66.0,-30.703537464141846,0.0,0.343145489692688,0.0,0.011052565267694936,0.011052565267694936,0.011052565267694936,2048,0,154,False
153829745-153829768-001,severe_dysplastic,baseline,20260803,False,14.0,-14.686291933059692,14.0,-13.85786497592926,0.0,0.8284269571304321,0.0,0.056408177156385894,0.056408177156385894,0.056408177156385894,2048,0,30,False
153829745-153829768-003,severe_dysplastic,baseline,20260803,False,5.0,-2.928932547569275,5.0,-2.8284270763397217,0.0,0.10050547122955322,0.0,0.005892382332096921,0.005892382332096921,0.005892382332096921,2048,0,13,False
153830680-153830827-002,severe_dysplastic,baseline,20260803,False,5.0,-2.9289321899414062,5.0,-2.928933620452881,0.0,1.430511474609375e-06,0.0,9.898540901941582e-08,9.898540901941582e-08,9.898540901941582e-08,2048,0,25,False
153831352-153831372-004,severe_dysplastic,baseline,20260803,False,27.0,-0.20101046562194824,27.0,-0.44365131855010986,0.0,0.24264085292816162,0.0,0.012960585105536278,0.012960585105536278,0.012960585105536278,2048,0,39,False
153915432-153915441-002,severe_dysplastic,baseline,20260803,False,5.0,-2.928932547569275,5.0,-2.928933262825012,0.0,7.152557373046875e-07,0.0,3.998356519596039e-08,3.998356519596039e-08,3.998356519596039e-08,2048,0,21,False
153915432-153915472-001,severe_dysplastic,baseline,20260803,False,17.0,-10.786796808242798,17.0,-10.786797642707825,0.0,8.344650268554688e-07,0.0,4.687603054696346e-08,4.687603054696346e-08,4.687603054696346e-08,2048,0,57,False
153915726-153915736-001,severe_dysplastic,baseline,20260803,False,5.0,-2.928932547569275,5.0,-2.9289329051971436,0.0,3.5762786865234375e-07,0.0,2.3954203488337505e-08,2.3954203488337505e-08,2.3954203488337505e-08,2048,0,17,False
153916114-153916129-002,severe_dysplastic,baseline,20260803,False,48.0,-26.845672249794006,48.0,-26.84567379951477,0.0,1.5497207641601562e-06,0.0,5.77270239217812e-08,5.77270239217812e-08,5.77270239217812e-08,2048,0,130,False
153916114-153916150-001,carcinoma_in_situ,baseline,20260803,False,5.0,-2.9289320707321167,5.0,-3.1715731620788574,0.0,0.24264109134674072,0.0,0.016793789648856264,0.016793789648856264,0.016793789648856264,2048,0,19,False
153916114-153916167-001,carcinoma_in_situ,baseline,20260803,False,3.0,-1.757359504699707,3.0,-2.000000238418579,0.0,0.24264073371887207,0.0,0.01598155889710683,0.01598155889710683,0.01598155889710683,2048,0,11,False
153916569-153916586-001,carcinoma_in_situ,baseline,20260803,False,4.0,-2.343145728111267,4.0,-2.3431464433670044,0.0,7.152557373046875e-07,0.0,5.088491498344626e-08,5.088491498344626e-08,5.088491498344626e-08,2048,0,16,False
153956040-153956058-001,normal_columnar,baseline,20260803,False,8.0,-4.686291813850403,8.0,-4.928932785987854,0.0,0.24264097213745117,0.0,0.018061923196593534,0.018061923196593534,0.018061923196593534,2048,0,22,False
153956040-153956058-003,normal_columnar,baseline,20260803,False,4.0,-1.1715728044509888,4.0,-0.5857871770858765,0.0,0.5857856273651123,0.0,0.04297710856834629,0.04297710856834629,0.04297710856834629,2048,0,16,False
153956040-153956072-003,normal_columnar,baseline,20260803,False,8.0,-4.100505352020264,8.0,-4.100505828857422,0.0,4.76837158203125e-07,0.0,3.807865298188558e-08,3.807865298188558e-08,3.807865298188558e-08,2048,0,20,False
153956444-153956458-004,normal_columnar,baseline,20260803,False,7.0,-4.100505709648132,7.0,-4.100505828857422,0.0,1.1920928955078125e-07,0.0,9.469766304682226e-09,9.469766304682226e-09,9.469766304682226e-09,2048,0,19,False
153958154-153958211-001,normal_columnar,baseline,20260803,False,2.0,-1.1715729236602783,2.0,-1.1715730428695679,0.0,1.1920928955078125e-07,0.0,9.452311908848964e-09,9.452311908848964e-09,9.452311908848964e-09,2048,0,18,False
153958547-153958572-002,normal_columnar,baseline,20260803,False,2.0,-1.1715726852416992,2.0,-1.171573281288147,0.0,5.960464477539062e-07,0.0,5.155995218594566e-08,5.155995218594566e-08,5.155995218594566e-08,2048,0,12,False
153958547-153958572-006,normal_columnar,baseline,20260803,False,1.0,-0.5857863426208496,1.0,-0.5857870578765869,0.0,7.152557373046875e-07,0.0,5.980143650768303e-08,5.980143650768303e-08,5.980143650768303e-08,2048,0,9,False
153958547-153958572-008,normal_columnar,baseline,20260803,False,1.0,-0.5857865810394287,1.0,-0.5857864618301392,0.0,1.1920928955078125e-07,0.0,9.484299464739506e-09,9.484299464739506e-09,9.484299464739506e-09,2048,0,3,False
153958547-153958572-009,normal_columnar,baseline,20260803,False,2.0,-1.1715729236602783,2.0,-1.4142142534255981,0.0,0.24264132976531982,0.0,0.02066381938549995,0.02066381938549995,0.02066381938549995,2048,0,10,False
153958547-153958590-002,normal_columnar,baseline,20260803,False,75.0,-17.389829397201538,75.0,-17.33095371723175,0.0,0.0588756799697876,0.0,0.0026905603326019406,0.0026905603326019406,0.0026905603326019406,2048,0,115,False
154519964-154519981-001,light_dysplastic,baseline,20260803,False,29.0,-22.30151665210724,29.0,-22.058877110481262,0.0,0.24263954162597656,0.0,0.01087995697382536,0.01087995697382536,0.01087995697382536,2048,0,81,False
157181481-157181497-004,normal_columnar,baseline,20260803,False,1.0,-0.5857862234115601,1.0,-0.5857869386672974,0.0,7.152557373046875e-07,0.0,6.141409906028762e-08,6.141409906028762e-08,6.141409906028762e-08,2048,0,7,False
157181671-157181697-001,normal_superficiel,baseline,20260803,False,9.0,-5.272078156471252,9.0,-5.272078156471252,0.0,0.0,0.0,0.0,0.0,0.0,2048,0,13,False
157183193-157183279-001,normal_superficiel,baseline,20260803,False,12.0,-5.857864618301392,12.0,-5.857864499092102,0.0,1.1920928955078125e-07,0.0,1.1681452853990397e-08,1.1681452853990397e-08,1.1681452853990397e-08,2048,0,28,False
157183828-157183877-001,normal_intermediate,baseline,20260803,False,15.0,-8.786796927452087,15.0,-8.786797523498535,0.0,5.960464477539062e-07,0.0,4.723789802031884e-08,4.723789802031884e-08,4.723789802031884e-08,2048,0,21,False
157183964-157183980-001,normal_superficiel,baseline,20260803,False,13.0,-7.615224242210388,13.0,-7.615224480628967,0.0,2.384185791015625e-07,0.0,2.6592134116223588e-08,2.6592134116223588e-08,2.6592134116223588e-08,2048,0,23,False
157184013-157184031-001,normal_superficiel,baseline,20260803,False,89.0,-19.91673994064331,89.0,-20.159380555152893,0.0,0.24264061450958252,0.0,0.012182747539643038,0.012182747539643038,0.012182747539643038,2048,0,153,False
157184850-157184920-002,normal_columnar,baseline,20260803,False,8.0,-2.9289326667785645,8.0,-2.82842755317688,0.0,0.10050511360168457,0.0,0.006339033353399371,0.006339033353399371,0.006339033353399371,2048,0,16,False
157184850-157184942-001,normal_superficiel,baseline,20260803,True,0.0,nan,0.0,nan,0.0,nan,0.0,nan,0.0,nan,0,2048,0,True
157185208-157185238-001,normal_superficiel,baseline,20260803,False,12.0,-5.857864618301392,12.0,-5.857864618301392,0.0,0.0,0.0,0.0,0.0,0.0,2048,0,30,False
157185433-157185479-002,normal_columnar,baseline,20260803,False,1.0,-0.5857864618301392,1.0,-0.585785984992981,0.0,4.76837158203125e-07,0.0,4.173023353420932e-08,4.173023353420932e-08,4.173023353420932e-08,2048,0,7,False
157185433-157185479-003,normal_columnar,baseline,20260803,False,1.0,-0.5857862234115601,1.0,-0.5857863426208496,0.0,1.1920928955078125e-07,0.0,1.0789021062882488e-08,1.0789021062882488e-08,1.0789021062882488e-08,2048,0,3,False
157185433-157185479-004,normal_columnar,baseline,20260803,False,8.0,-5.514718532562256,8.0,-5.5147188901901245,0.0,3.5762786865234375e-07,0.0,2.34414438292192e-08,2.34414438292192e-08,2.34414438292192e-08,2048,0,22,False
157185433-157185479-006,normal_columnar,baseline,20260803,False,4.0,-2.3431460857391357,4.0,-2.343146800994873,0.0,7.152557373046875e-07,0.0,4.201832754668167e-08,4.201832754668167e-08,4.201832754668167e-08,2048,0,18,False
157185433-157185508-001,normal_columnar,baseline,20260803,False,2.0,-1.1715730428695679,2.0,-1.4142135381698608,0.0,0.24264049530029297,0.0,0.0195754469876944,0.0195754469876944,0.0195754469876944,2048,0,6,False
157185730-157185758-001,normal_columnar,baseline,20260803,False,3.0,-1.1715731620788574,3.0,-1.4142135381698608,0.0,0.24264037609100342,0.0,0.015423850822783951,0.015423850822783951,0.015423850822783951,2048,0,7,False
157185781-157185793-003,normal_columnar,baseline,20260803,False,1.0,-0.5857864618301392,1.0,-0.5857870578765869,0.0,5.960464477539062e-07,0.0,4.0331528228713264e-08,4.0331528228713264e-08,4.0331528228713264e-08,2048,0,7,False
157222534-157222607-001,normal_superficiel,baseline,20260803,False,6.0,-3.514718770980835,6.0,-3.514718770980835,0.0,0.0,0.0,0.0,0.0,0.0,2048,0,12,False
157222647-157222687-001,normal_intermediate,baseline,20260803,False,38.0,-12.301515698432922,38.0,-12.301515936851501,0.0,2.384185791015625e-07,0.0,1.7219905185670864e-08,1.7219905185670864e-08,1.7219905185670864e-08,2048,0,78,False
157222801-157222811-001,normal_intermediate,baseline,20260803,False,23.0,-8.20100998878479,23.0,-8.201010704040527,0.0,7.152557373046875e-07,0.0,6.715029350768131e-08,6.715029350768131e-08,6.715029350768131e-08,2048,0,47,False
157223549-157223570-001,normal_intermediate,baseline,20260803,False,23.0,-13.473089098930359,23.0,-13.47308897972107,0.0,1.1920928955078125e-07,0.0,8.847955259217086e-09,8.847955259217086e-09,8.847955259217086e-09,2048,0,37,False
157224412-157224429-001,normal_superficiel,baseline,20260803,False,35.0,-4.686291694641113,35.0,-4.686291694641113,0.0,0.0,0.0,0.0,0.0,0.0,2048,0,49,False
157224458-157224464-001,normal_intermediate,baseline,20260803,False,77.0,-24.017244935035706,77.0,-24.01724600791931,0.0,1.0728836059570312e-06,0.0,4.467138545070745e-08,4.467138545070745e-08,4.467138545070745e-08,2048,0,149,False
157224458-157224483-001,normal_superficiel,baseline,20260803,False,10.0,-5.857864618301392,10.0,-5.857864856719971,0.0,2.384185791015625e-07,0.0,2.4066467225140545e-08,2.4066467225140545e-08,2.4066467225140545e-08,2048,0,14,False
157227058-157227087-001,normal_columnar,baseline,20260803,False,3.0,-1.7573596239089966,3.0,-1.41421377658844,0.0,0.34314584732055664,0.0,0.029737270554810066,0.029737270554810066,0.029737270554810066,2048,0,7,False
157227461-157227503-003,normal_columnar,baseline,20260803,False,1.0,-0.5857862234115601,1.0,-0.5857863426208496,0.0,1.1920928955078125e-07,0.0,8.676887481301522e-09,8.676887481301522e-09,8.676887481301522e-09,2048,0,3,False
157266930-157266947-001,normal_columnar,baseline,20260803,False,4.0,-16.242640733718872,4.0,-16.242640495300293,0.0,2.384185791015625e-07,0.0,1.4678560155961462e-08,1.4678560155961462e-08,1.4678560155961462e-08,2048,0,8,False
157268504-157268544-001,normal_superficiel,baseline,20260803,False,10.0,-2.3431458473205566,10.0,-2.343145966529846,0.0,1.1920928955078125e-07,0.0,1.4556014844202541e-08,1.4556014844202541e-08,1.4556014844202541e-08,2048,0,18,False
158986766-158986776-001,normal_columnar,baseline,20260803,False,3.0,-1.757359266281128,3.0,-1.7573602199554443,0.0,9.5367431640625e-07,0.0,6.836240281309107e-08,6.836240281309107e-08,6.836240281309107e-08,2048,0,19,False
158986813-158986820-001,normal_columnar,baseline,20260803,False,0.0,0.0,0.0,0.0,0.0,0.0,0.0,0.0,0.0,0.0,2048,0,0,False
158986920-158986928-004,normal_columnar,baseline,20260803,True,0.0,nan,0.0,nan,0.0,nan,0.0,nan,0.0,nan,0,2048,0,True
204870858-204870872-001,light_dysplastic,baseline,20260803,False,7.0,-2.343145251274109,7.0,-2.3431460857391357,0.0,8.344650268554688e-07,0.0,5.666639839473776e-08,5.666639839473776e-08,5.666639839473776e-08,2048,0,15,False
204870951-204870961-002,light_dysplastic,baseline,20260803,False,38.0,-22.25988531112671,38.0,-22.159381985664368,0.0,0.10050332546234131,0.0,0.004514997452035579,0.004514997452035579,0.004514997452035579,2048,0,78,False
204871030-204871038-001,light_dysplastic,baseline,20260803,False,40.0,-24.259885907173157,40.0,-24.259886980056763,0.0,1.0728836059570312e-06,0.0,4.422459405053514e-08,4.422459405053514e-08,4.422459405053514e-08,2048,0,84,False
204871030-204871038-002,light_dysplastic,baseline,20260803,False,58.0,-33.97561502456665,58.0,-34.21825706958771,0.0,0.24264204502105713,0.0,0.007141652766126843,0.007141652766126843,0.007141652766126843,2048,0,110,False
209047342-209047443-001,normal_superficiel,baseline,20260803,False,11.0,-1.7573593854904175,11.0,-1.514718770980835,0.0,0.24264061450958252,0.0,0.022411722177456243,0.022411722177456243,0.022411722177456243,2048,0,17,False
209047526-209047626-001,normal_intermediate,baseline,20260803,False,19.0,-7.615224003791809,19.0,-7.615224361419678,0.0,3.5762786865234375e-07,0.0,2.935869057517844e-08,2.935869057517844e-08,2.935869057517844e-08,2048,0,41,False
209047526-209047798-001,normal_superficiel,baseline,20260803,False,92.0,-28.603031396865845,92.0,-28.36039173603058,0.0,0.2426396608352661,0.0,0.008483005086721443,0.008483005086721443,0.008483005086721443,2048,0,170,False
209307421-209307504-001,normal_intermediate,baseline,20260803,False,56.0,-9.958369731903076,56.0,-9.958370208740234,0.0,4.76837158203125e-07,0.0,3.688632307987253e-08,3.688632307987253e-08,3.688632307987253e-08,2048,0,96,False
209522474-209522522-001,normal_intermediate,baseline,20260803,False,0.0,0.0,0.0,0.0,0.0,0.0,0.0,0.0,0.0,0.0,2048,0,0,False
209522940-209522970-001,normal_intermediate,baseline,20260803,False,14.0,-8.201010465621948,14.0,-8.201010823249817,0.0,3.5762786865234375e-07,0.0,2.9286942904548315e-08,2.9286942904548315e-08,2.9286942904548315e-08,2048,0,22,False
209565409-209565503-001,normal_intermediate,baseline,20260803,False,15.0,-8.786796927452087,15.0,-8.786797404289246,0.0,4.76837158203125e-07,0.0,3.984543403737649e-08,3.984543403737649e-08,3.984543403737649e-08,2048,0,27,False
209565409-209565600-001,normal_intermediate,baseline,20260803,False,9.0,-5.272078156471252,9.0,-5.272078275680542,0.0,1.1920928955078125e-07,0.0,9.747823850073169e-09,9.747823850073169e-09,9.747823850073169e-09,2048,0,15,False
209565864-209565890-001,normal_intermediate,baseline,20260803,False,27.0,-15.816234707832336,27.0,-15.230449318885803,0.0,0.5857853889465332,0.0,0.037036968644404804,0.037036968644404804,0.037036968644404804,2048,0,51,False
209565864-209565911-001,normal_intermediate,baseline,20260803,False,13.0,-7.615224003791809,13.0,-7.615224123001099,0.0,1.1920928955078125e-07,0.0,1.0283360568435384e-08,1.0283360568435384e-08,1.0283360568435384e-08,2048,0,23,False
209566047-209566095-001,normal_intermediate,baseline,20260803,False,23.0,-13.47308886051178,23.0,-13.473089098930359,0.0,2.384185791015625e-07,0.0,1.7695910831579426e-08,1.7695910831579426e-08,1.7695910831579426e-08,2048,0,31,False
209566205-209566247-001,normal_intermediate,baseline,20260803,False,19.0,-11.129942774772644,19.0,-11.129943251609802,0.0,4.76837158203125e-07,0.0,3.9616926088038175e-08,3.9616926088038175e-08,3.9616926088038175e-08,2048,0,31,False
209566205-209566289-001,normal_intermediate,baseline,20260803,False,12.0,-7.02943754196167,12.0,-7.029437780380249,0.0,2.384185791015625e-07,0.0,1.8024266556626757e-08,1.8024266556626757e-08,1.8024266556626757e-08,2048,0,20,False
209566399-209566485-001,normal_intermediate,baseline,20260803,False,0.0,0.0,0.0,0.0,0.0,0.0,0.0,0.0,0.0,0.0,2048,0,0,False
148495842-148495854-001,light_dysplastic,baseline,20260804,False,3.0,-2.0000001192092896,3.0,-1.7573601007461548,0.0,0.24264001846313477,0.0,0.01635633289279253,0.01635633289279253,0.01635633289279253,2048,0,15,False
148497551-148497588-001,light_dysplastic,baseline,20260804,False,4.0,-2.3431458473205566,4.0,-2.3431462049484253,0.0,3.5762786865234375e-07,0.0,2.5413941031378246e-08,2.5413941031378246e-08,2.5413941031378246e-08,2048,0,12,False
148497788-148497816-002,light_dysplastic,baseline,20260804,False,22.0,-12.88730263710022,22.0,-13.129942893981934,0.0,0.24264025688171387,0.0,0.01748518318156103,0.01748518318156103,0.01748518318156103,2048,0,48,False
148503209-148503222-001,light_dysplastic,baseline,20260804,False,35.0,-26.98780858516693,35.0,-27.12994372844696,0.0,0.1421351432800293,0.0,0.005266642633524153,0.005266642633524153,0.005266642633524153,2048,0,59,False
148503209-148503231-001,light_dysplastic,baseline,20260804,False,45.0,-28.603031516075134,45.0,-28.259886980056763,0.0,0.3431445360183716,0.0,0.011996789075504867,0.011996789075504867,0.011996789075504867,2048,0,81,False
148503400-148503432-001,light_dysplastic,baseline,20260804,False,64.0,-22.502526998519897,64.0,-22.259887099266052,0.0,0.24263989925384521,0.0,0.010782784496594753,0.010782784496594753,0.010782784496594753,2048,0,122,False
148503568-148503580-002,light_dysplastic,baseline,20260804,False,19.0,-5.272078514099121,19.0,-5.514719009399414,0.0,0.24264049530029297,0.0,0.014338855015463507,0.014338855015463507,0.014338855015463507,2048,0,31,False
148718455-148718461-001,light_dysplastic,baseline,20260804,False,53.0,-25.188818097114563,53.0,-25.18881893157959,0.0,8.344650268554688e-07,0.0,3.3128391480625234e-08,3.3128391480625234e-08,3.3128391480625234e-08,2048,0,87,False
148719308-148719348-004,light_dysplastic,baseline,20260804,False,1.0,-0.5857864618301392,1.0,-0.5857864618301392,0.0,0.0,0.0,0.0,0.0,0.0,2048,0,3,False
148719308-148719357-001,light_dysplastic,baseline,20260804,False,10.0,-5.857864737510681,10.0,-5.857864856719971,0.0,1.1920928955078125e-07,0.0,8.20956982749835e-09,8.20956982749835e-09,8.20956982749835e-09,2048,0,24,False
148848523-148848559-002,moderate_dysplastic,baseline,20260804,False,2.0,-1.1715729236602783,2.0,-1.1715736389160156,0.0,7.152557373046875e-07,0.0,4.3109663888825555e-08,4.3109663888825555e-08,4.3109663888825555e-08,2048,0,16,False
148881870-148882178-002,light_dysplastic,baseline,20260804,False,5.0,-2.9289320707321167,5.0,-2.928932785987854,0.0,7.152557373046875e-07,0.0,5.01294583458666e-08,5.01294583458666e-08,5.01294583458666e-08,2048,0,15,False
148882307-148882323-001,light_dysplastic,baseline,20260804,False,54.0,-31.632469654083252,54.0,-31.632469296455383,0.0,3.5762786865234375e-07,0.0,1.1305720753491015e-08,1.1305720753491015e-08,1.1305720753491015e-08,2048,0,98,False
148882535-148882616-001,light_dysplastic,baseline,20260804,False,94.0,-46.51977252960205,94.0,-46.31876313686371,0.0,0.20100939273834229,0.0,0.004320945305793003,0.004320945305793003,0.004320945305793003,2048,0,196,False
148882671-148882687-001,light_dysplastic,baseline,20260804,False,31.0,-18.159380555152893,31.0,-18.40202045440674,0.0,0.24263989925384521,0.0,0.012718388921726493,0.012718388921726493,0.012718388921726493,2048,0,89,False
149011613-149011656-001,light_dysplastic,baseline,20260804,False,38.0,-22.259885549545288,38.0,-22.259887099266052,0.0,1.5497207641601562e-06,0.0,6.961943989832478e-08,6.961943989832478e-08,6.961943989832478e-08,2048,0,70,False
149013033-149013072-001,moderate_dysplastic,baseline,20260804,False,4.0,-1.757359504699707,4.0,-1.7573602199554443,0.0,7.152557373046875e-07,0.0,5.048136365876139e-08,5.048136365876139e-08,5.048136365876139e-08,2048,0,24,False
149014929-149014984-001,moderate_dysplastic,baseline,20260804,False,0.0,0.0,0.0,0.0,0.0,0.0,0.0,0.0,0.0,0.0,2048,0,0,False
149014929-149015008-003,moderate_dysplastic,baseline,20260804,False,13.0,-9.27207863330841,13.0,-9.514719605445862,0.0,0.24264097213745117,0.0,0.014458743961625588,0.014458743961625588,0.014458743961625588,2048,0,41,False
149014929-149015022-001,light_dysplastic,baseline,20260804,False,26.0,-8.058875322341919,26.0,-8.100506067276001,0.0,0.04163074493408203,0.0,0.0023091282995792214,0.0023091282995792214,0.0023091282995792214,2048,0,48,False
149014929-149015022-002,light_dysplastic,baseline,20260804,False,20.0,-11.715729117393494,20.0,-11.958370804786682,0.0,0.24264168739318848,0.0,0.014367914480455709,0.014367914480455709,0.014367914480455709,2048,0,46,False
149053341-149053350-001,moderate_dysplastic,baseline,20260804,False,18.0,-9.372584104537964,18.0,-9.372584104537964,0.0,0.0,0.0,0.0,0.0,0.0,2048,0,42,False
149053945-149053969-001,moderate_dysplastic,baseline,20260804,False,6.0,-3.514719009399414,6.0,-3.5147193670272827,0.0,3.5762786865234375e-07,0.0,2.3886140329670144e-08,2.3886140329670144e-08,2.3886140329670144e-08,2048,0,16,False
149053945-149053976-001,moderate_dysplastic,baseline,20260804,False,32.0,-10.544156551361084,32.0,-10.544156908988953,0.0,3.5762786865234375e-07,0.0,2.4216991474046007e-08,2.4216991474046007e-08,2.4216991474046007e-08,2048,0,60,False
149054642-149054677-003,light_dysplastic,baseline,20260804,False,1.0,-0.5857865810394287,1.0,-0.5857864618301392,0.0,1.1920928955078125e-07,0.0,8.893213793367948e-09,8.893213793367948e-09,8.893213793367948e-09,2048,0,3,False
149056321-149056343-001,severe_dysplastic,baseline,20260804,False,19.0,-11.129943013191223,19.0,-11.129943490028381,0.0,4.76837158203125e-07,0.0,2.6653258383214107e-08,2.6653258383214107e-08,2.6653258383214107e-08,2048,0,45,False
149056321-149056360-001,severe_dysplastic,baseline,20260804,False,8.0,-6.3431456089019775,8.0,-6.100506067276001,0.0,0.24263954162597656,0.0,0.015936133731032733,0.015936133731032733,0.015936133731032733,2048,0,40,False
149056410-149056458-001,severe_dysplastic,baseline,20260804,False,1.0,-0.5857864618301392,1.0,-0.585787296295166,0.0,8.344650268554688e-07,0.0,6.897405605030673e-08,6.897405605030673e-08,6.897405605030673e-08,2048,0,9,False
149056873-149056884-001,severe_dysplastic,baseline,20260804,False,6.0,-3.5147182941436768,6.0,-3.5147194862365723,0.0,1.1920928955078125e-06,0.0,9.209838312407979e-08,9.209838312407979e-08,9.209838312407979e-08,2048,0,16,False
149056873-149056884-002,severe_dysplastic,baseline,20260804,False,2.0,-1.1715730428695679,2.0,-1.1715738773345947,0.0,8.344650268554688e-07,0.0,6.700521533772687e-08,6.700521533772687e-08,6.700521533772687e-08,2048,0,18,False
149056933-149056982-002,severe_dysplastic,baseline,20260804,False,1.0,-0.5857864618301392,1.0,-0.5857869386672974,0.0,4.76837158203125e-07,0.0,4.214968801564083e-08,4.214968801564083e-08,4.214968801564083e-08,2048,0,5,False
149057756-149057766-002,moderate_dysplastic,baseline,20260804,False,7.0,-4.100505232810974,7.0,-4.3431442975997925,0.0,0.24263906478881836,0.0,0.014286467469533114,0.014286467469533114,0.014286467469533114,2048,0,45,False
149057756-149057788-002,moderate_dysplastic,baseline,20260804,False,24.0,-12.88730263710022,24.0,-12.887303233146667,0.0,5.960464477539062e-07,0.0,3.467495376554246e-08,3.467495376554246e-08,3.467495376554246e-08,2048,0,68,False
149057812-149057825-003,moderate_dysplastic,baseline,20260804,False,24.0,-14.058875560760498,24.0,-14.058876156806946,0.0,5.960464477539062e-07,0.0,3.473797066600582e-08,3.473797066600582e-08,3.473797066600582e-08,2048,0,50,False
149057812-149057825-005,moderate_dysplastic,baseline,20260804,False,1.0,-0.5857867002487183,1.0,-0.5857869386672974,0.0,2.384185791015625e-07,0.0,1.804285779215232e-08,1.804285779215232e-08,1.804285779215232e-08,2048,0,11,False
149057812-149057847-004,moderate_dysplastic,baseline,20260804,False,0.0,0.0,0.0,0.0,0.0,0.0,0.0,0.0,0.0,0.0,2048,0,0,False
149057812-149057847-005,moderate_dysplastic,baseline,20260804,False,6.0,-3.5147173404693604,6.0,-3.514719605445862,0.0,2.2649765014648438e-06,0.0,1.386048171365242e-07,1.386048171365242e-07,1.386048171365242e-07,2048,0,24,False
149058262-149058272-003,moderate_dysplastic,baseline,20260804,False,13.0,-7.6152238845825195,13.0,-7.615225315093994,0.0,1.430511474609375e-06,0.0,8.589225215157541e-08,8.589225215157541e-08,8.589225215157541e-08,2048,0,39,False
149061666-149061699-003,moderate_dysplastic,baseline,20260804,False,11.0,-7.272078275680542,11.0,-7.272078990936279,0.0,7.152557373046875e-07,0.0,4.834875378209231e-08,4.834875378209231e-08,4.834875378209231e-08,2048,0,35,False
149095913-149095926-001,light_dysplastic,baseline,20260804,False,95.0,-39.77460515499115,95.0,-30.60303270816803,0.0,9.17157244682312,0.0,0.23058864848774538,0.23058864848774538,0.23058864848774538,2048,0,151,False
149097324-149097373-001,moderate_dysplastic,baseline,20260804,False,12.0,-7.0294376611709595,12.0,-7.029438138008118,0.0,4.76837158203125e-07,0.0,2.9548943778610708e-08,2.9548943778610708e-08,2.9548943778610708e-08,2048,0,34,False
149097594-149097637-001,moderate_dysplastic,baseline,20260804,False,42.0,-15.816234946250916,42.0,-15.715729713439941,0.0,0.10050523281097412,0.0,0.005500513366740318,0.005500513366740318,0.005500513366740318,2048,0,78,False
149097594-149097637-002,moderate_dysplastic,baseline,20260804,False,7.0,-3.7573589086532593,7.0,-4.000000715255737,0.0,0.24264180660247803,0.0,0.014737313717219546,0.014737313717219546,0.014737313717219546,2048,0,23,False
149098972-149098988-002,severe_dysplastic,baseline,20260804,False,2.0,-1.1715730428695679,2.0,-1.41421377658844,0.0,0.24264073371887207,0.0,0.017408612766791138,0.017408612766791138,0.017408612766791138,2048,0,8,False
149099096-149099104-001,severe_dysplastic,baseline,20260804,False,0.0,0.0,0.0,0.0,0.0,0.0,0.0,0.0,0.0,0.0,2048,0,0,False
149099276-149099290-001,light_dysplastic,baseline,20260804,False,56.0,-33.632468938827515,56.0,-34.117751359939575,0.0,0.48528242111206055,0.0,0.014428985930076008,0.014428985930076008,0.014428985930076008,2048,0,94,False
149099276-149099290-002,light_dysplastic,baseline,20260804,False,34.0,-19.9167400598526,34.0,-19.91674041748047,0.0,3.5762786865234375e-07,0.0,1.795614480972397e-08,1.795614480972397e-08,1.795614480972397e-08,2048,0,62,False
149099502-149099525-002,light_dysplastic,baseline,20260804,False,29.0,-16.987807393074036,29.0,-16.402022123336792,0.0,0.5857852697372437,0.0,0.03448268844724891,0.03448268844724891,0.03448268844724891,2048,0,71,False
149100006-149100028-002,severe_dysplastic,baseline,20260804,False,0.0,0.0,0.0,0.0,0.0,0.0,0.0,0.0,0.0,0.0,2048,0,0,False
149100064-149100072-001,moderate_dysplastic,baseline,20260804,False,73.0,-45.24769449234009,73.0,-44.80404341220856,0.0,0.44365108013153076,0.0,0.009804943326043623,0.009804943326043623,0.009804943326043623,2048,0,129,False
149101620-149101650-001,moderate_dysplastic,baseline,20260804,False,10.0,-5.85786497592926,10.0,-5.857864618301392,0.0,3.5762786865234375e-07,0.0,2.191243859558846e-08,2.191243859558846e-08,2.191243859558846e-08,2048,0,28,False
149102442-149102451-001,light_dysplastic,baseline,20260804,False,2.0,-1.1715729236602783,2.0,-1.4142142534255981,0.0,0.24264132976531982,0.0,0.01564120537248418,0.01564120537248418,0.01564120537248418,2048,0,10,False
149102510-149102519-001,moderate_dysplastic,baseline,20260804,False,8.0,-4.686291933059692,8.0,-4.686292290687561,0.0,3.5762786865234375e-07,0.0,2.2510171196493382e-08,2.2510171196493382e-08,2.2510171196493382e-08,2048,0,24,False
149105003-149105050-001,light_dysplastic,baseline,20260804,False,6.0,-2.3431460857391357,6.0,-2.5857867002487183,0.0,0.24264061450958252,0.0,0.01670029174364448,0.01670029174364448,0.01670029174364448,2048,0,14,False
149105289-149105300-001,moderate_dysplastic,baseline,20260804,False,0.0,0.0,0.0,0.0,0.0,0.0,0.0,0.0,0.0,0.0,2048,0,0,False
149105289-149105300-002,moderate_dysplastic,baseline,20260804,False,8.0,-7.171573042869568,8.0,-7.0710684061050415,0.0,0.10050463676452637,0.0,0.005885395937023679,0.005885395937023679,0.005885395937023679,2048,0,38,False
149105289-149105311-001,moderate_dysplastic,baseline,20260804,False,10.0,3.5563488006591797,10.0,3.656854271888733,0.0,0.10050547122955322,0.0,0.006894461636187696,0.006894461636187696,0.006894461636187696,2048,0,12,False
149105289-149105311-003,moderate_dysplastic,baseline,20260804,False,15.0,-11.757359623908997,15.0,-11.514718890190125,0.0,0.24264073371887207,0.0,0.019672681992210377,0.019672681992210377,0.019672681992210377,2048,0,41,False
149105289-149105311-004,moderate_dysplastic,baseline,20260804,False,20.0,-3.5147188901901245,20.0,-3.171573519706726,0.0,0.34314537048339844,0.0,0.01992497336329515,0.01992497336329515,0.01992497336329515,2048,0,34,False
149140081-149140096-002,moderate_dysplastic,baseline,20260804,False,32.0,-17.573593735694885,32.0,-17.57359528541565,0.0,1.5497207641601562e-06,0.0,8.273041581069649e-08,8.273041581069649e-08,8.273041581069649e-08,2048,0,78,False
149140849-149140856-001,moderate_dysplastic,baseline,20260804,False,48.0,-28.946177005767822,48.0,-28.946179389953613,0.0,2.384185791015625e-06,0.0,8.236617189691584e-08,8.236617189691584e-08,8.236617189691584e-08,2048,0,110,False
149143028-149143108-002,severe_dysplastic,baseline,20260804,False,5.0,-2.9289321899414062,5.0,-2.928932309150696,0.0,1.1920928955078125e-07,0.0,8.44849652568177e-09,8.44849652568177e-09,8.44849652568177e-09,2048,0,17,False
149143469-149143497-003,severe_dysplastic,baseline,20260804,False,3.0,-1.7573593854904175,3.0,-1.757359504699707,0.0,1.1920928955078125e-07,0.0,8.91482377350345e-09,8.91482377350345e-09,8.91482377350345e-09,2048,0,9,False
149146837-149146854-001,carcinoma_in_situ,baseline,20260804,False,1.0,-0.5857865810394287,1.0,-0.5857869386672974,0.0,3.5762786865234375e-07,0.0,2.229175132831579e-08,2.229175132831579e-08,2.229175132831579e-08,2048,0,13,False
149181904-149181927-001,carcinoma_in_situ,baseline,20260804,False,3.0,-1.757359504699707,3.0,-1.7573603391647339,0.0,8.344650268554688e-07,0.0,6.22105062488053e-08,6.22105062488053e-08,6.22105062488053e-08,2048,0,11,False
149181904-149181951-001,carcinoma_in_situ,baseline,20260804,False,2.0,-1.1715729236602783,2.0,-1.171573519706726,0.0,5.960464477539062e-07,0.0,4.367290833812016e-08,4.367290833812016e-08,4.367290833812016e-08,2048,0,14,False
149182125-149182135-002,carcinoma_in_situ,baseline,20260804,False,5.0,-2.9289321899414062,5.0,-3.171573042869568,0.0,0.24264085292816162,0.0,0.01607196616178751,0.01607196616178751,0.01607196616178751,2048,0,11,False
149182657-149182667-001,carcinoma_in_situ,baseline,20260804,False,3.0,-1.7573593854904175,3.0,-2.0000001192092896,0.0,0.24264073371887207,0.0,0.017851255929209768,0.017851255929209768,0.017851255929209768,2048,0,9,False
149182657-149182681-002,carcinoma_in_situ,baseline,20260804,False,1.0,-0.5857864618301392,1.0,-0.5857864618301392,0.0,0.0,0.0,0.0,0.0,0.0,2048,0,3,False
149182657-149182698-003,carcinoma_in_situ,baseline,20260804,False,3.0,-1.7573591470718384,3.0,-1.7573604583740234,0.0,1.3113021850585938e-06,0.0,9.08331514297518e-08,9.08331514297518e-08,9.08331514297518e-08,2048,0,17,False
149185604-149185616-001,carcinoma_in_situ,baseline,20260804,False,4.0,-2.343145966529846,4.0,-2.343146800994873,0.0,8.344650268554688e-07,0.0,5.1813165788212424e-08,5.1813165788212424e-08,5.1813165788212424e-08,2048,0,18,False
149185604-149185645-003,carcinoma_in_situ,baseline,20260804,False,9.0,-22.82842707633972,9.0,-19.51472043991089,0.0,3.313706636428833,0.0,0.14515702835537403,0.14515702835537403,0.14515702835537403,2048,0,63,False
149185604-149185657-001,carcinoma_in_situ,baseline,20260804,False,5.0,-2.928932547569275,5.0,-2.9289329051971436,0.0,3.5762786865234375e-07,0.0,2.622082884068636e-08,2.622082884068636e-08,2.622082884068636e-08,2048,0,23,False
149185698-149185709-002,carcinoma_in_situ,baseline,20260804,False,10.0,-4.686291456222534,10.0,-4.92893385887146,0.0,0.24264240264892578,0.0,0.016034438186891292,0.016034438186891292,0.016034438186891292,2048,0,32,False
149185788-149185824-001,carcinoma_in_situ,baseline,20260804,False,7.0,-5.7573593854904175,7.0,-5.514719843864441,0.0,0.24263954162597656,0.0,0.01649008641441338,0.01649008641441338,0.01649008641441338,2048,0,23,False
149190861-149190868-001,moderate_dysplastic,baseline,20260804,False,69.0,-30.460896253585815,69.0,-30.46089792251587,0.0,1.6689300537109375e-06,0.0,5.478926292309844e-08,5.478926292309844e-08,5.478926292309844e-08,2048,0,149,False
149314453-149314465-001,carcinoma_in_situ,baseline,20260804,False,2.0,-1.1715726852416992,2.0,-1.1715730428695679,0.0,3.5762786865234375e-07,0.0,2.6310943397193745e-08,2.6310943397193745e-08,2.6310943397193745e-08,2048,0,10,False
149314453-149314507-001,carcinoma_in_situ,baseline,20260804,False,0.0,0.0,0.0,0.0,0.0,0.0,0.0,0.0,0.0,0.0,2048,0,0,False
149314453-149314507-002,carcinoma_in_situ,baseline,20260804,False,1.0,-0.5857864618301392,1.0,-0.5857865810394287,0.0,1.1920928955078125e-07,0.0,9.926341924252228e-09,9.926341924252228e-09,9.926341924252228e-09,2048,0,5,False
149314679-149314698-001,carcinoma_in_situ,baseline,20260804,False,14.0,-2.3431462049484253,14.0,-2.3431471586227417,0.0,9.5367431640625e-07,0.0,6.316340217922521e-08,6.316340217922521e-08,6.316340217922521e-08,2048,0,28,False
149315229-149315310-001,severe_dysplastic,baseline,20260804,False,9.0,-5.272078156471252,9.0,-5.272079229354858,0.0,1.0728836059570312e-06,0.0,6.002478536412097e-08,6.002478536412097e-08,6.002478536412097e-08,2048,0,35,False
149315671-149315731-001,carcinoma_in_situ,baseline,20260804,False,3.0,-1.7573597431182861,3.0,-1.757359266281128,0.0,4.76837158203125e-07,0.0,3.1236189200830254e-08,3.1236189200830254e-08,3.1236189200830254e-08,2048,0,9,False
149315671-149315740-001,carcinoma_in_situ,baseline,20260804,False,3.0,-1.1715730428695679,3.0,-1.1715730428695679,0.0,0.0,0.0,0.0,0.0,0.0,2048,0,11,False
149316426-149316462-004,carcinoma_in_situ,baseline,20260804,False,0.0,0.0,0.0,0.0,0.0,0.0,0.0,0.0,0.0,0.0,2048,0,0,False
149316754-149316779-002,moderate_dysplastic,baseline,20260804,False,2.0,-1.1715730428695679,2.0,-1.1715730428695679,0.0,0.0,0.0,0.0,0.0,0.0,2048,0,8,False
149317002-149317010-002,severe_dysplastic,baseline,20260804,False,5.0,-2.9289326667785645,5.0,-2.9289329051971436,0.0,2.384185791015625e-07,0.0,1.8931044569875882e-08,1.8931044569875882e-08,1.8931044569875882e-08,2048,0,23,False
149317204-149317230-002,severe_dysplastic,baseline,20260804,False,3.0,-1.757359504699707,3.0,-2.000000476837158,0.0,0.24264097213745117,0.0,0.018576405292798075,0.018576405292798075,0.018576405292798075,2048,0,9,False
149788987-149788996-003,light_dysplastic,baseline,20260804,False,24.0,-14.058875679969788,24.0,-14.301515579223633,0.0,0.24263989925384521,0.0,0.013758958164676215,0.013758958164676215,0.013758958164676215,2048,0,68,False
153268807-153268826-001,light_dysplastic,baseline,20260804,False,39.0,-22.845672011375427,39.0,-22.845673203468323,0.0,1.1920928955078125e-06,0.0,5.218025081136768e-08,5.218025081136768e-08,5.218025081136768e-08,2048,0,67,False
153276386-153276405-001,moderate_dysplastic,baseline,20260804,False,2.0,-1.1715730428695679,2.0,-1.171574354171753,0.0,1.3113021850585938e-06,0.0,8.425746874661599e-08,8.425746874661599e-08,8.425746874661599e-08,2048,0,16,False
153276386-153276405-002,moderate_dysplastic,baseline,20260804,False,22.0,-13.272078394889832,22.0,-13.171573996543884,0.0,0.10050439834594727,0.0,0.005502467553013918,0.005502467553013918,0.005502467553013918,2048,0,46,False
153276386-153276414-001,moderate_dysplastic,baseline,20260804,False,0.0,0.0,0.0,0.0,0.0,0.0,0.0,0.0,0.0,0.0,2048,0,0,False
153314466-153314473-003,light_dysplastic,baseline,20260804,False,32.0,-18.74516725540161,32.0,-18.7451673746109,0.0,1.1920928955078125e-07,0.0,6.359467905864104e-09,6.359467905864104e-09,6.359467905864104e-09,2048,0,50,False
153654869-153654880-001,severe_dysplastic,baseline,20260804,False,13.0,-39.89949417114258,13.0,-39.55634891986847,0.0,0.3431452512741089,0.0,0.008600240639699379,0.008600240639699379,0.008600240639699379,2048,0,19,False
153655016-153655039-005,severe_dysplastic,baseline,20260804,False,2.0,-1.1715730428695679,2.0,-1.171573281288147,0.0,2.384185791015625e-07,0.0,1.892504947743113e-08,1.892504947743113e-08,1.892504947743113e-08,2048,0,12,False
153655087-153655101-002,severe_dysplastic,baseline,20260804,False,8.0,-4.343145966529846,8.0,-4.000000238418579,0.0,0.3431457281112671,0.0,0.026813027308847923,0.026813027308847923,0.026813027308847923,2048,0,18,False
153656862-153656873-001,light_dysplastic,baseline,20260804,False,17.0,-9.958370447158813,17.0,-9.958370685577393,0.0,2.384185791015625e-07,0.0,1.4893395797237518e-08,1.4893395797237518e-08,1.4893395797237518e-08,2048,0,47,False
153657121-153657160-001,severe_dysplastic,baseline,20260804,False,3.0,-1.7573593854904175,3.0,-1.7573601007461548,0.0,7.152557373046875e-07,0.0,4.568323429479649e-08,4.568323429479649e-08,4.568323429479649e-08,2048,0,19,False
153659229-153659264-001,severe_dysplastic,baseline,20260804,False,2.0,-1.1715730428695679,2.0,-1.1715726852416992,0.0,3.5762786865234375e-07,0.0,2.3281292645277113e-08,2.3281292645277113e-08,2.3281292645277113e-08,2048,0,6,False
153697342-153697375-001,moderate_dysplastic,baseline,20260804,False,1.0,-0.5857867002487183,1.0,-0.5857867002487183,0.0,0.0,0.0,0.0,0.0,0.0,2048,0,3,False
153697342-153697384-001,moderate_dysplastic,baseline,20260804,False,1.0,-0.5857865810394287,1.0,-0.5857865810394287,0.0,0.0,0.0,0.0,0.0,0.0,2048,0,3,False
153697726-153697736-001,light_dysplastic,baseline,20260804,False,51.0,-29.875109553337097,51.0,-29.77460515499115,0.0,0.10050439834594727,0.0,0.0033641516248338163,0.0033641516248338163,0.0033641516248338163,2048,0,71,False
153701009-153701019-002,light_dysplastic,baseline,20260804,False,10.0,-6.6862921714782715,10.0,-6.928933382034302,0.0,0.24264121055603027,0.0,0.013639011836509313,0.013639011836509313,0.013639011836509313,2048,0,32,False
153701622-153701650-001,moderate_dysplastic,baseline,20260804,False,3.0,-1.7573593854904175,3.0,-1.7573612928390503,0.0,1.9073486328125e-06,0.0,1.195952598661545e-07,1.195952598661545e-07,1.195952598661545e-07,2048,0,21,False
153701949-153701958-001,light_dysplastic,baseline,20260804,False,21.0,-13.129943609237671,21.0,-13.372582793235779,0.0,0.2426391839981079,0.0,0.013094038497210988,0.013094038497210988,0.013094038497210988,2048,0,59,False
153702037-153702051-003,light_dysplastic,baseline,20260804,False,18.0,-7.615224123001099,18.0,-7.615225434303284,0.0,1.3113021850585938e-06,0.0,7.249536906327772e-08,7.249536906327772e-08,7.249536906327772e-08,2048,0,48,False
153826963-153826970-001,severe_dysplastic,baseline,20260804,False,16.0,-5.272078275680542,16.0,-5.272079586982727,0.0,1.3113021850585938e-06,0.0,8.824888220893171e-08,8.824888220893171e-08,8.824888220893171e-08,2048,0,46,False
153826963-153826982-003,severe_dysplastic,baseline,20260804,False,5.0,-2.9289321899414062,5.0,-3.1715720891952515,0.0,0.24263989925384521,0.0,0.01368005175196341,0.01368005175196341,0.01368005175196341,2048,0,55,False
153827595-153827657-002,carcinoma_in_situ,baseline,20260804,False,1.0,-0.5857864618301392,1.0,-0.5857869386672974,0.0,4.76837158203125e-07,0.0,3.511784613279292e-08,3.511784613279292e-08,3.511784613279292e-08,2048,0,9,False
153828877-153828902-002,severe_dysplastic,baseline,20260804,False,2.0,-1.1715730428695679,2.0,-1.171574354171753,0.0,1.3113021850585938e-06,0.0,8.245127954543948e-08,8.245127954543948e-08,8.245127954543948e-08,2048,0,18,False
153828952-153828970-001,severe_dysplastic,baseline,20260804,False,5.0,-2.928931713104248,5.0,-2.9289320707321167,0.0,3.5762786865234375e-07,0.0,2.300913045472842e-08,2.300913045472842e-08,2.300913045472842e-08,2048,0,13,False
153828952-153829005-001,severe_dysplastic,baseline,20260804,False,12.0,-5.5147188901901245,12.0,-5.7573593854904175,0.0,0.24264049530029297,0.0,0.0146620607222907,0.0146620607222907,0.0146620607222907,2048,0,32,False
153828952-153829005-002,severe_dysplastic,baseline,20260804,False,5.0,-2.3431460857391357,5.0,-2.3431460857391357,0.0,0.0,0.0,0.0,0.0,0.0,2048,0,13,False
153829664-153829672-001,light_dysplastic,baseline,20260804,False,48.0,-28.11775016784668,48.0,-27.77460515499115,0.0,0.3431450128555298,0.0,0.012203857378600807,0.012203857378600807,0.012203857378600807,2048,0,68,False
153829745-153829768-001,severe_dysplastic,baseline,20260804,False,6.0,-3.514718770980835,6.0,-2.9289324283599854,0.0,0.5857863426208496,0.0,0.07096290282780583,0.07096290282780583,0.07096290282780583,2048,0,6,False
153829745-153829768-003,severe_dysplastic,baseline,20260804,False,11.0,-7.272078156471252,11.0,-7.029439330101013,0.0,0.24263882637023926,0.0,0.014365648272889291,0.014365648272889291,0.014365648272889291,2048,0,45,False
153830680-153830827-002,severe_dysplastic,baseline,20260804,False,4.0,-2.343145966529846,4.0,-2.343146800994873,0.0,8.344650268554688e-07,0.0,5.674309050252201e-08,5.674309050252201e-08,5.674309050252201e-08,2048,0,20,False
153831352-153831372-004,severe_dysplastic,baseline,20260804,False,20.0,-10.100505352020264,20.0,-10.343145966529846,0.0,0.24264061450958252,0.0,0.013674819520098636,0.013674819520098636,0.013674819520098636,2048,0,48,False
153915432-153915441-002,severe_dysplastic,baseline,20260804,False,3.0,-1.757359504699707,3.0,-1.7573604583740234,0.0,9.5367431640625e-07,0.0,6.361331194816453e-08,6.361331194816453e-08,6.361331194816453e-08,2048,0,15,False
153915432-153915472-001,severe_dysplastic,baseline,20260804,False,10.0,-5.85786497592926,10.0,-5.7573593854904175,0.0,0.10050559043884277,0.0,0.006660803106476628,0.006660803106476628,0.006660803106476628,2048,0,20,False
153915726-153915736-001,severe_dysplastic,baseline,20260804,False,16.0,-7.857864260673523,16.0,-8.100505590438843,0.0,0.24264132976531982,0.0,0.01514162182494037,0.01514162182494037,0.01514162182494037,2048,0,38,False
153916114-153916129-002,severe_dysplastic,baseline,20260804,False,29.0,-16.987807869911194,29.0,-16.987807512283325,0.0,3.5762786865234375e-07,0.0,2.04860323144616e-08,2.04860323144616e-08,2.04860323144616e-08,2048,0,75,False
153916114-153916150-001,carcinoma_in_situ,baseline,20260804,False,6.0,-3.514718770980835,6.0,-3.514719247817993,0.0,4.76837158203125e-07,0.0,3.2058310715463486e-08,3.2058310715463486e-08,3.2058310715463486e-08,2048,0,18,False
153916114-153916167-001,carcinoma_in_situ,baseline,20260804,False,3.0,-1.7573596239089966,3.0,-2.000000238418579,0.0,0.24264061450958252,0.0,0.01620608536810785,0.01620608536810785,0.01620608536810785,2048,0,13,False
153916569-153916586-001,carcinoma_in_situ,baseline,20260804,False,9.0,-5.272078633308411,9.0,-5.2720787525177,0.0,1.1920928955078125e-07,0.0,8.34291533461004e-09,8.34291533461004e-09,8.34291533461004e-09,2048,0,21,False
153956040-153956058-001,normal_columnar,baseline,20260804,False,8.0,-4.686291337013245,8.0,-4.686291694641113,0.0,3.5762786865234375e-07,0.0,2.6858473055620832e-08,2.6858473055620832e-08,2.6858473055620832e-08,2048,0,24,False
153956040-153956058-003,normal_columnar,baseline,20260804,False,2.0,-0.5857865810394287,2.0,-0.5857864618301392,0.0,1.1920928955078125e-07,0.0,8.446364885372653e-09,8.446364885372653e-09,8.446364885372653e-09,2048,0,4,False
153956040-153956072-003,normal_columnar,baseline,20260804,False,6.0,-3.5147184133529663,6.0,-3.5147188901901245,0.0,4.76837158203125e-07,0.0,3.747748815674525e-08,3.747748815674525e-08,3.747748815674525e-08,2048,0,18,False
153956444-153956458-004,normal_columnar,baseline,20260804,False,4.0,-2.343145966529846,4.0,-2.343146562576294,0.0,5.960464477539062e-07,0.0,4.6594632139979166e-08,4.6594632139979166e-08,4.6594632139979166e-08,2048,0,14,False
153958154-153958211-001,normal_columnar,baseline,20260804,False,3.0,-1.7573593854904175,3.0,-1.7573597431182861,0.0,3.5762786865234375e-07,0.0,2.7466063068508802e-08,2.7466063068508802e-08,2.7466063068508802e-08,2048,0,9,False
153958547-153958572-002,normal_columnar,baseline,20260804,False,2.0,-1.1715729236602783,2.0,-1.1715726852416992,0.0,2.384185791015625e-07,0.0,2.03910166348145e-08,2.03910166348145e-08,2.03910166348145e-08,2048,0,10,False
153958547-153958572-006,normal_columnar,baseline,20260804,False,0.0,0.0,0.0,0.0,0.0,0.0,0.0,0.0,0.0,0.0,2048,0,0,False
153958547-153958572-008,normal_columnar,baseline,20260804,False,1.0,-0.5857864618301392,1.0,-0.8284270763397217,0.0,0.24264061450958252,0.0,0.02056909282219936,0.02056909282219936,0.02056909282219936,2048,0,3,False
153958547-153958572-009,normal_columnar,baseline,20260804,False,0.0,0.0,0.0,0.0,0.0,0.0,0.0,0.0,0.0,0.0,2048,0,0,False
153958547-153958590-002,normal_columnar,baseline,20260804,False,34.0,-9.372583985328674,34.0,-9.372584104537964,0.0,1.1920928955078125e-07,0.0,8.324845163498614e-09,8.324845163498614e-09,8.324845163498614e-09,2048,0,64,False
154519964-154519981-001,light_dysplastic,baseline,20260804,False,24.0,-14.05887508392334,24.0,-14.058876156806946,0.0,1.0728836059570312e-06,0.0,5.88888888572349e-08,5.88888888572349e-08,5.88888888572349e-08,2048,0,52,False
157181481-157181497-004,normal_columnar,baseline,20260804,False,3.0,-1.7573596239089966,3.0,-1.7573598623275757,0.0,2.384185791015625e-07,0.0,2.0552673488335098e-08,2.0552673488335098e-08,2.0552673488335098e-08,2048,0,9,False
157181671-157181697-001,normal_superficiel,baseline,20260804,False,8.0,-4.686291694641113,8.0,-4.686291813850403,0.0,1.1920928955078125e-07,0.0,1.18433889939501e-08,1.18433889939501e-08,1.18433889939501e-08,2048,0,12,False
157183193-157183279-001,normal_superficiel,baseline,20260804,False,12.0,-7.02943754196167,12.0,-7.029437780380249,0.0,2.384185791015625e-07,0.0,2.4211413115088858e-08,2.4211413115088858e-08,2.4211413115088858e-08,2048,0,22,False
157183828-157183877-001,normal_intermediate,baseline,20260804,False,15.0,-8.786796927452087,15.0,-8.786797165870667,0.0,2.384185791015625e-07,0.0,2.0206908847752423e-08,2.0206908847752423e-08,2.0206908847752423e-08,2048,0,23,False
157183964-157183980-001,normal_superficiel,baseline,20260804,False,12.0,-7.029437780380249,12.0,-7.029438018798828,0.0,2.384185791015625e-07,0.0,2.4211413115088858e-08,2.4211413115088858e-08,2.4211413115088858e-08,2048,0,24,False
157184013-157184031-001,normal_superficiel,baseline,20260804,False,30.0,-7.615224242210388,30.0,-7.615224123001099,0.0,1.1920928955078125e-07,0.0,1.2142437550465726e-08,1.2142437550465726e-08,1.2142437550465726e-08,2048,0,56,False
157184850-157184920-002,normal_columnar,baseline,20260804,False,5.0,-2.928932309150696,5.0,-3.171572685241699,0.0,0.24264037609100342,0.0,0.018293662963040146,0.018293662963040146,0.018293662963040146,2048,0,13,False
157184850-157184942-001,normal_superficiel,baseline,20260804,False,7.0,-4.100505232810974,7.0,-4.100505232810974,0.0,0.0,0.0,0.0,0.0,0.0,2048,0,11,False
157185208-157185238-001,normal_superficiel,baseline,20260804,False,8.0,-4.686291694641113,8.0,-4.686291694641113,0.0,0.0,0.0,0.0,0.0,0.0,2048,0,12,False
157185433-157185479-002,normal_columnar,baseline,20260804,False,3.0,-1.7573593854904175,3.0,-1.7573596239089966,0.0,2.384185791015625e-07,0.0,2.0552673488335098e-08,2.0552673488335098e-08,2.0552673488335098e-08,2048,0,15,False
157185433-157185479-003,normal_columnar,baseline,20260804,False,0.0,0.0,0.0,0.0,0.0,0.0,0.0,0.0,0.0,0.0,2048,0,0,False
157185433-157185479-004,normal_columnar,baseline,20260804,False,0.0,0.0,0.0,0.0,0.0,0.0,0.0,0.0,0.0,0.0,2048,0,0,False
157185433-157185479-006,normal_columnar,baseline,20260804,False,1.0,0.0,1.0,0.0,0.0,0.0,0.0,0.0,0.0,0.0,2048,0,1,False
157185433-157185508-001,normal_columnar,baseline,20260804,False,2.0,-2.0000001192092896,2.0,-1.9999998807907104,0.0,2.384185791015625e-07,0.0,1.9677074400881644e-08,1.9677074400881644e-08,1.9677074400881644e-08,2048,0,8,False
157185730-157185758-001,normal_columnar,baseline,20260804,False,8.0,-5.514719009399414,8.0,-5.656854271888733,0.0,0.14213526248931885,0.0,0.008607251580341235,0.008607251580341235,0.008607251580341235,2048,0,18,False
157185781-157185793-003,normal_columnar,baseline,20260804,False,0.0,0.0,0.0,0.0,0.0,0.0,0.0,0.0,0.0,0.0,2048,0,0,False
157222534-157222607-001,normal_superficiel,baseline,20260804,False,8.0,-4.686291694641113,8.0,-4.686291813850403,0.0,1.1920928955078125e-07,0.0,1.3922508961363185e-08,1.3922508961363185e-08,1.3922508961363185e-08,2048,0,12,False
157222647-157222687-001,normal_intermediate,baseline,20260804,False,16.0,-9.372583389282227,16.0,-9.372583627700806,0.0,2.384185791015625e-07,0.0,1.8811795895667118e-08,1.8811795895667118e-08,1.8811795895667118e-08,2048,0,24,False
157222801-157222811-001,normal_intermediate,baseline,20260804,False,25.0,-9.958369731903076,25.0,-9.372584104537964,0.0,0.5857856273651123,0.0,0.05322845647153274,0.05322845647153274,0.05322845647153274,2048,0,61,False
157223549-157223570-001,normal_intermediate,baseline,20260804,False,20.0,-11.715729475021362,20.0,-11.715729594230652,0.0,1.1920928955078125e-07,0.0,1.0137332883574526e-08,1.0137332883574526e-08,1.0137332883574526e-08,2048,0,38,False
157224412-157224429-001,normal_superficiel,baseline,20260804,False,10.0,-3.514718770980835,10.0,-3.514718770980835,0.0,0.0,0.0,0.0,0.0,0.0,2048,0,18,False
157224458-157224464-001,normal_intermediate,baseline,20260804,False,24.0,-8.201010465621948,24.0,-8.201010942459106,0.0,4.76837158203125e-07,0.0,3.820214711794819e-08,3.820214711794819e-08,3.820214711794819e-08,2048,0,44,False
157224458-157224483-001,normal_superficiel,baseline,20260804,False,7.0,-4.100505232810974,7.0,-4.100505352020264,0.0,1.1920928955078125e-07,0.0,1.3172538858876501e-08,1.3172538858876501e-08,1.3172538858876501e-08,2048,0,9,False
157227058-157227087-001,normal_columnar,baseline,20260804,False,6.0,-3.5147188901901245,6.0,-3.4142136573791504,0.0,0.10050523281097412,0.0,0.005754567839744398,0.005754567839744398,0.005754567839744398,2048,0,10,False
157227461-157227503-003,normal_columnar,baseline,20260804,False,2.0,-2.0000003576278687,2.0,-2.000000834465027,0.0,4.76837158203125e-07,0.0,3.526300093602338e-08,3.526300093602338e-08,3.526300093602338e-08,2048,0,8,False
157266930-157266947-001,normal_columnar,baseline,20260804,False,4.0,-1.7573590278625488,4.0,-1.7573606967926025,0.0,1.6689300537109375e-06,0.0,1.1580825074099531e-07,1.1580825074099531e-07,1.1580825074099531e-07,2048,0,10,False
157268504-157268544-001,normal_superficiel,baseline,20260804,False,7.0,-4.100505232810974,7.0,-4.100505232810974,0.0,0.0,0.0,0.0,0.0,0.0,2048,0,11,False
158986766-158986776-001,normal_columnar,baseline,20260804,False,1.0,-0.5857867002487183,1.0,-0.5857869386672974,0.0,2.384185791015625e-07,0.0,1.7464452287007415e-08,1.7464452287007415e-08,1.7464452287007415e-08,2048,0,7,False
158986813-158986820-001,normal_columnar,baseline,20260804,False,1.0,-0.5857864618301392,1.0,-0.5857869386672974,0.0,4.76837158203125e-07,0.0,4.068005351534199e-08,4.068005351534199e-08,4.068005351534199e-08,2048,0,11,False
158986920-158986928-004,normal_columnar,baseline,20260804,False,2.0,-1.1715729236602783,2.0,-0.5857864618301392,0.0,0.5857864618301392,0.0,0.11382483673591631,0.11382483673591631,0.11382483673591631,2048,0,4,False
204870858-204870872-001,light_dysplastic,baseline,20260804,False,7.0,-4.100505471229553,7.0,-4.343146204948425,0.0,0.24264073371887207,0.0,0.01601881810536658,0.01601881810536658,0.01601881810536658,2048,0,15,False
204870951-204870961-002,light_dysplastic,baseline,20260804,False,53.0,-29.5319641828537,53.0,-29.188819408416748,0.0,0.3431447744369507,0.0,0.01161943622551801,0.01161943622551801,0.01161943622551801,2048,0,135,False
204871030-204871038-001,light_dysplastic,baseline,20260804,False,30.0,-17.573593974113464,30.0,-17.57359480857849,0.0,8.344650268554688e-07,0.0,4.3213076292213955e-08,4.3213076292213955e-08,4.3213076292213955e-08,2048,0,52,False
204871030-204871038-002,light_dysplastic,baseline,20260804,False,60.0,-35.14718842506409,60.0,-35.147189021110535,0.0,5.960464477539062e-07,0.0,1.695858116858232e-08,1.695858116858232e-08,1.695858116858232e-08,2048,0,118,False
209047342-209047443-001,normal_superficiel,baseline,20260804,False,26.0,-15.230448007583618,26.0,-15.230448365211487,0.0,3.5762786865234375e-07,0.0,2.3481112865115456e-08,2.3481112865115456e-08,2.3481112865115456e-08,2048,0,48,False
209047526-209047626-001,normal_intermediate,baseline,20260804,False,15.0,-8.786796927452087,15.0,-8.786797285079956,0.0,3.5762786865234375e-07,0.0,2.889237602555195e-08,2.889237602555195e-08,2.889237602555195e-08,2048,0,21,False
209047526-209047798-001,normal_superficiel,baseline,20260804,False,9.0,-5.272078156471252,9.0,-5.2720783948898315,0.0,2.384185791015625e-07,0.0,2.399496372100964e-08,2.399496372100964e-08,2.399496372100964e-08,2048,0,11,False
209307421-209307504-001,normal_intermediate,baseline,20260804,False,73.0,-14.05887508392334,73.0,-14.058875799179077,0.0,7.152557373046875e-07,0.0,5.0875744541083485e-08,5.0875744541083485e-08,5.0875744541083485e-08,2048,0,127,False
209522474-209522522-001,normal_intermediate,baseline,20260804,False,28.0,-16.64466154575348,28.0,-16.88730275630951,0.0,0.24264121055603027,0.0,0.014577719702443266,0.014577719702443266,0.014577719702443266,2048,0,60,False
209522940-209522970-001,normal_intermediate,baseline,20260804,False,20.0,-11.715729713439941,20.0,-11.71572995185852,0.0,2.384185791015625e-07,0.0,1.9092366563594462e-08,1.9092366563594462e-08,1.9092366563594462e-08,2048,0,38,False
209565409-209565503-001,normal_intermediate,baseline,20260804,False,17.0,-9.958369851112366,17.0,-9.958369851112366,0.0,0.0,0.0,0.0,0.0,0.0,2048,0,31,False
209565409-209565600-001,normal_intermediate,baseline,20260804,False,17.0,-7.615224003791809,17.0,-7.615224123001099,0.0,1.1920928955078125e-07,0.0,9.241730643270537e-09,9.241730643270537e-09,9.241730643270537e-09,2048,0,33,False
209565864-209565890-001,normal_intermediate,baseline,20260804,False,27.0,-15.816234707832336,27.0,-15.816235661506653,0.0,9.5367431640625e-07,0.0,6.029717780642078e-08,6.029717780642078e-08,6.029717780642078e-08,2048,0,51,False
209565864-209565911-001,normal_intermediate,baseline,20260804,False,18.0,-10.544156312942505,18.0,-10.544156670570374,0.0,3.5762786865234375e-07,0.0,2.8145208499827824e-08,2.8145208499827824e-08,2.8145208499827824e-08,2048,0,30,False
209566047-209566095-001,normal_intermediate,baseline,20260804,False,23.0,-13.4730886220932,23.0,-13.473089218139648,0.0,5.960464477539062e-07,0.0,4.423977786181173e-08,4.423977786181173e-08,4.423977786181173e-08,2048,0,41,False
209566205-209566247-001,normal_intermediate,baseline,20260804,False,20.0,-11.715729236602783,20.0,-11.715729475021362,0.0,2.384185791015625e-07,0.0,1.919460897777851e-08,1.919460897777851e-08,1.919460897777851e-08,2048,0,32,False
209566205-209566289-001,normal_intermediate,baseline,20260804,False,10.0,-5.857864618301392,10.0,-5.857864856719971,0.0,2.384185791015625e-07,0.0,1.872372057371928e-08,1.872372057371928e-08,1.872372057371928e-08,2048,0,16,False
209566399-209566485-001,normal_intermediate,baseline,20260804,False,16.0,-9.372583389282227,16.0,-9.372583508491516,0.0,1.1920928955078125e-07,0.0,9.290926366205217e-09,9.290926366205217e-09,9.290926366205217e-09,2048,0,22,False
148495842-148495854-001,light_dysplastic,baseline,20260805,False,3.0,-2.58578622341156,3.0,-2.343146324157715,0.0,0.24263989925384521,0.0,0.01616236075913624,0.01616236075913624,0.01616236075913624,2048,0,19,False
148497551-148497588-001,light_dysplastic,baseline,20260805,False,0.0,0.0,0.0,0.0,0.0,0.0,0.0,0.0,0.0,0.0,2048,0,0,False
148497788-148497816-002,light_dysplastic,baseline,20260805,False,21.0,-12.301517009735107,21.0,-12.544157028198242,0.0,0.24264001846313477,0.0,0.017792054159813667,0.017792054159813667,0.017792054159813667,2048,0,43,False
148503209-148503222-001,light_dysplastic,baseline,20260805,False,28.0,-16.402021765708923,28.0,-16.544156789779663,0.0,0.14213502407073975,0.0,0.007145054282625078,0.007145054282625078,0.007145054282625078,2048,0,42,False
148503209-148503231-001,light_dysplastic,baseline,20260805,False,39.0,-24.259886980056763,39.0,-24.502527117729187,0.0,0.24264013767242432,0.0,0.010001701074365706,0.010001701074365706,0.010001701074365706,2048,0,103,False
148503400-148503432-001,light_dysplastic,baseline,20260805,False,47.0,-24.845672130584717,47.0,-25.088314175605774,0.0,0.24264204502105713,0.0,0.009765968243715482,0.009765968243715482,0.009765968243715482,2048,0,113,False
148503568-148503580-002,light_dysplastic,baseline,20260805,False,10.0,-6.686292052268982,10.0,-6.68629264831543,0.0,5.960464477539062e-07,0.0,3.6188604961416045e-08,3.6188604961416045e-08,3.6188604961416045e-08,2048,0,26,False
148718455-148718461-001,light_dysplastic,baseline,20260805,False,72.0,-28.94617772102356,72.0,-29.18881893157959,0.0,0.24264121055603027,0.0,0.008382495709607987,0.008382495709607987,0.008382495709607987,2048,0,132,False
148719308-148719348-004,light_dysplastic,baseline,20260805,False,1.0,-0.585785984992981,1.0,-0.5857868194580078,0.0,8.344650268554688e-07,0.0,6.032640127136048e-08,6.032640127136048e-08,6.032640127136048e-08,2048,0,5,False
148719308-148719357-001,light_dysplastic,baseline,20260805,False,12.0,-7.029438018798828,12.0,-7.029438257217407,0.0,2.384185791015625e-07,0.0,1.634181912544472e-08,1.634181912544472e-08,1.634181912544472e-08,2048,0,30,False
148848523-148848559-002,moderate_dysplastic,baseline,20260805,False,1.0,-0.5857862234115601,1.0,-0.5857864618301392,0.0,2.384185791015625e-07,0.0,1.473051861782213e-08,1.473051861782213e-08,1.473051861782213e-08,2048,0,3,False
148881870-148882178-002,light_dysplastic,baseline,20260805,False,7.0,-4.100504279136658,7.0,-4.343145966529846,0.0,0.24264168739318848,0.0,0.016855093032496382,0.016855093032496382,0.016855093032496382,2048,0,21,False
148882307-148882323-001,light_dysplastic,baseline,20260805,False,52.0,-30.460896492004395,52.0,-30.46089780330658,0.0,1.3113021850585938e-06,0.0,4.3048706245490645e-08,4.3048706245490645e-08,4.3048706245490645e-08,2048,0,90,False
148882535-148882616-001,light_dysplastic,baseline,20260805,False,103.0,-62.963422894477844,103.0,-57.93398714065552,0.0,5.029435753822327,0.0,0.07987869023974917,0.07987869023974917,0.07987869023974917,2048,0,241,False
148882671-148882687-001,light_dysplastic,baseline,20260805,False,42.0,-25.43146026134491,42.0,-25.43146049976349,0.0,2.384185791015625e-07,0.0,9.37494648956324e-09,9.37494648956324e-09,9.37494648956324e-09,2048,0,98,False
149011613-149011656-001,light_dysplastic,baseline,20260805,False,38.0,-22.259885787963867,38.0,-22.259886145591736,0.0,3.5762786865234375e-07,0.0,1.6066024419843005e-08,1.6066024419843005e-08,1.6066024419843005e-08,2048,0,68,False
149013033-149013072-001,moderate_dysplastic,baseline,20260805,False,1.0,-0.5857865810394287,1.0,-0.5857869386672974,0.0,3.5762786865234375e-07,0.0,2.526228146029786e-08,2.526228146029786e-08,2.526228146029786e-08,2048,0,11,False
149014929-149014984-001,moderate_dysplastic,baseline,20260805,False,5.0,-2.928932309150696,5.0,-3.171573758125305,0.0,0.24264144897460938,0.0,0.01420769355922208,0.01420769355922208,0.01420769355922208,2048,0,17,False
149014929-149015008-003,moderate_dysplastic,baseline,20260805,False,12.0,-7.857865214347839,12.0,-8.000000238418579,0.0,0.14213502407073975,0.0,0.007992561583382945,0.007992561583382945,0.007992561583382945,2048,0,30,False
149014929-149015022-001,light_dysplastic,baseline,20260805,False,30.0,-11.715729594230652,30.0,-11.615224599838257,0.0,0.10050499439239502,0.0,0.005380401802641523,0.005380401802641523,0.005380401802641523,2048,0,56,False
149014929-149015022-002,light_dysplastic,baseline,20260805,False,22.0,-13.715729832649231,22.0,-13.715729713439941,0.0,1.1920928955078125e-07,0.0,6.647603205417452e-09,6.647603205417452e-09,6.647603205417452e-09,2048,0,56,False
149053341-149053350-001,moderate_dysplastic,baseline,20260805,False,15.0,-6.44365119934082,15.0,-6.4436516761779785,0.0,4.76837158203125e-07,0.0,3.020644346746301e-08,3.020644346746301e-08,3.020644346746301e-08,2048,0,31,False
149053945-149053969-001,moderate_dysplastic,baseline,20260805,False,5.0,-2.9289321899414062,5.0,-3.1715731620788574,0.0,0.24264097213745117,0.0,0.016967084300087053,0.016967084300087053,0.016967084300087053,2048,0,11,False
149053945-149053976-001,moderate_dysplastic,baseline,20260805,False,41.0,-14.058875560760498,41.0,-14.05887508392334,0.0,4.76837158203125e-07,0.0,3.13234422679037e-08,3.13234422679037e-08,3.13234422679037e-08,2048,0,75,False
149054642-149054677-003,light_dysplastic,baseline,20260805,False,4.0,-2.343145966529846,4.0,-2.3431462049484253,0.0,2.384185791015625e-07,0.0,1.7441758796645393e-08,1.7441758796645393e-08,1.7441758796645393e-08,2048,0,14,False
149056321-149056343-001,severe_dysplastic,baseline,20260805,False,31.0,-18.15938103199005,31.0,-18.058876037597656,0.0,0.10050499439239502,0.0,0.005475713542783377,0.005475713542783377,0.005475713542783377,2048,0,57,False
149056321-149056360-001,severe_dysplastic,baseline,20260805,False,6.0,-0.5857864618301392,6.0,-0.5857865810394287,0.0,1.1920928955078125e-07,0.0,8.168182814429872e-09,8.168182814429872e-09,8.168182814429872e-09,2048,0,10,False
149056410-149056458-001,severe_dysplastic,baseline,20260805,False,1.0,-0.5857865810394287,1.0,-0.585787296295166,0.0,7.152557373046875e-07,0.0,6.029729413232025e-08,6.029729413232025e-08,6.029729413232025e-08,2048,0,7,False
149056873-149056884-001,severe_dysplastic,baseline,20260805,False,4.0,-2.343145728111267,4.0,-2.3431458473205566,0.0,1.1920928955078125e-07,0.0,9.219284401145881e-09,9.219284401145881e-09,9.219284401145881e-09,2048,0,8,False
149056873-149056884-002,severe_dysplastic,baseline,20260805,False,3.0,-1.757359266281128,3.0,-1.7573604583740234,0.0,1.1920928955078125e-06,0.0,9.543635842614782e-08,9.543635842614782e-08,9.543635842614782e-08,2048,0,13,False
149056933-149056982-002,severe_dysplastic,baseline,20260805,False,2.0,-1.1715729236602783,2.0,-1.1715734004974365,0.0,4.76837158203125e-07,0.0,4.0854608452859506e-08,4.0854608452859506e-08,4.0854608452859506e-08,2048,0,14,False
149057756-149057766-002,moderate_dysplastic,baseline,20260805,False,4.0,-2.3431458473205566,4.0,-2.3431456089019775,0.0,2.384185791015625e-07,0.0,1.4156955238038967e-08,1.4156955238038967e-08,1.4156955238038967e-08,2048,0,14,False
149057756-149057788-002,moderate_dysplastic,baseline,20260805,False,23.0,87.05382192134857,23.0,86.40916121006012,0.0,0.6446607112884521,0.0,0.007405311990447593,0.007405311990447593,0.007405311990447593,2048,0,83,False
149057812-149057825-003,moderate_dysplastic,baseline,20260805,False,23.0,-13.473089337348938,23.0,-13.473090171813965,0.0,8.344650268554688e-07,0.0,4.785465596476193e-08,4.785465596476193e-08,4.785465596476193e-08,2048,0,51,False
149057812-149057825-005,moderate_dysplastic,baseline,20260805,False,0.0,0.0,0.0,0.0,0.0,0.0,0.0,0.0,0.0,0.0,2048,0,0,False
149057812-149057847-004,moderate_dysplastic,baseline,20260805,False,2.0,-1.1715729236602783,2.0,-1.1715734004974365,0.0,4.76837158203125e-07,0.0,3.26278948518076e-08,3.26278948518076e-08,3.26278948518076e-08,2048,0,14,False
149057812-149057847-005,moderate_dysplastic,baseline,20260805,False,8.0,-4.686291575431824,8.0,-4.68629252910614,0.0,9.5367431640625e-07,0.0,5.845065913065821e-08,5.845065913065821e-08,5.845065913065821e-08,2048,0,30,False
149058262-149058272-003,moderate_dysplastic,baseline,20260805,False,4.0,-2.343145251274109,4.0,-2.343145728111267,0.0,4.76837158203125e-07,0.0,2.8490994567847184e-08,2.8490994567847184e-08,2.8490994567847184e-08,2048,0,18,False
149061666-149061699-003,moderate_dysplastic,baseline,20260805,False,6.0,-3.514719247817993,6.0,-3.5147193670272827,0.0,1.1920928955078125e-07,0.0,7.941321744360578e-09,7.941321744360578e-09,7.941321744360578e-09,2048,0,30,False
149095913-149095926-001,light_dysplastic,baseline,20260805,False,114.0,2.468035578727722,114.0,2.4264055490493774,0.0,0.04163002967834473,0.0,0.0023824084769759344,0.0023824084769759344,0.0023824084769759344,2048,0,130,False
149097324-149097373-001,moderate_dysplastic,baseline,20260805,False,10.0,-5.857865214347839,10.0,-5.85786497592926,0.0,2.384185791015625e-07,0.0,1.4445388991468404e-08,1.4445388991468404e-08,1.4445388991468404e-08,2048,0,32,False
149097594-149097637-001,moderate_dysplastic,baseline,20260805,False,36.0,-16.98780846595764,36.0,-16.887303352355957,0.0,0.10050511360168457,0.0,0.005238425115217098,0.005238425115217098,0.005238425115217098,2048,0,76,False
149097594-149097637-002,moderate_dysplastic,baseline,20260805,False,0.0,0.0,0.0,0.0,0.0,0.0,0.0,0.0,0.0,0.0,2048,0,0,False
149098972-149098988-002,severe_dysplastic,baseline,20260805,False,4.0,-2.3431458473205566,4.0,-2.585787057876587,0.0,0.24264121055603027,0.0,0.01598507553096984,0.01598507553096984,0.01598507553096984,2048,0,20,False
149099096-149099104-001,severe_dysplastic,baseline,20260805,False,0.0,0.0,0.0,0.0,0.0,0.0,0.0,0.0,0.0,0.0,2048,0,0,False
149099276-149099290-001,light_dysplastic,baseline,20260805,False,60.0,-25.188817858695984,60.0,-25.18881893157959,0.0,1.0728836059570312e-06,0.0,4.259364659253501e-08,4.259364659253501e-08,4.259364659253501e-08,2048,0,104,False
149099276-149099290-002,light_dysplastic,baseline,20260805,False,38.0,-22.259885907173157,38.0,-22.259886860847473,0.0,9.5367431640625e-07,0.0,4.284273155681056e-08,4.284273155681056e-08,4.284273155681056e-08,2048,0,72,False
149099502-149099525-002,light_dysplastic,baseline,20260805,False,30.0,-17.573593974113464,30.0,-17.57359528541565,0.0,1.3113021850585938e-06,0.0,7.461775815409125e-08,7.461775815409125e-08,7.461775815409125e-08,2048,0,62,False
149100006-149100028-002,severe_dysplastic,baseline,20260805,False,7.0,-6.343145966529846,7.0,-6.000000715255737,0.0,0.3431452512741089,0.0,0.025295327420069333,0.025295327420069333,0.025295327420069333,2048,0,27,False
149100064-149100072-001,moderate_dysplastic,baseline,20260805,False,52.0,-30.703536987304688,52.0,-30.36039161682129,0.0,0.34314537048339844,0.0,0.011176086019838117,0.011176086019838117,0.011176086019838117,2048,0,98,False
149101620-149101650-001,moderate_dysplastic,baseline,20260805,False,10.0,-5.857864856719971,10.0,-5.85786497592926,0.0,1.1920928955078125e-07,0.0,7.278241346645515e-09,7.278241346645515e-09,7.278241346645515e-09,2048,0,28,False
149102442-149102451-001,light_dysplastic,baseline,20260805,False,1.0,-0.5857864618301392,1.0,-0.5857867002487183,0.0,2.384185791015625e-07,0.0,1.5603249050411924e-08,1.5603249050411924e-08,1.5603249050411924e-08,2048,0,7,False
149102510-149102519-001,moderate_dysplastic,baseline,20260805,False,14.0,-5.272078037261963,14.0,-5.272078633308411,0.0,5.960464477539062e-07,0.0,3.836782367536902e-08,3.836782367536902e-08,3.836782367536902e-08,2048,0,24,False
149105003-149105050-001,light_dysplastic,baseline,20260805,False,14.0,-2.3431460857391357,14.0,-2.5857869386672974,0.0,0.24264085292816162,0.0,0.016888825173025073,0.016888825173025073,0.016888825173025073,2048,0,26,False
149105289-149105300-001,moderate_dysplastic,baseline,20260805,False,0.0,0.0,0.0,0.0,0.0,0.0,0.0,0.0,0.0,0.0,2048,0,0,False
149105289-149105300-002,moderate_dysplastic,baseline,20260805,False,11.0,-1.1715729236602783,11.0,-1.171573519706726,0.0,5.960464477539062e-07,0.0,3.643784498226951e-08,3.643784498226951e-08,3.643784498226951e-08,2048,0,23,False
149105289-149105311-001,moderate_dysplastic,baseline,20260805,False,11.0,-3.5147191286087036,11.0,-3.5147194862365723,0.0,3.5762786865234375e-07,0.0,2.3961844710559634e-08,2.3961844710559634e-08,2.3961844710559634e-08,2048,0,29,False
149105289-149105311-003,moderate_dysplastic,baseline,20260805,False,13.0,-8.44365131855011,13.0,-8.585786700248718,0.0,0.1421353816986084,0.0,0.007678680883810122,0.007678680883810122,0.007678680883810122,2048,0,41,False
149105289-149105311-004,moderate_dysplastic,baseline,20260805,False,24.0,-4.686292052268982,24.0,-4.585787415504456,0.0,0.10050463676452637,0.0,0.0052629882002724546,0.0052629882002724546,0.0052629882002724546,2048,0,52,False
149140081-149140096-002,moderate_dysplastic,baseline,20260805,False,35.0,-18.98780846595764,35.0,-18.786797642707825,0.0,0.2010108232498169,0.0,0.010487255545053266,0.010487255545053266,0.010487255545053266,2048,0,49,False
149140849-149140856-001,moderate_dysplastic,baseline,20260805,False,32.0,-18.74516773223877,32.0,-18.644663214683533,0.0,0.10050451755523682,0.0,0.004802252463926412,0.004802252463926412,0.004802252463926412,2048,0,68,False
149143028-149143108-002,severe_dysplastic,baseline,20260805,False,7.0,-4.100504994392395,7.0,-4.1005061864852905,0.0,1.1920928955078125e-06,0.0,8.37697502837476e-08,8.37697502837476e-08,8.37697502837476e-08,2048,0,33,False
149143469-149143497-003,severe_dysplastic,baseline,20260805,False,7.0,-4.100505232810974,7.0,-4.100505590438843,0.0,3.5762786865234375e-07,0.0,2.5568365217083687e-08,2.5568365217083687e-08,2.5568365217083687e-08,2048,0,19,False
149146837-149146854-001,carcinoma_in_situ,baseline,20260805,False,1.0,-0.5857864618301392,1.0,-0.5857878923416138,0.0,1.430511474609375e-06,0.0,8.912500452089591e-08,8.912500452089591e-08,8.912500452089591e-08,2048,0,13,False
149181904-149181927-001,carcinoma_in_situ,baseline,20260805,False,4.0,-2.343145489692688,4.0,-2.343145728111267,0.0,2.384185791015625e-07,0.0,1.7728723318090654e-08,1.7728723318090654e-08,1.7728723318090654e-08,2048,0,16,False
149181904-149181951-001,carcinoma_in_situ,baseline,20260805,False,1.0,-0.5857865810394287,1.0,-0.5857863426208496,0.0,2.384185791015625e-07,0.0,1.7603326074682267e-08,1.7603326074682267e-08,1.7603326074682267e-08,2048,0,3,False
149182125-149182135-002,carcinoma_in_situ,baseline,20260805,False,1.0,-0.585785984992981,1.0,-0.5857864618301392,0.0,4.76837158203125e-07,0.0,3.160838774488693e-08,3.160838774488693e-08,3.160838774488693e-08,2048,0,5,False
149182657-149182667-001,carcinoma_in_situ,baseline,20260805,False,5.0,-2.9289320707321167,5.0,-2.9289329051971436,0.0,8.344650268554688e-07,0.0,6.137550933559413e-08,6.137550933559413e-08,6.137550933559413e-08,2048,0,29,False
149182657-149182681-002,carcinoma_in_situ,baseline,20260805,False,5.0,-2.9289324283599854,5.0,-2.9289326667785645,0.0,2.384185791015625e-07,0.0,1.8266135753342778e-08,1.8266135753342778e-08,1.8266135753342778e-08,2048,0,19,False
149182657-149182698-003,carcinoma_in_situ,baseline,20260805,False,2.0,-1.1715730428695679,2.0,-1.1715728044509888,0.0,2.384185791015625e-07,0.0,1.6638161415292255e-08,1.6638161415292255e-08,1.6638161415292255e-08,2048,0,4,False
149185604-149185616-001,carcinoma_in_situ,baseline,20260805,False,11.0,-6.343146085739136,11.0,-6.585787415504456,0.0,0.24264132976531982,0.0,0.013859734392370787,0.013859734392370787,0.013859734392370787,2048,0,33,False
149185604-149185645-003,carcinoma_in_situ,baseline,20260805,False,2.0,0.0,2.0,0.0,0.0,0.0,0.0,0.0,0.0,0.0,2048,0,2,False
149185604-149185657-001,carcinoma_in_situ,baseline,20260805,False,6.0,-3.514719247817993,6.0,-3.514720320701599,0.0,1.0728836059570312e-06,0.0,7.720876141753992e-08,7.720876141753992e-08,7.720876141753992e-08,2048,0,22,False
149185698-149185709-002,carcinoma_in_situ,baseline,20260805,False,8.0,-4.686290979385376,8.0,-4.686292886734009,0.0,1.9073486328125e-06,0.0,1.2504803522641558e-07,1.2504803522641558e-07,1.2504803522641558e-07,2048,0,30,False
149185788-149185824-001,carcinoma_in_situ,baseline,20260805,False,1.0,-0.5857864618301392,1.0,-0.5857864618301392,0.0,0.0,0.0,0.0,0.0,0.0,2048,0,1,False
149190861-149190868-001,moderate_dysplastic,baseline,20260805,False,66.0,-30.460896253585815,66.0,-30.46089768409729,0.0,1.430511474609375e-06,0.0,4.69622253626558e-08,4.69622253626558e-08,4.69622253626558e-08,2048,0,140,False
149314453-149314465-001,carcinoma_in_situ,baseline,20260805,False,2.0,-1.1715729236602783,2.0,-1.171573519706726,0.0,5.960464477539062e-07,0.0,4.381090555227295e-08,4.381090555227295e-08,4.381090555227295e-08,2048,0,12,False
149314453-149314507-001,carcinoma_in_situ,baseline,20260805,False,0.0,0.0,0.0,0.0,0.0,0.0,0.0,0.0,0.0,0.0,2048,0,0,False
149314453-149314507-002,carcinoma_in_situ,baseline,20260805,False,2.0,-1.1715729236602783,2.0,-1.4142138957977295,0.0,0.24264097213745117,0.0,0.019688409171033483,0.019688409171033483,0.019688409171033483,2048,0,6,False
149314679-149314698-001,carcinoma_in_situ,baseline,20260805,False,5.0,-2.9289318323135376,5.0,-2.928933024406433,0.0,1.1920928955078125e-06,0.0,7.875214840585017e-08,7.875214840585017e-08,7.875214840585017e-08,2048,0,21,False
149315229-149315310-001,severe_dysplastic,baseline,20260805,False,9.0,-5.2720783948898315,9.0,-5.272079229354858,0.0,8.344650268554688e-07,0.0,4.747916716230865e-08,4.747916716230865e-08,4.747916716230865e-08,2048,0,29,False
149315671-149315731-001,carcinoma_in_situ,baseline,20260805,False,8.0,-4.686292290687561,8.0,-4.6862921714782715,0.0,1.1920928955078125e-07,0.0,7.632132181364283e-09,7.632132181364283e-09,7.632132181364283e-09,2048,0,24,False
149315671-149315740-001,carcinoma_in_situ,baseline,20260805,False,4.0,-1.7573597431182861,4.0,-1.7573597431182861,0.0,0.0,0.0,0.0,0.0,0.0,2048,0,12,False
149316426-149316462-004,carcinoma_in_situ,baseline,20260805,False,3.0,-1.757359504699707,3.0,-1.7573601007461548,0.0,5.960464477539062e-07,0.0,4.713895799942995e-08,4.713895799942995e-08,4.713895799942995e-08,2048,0,15,False
149316754-149316779-002,moderate_dysplastic,baseline,20260805,False,7.0,-4.9289326667785645,7.0,-4.928932309150696,0.0,3.5762786865234375e-07,0.0,2.3300297671500035e-08,2.3300297671500035e-08,2.3300297671500035e-08,2048,0,15,False
149317002-149317010-002,severe_dysplastic,baseline,20260805,False,5.0,-2.928932309150696,5.0,-3.171572685241699,0.0,0.24264037609100342,0.0,0.018613835137210787,0.018613835137210787,0.018613835137210787,2048,0,15,False
149317204-149317230-002,severe_dysplastic,baseline,20260805,False,2.0,-1.1715730428695679,2.0,-1.1715731620788574,0.0,1.1920928955078125e-07,0.0,8.680156288179505e-09,8.680156288179505e-09,8.680156288179505e-09,2048,0,10,False
149788987-149788996-003,light_dysplastic,baseline,20260805,False,34.0,-19.91673994064331,34.0,-20.159381866455078,0.0,0.24264192581176758,0.0,0.012182813378841069,0.012182813378841069,0.012182813378841069,2048,0,74,False
153268807-153268826-001,light_dysplastic,baseline,20260805,False,41.0,-24.017244935035706,41.0,-24.017245650291443,0.0,7.152557373046875e-07,0.0,2.978092363380497e-08,2.978092363380497e-08,2.978092363380497e-08,2048,0,73,False
153276386-153276405-001,moderate_dysplastic,baseline,20260805,False,4.0,-3.1715728044509888,4.0,-3.414214015007019,0.0,0.24264121055603027,0.0,0.015350122541238317,0.015350122541238317,0.015350122541238317,2048,0,12,False
153276386-153276405-002,moderate_dysplastic,baseline,20260805,False,12.0,-6.44365131855011,12.0,-6.443652033805847,0.0,7.152557373046875e-07,0.0,4.302928257888315e-08,4.302928257888315e-08,4.302928257888315e-08,2048,0,34,False
153276386-153276414-001,moderate_dysplastic,baseline,20260805,False,2.0,-1.1715730428695679,2.0,-1.1715742349624634,0.0,1.1920928955078125e-06,0.0,7.536320735853182e-08,7.536320735853182e-08,7.536320735853182e-08,2048,0,14,False
153314466-153314473-003,light_dysplastic,baseline,20260805,False,53.0,-18.745167016983032,53.0,-18.987808227539062,0.0,0.24264121055603027,0.0,0.012944201048526187,0.012944201048526187,0.012944201048526187,2048,0,101,False
153654869-153654880-001,severe_dysplastic,baseline,20260805,False,27.0,-10.100505471229553,27.0,-10.242641687393188,0.0,0.14213621616363525,0.0,0.007803016903772376,0.007803016903772376,0.007803016903772376,2048,0,37,False
153655016-153655039-005,severe_dysplastic,baseline,20260805,False,3.0,-1.7573596239089966,3.0,-1.7573593854904175,0.0,2.384185791015625e-07,0.0,1.8925049484538535e-08,1.8925049484538535e-08,1.8925049484538535e-08,2048,0,7,False
153655087-153655101-002,severe_dysplastic,baseline,20260805,False,8.0,-2.3431458473205566,8.0,-2.343145966529846,0.0,1.1920928955078125e-07,0.0,9.187152567919362e-09,9.187152567919362e-09,9.187152567919362e-09,2048,0,14,False
153656862-153656873-001,light_dysplastic,baseline,20260805,False,15.0,-8.786797046661377,15.0,-8.786797761917114,0.0,7.152557373046875e-07,0.0,4.450685118489141e-08,4.450685118489141e-08,4.450685118489141e-08,2048,0,51,False
153657121-153657160-001,severe_dysplastic,baseline,20260805,False,3.0,-1.757359504699707,3.0,-2.0000003576278687,0.0,0.24264085292816162,0.0,0.015416325574742979,0.015416325574742979,0.015416325574742979,2048,0,15,False
153659229-153659264-001,severe_dysplastic,baseline,20260805,False,2.0,-1.1715730428695679,2.0,-1.1715734004974365,0.0,3.5762786865234375e-07,0.0,2.3154769618776746e-08,2.3154769618776746e-08,2.3154769618776746e-08,2048,0,6,False
153697342-153697375-001,moderate_dysplastic,baseline,20260805,False,3.0,-1.7573593854904175,3.0,-1.7573604583740234,0.0,1.0728836059570312e-06,0.0,7.690770309406225e-08,7.690770309406225e-08,7.690770309406225e-08,2048,0,17,False
153697342-153697384-001,moderate_dysplastic,baseline,20260805,False,2.0,-1.1715728044509888,2.0,-1.1715734004974365,0.0,5.960464477539062e-07,0.0,4.279095177212681e-08,4.279095177212681e-08,4.279095177212681e-08,2048,0,8,False
153697726-153697736-001,light_dysplastic,baseline,20260805,False,46.0,-26.9461772441864,46.0,-26.946178436279297,0.0,1.1920928955078125e-06,0.0,4.423977786181173e-08,4.423977786181173e-08,4.423977786181173e-08,2048,0,74,False
153701009-153701019-002,light_dysplastic,baseline,20260805,False,10.0,-6.686292052268982,10.0,-6.585787653923035,0.0,0.10050439834594727,0.0,0.005764254881620689,0.005764254881620689,0.005764254881620689,2048,0,32,False
153701622-153701650-001,moderate_dysplastic,baseline,20260805,False,5.0,-2.928932547569275,5.0,-3.171573758125305,0.0,0.24264121055603027,0.0,0.015492952441553076,0.015492952441553076,0.015492952441553076,2048,0,23,False
153701949-153701958-001,light_dysplastic,baseline,20260805,False,26.0,-15.230449676513672,26.0,-15.230448961257935,0.0,7.152557373046875e-07,0.0,3.918179776941627e-08,3.918179776941627e-08,3.918179776941627e-08,2048,0,54,False
153702037-153702051-003,light_dysplastic,baseline,20260805,False,11.0,-6.4436516761779785,11.0,-6.443651795387268,0.0,1.1920928955078125e-07,0.0,6.654276354075338e-09,6.654276354075338e-09,6.654276354075338e-09,2048,0,33,False
153826963-153826970-001,severe_dysplastic,baseline,20260805,False,12.0,-5.5147188901901245,12.0,-5.414214491844177,0.0,0.10050439834594727,0.0,0.006505262622817441,0.006505262622817441,0.006505262622817441,2048,0,28,False
153826963-153826982-003,severe_dysplastic,baseline,20260805,False,4.0,-2.343145728111267,4.0,-2.5857850313186646,0.0,0.24263930320739746,0.0,0.013793866219535886,0.013793866219535886,0.013793866219535886,2048,0,30,False
153827595-153827657-002,carcinoma_in_situ,baseline,20260805,False,3.0,-1.7573591470718384,3.0,-1.7573598623275757,0.0,7.152557373046875e-07,0.0,5.144019828304352e-08,5.144019828304352e-08,5.144019828304352e-08,2048,0,11,False
153828877-153828902-002,severe_dysplastic,baseline,20260805,False,4.0,-2.3431460857391357,4.0,-2.3431453704833984,0.0,7.152557373046875e-07,0.0,4.482684614089008e-08,4.482684614089008e-08,4.482684614089008e-08,2048,0,10,False
153828952-153828970-001,severe_dysplastic,baseline,20260805,False,1.0,-0.5857864618301392,1.0,-0.5857864618301392,0.0,0.0,0.0,0.0,0.0,0.0,2048,0,3,False
153828952-153829005-001,severe_dysplastic,baseline,20260805,False,9.0,-6.343145966529846,9.0,-6.100505709648132,0.0,0.24264025688171387,0.0,0.013970151595110093,0.013970151595110093,0.013970151595110093,2048,0,13,False
153828952-153829005-002,severe_dysplastic,baseline,20260805,False,4.0,-1.1715730428695679,4.0,-1.1715729236602783,0.0,1.1920928955078125e-07,0.0,7.651179963709106e-09,7.651179963709106e-09,7.651179963709106e-09,2048,0,12,False
153829664-153829672-001,light_dysplastic,baseline,20260805,False,46.0,-26.94617748260498,46.0,-26.946178436279297,0.0,9.5367431640625e-07,0.0,3.5391821976304114e-08,3.5391821976304114e-08,3.5391821976304114e-08,2048,0,82,False
153829745-153829768-001,severe_dysplastic,baseline,20260805,False,17.0,-9.958370327949524,17.0,-9.958370327949524,0.0,0.0,0.0,0.0,0.0,0.0,2048,0,33,False
153829745-153829768-003,severe_dysplastic,baseline,20260805,False,9.0,-5.272079110145569,9.0,-5.272079348564148,0.0,2.384185791015625e-07,0.0,1.4003680771341504e-08,1.4003680771341504e-08,1.4003680771341504e-08,2048,0,33,False
153830680-153830827-002,severe_dysplastic,baseline,20260805,False,4.0,-2.3431466817855835,4.0,-2.585786461830139,0.0,0.24263978004455566,0.0,0.01640535687455958,0.01640535687455958,0.01640535687455958,2048,0,8,False
153831352-153831372-004,severe_dysplastic,baseline,20260805,False,19.0,-8.100505471229553,19.0,-8.343146443367004,0.0,0.24264097213745117,0.0,0.013492107485183192,0.013492107485183192,0.013492107485183192,2048,0,35,False
153915432-153915441-002,severe_dysplastic,baseline,20260805,False,7.0,-3.514719247817993,7.0,-3.757360577583313,0.0,0.24264132976531982,0.0,0.014476414986867504,0.014476414986867504,0.014476414986867504,2048,0,21,False
153915432-153915472-001,severe_dysplastic,baseline,20260805,False,20.0,-10.786797761917114,20.0,-10.928933024406433,0.0,0.14213526248931885,0.0,0.007957590696913265,0.007957590696913265,0.007957590696913265,2048,0,54,False
153915726-153915736-001,severe_dysplastic,baseline,20260805,False,16.0,-12.686292171478271,16.0,-12.786797881126404,0.0,0.10050570964813232,0.0,0.006502610058960002,0.006502610058960002,0.006502610058960002,2048,0,62,False
153916114-153916129-002,severe_dysplastic,baseline,20260805,False,34.0,-19.91674053668976,34.0,-19.916740775108337,0.0,2.384185791015625e-07,0.0,1.1970762919884311e-08,1.1970762919884311e-08,1.1970762919884311e-08,2048,0,78,False
153916114-153916150-001,carcinoma_in_situ,baseline,20260805,False,6.0,-3.514718770980835,6.0,-3.7573598623275757,0.0,0.24264109134674072,0.0,0.01642745546353346,0.01642745546353346,0.01642745546353346,2048,0,14,False
153916114-153916167-001,carcinoma_in_situ,baseline,20260805,False,3.0,-1.7573596239089966,3.0,-2.000000238418579,0.0,0.24264061450958252,0.0,0.01627518666492074,0.01627518666492074,0.01627518666492074,2048,0,13,False
153916569-153916586-001,carcinoma_in_situ,baseline,20260805,False,9.0,-5.272077441215515,9.0,-5.1715734004974365,0.0,0.10050404071807861,0.0,0.006989696858651684,0.006989696858651684,0.006989696858651684,2048,0,29,False
153956040-153956058-001,normal_columnar,baseline,20260805,False,9.0,-5.2720783948898315,9.0,-5.27207887172699,0.0,4.76837158203125e-07,0.0,3.5635125495438985e-08,3.5635125495438985e-08,3.5635125495438985e-08,2048,0,17,False
153956040-153956058-003,normal_columnar,baseline,20260805,False,6.0,-0.5857864618301392,6.0,-0.5857867002487183,0.0,2.384185791015625e-07,0.0,1.7317718825030012e-08,1.7317718825030012e-08,1.7317718825030012e-08,2048,0,12,False
153956040-153956072-003,normal_columnar,baseline,20260805,False,7.0,-4.100505709648132,7.0,-4.100505828857422,0.0,1.1920928955078125e-07,0.0,9.580958005305597e-09,9.580958005305597e-09,9.580958005305597e-09,2048,0,19,False
153956444-153956458-004,normal_columnar,baseline,20260805,False,6.0,-3.514719009399414,6.0,-3.5147191286087036,0.0,1.1920928955078125e-07,0.0,9.32871253666022e-09,9.32871253666022e-09,9.32871253666022e-09,2048,0,20,False
153958154-153958211-001,normal_columnar,baseline,20260805,False,6.0,-4.343146324157715,6.0,-4.585786461830139,0.0,0.24264013767242432,0.0,0.017834657334830573,0.017834657334830573,0.017834657334830573,2048,0,18,False
153958547-153958572-002,normal_columnar,baseline,20260805,False,1.0,-0.5857864618301392,1.0,-0.5857864618301392,0.0,0.0,0.0,0.0,0.0,0.0,2048,0,1,False
153958547-153958572-006,normal_columnar,baseline,20260805,False,2.0,-1.1715729236602783,2.0,-1.1715726852416992,0.0,2.384185791015625e-07,0.0,2.027898319099392e-08,2.027898319099392e-08,2.027898319099392e-08,2048,0,6,False
153958547-153958572-008,normal_columnar,baseline,20260805,False,1.0,-0.5857865810394287,1.0,-0.5857865810394287,0.0,0.0,0.0,0.0,0.0,0.0,2048,0,5,False
153958547-153958572-009,normal_columnar,baseline,20260805,False,2.0,-1.1715731620788574,2.0,-1.1715726852416992,0.0,4.76837158203125e-07,0.0,4.076705068391654e-08,4.076705068391654e-08,4.076705068391654e-08,2048,0,8,False
153958547-153958590-002,normal_columnar,baseline,20260805,False,38.0,0.18376517295837402,38.0,0.28427064418792725,0.0,0.10050547122955322,0.0,0.006908618777513837,0.006908618777513837,0.006908618777513837,2048,0,64,False
154519964-154519981-001,light_dysplastic,baseline,20260805,False,25.0,-16.058876037597656,25.0,-15.958370804786682,0.0,0.10050523281097412,0.0,0.0053164743108507365,0.0053164743108507365,0.0053164743108507365,2048,0,51,False
157181481-157181497-004,normal_columnar,baseline,20260805,False,5.0,-2.9289320707321167,5.0,-2.928933024406433,0.0,9.5367431640625e-07,0.0,8.282850977565787e-08,8.282850977565787e-08,8.282850977565787e-08,2048,0,17,False
157181671-157181697-001,normal_superficiel,baseline,20260805,False,12.0,-7.02943754196167,12.0,-7.029437780380249,0.0,2.384185791015625e-07,0.0,2.115868015816147e-08,2.115868015816147e-08,2.115868015816147e-08,2048,0,18,False
157183193-157183279-001,normal_superficiel,baseline,20260805,False,10.0,-5.857864618301392,10.0,-5.857864737510681,0.0,1.1920928955078125e-07,0.0,1.2033233612570273e-08,1.2033233612570273e-08,1.2033233612570273e-08,2048,0,14,False
157183828-157183877-001,normal_intermediate,baseline,20260805,False,17.0,-9.958369851112366,17.0,-9.958370089530945,0.0,2.384185791015625e-07,0.0,1.8965065417005483e-08,1.8965065417005483e-08,1.8965065417005483e-08,2048,0,27,False
157183964-157183980-001,normal_superficiel,baseline,20260805,False,12.0,-7.02943754196167,12.0,-7.029437780380249,0.0,2.384185791015625e-07,0.0,2.4211413115088858e-08,2.4211413115088858e-08,2.4211413115088858e-08,2048,0,18,False
157184013-157184031-001,normal_superficiel,baseline,20260805,False,42.0,-5.857864618301392,42.0,-5.85786509513855,0.0,4.76837158203125e-07,0.0,4.813293445028109e-08,4.813293445028109e-08,4.813293445028109e-08,2048,0,64,False
157184850-157184920-002,normal_columnar,baseline,20260805,False,3.0,-1.757359504699707,3.0,-1.757359504699707,0.0,0.0,0.0,0.0,0.0,0.0,2048,0,13,False
157184850-157184942-001,normal_superficiel,baseline,20260805,False,6.0,-3.514718770980835,6.0,-3.514718770980835,0.0,0.0,0.0,0.0,0.0,0.0,2048,0,6,False
157185208-157185238-001,normal_superficiel,baseline,20260805,False,8.0,-4.686291694641113,8.0,-4.686291933059692,0.0,2.384185791015625e-07,0.0,2.259777966624376e-08,2.259777966624376e-08,2.259777966624376e-08,2048,0,12,False
157185433-157185479-002,normal_columnar,baseline,20260805,False,1.0,-0.5857867002487183,1.0,-0.5857868194580078,0.0,1.1920928955078125e-07,0.0,1.0386066082790867e-08,1.0386066082790867e-08,1.0386066082790867e-08,2048,0,5,False
157185433-157185479-003,normal_columnar,baseline,20260805,False,1.0,-0.5857864618301392,1.0,-0.5857864618301392,0.0,0.0,0.0,0.0,0.0,0.0,2048,0,3,False
157185433-157185479-004,normal_columnar,baseline,20260805,False,2.0,-1.1715730428695679,2.0,-1.4142141342163086,0.0,0.24264109134674072,0.0,0.020286849941198087,0.020286849941198087,0.020286849941198087,2048,0,8,False
157185433-157185479-006,normal_columnar,baseline,20260805,False,3.0,-0.5857864618301392,3.0,-0.5857864618301392,0.0,0.0,0.0,0.0,0.0,0.0,2048,0,5,False
157185433-157185508-001,normal_columnar,baseline,20260805,False,1.0,-0.5857864618301392,1.0,-0.5857863426208496,0.0,1.1920928955078125e-07,0.0,9.745111616992455e-09,9.745111616992455e-09,9.745111616992455e-09,2048,0,5,False
157185730-157185758-001,normal_columnar,baseline,20260805,False,3.0,-1.757359504699707,3.0,-1.7573593854904175,0.0,1.1920928955078125e-07,0.0,7.58672676145498e-09,7.58672676145498e-09,7.58672676145498e-09,2048,0,9,False
157185781-157185793-003,normal_columnar,baseline,20260805,False,0.0,0.0,0.0,0.0,0.0,0.0,0.0,0.0,0.0,0.0,2048,0,0,False
157222534-157222607-001,normal_superficiel,baseline,20260805,False,7.0,-4.100505232810974,7.0,-4.100505232810974,0.0,0.0,0.0,0.0,0.0,0.0,2048,0,11,False
157222647-157222687-001,normal_intermediate,baseline,20260805,False,18.0,-10.544156312942505,18.0,-10.301516056060791,0.0,0.24264025688171387,0.0,0.018639513893528085,0.018639513893528085,0.018639513893528085,2048,0,30,False
157222801-157222811-001,normal_intermediate,baseline,20260805,False,20.0,-11.715729355812073,20.0,-11.715729713439941,0.0,3.5762786865234375e-07,0.0,3.052544641404913e-08,3.052544641404913e-08,3.052544641404913e-08,2048,0,44,False
157223549-157223570-001,normal_intermediate,baseline,20260805,False,25.0,-12.887302160263062,25.0,-12.544156432151794,0.0,0.3431457281112671,0.0,0.026626653417759442,0.026626653417759442,0.026626653417759442,2048,0,61,False
157224412-157224429-001,normal_superficiel,baseline,20260805,False,14.0,-4.686291694641113,14.0,-4.686291813850403,0.0,1.1920928955078125e-07,0.0,1.1101192419327594e-08,1.1101192419327594e-08,1.1101192419327594e-08,2048,0,30,False
157224458-157224464-001,normal_intermediate,baseline,20260805,False,33.0,-10.544156312942505,33.0,-10.544156670570374,0.0,3.5762786865234375e-07,0.0,2.669639084671001e-08,2.669639084671001e-08,2.669639084671001e-08,2048,0,65,False
157224458-157224483-001,normal_superficiel,baseline,20260805,False,6.0,-3.514718770980835,5.0,-3.5147188901901245,1.0,1.1920928955078125e-07,0.0445435403187374,1.2672858389835656e-08,0.0445435403187374,0.044543552991595785,2048,0,9,False
157227058-157227087-001,normal_columnar,baseline,20260805,False,2.0,-1.1715731620788574,2.0,-1.1715729236602783,0.0,2.384185791015625e-07,0.0,1.5184008923441167e-08,1.5184008923441167e-08,1.5184008923441167e-08,2048,0,6,False
157227461-157227503-003,normal_columnar,baseline,20260805,False,3.0,-1.757359504699707,3.0,-1.7573603391647339,0.0,8.344650268554688e-07,0.0,5.972727888366715e-08,5.972727888366715e-08,5.972727888366715e-08,2048,0,15,False
157266930-157266947-001,normal_columnar,baseline,20260805,False,1.0,-0.5857864618301392,1.0,-0.5857867002487183,0.0,2.384185791015625e-07,0.0,1.6961638291997417e-08,1.6961638291997417e-08,1.6961638291997417e-08,2048,0,3,False
157268504-157268544-001,normal_superficiel,baseline,20260805,False,8.0,-4.686291694641113,8.0,-4.686291813850403,0.0,1.1920928955078125e-07,0.0,1.1401783389821283e-08,1.1401783389821283e-08,1.1401783389821283e-08,2048,0,14,False
158986766-158986776-001,normal_columnar,baseline,20260805,False,4.0,-2.343146324157715,4.0,-2.343146800994873,0.0,4.76837158203125e-07,0.0,3.403661955763281e-08,3.403661955763281e-08,3.403661955763281e-08,2048,0,16,False
158986813-158986820-001,normal_columnar,baseline,20260805,False,0.0,0.0,0.0,0.0,0.0,0.0,0.0,0.0,0.0,0.0,2048,0,0,False
158986920-158986928-004,normal_columnar,baseline,20260805,False,7.0,30.627416372299194,7.0,28.52691125869751,0.0,2.1005051136016846,0.0,0.06858251078277289,0.06858251078277289,0.06858251078277289,2048,0,25,False
204870858-204870872-001,light_dysplastic,baseline,20260805,False,3.0,-1.757359504699707,3.0,-2.0000001192092896,0.0,0.24264061450958252,0.0,0.016725165461630737,0.016725165461630737,0.016725165461630737,2048,0,9,False
204870951-204870961-002,light_dysplastic,baseline,20260805,False,49.0,-39.6740996837616,49.0,-33.77460587024689,0.0,5.8994938135147095,0.0,0.14869887056137387,0.14869887056137387,0.14869887056137387,2048,0,137,False
204871030-204871038-001,light_dysplastic,baseline,20260805,False,32.0,-18.74516725540161,32.0,-18.98780643939972,0.0,0.2426391839981079,0.0,0.01266329750905563,0.01266329750905563,0.01266329750905563,2048,0,92,False
204871030-204871038-002,light_dysplastic,baseline,20260805,False,61.0,-37.9756156206131,61.0,-37.73297655582428,0.0,0.24263906478881836,0.0,0.006389338548526763,0.006389338548526763,0.006389338548526763,2048,0,131,False
209047342-209047443-001,normal_superficiel,baseline,20260805,False,16.0,-9.372583389282227,16.0,-9.372583508491516,0.0,1.1920928955078125e-07,0.0,1.0510982816854032e-08,1.0510982816854032e-08,1.0510982816854032e-08,2048,0,28,False
209047526-209047626-001,normal_intermediate,baseline,20260805,False,35.0,-9.372583389282227,35.0,-9.372583389282227,0.0,0.0,0.0,0.0,0.0,0.0,2048,0,55,False
209047526-209047798-001,normal_superficiel,baseline,20260805,False,7.0,-4.100505232810974,7.0,-4.100505471229553,0.0,2.384185791015625e-07,0.0,2.3853848106394125e-08,2.3853848106394125e-08,2.3853848106394125e-08,2048,0,11,False
209307421-209307504-001,normal_intermediate,baseline,20260805,False,62.0,-12.301515460014343,62.0,-12.301516056060791,0.0,5.960464477539062e-07,0.0,4.692328783027243e-08,4.692328783027243e-08,4.692328783027243e-08,2048,0,98,False
209522474-209522522-001,normal_intermediate,baseline,20260805,False,38.0,-11.715729236602783,38.0,-11.715729475021362,0.0,2.384185791015625e-07,0.0,1.8601248866488088e-08,1.8601248866488088e-08,1.8601248866488088e-08,2048,0,76,False
209522940-209522970-001,normal_intermediate,baseline,20260805,False,30.0,-11.715729355812073,30.0,-11.71572995185852,0.0,5.960464477539062e-07,0.0,4.773091640898615e-08,4.773091640898615e-08,4.773091640898615e-08,2048,0,58,False
209565409-209565503-001,normal_intermediate,baseline,20260805,False,22.0,-9.958369851112366,22.0,-9.958370208740234,0.0,3.5762786865234375e-07,0.0,2.9392696150787435e-08,2.9392696150787435e-08,2.9392696150787435e-08,2048,0,46,False
209565409-209565600-001,normal_intermediate,baseline,20260805,False,18.0,-8.201010465621948,18.0,-8.201010823249817,0.0,3.5762786865234375e-07,0.0,2.8290742124990454e-08,2.8290742124990454e-08,2.8290742124990454e-08,2048,0,40,False
209565864-209565890-001,normal_intermediate,baseline,20260805,False,25.0,-14.644661545753479,25.0,-13.816236019134521,0.0,0.8284255266189575,0.0,0.05656843103070392,0.05656843103070392,0.05656843103070392,2048,0,55,False
209565864-209565911-001,normal_intermediate,baseline,20260805,False,17.0,-9.958369851112366,17.0,-9.958369970321655,0.0,1.1920928955078125e-07,0.0,9.667826347588227e-09,9.667826347588227e-09,9.667826347588227e-09,2048,0,27,False
209566047-209566095-001,normal_intermediate,baseline,20260805,False,26.0,-15.230448007583618,26.0,-15.230448603630066,0.0,5.960464477539062e-07,0.0,3.913518810852576e-08,3.913518810852576e-08,3.913518810852576e-08,2048,0,48,False
209566205-209566247-001,normal_intermediate,baseline,20260805,False,19.0,-11.129942774772644,19.0,-11.129943370819092,0.0,5.960464477539062e-07,0.0,4.8851333861103874e-08,4.8851333861103874e-08,4.8851333861103874e-08,2048,0,31,False
209566205-209566289-001,normal_intermediate,baseline,20260805,False,10.0,-5.857864618301392,10.0,-5.857864618301392,0.0,0.0,0.0,0.0,0.0,0.0,2048,0,16,False
209566399-209566485-001,normal_intermediate,baseline,20260805,False,15.0,-8.786796927452087,15.0,-8.544156551361084,0.0,0.24264037609100342,0.0,0.019229745239805456,0.019229745239805456,0.019229745239805456,2048,0,25,False
