cell_id,class,model,seed,raw_circularity_ae,closing_circularity_ae,dual_null_circularity_ae,benefit_closing,benefit_null,specific_advantage,raw_nucleus_dice,closing_nucleus_dice,dual_null_nucleus_dice,raw_foreground_dice,closing_foreground_dice,dual_null_foreground_dice,raw_nc_ae,closing_nc_ae,dual_null_nc_ae,raw_area_ae,closing_area_ae,dual_null_area_ae,raw_invalid,closing_invalid,dual_null_invalid,raw_pred_circularity,gt_circularity,roundness_group
148495842-148495854-001,light_dysplastic,baseline,20260803,0.05522064540691973,0.06417104129323303,0.06517959016737285,-0.0089503958863133,-0.009958944760453114,0.001008548874139814,0.9220575414123802,0.9226211223422796,0.9226211223422796,0.8876850340059489,0.8880576346014342,0.8880576346014342,0.16853812876828383,0.1680358055549434,0.1680358055549434,421,418,418,False,False,False,0.5447906954690341,0.4895700500621144,over_circular
148497551-148497588-001,light_dysplastic,baseline,20260803,0.0062052164833125145,0.020359729546686856,0.02225732403834635,-0.014154513063374341,-0.016052107555033834,0.0018975944916594933,0.9745318352059925,0.9743685687558465,0.9736202057998129,0.9380141865330833,0.9378491631353263,0.937251492999359,0.08526660664265706,0.08719967669046413,0.08719967669046413,110,115,115,False,False,False,0.8143746923911043,0.8205799088744168,under_circular
148497788-148497816-002,light_dysplastic,baseline,20260803,0.06848724925653693,0.009701893394850947,0.003658660441598016,0.058785355861685984,0.06482858881493891,-0.0060432329532529305,0.8869364161849711,0.8892470642413078,0.8837209302325582,0.8502255962480749,0.851536405374905,0.8487441208166239,0.03893441207057438,0.03789859463487612,0.03789859463487612,107,89,89,False,False,False,0.6778199330767907,0.7463071823333276,under_circular
148503209-148503222-001,light_dysplastic,baseline,20260803,0.30817096085927437,0.26385867096806165,0.2664730756907178,0.04431228989121272,0.04169788516855655,0.0026144047226561717,0.8595561146554048,0.8584229390681004,0.8568100358422939,0.8349497777491615,0.8342044230271044,0.8328342508585337,0.06683859219522037,0.07035055862864853,0.07035055862864853,1415,1446,1446,False,False,False,0.4432917986087102,0.7514627594679846,under_circular
148503209-148503231-001,light_dysplastic,baseline,20260803,0.28135231611922257,0.20909484893521574,0.20965791508819387,0.07225746718400683,0.0716944010310287,0.0005630661529781311,0.726113634552554,0.7220285261489698,0.7220285261489698,0.6213473357255997,0.616334659392712,0.6166864211327601,0.290627418592016,0.305113170110734,0.305113170110734,3437,3508,3508,False,False,False,0.3731285701169082,0.6544808862361308,under_circular
148503400-148503432-001,light_dysplastic,baseline,20260803,0.21042204011931287,0.11411730105168794,0.11828939399056448,0.09630473906762493,0.09213264612874839,0.004172092938876548,0.9012036513450198,0.9005067159977479,0.8974503337891097,0.8870134901958147,0.8863016917384707,0.8841118716339078,0.003362915120444454,0.008609013703029467,0.008609013703029467,399,453,453,False,False,False,0.46665970429632175,0.6770817444156346,under_circular
148503568-148503580-002,light_dysplastic,baseline,20260803,0.22364847578665442,0.2597281610332865,0.25989143930167874,-0.036079685246632076,-0.03624296351502432,0.0001632782683922418,0.9119079238601151,0.9119044987288604,0.9114623632143252,0.8841513318823443,0.8840745201067883,0.8837370040234653,0.09649813312966854,0.09863828709849892,0.09863828709849892,324,335,335,False,False,False,0.7104314916915524,0.486783015904898,over_circular
148718455-148718461-001,light_dysplastic,baseline,20260803,0.14754338587436444,0.016423218217635704,0.016323738897025764,0.13112016765672874,0.13121964697733868,-9.947932060994091e-05,0.9801861474333352,0.9816090645106189,0.9808119341798098,0.9416715831045076,0.9426324668454563,0.9420516290001226,0.047264039740215535,0.043679027721850894,0.043679027721850894,173,123,123,False,False,False,0.7206022058669193,0.8681455917412837,under_circular
148719308-148719348-004,light_dysplastic,baseline,20260803,0.022888543069386258,0.017723891668947722,0.017723890708142065,0.005164651400438536,0.005164652361244193,-9.608056572574242e-10,0.9568221070811744,0.9570222563315426,0.9566385264773599,0.9389165827664956,0.9390772901144218,0.9387537596178768,0.05967701677316295,0.06013405736795385,0.06013405736795385,169,170,170,False,False,False,0.8048270374223572,0.8277155804917434,under_circular
148719308-148719357-001,light_dysplastic,baseline,20260803,0.04178691616676067,0.001342517463546744,0.0013425220799337945,0.040444398703213924,0.040444394086826874,4.616387050404569e-09,0.9782923299565847,0.9785082174462706,0.9774245981578472,0.8943096044952609,0.8943929976120242,0.8936428546344792,0.02987584031287055,0.028223918535744907,0.028223918535744907,12,3,3,False,False,False,0.7529832045166213,0.7947701206833819,under_circular
148848523-148848559-002,moderate_dysplastic,baseline,20260803,0.0067571967643694775,0.0027721417308032015,0.002589562913397625,0.003985055033566276,0.0041676338509718525,-0.00018257881740557647,0.9387076667359235,0.9388179079671757,0.9379869118105328,0.7361314262686828,0.7362235428062199,0.7355306906854633,0.30062581378370856,0.30143231249815705,0.30143231249815705,266,265,265,False,False,False,0.830119344766647,0.8368765415310164,under_circular
148881870-148882178-002,light_dysplastic,baseline,20260803,0.06695753989555286,0.08421280275599263,0.08458096479608712,-0.01725526286043977,-0.017623424900534257,0.0003681620400944885,0.9232536764705882,0.9226176808266361,0.9226176808266361,0.8692701503372049,0.8686089562881731,0.8686089562881731,0.26153264771776397,0.2640277762762926,0.2640277762762926,328,331,331,False,False,False,0.8160624685508615,0.7491049286553086,over_circular
148882307-148882323-001,light_dysplastic,baseline,20260803,0.003477067784279808,0.15011863816999316,0.1436170991396829,-0.14664157038571335,-0.1401400313554031,-0.006501539030310255,0.930310262529833,0.9346327549322557,0.9344742888836067,0.8809710950946432,0.8837362430544637,0.8836285329826394,0.08060777234248256,0.076932169726464,0.076932169726464,866,815,815,False,False,False,0.6732905581318978,0.6767676259161776,under_circular
148882535-148882616-001,light_dysplastic,baseline,20260803,0.21135245867360303,0.18883264588277493,0.19704081811946444,0.022519812790828098,0.014311640554138583,0.008208172236689515,0.7733954822517031,0.7670697012802276,0.7670697012802276,0.8085949637207798,0.8040013182375636,0.8040013182375636,0.1520326018288436,0.1590592287502648,0.1590592287502648,2528,2620,2620,False,False,False,0.2951180311439508,0.5064704898175538,under_circular
148882671-148882687-001,light_dysplastic,baseline,20260803,0.26379122626624807,0.1849953283092176,0.18861005283619026,0.07879589795703046,0.07518117343005781,0.003614724526972646,0.6444660508831632,0.6411930673115679,0.6411930673115679,0.5993877983794871,0.5961460991156529,0.5957743000730354,0.327323029709047,0.3367749030486101,0.3367749030486101,4388,4451,4451,False,False,False,0.4586856422386657,0.7224768685049138,under_circular
149011613-149011656-001,light_dysplastic,baseline,20260803,0.1400873382430079,0.012088788205120937,0.000394663253016847,0.12799855003788696,0.13969267498999105,-0.01169412495210409,0.9552513516622569,0.9589103811376903,0.9513563007897448,0.7921592185508615,0.7941095164060248,0.7905043312845905,0.05310725326207405,0.052143170917692314,0.052143170917692314,175,131,131,False,False,False,0.6873954789109377,0.8274828171539456,under_circular
149013033-149013072-001,moderate_dysplastic,baseline,20260803,0.01588084529235312,0.0071362015457354655,0.007806885974651179,0.008744643746617653,0.00807395931770194,0.0006706844289157132,0.9780965303353363,0.978690430065866,0.9779155366137157,0.9078143320057144,0.9082189614973197,0.9076600910976352,0.033033730974907416,0.03231443602639161,0.03231443602639161,91,88,88,False,False,False,0.7997400998852214,0.8156209451775746,under_circular
149014929-149014984-001,moderate_dysplastic,baseline,20260803,0.057041793078858816,0.065210230357172,0.06501396906310641,-0.008168437278313179,-0.007972175984247598,-0.00019626129406558057,0.96345116836429,0.9632203186773691,0.9632203186773691,0.9000280972215001,0.899897174419781,0.8997074750932137,0.09798558380031519,0.09738094542779097,0.09738094542779097,293,295,295,False,False,False,0.8166359771208245,0.7595941840419657,over_circular
149014929-149015008-003,moderate_dysplastic,baseline,20260803,0.11035347524362071,0.0814748416389125,0.08073558731352704,0.028878633604708215,0.029617887930093678,-0.0007392543253854633,0.7890535917901939,0.7882671223124021,0.7882671223124021,0.7297614063126604,0.7288670021901267,0.7288670021901267,0.3153046974373571,0.31818415494179775,0.31818415494179775,1480,1487,1487,False,False,False,0.7162098271262527,0.8265633023698734,under_circular
149014929-149015022-001,light_dysplastic,baseline,20260803,0.3308516153060646,0.31286657561265047,0.3141160938306901,0.01798503969341414,0.016735521475374493,0.001249518218039647,0.8026224982746721,0.7990040353739161,0.798832317334936,0.8110708761169968,0.8079941419265746,0.8078679976877314,0.21823281573414216,0.22551390805736576,0.22551390805736576,2286,2341,2341,False,False,False,0.3144289473817617,0.6452805626878263,under_circular
149014929-149015022-002,light_dysplastic,baseline,20260803,0.09397313003379543,0.026065344559315973,0.02830894116406557,0.06790778547447945,0.06566418886972986,0.002243596604749598,0.8462780269058297,0.8427538173051166,0.8425752299312439,0.8067755682956954,0.8034740144567651,0.8038591790965725,0.13391249357888735,0.14214747664211747,0.14214747664211747,1696,1745,1745,False,False,False,0.48015976457353365,0.5741328946073291,under_circular
149053341-149053350-001,moderate_dysplastic,baseline,20260803,0.07129201439509047,0.009366277898598674,0.010614360377263377,0.0619257364964918,0.0606776540178271,0.0012480824786647027,0.9457939721097616,0.9446627006398024,0.9437647322931867,0.8653076024181183,0.8643396932585916,0.8636711580671159,0.026742832853094978,0.029488406489890928,0.029488406489890928,430,447,447,False,False,False,0.75075472911147,0.8220467435065605,under_circular
149053945-149053969-001,moderate_dysplastic,baseline,20260803,0.19468799343748955,0.15370983434216845,0.15180040871260414,0.0409781590953211,0.04288758472488541,-0.0019094256295643097,0.9065032615141332,0.9050720347345569,0.9054667456088416,0.8511763905198964,0.8502144792204182,0.8504629698590331,0.08917608683165812,0.09034000160967542,0.09034000160967542,457,465,465,False,False,False,0.6491755331184517,0.8438635265559412,under_circular
149053945-149053976-001,moderate_dysplastic,baseline,20260803,0.1849574651845236,0.10321200356639604,0.10321200356639604,0.08174546161812757,0.08174546161812757,0.0,0.0,0.0,0.0,0.39828363012229134,0.3982707202471626,0.3982707202471626,0.16833421063007242,0.16828641419724485,0.16828641419724485,4326,4325,4325,False,False,False,0.6713850868895057,0.8563425520740293,under_circular
149054642-149054677-003,light_dysplastic,baseline,20260803,0.03248921526655668,0.04962837840182055,0.05038490297001996,-0.01713916313526387,-0.01789568770346328,0.0007565245681994126,0.9560723514211886,0.9567462879276953,0.9571766731224446,0.8909058196454163,0.8913362466575774,0.8916268938690017,0.13217567382597467,0.13166369267389394,0.13166369267389394,188,185,185,False,False,False,0.7966932873618441,0.7642040720952874,over_circular
149056321-149056343-001,severe_dysplastic,baseline,20260803,0.06361032119535603,0.009814598788652651,0.009814595788868785,0.05379572240670338,0.05379572540648725,-2.9997838657536136e-09,0.986052764241304,0.9854026845637583,0.9848993288590604,0.9513873584117236,0.9508963739020182,0.9505398779091431,0.006673699434358804,0.004927232502258794,0.004927232502258794,116,134,134,False,False,False,0.7230007554120054,0.7866110766073614,under_circular
149056321-149056360-001,severe_dysplastic,baseline,20260803,0.08996678077585618,0.051994714634588934,0.051465002362869106,0.03797206614126725,0.038501778412987075,-0.0005297122717198288,0.814530078800692,0.8134357005758157,0.8134357005758157,0.7570743452737251,0.7558320836416037,0.7558320836416037,0.4695701805303547,0.4744932866140068,0.4744932866140068,965,972,972,False,False,False,0.7217622650078769,0.6317954842320207,over_circular
149056410-149056458-001,severe_dysplastic,baseline,20260803,0.0640445448403767,0.07182811956605173,0.07440274361820609,-0.007783574725675035,-0.010358198777829397,0.0025746240521543617,0.9294245385450597,0.9290882778581766,0.9298118668596237,0.8799056394382757,0.8795759156629928,0.8802140295889718,0.2900631024200818,0.2912702739539321,0.2912702739539321,191,192,192,False,False,False,0.8459729880811533,0.7819284432407766,over_circular
149056873-149056884-001,severe_dysplastic,baseline,20260803,0.01420486003495458,0.039544472388556406,0.041727595118574046,-0.025339612353601826,-0.027522735083619465,0.0021831227300176392,0.9672959319329966,0.9673306772908367,0.9662682602921647,0.915355283039669,0.9153213656825945,0.9144146408482979,0.07874537796467318,0.07641242841714546,0.07641242841714546,75,79,79,False,False,False,0.8036575361814137,0.7894526761464591,over_circular
149056873-149056884-002,severe_dysplastic,baseline,20260803,0.00941011107405565,0.003682753486436874,0.0036827664894404366,0.0057273575876187754,0.005727344584615213,1.300300356277262e-08,0.9401431359791802,0.9408322496749024,0.9408322496749024,0.8348132093269761,0.8353426326935081,0.8353426326935081,0.4889850369177079,0.4876796080502279,0.4876796080502279,184,182,182,False,False,False,0.7401533194672939,0.7495634305413496,under_circular
149056933-149056982-002,severe_dysplastic,baseline,20260803,0.0308958036464827,0.0390368611505868,0.039036865488983996,-0.008141057504104099,-0.008141061842501296,4.338397197045651e-09,0.9722703639514731,0.9727154612386314,0.9718492854049372,0.8913106516673353,0.8916050271979366,0.8909946657480279,0.10271253829066274,0.10228144440866083,0.10228144440866083,4,3,3,False,False,False,0.7888497115564868,0.757953907910004,over_circular
149057756-149057766-002,moderate_dysplastic,baseline,20260803,0.013018275580916394,0.027432647323539006,0.028051774501012927,-0.014414371742622611,-0.015033498920096533,0.0006191271774739215,0.9619615886630617,0.961789375582479,0.9614165890027959,0.8810193027712973,0.8808433300201668,0.8805285423026434,0.09273779491056844,0.09196219026426222,0.09196219026426222,252,256,256,False,False,False,0.8165997419842561,0.8035814664033397,over_circular
149057756-149057788-002,moderate_dysplastic,baseline,20260803,0.36344651365440883,0.30770236379225724,0.3072523794555019,0.05574414986215159,0.05619413419890695,-0.0004499843367553602,0.9212004493660728,0.9226705091258406,0.9221902017291066,0.8066245835304471,0.8078247428612146,0.8072870881711777,0.3394402432617858,0.3359601605403584,0.3359601605403584,312,342,342,False,False,False,0.48542721623616303,0.8488737298905719,under_circular
149057812-149057825-003,moderate_dysplastic,baseline,20260803,0.054007002718621355,0.01813785756972419,0.018443122225670017,0.035869145148897164,0.03556388049295134,0.00030526465594582497,0.9146447559207347,0.9127918194096083,0.9127918194096083,0.8504337442060619,0.8490889244106865,0.8490889244106865,0.026657194898250802,0.025027864215904194,0.025027864215904194,883,904,904,False,False,False,0.7688457858039993,0.8228527885226207,under_circular
149057812-149057825-005,moderate_dysplastic,baseline,20260803,0.03444915387699887,0.046614088911198226,0.046614091168473815,-0.012164935034199353,-0.012164937291474942,2.257275588668506e-09,0.9515799045237554,0.9520563508293569,0.9516019086571234,0.7896784213566337,0.7899640883530098,0.7896612929017177,0.25131583124182727,0.2510318055018975,0.2510318055018975,39,37,37,False,False,False,0.827802787126382,0.7933536332493831,over_circular
149057812-149057847-004,moderate_dysplastic,baseline,20260803,0.0124435409346777,0.0124435409346777,0.0124435409346777,0.0,0.0,0.0,0.9098280895231917,0.9098280895231917,0.9098280895231917,0.8945567110210446,0.8945567110210446,0.8945567110210446,0.11837347787836183,0.11837347787836183,0.11837347787836183,522,522,522,False,False,False,0.8039142801208282,0.7914707391861505,over_circular
149057812-149057847-005,moderate_dysplastic,baseline,20260803,0.0034130935336995627,0.02213437204046409,0.02213437853414757,-0.018721278506764527,-0.018721285000448007,6.493683479824597e-09,0.9676954732510288,0.967814910025707,0.9680205655526992,0.9456555501415966,0.9457307313062588,0.9458835940942721,0.016408848141613752,0.017184193995887054,0.017184193995887054,178,173,173,False,False,False,0.7936848620981767,0.7902717685644771,over_circular
149058262-149058272-003,moderate_dysplastic,baseline,20260803,0.18199388714043363,0.15762313623553803,0.15720224494780888,0.0243707509048956,0.024791642192624752,-0.00042089128772915263,0.8867203219315896,0.8880627009646302,0.8880627009646302,0.8665215488922016,0.8674406966417956,0.8674406966417956,0.23207401564239377,0.23062899008224363,0.23062899008224363,1126,1114,1114,False,False,False,0.5684312206808383,0.7504251078212719,under_circular
149061666-149061699-003,moderate_dysplastic,baseline,20260803,0.044019922829767744,0.012696137648270156,0.012431287085041265,0.03132378518149759,0.03158863574472648,-0.0002648505632288911,0.9594808483697372,0.9606324110671937,0.9596837944664032,0.9254374272093393,0.9261357874917926,0.9255436102616472,0.06123138270059303,0.06061290732287067,0.06061290732287067,234,227,227,False,False,False,0.7510447785965999,0.7950647014263676,under_circular
149095913-149095926-001,light_dysplastic,baseline,20260803,0.5979213339767578,0.5082120045928096,0.5138587285050442,0.08970932938394827,0.08406260547171363,0.005646723912234641,0.8482844150475403,0.8609975470155355,0.8609975470155355,0.7780820377526312,0.7855889001967028,0.7855889001967028,0.19948050476174453,0.192812492978976,0.192812492978976,1468,1360,1360,False,False,False,0.26840462650863306,0.8663259604853909,under_circular
149097324-149097373-001,moderate_dysplastic,baseline,20260803,0.04349750743181846,0.09169307031067686,0.09169307347173783,-0.0481955628788584,-0.04819556603991937,3.1610609685372992e-09,0.907239263803681,0.9071306052438128,0.9068855672629258,0.8879198313699257,0.887791146626563,0.8876270510520516,0.04766334933395844,0.04642960859048756,0.04642960859048756,40,28,28,False,False,False,0.7693596131974838,0.7258621057656653,over_circular
149097594-149097637-001,moderate_dysplastic,baseline,20260803,0.15128383283115399,0.10584003173813239,0.10957447130335007,0.045443801093021596,0.04170936152780391,0.0037344395652176843,0.8476439790575916,0.8461839530332681,0.8448793215916504,0.7764634483649449,0.7751327928431646,0.7745341828151593,0.007005209762709463,0.01033470533264963,0.01033470533264963,1138,1163,1163,False,False,False,0.5517901294189843,0.7030739622501383,under_circular
149097594-149097637-002,moderate_dysplastic,baseline,20260803,0.07067190620635122,0.07492757147055429,0.06938196588076484,-0.004255665264203068,0.0012899403255863806,-0.0055456055897894485,0.9460923394377095,0.9462421039061493,0.9459842722702075,0.8608648892456712,0.8609528396089748,0.8606640261255099,0.050763646492269277,0.051567691879593425,0.051567691879593425,178,181,181,False,False,False,0.8083745745943602,0.737702668388009,over_circular
149098972-149098988-002,severe_dysplastic,baseline,20260803,0.23306311004329044,0.24897022516796635,0.24865343470180828,-0.015907115124675908,-0.01559032465851784,-0.00031679046615806783,0.9389497123770644,0.9380793474230626,0.9384501297738228,0.8069230094573452,0.8061605115734027,0.8064447072147446,0.2650580539995672,0.26393199016070723,0.26393199016070723,141,146,146,False,False,False,0.6494066459786169,0.4163435359353264,over_circular
149099096-149099104-001,severe_dysplastic,baseline,20260803,0.05346777391157764,0.05346777391157764,0.05346777391157764,0.0,0.0,0.0,0.9388532000951701,0.9388532000951701,0.9388532000951701,0.8688364712922203,0.8688364712922203,0.8688364712922203,0.10138000588339713,0.10138000588339713,0.10138000588339713,257,257,257,False,False,False,0.7369517023957076,0.68348392848413,over_circular
149099276-149099290-001,light_dysplastic,baseline,20260803,0.2256236779431796,0.10958205725331527,0.10886309003888484,0.11604162068986434,0.11676058790429478,-0.0007189672144304327,0.8849198687005213,0.8904899135446686,0.8904899135446686,0.8872328669280714,0.8904932303665467,0.8904932303665467,0.06176061822234599,0.05930470112489328,0.05930470112489328,1188,1136,1136,False,False,False,0.5318859756007287,0.7575096535439083,under_circular
149099276-149099290-002,light_dysplastic,baseline,20260803,0.0822814303806545,0.03731084121132067,0.038183763215421496,0.04497058916933383,0.044097667165233,0.000872922004100829,0.96667649660867,0.9669942790083614,0.9661141264485844,0.8896867678073331,0.889802707515561,0.8893162440261724,0.014345023398440002,0.013233834851591283,0.013233834851591283,14,49,49,False,False,False,0.6068916533571539,0.6891730837378084,under_circular
149099502-149099525-002,light_dysplastic,baseline,20260803,0.08526038201127895,0.02598273140974372,0.025982735544690994,0.059277650601535226,0.05927764646658795,4.134947273470857e-09,0.9637568749118601,0.9616519174041298,0.9616519174041298,0.91166118206362,0.9104138858269378,0.9104138858269378,0.02367147282417631,0.02256446869056386,0.02256446869056386,225,253,253,False,False,False,0.7038709685408749,0.7891313505521539,under_circular
149100006-149100028-002,severe_dysplastic,baseline,20260803,0.08771611810206253,0.03608254574728553,0.034906913097182524,0.051633572354777,0.05280920500488001,-0.001175632650103009,0.6181708421370359,0.6260504201680672,0.6260504201680672,0.6375373039137062,0.642131173819491,0.642131173819491,0.43126407227002256,0.4273933352462725,0.4273933352462725,1265,1246,1246,False,False,False,0.48668151154175515,0.5743976296438177,under_circular
149100064-149100072-001,moderate_dysplastic,baseline,20260803,0.3314107473185701,0.23567239000981022,0.23759606504961983,0.0957383573087599,0.09381468226895029,0.0019236750398096136,0.6901753955599166,0.6869315754135384,0.6869315754135384,0.7030828123985227,0.7006036027141811,0.7015918612614411,0.19573991773802774,0.20081568940976896,0.20081568940976896,5052,5129,5129,False,False,False,0.46684170060134444,0.7982524479199146,under_circular
149101620-149101650-001,moderate_dysplastic,baseline,20260803,0.01629360735769625,0.025317120303807727,0.02548823438388459,-0.009023512946111478,-0.00919462702618834,0.0001711140800768618,0.9768290066509333,0.9768587958003,0.9762159845725306,0.8631678577058929,0.8631085686800117,0.8626884463830076,0.20912774975501136,0.20778113749430893,0.20778113749430893,46,34,34,False,False,False,0.7331969142001113,0.7494905215578076,under_circular
149102442-149102451-001,light_dysplastic,baseline,20260803,0.017397487482107343,0.022322851941495303,0.02283204704386188,-0.00492536445938796,-0.005434559561754537,0.0005091951023665775,0.9875660997570387,0.9875696528075439,0.9869981425917989,0.9209667491361406,0.920957022296347,0.9205132893053781,0.011930095718775569,0.011446073908717547,0.011446073908717547,7,5,5,False,False,False,0.8604485535778681,0.8430510660957607,over_circular
149102510-149102519-001,moderate_dysplastic,baseline,20260803,0.04484799416785501,0.08911406610342065,0.08911406925362986,-0.04426607193556564,-0.04426607508577485,3.150209204605403e-09,0.9227941176470589,0.9237547423815934,0.9232652062171093,0.8704649529547147,0.871060386756791,0.8708156186745489,0.14472839581323277,0.14355765741069104,0.14355765741069104,426,415,415,False,False,False,0.7585405332482325,0.7136925390803774,over_circular
149105003-149105050-001,light_dysplastic,baseline,20260803,0.08838330280527618,0.09754576541783133,0.10000248902094522,-0.009162462612555156,-0.011619186215669042,0.002456723603113886,0.9716376944190301,0.9720139015913664,0.9709164075361258,0.9288459537960476,0.9290884032000011,0.9283556522469638,0.07093646222144495,0.07064443011081833,0.07064443011081833,55,53,53,False,False,False,0.7402613820863803,0.6518780792811041,over_circular
149105289-149105300-001,moderate_dysplastic,baseline,20260803,0.09209343090820354,0.05963619542034826,0.05894017058662959,0.032457235487855285,0.03315326032157395,-0.000696024833718667,0.8771842236645032,0.8765278124220504,0.8765278124220504,0.7975803439437084,0.796991917036465,0.796991917036465,0.024409539346800457,0.02332316392388345,0.02332316392388345,492,495,495,False,False,False,0.7220275216880286,0.8141209525962322,under_circular
149105289-149105300-002,moderate_dysplastic,baseline,20260803,0.22215918340519053,0.20805365926537545,0.2069135283338266,0.014105524139815084,0.01524565507136394,-0.001140130931548855,0.9275566514030762,0.9266862170087976,0.9271554252199413,0.8877239437119174,0.8870248169809585,0.8873325579255561,0.03629235678468323,0.03814232858389355,0.03814232858389355,571,579,579,False,False,False,0.4532566594733907,0.6754158428785813,under_circular
149105289-149105311-001,moderate_dysplastic,baseline,20260803,0.06417208385640139,0.051160275805446465,0.049023277694285716,0.01301180805095492,0.015148806162115669,-0.0021369981111607483,0.9214605580434033,0.9240810717966335,0.923394022672621,0.883555819494301,0.8854467198040474,0.8849017650879472,0.23177270651813586,0.22754129964764197,0.22754129964764197,372,356,356,False,False,False,0.7094252310850037,0.773597314941405,under_circular
149105289-149105311-003,moderate_dysplastic,baseline,20260803,0.6169580392313998,0.5739265687118033,0.5756612743539398,0.04303147051959655,0.041296764877460035,0.0017347056421365137,0.8030799942963068,0.8076704545454545,0.8082386363636364,0.768990268395893,0.7724854449795487,0.7730114323569512,0.6659634317862165,0.6573503570971925,0.6573503570971925,1249,1222,1222,False,False,False,0.18640134701774005,0.8033593862491398,under_circular
149105289-149105311-004,moderate_dysplastic,baseline,20260803,0.2852616375082306,0.27869292260223194,0.27942491656817,0.0065687149059986405,0.005836720940060602,0.0007319939659380381,0.7892283790781979,0.7909502262443439,0.7904330963154492,0.7714356060080925,0.7726480122996501,0.7723046512697402,0.5827760150401295,0.5805974685481301,0.5805974685481301,1540,1529,1529,False,False,False,0.4695401150563105,0.7548017525645411,under_circular
149140081-149140096-002,moderate_dysplastic,baseline,20260803,0.1681273566998568,0.10045854846230196,0.10296316160404329,0.06766880823755483,0.0651641950958135,0.0025046131417413298,0.9019492025989368,0.9007753459613308,0.8997938953773678,0.9029989352621284,0.9022024940191463,0.9014177005033368,0.05168508291496665,0.05537754353154167,0.05537754353154167,870,901,901,False,False,False,0.5920104888592027,0.7601378455590595,under_circular
149140849-149140856-001,moderate_dysplastic,baseline,20260803,0.009402096687252781,0.05183990560386842,0.05215987992197735,-0.04243780891661564,-0.04275778323472457,0.00031997431810892873,0.9328978622327792,0.9320457373067125,0.9322827181705078,0.8324035372579116,0.8310586761628938,0.8313110264435297,0.3721841165671663,0.38600314883574505,0.38600314883574505,794,833,833,False,False,False,0.5259456886229499,0.5353477853102027,under_circular
149143028-149143108-002,severe_dysplastic,baseline,20260803,0.019566613033062286,0.004151445464271486,0.004151452636537933,0.0154151675687908,0.015415160396524352,7.1722664474194175e-09,0.96057078482914,0.9604201838304258,0.9607953479647345,0.8671914576652817,0.8669994445277663,0.8672965676180338,0.1909838845270383,0.18958473526784103,0.18958473526784103,106,111,111,False,False,False,0.7524491681628588,0.7720157811959211,under_circular
149143469-149143497-003,severe_dysplastic,baseline,20260803,0.04550515159099089,0.07198055669045278,0.07198055571139717,-0.02647540509946189,-0.026475404120406276,-9.79055614358515e-10,0.925238600212089,0.9250728091077575,0.926131850675139,0.6183981945784063,0.6180725287204543,0.6188206526301698,1.1192882700653433,1.1184859990086222,1.1184859990086222,190,185,185,False,False,False,0.6875645658886499,0.642059414297659,over_circular
149146837-149146854-001,carcinoma_in_situ,baseline,20260803,0.0065378358433484385,0.027308898595709286,0.027714941861911813,-0.020771062752360847,-0.021177106018563374,0.00040604326620252706,0.9058511919094631,0.905655836341757,0.9063778580024068,0.7611673541964898,0.7607458067339283,0.7620232398516433,1.024243501684124,1.0217581244698257,1.0217581244698257,386,382,382,False,False,False,0.7620586479218969,0.7555208120785485,over_circular
149181904-149181927-001,carcinoma_in_situ,baseline,20260803,0.0027633869971107616,0.021093245983711317,0.021093256277214145,-0.018329858986600556,-0.018329869280103384,1.0293502827884993e-08,0.9850162866449511,0.9848090277777778,0.9852430555555556,0.9379855789219332,0.9377533510981912,0.9381641634366925,0.08903004862465758,0.08697652764820563,0.08697652764820563,9,6,6,False,False,False,0.8447865663467757,0.842023179349665,over_circular
149181904-149181951-001,carcinoma_in_situ,baseline,20260803,0.02109938582460069,0.027045224982869764,0.027410663939897884,-0.005945839158269073,-0.006311278115297192,0.0003654389570281191,0.9821573398215734,0.9823636732211636,0.9819582404216501,0.9207136362892689,0.9209200061998204,0.9204770784140439,0.2472233384680642,0.24630941280042595,0.24630941280042595,70,69,69,False,False,False,0.853008041746524,0.8319086559219233,over_circular
149182125-149182135-002,carcinoma_in_situ,baseline,20260803,0.1402110970061785,0.14448689668095438,0.14448689828734196,-0.004275799674775871,-0.004275801281163449,1.6063875785121695e-09,0.9096515572001234,0.9095113303530137,0.9098196392785571,0.7622310035067598,0.7620248203827937,0.7623754384997894,0.18556626176686652,0.18481992639826217,0.18481992639826217,552,553,553,False,False,False,0.7826200463647331,0.6424089493585546,over_circular
149182657-149182667-001,carcinoma_in_situ,baseline,20260803,0.07005865507070785,0.11844633751104683,0.12073127734306832,-0.048387682440338975,-0.05067262227236047,0.002284939832021493,0.8966491723859508,0.8958291356034657,0.8966350997380617,0.7892192226144297,0.7879740410387761,0.788801831942098,0.10252121358575672,0.11066889615204412,0.11066889615204412,184,193,193,False,False,False,0.7919912232876608,0.721932568216953,over_circular
149182657-149182681-002,carcinoma_in_situ,baseline,20260803,0.051910126304579696,0.06915098181141455,0.06915098181141455,-0.01724085550683485,-0.01724085550683485,0.0,0.8965231788079471,0.8972078593588417,0.8972078593588417,0.7581414619217475,0.7587118786489988,0.7587118786489988,1.0226592365473592,1.0205813306609115,1.0205813306609115,500,497,497,False,False,False,0.7911612740795667,0.739251147774987,over_circular
149182657-149182698-003,carcinoma_in_situ,baseline,20260803,0.17832994389483525,0.18852790067541803,0.18852791316524442,-0.010197956780582773,-0.010197969270409168,1.248982639534546e-08,0.9515301902398676,0.9512154787497933,0.9508847362328428,0.9054332687956141,0.90517859510393,0.9049279068929763,0.028703943308135194,0.028220541388477183,0.028220541388477183,199,201,201,False,False,False,0.8420043890628298,0.6636744451679946,over_circular
149185604-149185616-001,carcinoma_in_situ,baseline,20260803,0.04878292120595662,0.057543259669502245,0.05911085816222872,-0.008760338463545625,-0.010327936956272099,0.0015675984927264741,0.8740187878007979,0.8743085037951884,0.8743085037951884,0.7448385753950608,0.7450564825573,0.7450564825573,0.624105420770594,0.6234549843862641,0.6234549843862641,737,735,735,False,False,False,0.7933487228708191,0.7445658016648625,over_circular
149185604-149185645-003,carcinoma_in_situ,baseline,20260803,0.09780300908370254,0.11084340373692514,0.1068853185000399,-0.013040394653222598,-0.009082309416337364,-0.003958085236885234,0.9620371451933185,0.9624007473143391,0.9624007473143391,0.8445432885929749,0.8450602384389765,0.8450602384389765,1.2337479119875376,1.228893127962364,1.228893127962364,321,318,318,False,False,False,0.8356411156231338,0.7378381065394313,over_circular
149185604-149185657-001,carcinoma_in_situ,baseline,20260803,0.09936787183404105,0.1274482356943093,0.12780629935663945,-0.028080363860268243,-0.028438427522598397,0.00035806366233015474,0.9422566823097327,0.9425193640440277,0.9408887077048512,0.7954526654791907,0.795435506197838,0.7930503193155339,1.0287442393320483,1.0207047255560253,1.0207047255560253,91,86,86,False,False,False,0.8058449600143464,0.7064770881803053,over_circular
149185698-149185709-002,carcinoma_in_situ,baseline,20260803,0.02562780171403367,0.043416887891550515,0.04453980790379408,-0.017789086177516844,-0.01891200618976041,0.0011229200122435667,0.9144799456152277,0.9163952225841476,0.9163952225841476,0.791691338404164,0.7936938862259839,0.7936938862259839,1.1393045494059693,1.1274225210723654,1.1274225210723654,629,616,616,False,False,False,0.7849084882523916,0.7592806865383579,over_circular
149185788-149185824-001,carcinoma_in_situ,baseline,20260803,0.04367716230108487,0.026397445953816878,0.026397445953816878,0.017279716347267993,0.017279716347267993,0.0,0.892579138557343,0.8933448573898012,0.892999135695765,0.8236972739335672,0.8243832720683946,0.8240096080085251,0.5873192293177,0.5846462366662292,0.5846462366662292,573,569,569,False,False,False,0.6959078551151464,0.7395850174162313,under_circular
149190861-149190868-001,moderate_dysplastic,baseline,20260803,0.0920340105765658,0.03168038626431002,0.025193781654631597,0.06035362431225577,0.0668402289219342,-0.006486604609678426,0.9325115562403699,0.933398809158431,0.928856423792278,0.9126370135607826,0.9131845522978986,0.9107042858117697,0.03787341809593742,0.04071405546458823,0.04071405546458823,495,561,561,False,False,False,0.6815820274621068,0.7736160380386726,under_circular
149314453-149314465-001,carcinoma_in_situ,baseline,20260803,0.018080720960577557,0.0007395735196353836,0.0003598813155266667,0.017341147440942173,0.01772083964505089,-0.00037969220410871696,0.9768457841852337,0.977079240340537,0.977079240340537,0.8292189119931144,0.829338735336866,0.829338735336866,0.42389714696715414,0.42294193793451584,0.42294193793451584,94,91,91,False,False,False,0.8052596760836681,0.8233403970442457,under_circular
149314453-149314507-001,carcinoma_in_situ,baseline,20260803,0.003659876360769143,0.003659876360769143,0.003659876360769143,0.0,0.0,0.0,0.9528936742934051,0.9528936742934051,0.9528936742934051,0.8470118831388183,0.8470118831388183,0.8470118831388183,0.764616723068603,0.764616723068603,0.764616723068603,81,81,81,False,False,False,0.8363017834798756,0.8399616598406447,under_circular
149314453-149314507-002,carcinoma_in_situ,baseline,20260803,0.016342500593411913,0.023588596065680312,0.023588594774017646,-0.007246095472268399,-0.007246094180605733,-1.2916626657144548e-09,0.964836033188463,0.9644549763033176,0.9652448657187994,0.9348928304356683,0.9346223479647429,0.9351633207098671,0.017098961152433534,0.017507930305455388,0.017507930305455388,19,20,20,False,False,False,0.7574752557473766,0.7411327551539647,over_circular
149314679-149314698-001,carcinoma_in_situ,baseline,20260803,0.05980165497500256,0.0833047924672724,0.08407811556956823,-0.023503137492269843,-0.024276460594565674,0.0007733231022958309,0.908638700049743,0.9097233725360279,0.9097233725360279,0.6772437970228606,0.6781710387859996,0.6781710387859996,2.860229562173014,2.855579483410521,2.855579483410521,551,545,545,False,False,False,0.6601079520474501,0.6003062970724475,over_circular
149315229-149315310-001,severe_dysplastic,baseline,20260803,0.039422997146269845,0.2601543173418067,0.2853951113456017,-0.22073132019553687,-0.24597211419933185,0.025240794003794975,0.9296805016422813,0.9303712539138214,0.9287311763828836,0.6460527030330467,0.6467550698812841,0.6458255860025395,2.518921184702937,2.5140965310456838,2.5140965310456838,320,302,302,False,False,False,0.7649006031256433,0.8043236002719132,under_circular
149315671-149315731-001,carcinoma_in_situ,baseline,20260803,0.014784388326169906,0.03579203617015758,0.03605232807652614,-0.021007647843987676,-0.021267939750356235,0.00026029190636855937,0.905707584050039,0.90625,0.9059375,0.7231321517975426,0.7235086930455635,0.7233524430455636,1.9420094433553994,1.9369383835934273,1.9369383835934273,599,594,594,False,False,False,0.7100199426151013,0.6952355542889314,over_circular
149315671-149315740-001,carcinoma_in_situ,baseline,20260803,0.05877962056646302,0.06281676427081939,0.06281676501313249,-0.004037143704356372,-0.004037144446669472,7.423130998773786e-10,0.9654503105590062,0.965262953619251,0.9664273238889967,0.7540786375396871,0.7537455090146863,0.7553135633575776,1.3631051050607779,1.3620098591812764,1.3620098591812764,16,15,15,False,False,False,0.6664150764989967,0.6076354559325337,over_circular
149316426-149316462-004,carcinoma_in_situ,baseline,20260803,0.13937677831501616,0.15676264536454398,0.15676264326049638,-0.017385867049527826,-0.017385864945480223,-2.1040476028133526e-09,0.9564381806534273,0.9568,0.95552,0.8979184574153213,0.8982019801980198,0.8971659405940594,0.12600177396657042,0.12102220965664579,0.12102220965664579,38,35,35,False,False,False,0.6943360120349695,0.5549592337199534,over_circular
149316754-149316779-002,moderate_dysplastic,baseline,20260803,0.3294536778640545,0.2637326638984687,0.2634538729661854,0.06572101396558577,0.06599980489786911,-0.00027879093228333485,0.7377574370709382,0.7355133079847909,0.7355133079847909,0.7150062031139475,0.7123868348946166,0.7121578447411933,0.5436413365412752,0.5540563794791827,0.5540563794791827,1719,1739,1739,False,False,False,0.4971524611655201,0.8266061390295746,under_circular
149317002-149317010-002,severe_dysplastic,baseline,20260803,0.12084255883103268,0.14225346789214321,0.1457334195599933,-0.02141090906111054,-0.02489086072896063,0.0034799516678500897,0.9490698383653553,0.9482023156611822,0.947592931139549,0.8546742920049772,0.8535919147193249,0.8529384258069562,0.2281918764570201,0.22439028007078377,0.22439028007078377,89,92,92,False,False,False,0.8323758264495636,0.711533267618531,over_circular
149317204-149317230-002,severe_dysplastic,baseline,20260803,0.25481613300822936,0.26056473464437246,0.2605647356999422,-0.0057486016361431025,-0.005748602691712845,1.0555697427250266e-09,0.9185425852866094,0.9187935034802784,0.9183294663573086,0.8319500546497081,0.8321550779570479,0.8317095666543162,0.17506463777597747,0.17432601807437076,0.17432601807437076,139,138,138,False,False,False,0.7850266042435675,0.5302104712353382,over_circular
149788987-149788996-003,light_dysplastic,baseline,20260803,0.05062377835134779,0.025692252835003204,0.025045384803961457,0.024931525516344588,0.025578393547386336,-0.0006468680310417474,0.9396507882691981,0.938530481102562,0.938530481102562,0.8820935824370242,0.8812074764753439,0.8812074764753439,0.024217180500287427,0.02183326374684369,0.02183326374684369,616,645,645,False,False,False,0.6373932410815867,0.6880170194329345,under_circular
153268807-153268826-001,light_dysplastic,baseline,20260803,0.19265458712319417,0.06645574253131614,0.06631387070156114,0.12619884459187802,0.12634071642163303,-0.00014187182975500257,0.9788345962895219,0.9814300590072892,0.9824713641096842,0.9556476469741246,0.9571215537670996,0.9577232195234495,0.006333795634921285,0.0050029742512094355,0.0050029742512094355,171,128,128,False,False,False,0.6634280670526158,0.85608265417581,under_circular
153276386-153276405-001,moderate_dysplastic,baseline,20260803,0.1526256112020581,0.15688311299342628,0.1568831186283438,-0.00425750179136819,-0.004257507426285723,5.634917532582051e-09,0.9639408385282973,0.9640674651674407,0.963578587142508,0.8317230058588405,0.8318256570016711,0.8314687447016105,0.5495834741270029,0.5492770194895213,0.5492770194895213,149,148,148,False,False,False,0.8183005934580994,0.6656749822560413,over_circular
153276386-153276405-002,moderate_dysplastic,baseline,20260803,0.42748063922178375,0.40853558646818444,0.4072800731941539,0.018945052753599312,0.020200566027629874,-0.001255513274030562,0.6771844660194175,0.6813851504612127,0.6813851504612127,0.5947947646552784,0.5973499427172917,0.5971808667176297,0.8119977532297322,0.8086382043619507,0.8086382043619507,1614,1593,1593,False,False,False,0.4107097911749072,0.8381904303966909,under_circular
153276386-153276414-001,moderate_dysplastic,baseline,20260803,0.22702230351865393,0.2162351900956727,0.21519735065861034,0.01078711342298122,0.011824952860043592,-0.0010378394370623711,0.9255047574843351,0.9251826934230367,0.9258786683679388,0.8562009028602382,0.8559088378903187,0.8564728547427654,0.1469640034931916,0.1463684890354917,0.1463684890354917,112,115,115,False,False,False,0.5847430210039628,0.8117653245226167,under_circular
153314466-153314473-003,light_dysplastic,baseline,20260803,0.11561055210714732,0.022240490485609277,0.013358827162007647,0.09337006162153805,0.10225172494513968,-0.00888166332360163,0.8312979267253621,0.8305395126074095,0.8249049161853782,0.8555175159032299,0.8549280798574477,0.8517260108736199,0.02803527434945892,0.030504377471293073,0.030504377471293073,882,939,939,False,False,False,0.7278142062706996,0.8434247583778469,under_circular
153654869-153654880-001,severe_dysplastic,baseline,20260803,0.12236063185068824,0.14781470469734048,0.14931202154890777,-0.025454072846652243,-0.02695138969821953,0.0014973168515672874,0.85941893158388,0.8601667134963005,0.8596047578907933,0.7925542863631826,0.7931349770054373,0.7926097393101581,0.37156767877605723,0.3698075871104519,0.3698075871104519,1166,1159,1159,False,False,False,0.6089871822150522,0.486626550364364,over_circular
153655016-153655039-005,severe_dysplastic,baseline,20260803,0.013533763726098491,0.020637145535311707,0.02063714683795914,-0.007103381809213216,-0.0071033831118606505,1.302647434364701e-09,0.9425045943817275,0.9422572178477691,0.9417322834645669,0.8905602355450365,0.8902676432461649,0.8897143092715505,0.38456780269774127,0.3835686788524979,0.3835686788524979,155,154,154,False,False,False,0.8632446144810539,0.8497108507549554,over_circular
153655087-153655101-002,severe_dysplastic,baseline,20260803,0.3248471136135149,0.30609425423944153,0.3099650146461702,0.018752859374073394,0.014882098967344715,0.0038707604067286794,0.7143297380585516,0.7180116600184105,0.7210800859159251,0.7039122806331046,0.7061165058172366,0.7086301506954749,0.5142156182055784,0.5076429092166854,0.5076429092166854,643,629,629,False,False,False,0.47652117605244715,0.8013682896659621,under_circular
153656862-153656873-001,light_dysplastic,baseline,20260803,0.10511377778911801,0.029618714376692057,0.029003179963762227,0.07549506341242596,0.07611059782535579,-0.0006155344129298301,0.9843122947829259,0.9854368932038835,0.9849514563106796,0.9172505433928755,0.9179005316111819,0.9176034594304784,0.007583976719989116,0.006471473096493235,0.006471473096493235,29,12,12,False,False,False,0.746239147293389,0.851352925082507,under_circular
153657121-153657160-001,severe_dysplastic,baseline,20260803,0.03827647280180091,0.05089988032395121,0.05111203177100454,-0.012623407522150298,-0.012835558969203631,0.00021215144705333255,0.9254911652044977,0.9258893280632411,0.9251482213438735,0.820956548518994,0.8213004591798685,0.8205255931517211,0.3939476077146373,0.39259955623055387,0.39259955623055387,179,176,176,False,False,False,0.8051050796890988,0.7668286068872979,over_circular
153659229-153659264-001,severe_dysplastic,baseline,20260803,0.0031011462334528117,0.0011494226951458408,0.00114942509870819,0.0019517235383069709,0.0019517211347446217,2.4035623491514002e-09,0.96523306721607,0.9653662932921334,0.965108793614008,0.9274477637938994,0.9275420301472479,0.9273511144496747,0.06529775131525878,0.06512354987442903,0.06512354987442903,246,245,245,False,False,False,0.7993513618144804,0.8024525080479332,under_circular
153697342-153697375-001,moderate_dysplastic,baseline,20260803,0.03678109562976972,0.05287543128326189,0.05287543530710925,-0.016094335653492164,-0.01609433967733953,4.02384736641892e-09,0.9751263116984066,0.9749465915711789,0.9757234414449407,0.8606466311473293,0.8603690980442726,0.8611836896123063,0.47397270181453355,0.4719478740337163,0.4719478740337163,12,9,9,False,False,False,0.8060500577139311,0.7692689620841614,over_circular
153697342-153697384-001,moderate_dysplastic,baseline,20260803,0.037885458983718756,0.043366790755068885,0.04370673324310825,-0.005481331771350129,-0.005821274259389497,0.00033994248803936866,0.9701582215101141,0.9703644373247897,0.9703644373247897,0.8816414189195751,0.8818053959455875,0.8818053959455875,0.04691901176857982,0.04639948822838502,0.04639948822838502,1,0,0,False,False,False,0.8146201029144295,0.7767346439307108,over_circular
153697726-153697736-001,light_dysplastic,baseline,20260803,0.08180633498532064,0.01689939280454933,0.01698806908655104,0.06490694218077131,0.0648182658987696,8.867628200170952e-05,0.9740751529274687,0.9734441280725202,0.9733279098146319,0.8289583577985147,0.8283613940529879,0.8282815604340262,0.2329392957581473,0.23102934935700115,0.23102934935700115,103,147,147,False,False,False,0.6556390149589095,0.7374453499442302,under_circular
153701009-153701019-002,light_dysplastic,baseline,20260803,0.17099257103572008,0.1391531914671833,0.13982593420443923,0.031839379568536774,0.031166636831280847,0.0006727427372559269,0.8574470602153081,0.8561304039688165,0.8561304039688165,0.8188094431036994,0.817610005096399,0.817610005096399,0.1756608544106541,0.17864730292311887,0.17864730292311887,1205,1218,1218,False,False,False,0.5871663359474316,0.7581589069831517,under_circular
153701622-153701650-001,moderate_dysplastic,baseline,20260803,0.09598891057150716,0.09983694094940332,0.09983693949856476,-0.003848030377896161,-0.0038480289270576007,-1.4508385604017349e-09,0.9732403297400127,0.9733705300532589,0.9733705300532589,0.8399285294143259,0.84003774348836,0.84003774348836,0.3927382438618393,0.39235795266322915,0.39235795266322915,67,68,68,False,False,False,0.762483705202728,0.6664947946312209,over_circular
153701949-153701958-001,light_dysplastic,baseline,20260803,0.0754230016538805,0.11604495510443691,0.11459504077706639,-0.040621953450556414,-0.0391720391231859,-0.0014499143273705162,0.9467604590892262,0.9470492530690726,0.9464576246117439,0.8586401058172031,0.858811288000995,0.8589542413230327,0.08354957034191146,0.08097366022369956,0.08097366022369956,291,274,274,False,False,False,0.6701171192718111,0.5946941176179306,over_circular
153702037-153702051-003,light_dysplastic,baseline,20260803,0.05293671080946105,0.009986983717514275,0.008934626136840373,0.04294972709194678,0.04400208467262068,-0.0010523575806739016,0.9745721271393643,0.9746011071312276,0.9734614132204493,0.9386661826387783,0.9386397049348585,0.9376485519307182,0.07293752068818982,0.07019712570981629,0.07019712570981629,14,0,0,False,False,False,0.7473703575434361,0.8003070683528971,under_circular
153826963-153826970-001,severe_dysplastic,baseline,20260803,0.07124942488970804,0.03422774629492431,0.03636529785016057,0.037021678594783725,0.03488412703954746,0.002137551555236261,0.7696538337107732,0.7744118594908154,0.7744118594908154,0.6357139967969436,0.6393561290321709,0.6393561290321709,1.8239503357683085,1.811326577314452,1.811326577314452,1424,1400,1400,False,False,False,0.4390285433587188,0.5102779682484269,under_circular
153826963-153826982-003,severe_dysplastic,baseline,20260803,0.3327973290617758,0.32318563454916505,0.32283565393780483,0.009611694512610736,0.009961675123970948,-0.0003499806113602122,0.7813240926500091,0.7822125022781119,0.7822125022781119,0.6206576737845586,0.6213703690436233,0.6213703690436233,3.209376103150772,3.2065690008980487,3.2065690008980487,2398,2390,2390,False,False,False,0.42715524605493954,0.7599525751167153,under_circular
153827595-153827657-002,carcinoma_in_situ,baseline,20260803,0.08841057587411427,0.09357354923890959,0.0935735482861696,-0.00516297336479532,-0.005162972412055322,-9.527399980058249e-10,0.9526327384886539,0.9524229074889868,0.9524229074889868,0.8502101745540616,0.8499667093320128,0.8499667093320128,0.19765957400042644,0.19691561621710219,0.19691561621710219,207,208,208,False,False,False,0.7664622607614763,0.678051684887362,over_circular
153828877-153828902-002,severe_dysplastic,baseline,20260803,0.036644319965115635,0.04801961479411454,0.04937727550241988,-0.011375294828998905,-0.012732955537304247,0.0013576607083053416,0.963069669984285,0.963476894881529,0.9621678230134835,0.9023894214960309,0.9026986347943945,0.9016258987934598,0.11030170150693452,0.10954328199145058,0.10954328199145058,278,275,275,False,False,False,0.7293946672379159,0.6927503472728003,over_circular
153828952-153828970-001,severe_dysplastic,baseline,20260803,0.05898919661910251,0.03444804637305532,0.03401546438188097,0.024541150246047194,0.024973732237221546,-0.00043258199117435225,0.9070422535211268,0.9068577277379734,0.9055783009211873,0.7883611823933867,0.7882720694438996,0.7858901957567609,0.5762408736598137,0.5627469663903719,0.5627469663903719,276,270,270,False,False,False,0.7691487463976783,0.8281379430167808,under_circular
153828952-153829005-001,severe_dysplastic,baseline,20260803,0.06588386139640212,0.09993636450522969,0.10175140680151318,-0.03405250310882757,-0.035867545405111056,0.0018150422962834867,0.9162717219589257,0.917869707630717,0.917869707630717,0.7622102388848497,0.7639032864258444,0.7639032864258444,0.9470327397516629,0.9275917781553031,0.9275917781553031,681,667,667,False,False,False,0.7080958003446325,0.6422119389482304,over_circular
153828952-153829005-002,severe_dysplastic,baseline,20260803,0.02840842344609351,0.02388513788456681,0.02388513956593996,0.004523285561526702,0.00452328388015355,1.6813731518183772e-09,0.8771010023130301,0.8772741288930003,0.8772741288930003,0.8297013601821681,0.8298800022996075,0.8298800022996075,0.48132804566360354,0.48028393844982076,0.48028393844982076,797,796,796,False,False,False,0.7502938386505106,0.7787022620966041,under_circular
153829664-153829672-001,light_dysplastic,baseline,20260803,0.07485194114388516,0.05549559855236108,0.04764982916832172,0.01935634259152408,0.027202111975563437,-0.007845769384039358,0.9385588258255914,0.9356116504854369,0.934368932038835,0.8684811669532594,0.8668150366854065,0.8668638394836294,0.01498706550189996,0.017026744572063268,0.017026744572063268,579,645,645,False,False,False,0.6103854569006213,0.6852373980445065,under_circular
153829745-153829768-001,severe_dysplastic,baseline,20260803,0.5506733607181022,0.4261223091251356,0.43837044685253107,0.12455105159296664,0.11230291386557117,0.01224813772739547,0.1369727047146402,0.1434223541048467,0.1434223541048467,0.4420255241939959,0.4455020235801677,0.4455020235801677,0.4157772645470379,0.41460526534649034,0.41460526534649034,3478,3464,3464,False,False,False,0.24486815297974757,0.7955415136978499,under_circular
153829745-153829768-003,severe_dysplastic,baseline,20260803,0.043888791740677946,0.027941941461545383,0.028685538744978478,0.015946850279132563,0.015203252995699468,0.0007435972834330951,0.9193903782592728,0.9198862072129944,0.9198862072129944,0.8357529292988748,0.8362349726140927,0.8362349726140927,0.5617098372984093,0.5593709420077129,0.5593709420077129,878,873,873,False,False,False,0.7244935843752187,0.7683823761158967,under_circular
153830680-153830827-002,severe_dysplastic,baseline,20260803,0.007782766686184606,0.03361042826784699,0.03361044007416547,-0.025827661581662387,-0.025827673387980865,1.1806318478413402e-08,0.9794127573405332,0.9795987185972012,0.9782498735457764,0.8560802808032654,0.8561027960127665,0.8537519275524356,0.05612295592423333,0.0417453625632378,0.0417453625632378,20,15,15,False,False,False,0.8239393450828951,0.8161565783967105,over_circular
153831352-153831372-004,severe_dysplastic,baseline,20260803,0.2203334022000084,0.21609068383721486,0.2172291384721457,0.004242718362793552,0.0031042637278627105,0.001138454634930841,0.8547753107404653,0.8580508474576272,0.8580508474576272,0.7109988916628569,0.7137916379067925,0.7137916379067925,1.8918847053818335,1.8811510483525888,1.8811510483525888,1345,1318,1318,False,False,False,0.395010500231441,0.6153439024314494,under_circular
153915432-153915441-002,severe_dysplastic,baseline,20260803,0.21487856002888273,0.20403955531762785,0.2037895718201046,0.010839004711254874,0.011088988208778128,-0.000249983497523254,0.7928994082840237,0.7923666173901357,0.7923666173901357,0.6945170482344605,0.6935506800552593,0.6935506800552593,1.357452294997421,1.3660215689171222,1.3660215689171222,1540,1545,1545,False,False,False,0.533494711219823,0.7483732712487057,under_circular
153915432-153915472-001,severe_dysplastic,baseline,20260803,0.1814741419532505,0.1374842242833838,0.13962998268211557,0.04398991766986671,0.04184415927113494,0.0021457583987317674,0.7790232185748599,0.777260018639329,0.7769937425109839,0.7810307899540367,0.7792184563234436,0.7789053650471061,0.5427914245979519,0.5501491102775293,0.5501491102775293,1656,1673,1673,False,False,False,0.5675521728786029,0.7490263148318534,under_circular
153915726-153915736-001,severe_dysplastic,baseline,20260803,0.06491797020340973,0.08636390699895491,0.0863639094336921,-0.021445936795545184,-0.021445939230282374,2.4347371896382697e-09,0.845707656612529,0.8456635116863048,0.8448908634344214,0.770777316157376,0.7705378613967916,0.7698065907375626,0.4765982687352871,0.4808043342141849,0.4808043342141849,772,777,777,False,False,False,0.7273187040760705,0.6624007338726607,over_circular
153916114-153916129-002,severe_dysplastic,baseline,20260803,0.37302703667759535,0.32276129855495445,0.32542371932965136,0.0502657381226409,0.047603317347943985,0.0026624207746969164,0.7030984719864176,0.699535472972973,0.699535472972973,0.7528389912328395,0.7496502104103884,0.7496502104103884,0.4243731328076291,0.4338689254471608,0.4338689254471608,2798,2846,2846,False,False,False,0.35028889916215994,0.7233159358397553,under_circular
153916114-153916150-001,carcinoma_in_situ,baseline,20260803,0.13580669194488104,0.15915402233823195,0.16080106944568084,-0.023347330393350907,-0.024994377500799803,0.0016470471074488957,0.9581651376146789,0.9587534372135655,0.955820348304308,0.8941640905464698,0.8947020416627791,0.8914218495092159,0.057239206419534394,0.05220640540129362,0.05220640540129362,156,151,151,False,False,False,0.7369248184211411,0.6011181264762601,over_circular
153916114-153916167-001,carcinoma_in_situ,baseline,20260803,0.39059099915206225,0.4034355680212816,0.4049631502157663,-0.012844568869219364,-0.014372151063704042,0.001527582194484678,0.8629389703375383,0.8624978701652751,0.8624978701652751,0.6936785969354031,0.6927318747151835,0.6924037907256821,2.435398913433165,2.450563740748427,2.450563740748427,790,793,793,False,False,False,0.7627132644401112,0.372122265288049,over_circular
153916569-153916586-001,carcinoma_in_situ,baseline,20260803,0.2635458326710376,0.2823017417413082,0.28263141968126104,-0.018755909070270582,-0.019085587010223448,0.000329677939952866,0.7974259974259974,0.7966058112625354,0.7966058112625354,0.7180235450174101,0.7168170910656052,0.7168170910656052,1.0579595998404088,1.067052407022787,1.067052407022787,603,607,607,False,False,False,0.694820669865769,0.43127483719473136,over_circular
153956040-153956058-001,normal_columnar,baseline,20260803,0.04336551477204398,0.004928840304434967,0.007489223170107473,0.03843667446760901,0.035876291601936505,0.002560382865672506,0.9856481481481482,0.9865988909426987,0.9847504621072088,0.9529897218752967,0.9536310026057484,0.9523120773137188,0.009978321473556429,0.012261967741517055,0.012261967741517055,8,16,16,False,False,False,0.8035155573259428,0.8468810720979868,under_circular
153956040-153956058-003,normal_columnar,baseline,20260803,0.008725804182129093,0.0023959749799068453,0.003192161239336855,0.006329829202222248,0.0055336429427922385,0.0007961862594300095,0.9035893155258765,0.9032527105921602,0.9020016680567139,0.8652638145258131,0.8650563179277186,0.8643175592010441,0.0010571589152529315,0.002339410322362956,0.002339410322362956,438,442,442,False,False,False,0.7866074612756137,0.7953332654577427,under_circular
153956040-153956072-003,normal_columnar,baseline,20260803,0.021079640591242343,0.06135071623942712,0.06188957440470522,-0.04027107564818477,-0.04080993381346287,0.0005388581652780999,0.8271954674220963,0.8301412872841444,0.8301412872841444,0.8082162076066305,0.8099428506827409,0.8099428506827409,0.1716142275492274,0.1702971863428387,0.1702971863428387,549,541,541,False,False,False,0.6359906173897545,0.6149109767985121,over_circular
153956444-153956458-004,normal_columnar,baseline,20260803,0.061209228671244786,0.013500356188239304,0.012973006117997565,0.04770887248300548,0.04823622255324722,-0.0005273500702417389,0.9396051103368177,0.9417560127499276,0.9411764705882353,0.8654357429413346,0.8668570273539848,0.8664423811482636,0.19564614725224516,0.19363158683184806,0.19363158683184806,172,165,165,False,False,False,0.7833928139407487,0.8446020426119935,under_circular
153958154-153958211-001,normal_columnar,baseline,20260803,0.12598798527959154,0.11434582536575877,0.11384169349716011,0.011642159913832772,0.012146291782431429,-0.0005041318685986562,0.8342764753435732,0.8336025848142165,0.8327948303715671,0.7032074140524478,0.702829579868882,0.7026168341460282,0.12764732948612567,0.1273185409655808,0.1273185409655808,406,408,408,False,False,False,0.6800253297193894,0.806013314998981,under_circular
153958547-153958572-002,normal_columnar,baseline,20260803,0.08076442345958113,0.09574504286439756,0.09574504949897122,-0.014980619404816431,-0.0149806260393901,6.634573668229393e-09,0.8529565672422815,0.8520648196549921,0.8531102979613173,0.7862891583256325,0.7852373317394696,0.7857600708926322,0.7434110494054443,0.7493989683485353,0.7493989683485353,259,261,261,False,False,False,0.7222680853287855,0.6415036618692044,over_circular
153958547-153958572-006,normal_columnar,baseline,20260803,0.010382913008442962,0.01777327494178249,0.01777328288963198,-0.007390361933339529,-0.007390369881189018,7.947849489653436e-09,0.8271334792122538,0.8267716535433071,0.8267716535433071,0.7626001315217683,0.7621903274748885,0.7621903274748885,0.680895368896658,0.6829222970151497,0.6829222970151497,395,396,396,False,False,False,0.7841548385053377,0.7737719254968948,over_circular
153958547-153958572-008,normal_columnar,baseline,20260803,0.17662878953034228,0.18177697958585987,0.18177697868688664,-0.0051481900555175875,-0.005148189156544358,-8.989732291908581e-10,0.7776838546069316,0.7773553020701309,0.7782002534854245,0.6143770954991844,0.613620267714484,0.6148078543632173,0.3704121614029885,0.366877318970676,0.366877318970676,114,115,115,False,False,False,0.5883275894140326,0.41169879988369035,over_circular
153958547-153958572-009,normal_columnar,baseline,20260803,0.03140909761031607,0.016319252429279563,0.013225060974050185,0.01508984518103651,0.018184036636265888,-0.003094191455229378,0.908352144469526,0.907532701849346,0.907532701849346,0.846502572140725,0.8458641872369965,0.8458641872369965,0.11690400518499927,0.11807320266336019,0.11807320266336019,203,205,205,False,False,False,0.7594744565841745,0.7908835541944905,under_circular
153958547-153958590-002,normal_columnar,baseline,20260803,0.738929214116638,0.7253490753088601,0.7290365898388516,0.013580138807777975,0.009892624277786477,0.003687514529991498,0.16398771898139786,0.16500356379187456,0.17320028510334998,0.34600306770539574,0.34598883371900413,0.35033006756457763,0.1962887616981639,0.192725328337638,0.192725328337638,335,260,260,False,False,False,0.10191385817072494,0.840843072287363,under_circular
154519964-154519981-001,light_dysplastic,baseline,20260803,0.06597528184896473,0.15617901767885223,0.1556906621635994,-0.0902037358298875,-0.08971538031463466,-0.0004883555152528363,0.8316357100059916,0.8294334362242358,0.8292342925420692,0.7534624669879171,0.7511756619162463,0.751076090075163,0.18629730150834112,0.19273610915969763,0.19273610915969763,1668,1697,1697,False,False,False,0.5957506536387657,0.5297753717898009,over_circular
157181481-157181497-004,normal_columnar,baseline,20260803,0.21131387867601625,0.21952932999918895,0.2202183021613091,-0.008215451323172696,-0.008904423485292856,0.0006889721621201605,0.9266473269788645,0.9262634631317316,0.9254349627174814,0.8907863500565965,0.8904804576805154,0.8898671628874031,0.010109787212928878,0.009556766608206924,0.009556766608206924,125,126,126,False,False,False,0.8261191260706938,0.6148052473946776,over_circular
157181671-157181697-001,normal_superficiel,baseline,20260803,0.23075251870908675,0.14303500312284345,0.14303500312284345,0.0877175155862433,0.0877175155862433,0.0,0.9327272727272727,0.9377817853922452,0.9323715058611362,0.9566887385132189,0.9592331423336904,0.956506683030912,0.0004828794451538108,0.00035582923762816736,0.00035582923762816736,18,9,9,False,False,False,0.608742520685179,0.8394950393942657,under_circular
157183193-157183279-001,normal_superficiel,baseline,20260803,0.20085241153584454,0.09884481654829869,0.11965911825398767,0.10200759498754586,0.08119329328185687,0.020814301705688987,0.8880813953488372,0.8933717579250721,0.877521613832853,0.8745397038649323,0.877203852604114,0.8691912110497073,0.0017085920990779872,0.0015067915227826318,0.0015067915227826318,24,12,12,False,False,False,0.6720241817452727,0.8728765932811172,under_circular
157183828-157183877-001,normal_intermediate,baseline,20260803,0.12411473869777756,0.024385994693313595,0.024385988153482363,0.09972874400446397,0.0997287505442952,-6.539831232110771e-09,0.9260159777700591,0.9225984796129924,0.921907394609537,0.9178227103370084,0.9160706985906444,0.9157181531406754,0.0005659213702240498,0.0003683198852068442,0.0003683198852068442,203,218,218,False,False,False,0.7255117184218807,0.8496264571196582,under_circular
157183964-157183980-001,normal_superficiel,baseline,20260803,0.25008650825105794,0.07252961689291126,0.07252961182360596,0.17755689135814667,0.17755689642745198,-5.069305308857963e-09,0.7683741648106904,0.7859495060373216,0.7859495060373216,0.803504981872758,0.8123515492673372,0.8123515492673372,0.007078933314158607,0.0068280666258615855,0.0068280666258615855,208,195,195,False,False,False,0.596063777983152,0.84615028623421,under_circular
157184013-157184031-001,normal_superficiel,baseline,20260803,0.5937208589343018,0.5426956323962624,0.5527651375425253,0.051025226538039425,0.0409557213917765,0.010069505146262925,0.2644628099173554,0.2611446649410411,0.26056945642795515,0.5798314941938294,0.577430575286415,0.5771257841743791,0.08317487348239,0.08657283769538432,0.08657283769538432,2396,2485,2485,False,False,False,0.21469160007801127,0.8084124590123131,under_circular
157184850-157184920-002,normal_columnar,baseline,20260803,0.12121987547774526,0.13352107534260743,0.13263526890918081,-0.012301199864862167,-0.01141539343143555,-0.0008858064334266169,0.7885051676329721,0.7869182389937107,0.7864150943396226,0.7445818406368059,0.7432990743076255,0.7429533577516226,0.059148347377224575,0.061013238758699295,0.061013238758699295,827,835,835,False,False,False,0.45429770059450264,0.3330778251167574,over_circular
157184850-157184942-001,normal_superficiel,baseline,20260803,nan,nan,nan,nan,nan,nan,0.0,0.0,0.0,0.43717667989599013,0.43717667989599013,0.43717667989599013,0.006035477449376799,0.006035477449376799,0.006035477449376799,476,476,476,True,True,True,nan,0.5429951124363981,equal
157185208-157185238-001,normal_superficiel,baseline,20260803,0.22007802347808825,0.15371403040531995,0.16520785092811252,0.0663639930727683,0.054870172549975726,0.011493820522792575,0.651928504233302,0.6482694106641721,0.6482694106641721,0.7660634299125574,0.7642030886084333,0.7642030886084333,0.004645959980253696,0.004745990940702232,0.004745990940702232,740,752,752,False,False,False,0.6660477924629638,0.886125815941052,under_circular
157185433-157185479-002,normal_columnar,baseline,20260803,0.02639777834442425,0.035164356585245526,0.03516435030698439,-0.008766578240821277,-0.008766571962560143,-6.27826113319685e-09,0.9329148685759121,0.9325490196078431,0.9317647058823529,0.8742638355369803,0.8739884385984249,0.8734401293309328,0.12226691744131085,0.12188530399224218,0.12188530399224218,135,134,134,False,False,False,0.8469402818357664,0.8205425034913422,over_circular
157185433-157185479-003,normal_columnar,baseline,20260803,0.056224586250725905,0.06540678940199185,0.065406791024889,-0.009182203151265944,-0.009182204774163094,1.622897149999858e-09,0.9681274900398407,0.9686411149825784,0.9676455948232952,0.9357333408019941,0.936062328025006,0.9354047724835555,0.020496641334561472,0.020926886751977847,0.020926886751977847,42,43,43,False,False,False,0.8178419121283751,0.7616173258776492,over_circular
157185433-157185479-004,normal_columnar,baseline,20260803,0.32466606051527386,0.30420237448787274,0.3042023732994185,0.020463686027401118,0.020463687215855342,-1.1884542239215534e-09,0.78990990990991,0.7883578871721164,0.7883578871721164,0.7741180634092675,0.7727076005578289,0.7729214585561182,0.21970772777534175,0.22555049719228826,0.22555049719228826,511,519,519,False,False,False,0.35710963692292835,0.6817756974382022,under_circular
157185433-157185479-006,normal_columnar,baseline,20260803,0.4051602609057454,0.3985656235208637,0.3988698515969357,0.006594637384881696,0.006290409308809697,0.00030422807607199953,0.8041942101664007,0.8043725802778411,0.8030061489410157,0.6125816166002773,0.6123638676634369,0.6114156109136566,0.3154291787421184,0.3119442580195224,0.3119442580195224,507,511,511,False,False,False,0.34707254554493205,0.7522328064506775,under_circular
157185433-157185508-001,normal_columnar,baseline,20260803,0.21204377932691953,0.22533993643620465,0.22752557226790948,-0.013296157109285112,-0.015481792940989947,0.0021856358317048352,0.9494057724957555,0.9494401085850017,0.9507974211062097,0.9078596328979245,0.907862911435358,0.9087493599037542,0.010723437305613537,0.010198217698419942,0.010198217698419942,35,37,37,False,False,False,0.7567463641171857,0.5447025847902661,over_circular
157185730-157185758-001,normal_columnar,baseline,20260803,0.3703671829304516,0.3780026421701946,0.3785351221538859,-0.007635459239742959,-0.008167939223434284,0.0005324799836913252,0.6301099983582334,0.6297998030850016,0.6297998030850016,0.4989597474218366,0.49859680165731135,0.49902734126695547,0.18310646163295963,0.1844296994158019,0.1844296994158019,2199,2202,2202,False,False,False,0.7355598351321463,0.36519265220169467,over_circular
157185781-157185793-003,normal_columnar,baseline,20260803,0.028209249234190215,0.023908186528495246,0.02417303310164809,0.004301062705694969,0.004036216132542125,0.00026484657315284377,0.8350253807106599,0.834874025738626,0.834874025738626,0.7871104652804477,0.7869673434566673,0.7869673434566673,0.12728896037680582,0.12763934284210599,0.12763934284210599,648,649,649,False,False,False,0.7248325346711059,0.7530417839052961,under_circular
157222534-157222607-001,normal_superficiel,baseline,20260803,0.17659317161245336,0.07120181441500051,0.07120181441500051,0.10539135719745285,0.10539135719745285,0.0,0.8265162200282088,0.8363636363636363,0.8391608391608392,0.8833050583709119,0.8882552495488436,0.8896632411478318,0.0020428758973064587,0.0019288739975153735,0.0019288739975153735,113,107,107,False,False,False,0.7073254815316672,0.8839186531441205,under_circular
157222647-157222687-001,normal_intermediate,baseline,20260803,0.20408042933480464,0.1024588824105831,0.11534415288223665,0.10162154692422154,0.08873627645256799,0.012885270471653554,0.641713863580399,0.6357648206879727,0.6357648206879727,0.7823948056001963,0.779263902808295,0.779263902808295,0.01912830579771417,0.01970336796563652,0.01970336796563652,1455,1493,1493,False,False,False,0.6297152764142918,0.8337957057490964,under_circular
157222801-157222811-001,normal_intermediate,baseline,20260803,0.0645658479287996,0.07447672358484136,0.05859661416351292,-0.009910875656041762,0.005969233765286686,-0.015880109421328448,0.875,0.8726224783861671,0.8622478386167147,0.9109224662062452,0.9096730141890239,0.9043528353267214,0.0030781997002900796,0.0037774524864664163,0.0037774524864664163,100,123,123,False,False,False,0.7116781838930851,0.7762440318218847,under_circular
157223549-157223570-001,normal_intermediate,baseline,20260803,0.14113402029310107,0.002134021545206699,0.002134022758640941,0.13899999874789437,0.13899999753446013,1.2134342419756194e-09,0.9572139303482587,0.9650762420068864,0.9660600098376783,0.9628792934863106,0.9668951392862151,0.9673988874274111,0.0019978633420580857,0.00145360862597688,0.00145360862597688,32,9,9,False,False,False,0.5381790739551006,0.6793130942482016,under_circular
157224412-157224429-001,normal_superficiel,baseline,20260803,0.3188494125970085,0.2763440328940655,0.28396923067425595,0.04250537970294299,0.03488018192275255,0.00762519778019044,0.28313447275072556,0.28061224489795916,0.2799744897959184,0.5546824922338037,0.5533466061101107,0.553020075693092,0.013667453975211899,0.013903707799695386,0.013903707799695386,2221,2256,2256,False,False,False,0.5147694913993123,0.8336189039963208,under_circular
157224458-157224464-001,normal_intermediate,baseline,20260803,0.5153875599973468,0.4802784820253103,0.48309870113963144,0.03510907797203644,0.03228885885771532,0.002820219114321121,0.23811078463380128,0.23613209583423267,0.23613209583423267,0.41459586186044006,0.4130472842567592,0.4130472842567592,0.10123608943322841,0.10265782417873272,0.10265782417873272,7001,7078,7078,False,False,False,0.3286004308839295,0.8439879908812762,under_circular
157224458-157224483-001,normal_superficiel,baseline,20260803,0.24933248314347956,0.1477365729658966,0.14773656930625845,0.10159591017758296,0.10159591383722111,-3.659638148079125e-09,0.9063063063063063,0.9160714285714285,0.9125,0.8926216341565417,0.897533453981189,0.8957344242048988,0.002927040511104942,0.0028073719998154435,0.0028073719998154435,84,74,74,False,False,False,0.6066690097603287,0.8560014929038082,under_circular
157227058-157227087-001,normal_columnar,baseline,20260803,0.08826279330640913,0.10733118897819799,0.10345657403634573,-0.019068395671788863,-0.015193780729936601,-0.0038746149418522613,0.7422920302501455,0.7421602787456446,0.7421602787456446,0.6602252442471284,0.6599571256252772,0.6599571256252772,0.03227166209052701,0.03099459283161765,0.03099459283161765,55,58,58,False,False,False,0.5864990230204103,0.4982362297140012,over_circular
157227461-157227503-003,normal_columnar,baseline,20260803,0.03124758430598018,0.03643743805094968,0.03643743900386398,-0.005189853744969497,-0.0051898546978838,9.52914303020691e-10,0.8286820126298635,0.8289205702647657,0.8285132382892058,0.8002240455449157,0.8003996083529197,0.8000500847221992,0.3667794402172958,0.3663826464147878,0.3663826464147878,511,510,510,False,False,False,0.7468764176701981,0.7156288333642179,over_circular
157266930-157266947-001,normal_columnar,baseline,20260803,0.10413018275137687,0.21824246612544662,0.21862359191988046,-0.11411228337406976,-0.11449340916850359,0.0003811257944338342,0.7974068071312804,0.7963742311427646,0.797021689867271,0.7250873000429947,0.7236010824540318,0.7242847830185887,1.115270323684968,1.126833600099022,1.126833600099022,513,517,517,False,False,False,0.5503835833540215,0.4462534006026446,over_circular
157268504-157268544-001,normal_superficiel,baseline,20260803,0.10242371118853366,0.030789309098424034,0.05478407248997541,0.07163440209010963,0.04763963869855825,0.023994763391551377,0.5025641025641026,0.5050847457627119,0.4915254237288136,0.6734194660128465,0.6746679613278572,0.6678351074068414,0.0016436844207626585,0.0015132787895645846,0.0015132787895645846,92,82,82,False,False,False,0.7276912485264748,0.8301149597150085,under_circular
158986766-158986776-001,normal_columnar,baseline,20260803,0.016420566259031766,0.000488136136187034,0.00015025174845773037,0.015932430122844732,0.016270314510574035,-0.0003378843877293036,0.9829323462882994,0.9827373612823674,0.9827373612823674,0.9092941706331641,0.9091029182699202,0.9091029182699202,0.09782086082332186,0.09916653379432372,0.09916653379432372,55,58,58,False,False,False,0.7871998707672525,0.8036204370262843,under_circular
158986813-158986820-001,normal_columnar,baseline,20260803,0.004701027744241193,0.004701027744241193,0.004701027744241193,0.0,0.0,0.0,0.9480830670926518,0.9480830670926518,0.9480830670926518,0.8605023853224092,0.8605023853224092,0.8605023853224092,0.1067954948738718,0.1067954948738718,0.1067954948738718,130,130,130,False,False,False,0.8187997012618409,0.8140986735175997,over_circular
158986920-158986928-004,normal_columnar,baseline,20260803,nan,nan,nan,nan,nan,nan,0.0,0.0,0.0,0.045889440113394755,0.045889440113394755,0.045889440113394755,0.6050767414403778,0.6050767414403778,0.6050767414403778,2050,2050,2050,True,True,True,nan,0.7421914042237112,equal
204870858-204870872-001,light_dysplastic,baseline,20260803,0.13635193607547036,0.15435567889973223,0.1549018778319582,-0.01800374282426187,-0.01854994175648783,0.0005461989322259608,0.9658401248482746,0.9670938690682369,0.966401108417042,0.8630779981376286,0.8640010752286866,0.8635433859093224,0.25031749294724714,0.2482902311118017,0.2482902311118017,27,20,20,False,False,False,0.7450278662047067,0.6086759301292364,over_circular
204870951-204870961-002,light_dysplastic,baseline,20260803,0.11411906675571126,0.0445278364643974,0.04470038350204342,0.06959123029131387,0.06941868325366785,0.0001725470376460203,0.7892883248056349,0.7923377742427256,0.7923377742427256,0.7494361365977767,0.7513297890478077,0.7513297890478077,0.39267833155187637,0.3905590857873397,0.3905590857873397,3171,3133,3133,False,False,False,0.49980742528972855,0.6139264920454398,under_circular
204871030-204871038-001,light_dysplastic,baseline,20260803,0.12718186635080808,0.030908213299045917,0.030599085335421106,0.09627365305176216,0.09658278101538698,-0.0003091279636248112,0.901610293551121,0.8988401566940625,0.8988401566940625,0.8230877554712126,0.8207536132729459,0.8207536132729459,0.044013532290694324,0.04835517586531196,0.04835517586531196,1277,1317,1317,False,False,False,0.6266632182957571,0.7538450846465652,under_circular
204871030-204871038-002,light_dysplastic,baseline,20260803,0.15901927607402755,0.036561348043513076,0.03543395833308949,0.12245792803051447,0.12358531774093806,-0.0011273897104235875,0.9306627101879328,0.9281980471446888,0.9284939343130486,0.8853168444364767,0.8834633613096381,0.8836701988650384,0.01607502061682131,0.019129804074643986,0.019129804074643986,1376,1434,1434,False,False,False,0.6730784890054181,0.8320977650794457,under_circular
209047342-209047443-001,normal_superficiel,baseline,20260803,0.212057179930483,0.1874043209712597,0.19170380166752465,0.02465285895922331,0.020353378262958355,0.004299480696264957,0.7312101910828025,0.726122707147375,0.7248576850094877,0.7560040970501973,0.7534073798021597,0.7527669685910134,0.0011700974774360908,0.0013164176764258774,0.0013164176764258774,390,401,401,False,False,False,0.6654107206196648,0.8774679005501478,under_circular
209047526-209047626-001,normal_intermediate,baseline,20260803,0.11898235177194882,0.033017529076248,0.04443223611730929,0.08596482269570083,0.07455011565463954,0.01141470704106129,0.8947572815533981,0.8928296067848882,0.887432536622976,0.8135810311243019,0.812574228835095,0.8098259177461749,0.0077767902142366445,0.0075590952318379916,0.0075590952318379916,161,180,180,False,False,False,0.6623328843336469,0.7813152361055957,under_circular
209047526-209047798-001,normal_superficiel,baseline,20260803,0.6377272598983865,0.5941845428933619,0.5997181240312294,0.043542717005024656,0.03800913586715715,0.005533581137867505,0.08405396056727776,0.08307797071842016,0.08375893769152196,0.41456025083798653,0.41368614811123666,0.4140266315977876,0.05589372042256246,0.05706954170482972,0.05706954170482972,4830,4922,4922,False,False,False,0.22323255367009642,0.860959813568483,under_circular
209307421-209307504-001,normal_intermediate,baseline,20260803,0.13371560028879392,0.02943033603348222,0.04520349694986492,0.1042852642553117,0.088512103338929,0.0157731609163827,0.5814469596094097,0.5747479175800088,0.5738711091626479,0.6563882652096136,0.6522826275884626,0.6518004194461888,0.08398320071366008,0.08680756446993779,0.08680756446993779,1884,1940,1940,False,False,False,0.6983653447216401,0.8320809450104341,under_circular
209522474-209522522-001,normal_intermediate,baseline,20260803,0.13060972319657027,0.13060972319657027,0.13060972319657027,0.0,0.0,0.0,0.9085805934242182,0.9085805934242182,0.9085805934242182,0.8686879611251392,0.8686879611251392,0.8686879611251392,0.013053142317477041,0.013053142317477041,0.013053142317477041,34,34,34,False,False,False,0.6761663300460539,0.8067760532426241,under_circular
209522940-209522970-001,normal_intermediate,baseline,20260803,0.15252790003487193,0.053732530918457644,0.05373252679373075,0.09879536911641429,0.09879537324114118,-4.124726893373065e-09,0.9565217391304348,0.958904109589041,0.958904109589041,0.8988381225675386,0.9000610722911557,0.9000610722911557,0.010996660042332497,0.010544135857878674,0.010544135857878674,92,78,78,False,False,False,0.7138121878593668,0.8663400878942388,under_circular
209565409-209565503-001,normal_intermediate,baseline,20260803,0.1626771520156255,0.05203175267873916,0.05203174690159662,0.11064539933688633,0.11064540511402887,-5.777142542129354e-09,0.9223744292237442,0.9277336360196746,0.9292470677260689,0.874060934877924,0.8767898190157399,0.8775655141625277,0.011488885985959187,0.011236773502739727,0.011236773502739727,192,177,177,False,False,False,0.7036792538933283,0.8663564059089538,under_circular
209565409-209565600-001,normal_intermediate,baseline,20260803,0.16918275499354885,0.11076002009324715,0.11076001888034281,0.0584227349003017,0.05842273611320603,-1.2129043325259659e-09,0.7972508591065293,0.8006230529595015,0.8006230529595015,0.8079942216070936,0.8097039297583762,0.8097039297583762,0.015427210499341319,0.015326648261058106,0.015326648261058106,649,640,640,False,False,False,0.6755931546272368,0.8447759096207856,under_circular
209565864-209565890-001,normal_intermediate,baseline,20260803,0.20705991006013402,0.038299422285549056,0.04446147494852959,0.16876048777458497,0.16259843511160443,0.006162052662980533,0.9005087620124365,0.908835904628331,0.908835904628331,0.8399866096461115,0.8442691575966041,0.8442691575966041,0.021889537565516214,0.021349899236200558,0.021349899236200558,352,325,325,False,False,False,0.6723944895726435,0.8794543996327775,under_circular
209565864-209565911-001,normal_intermediate,baseline,20260803,0.15650749959445576,0.05321072266005333,0.053210721127650906,0.10329677693440242,0.10329677846680485,-1.5324024271734515e-09,0.7904104613149292,0.7960954446854663,0.7960954446854663,0.8085518629475825,0.8114449235736645,0.8114449235736645,0.013876232227965541,0.013640318609290759,0.013640318609290759,577,564,564,False,False,False,0.7114969410317039,0.8680044406261597,under_circular
209566047-209566095-001,normal_intermediate,baseline,20260803,0.16521675262383573,0.029306768299421693,0.02930676587243608,0.13590998432441403,0.13590998675139965,-2.426985612480337e-09,0.9428029276226619,0.9493534482758621,0.9488146551724138,0.848629078335317,0.8520097658410515,0.851728218030457,0.022314448093014964,0.021825563068156244,0.021825563068156244,207,184,184,False,False,False,0.6838149558550634,0.8490317084788991,under_circular
209566205-209566247-001,normal_intermediate,baseline,20260803,0.20765327830714964,0.07360016241640865,0.07360015677030574,0.13405311589074098,0.1340531215368439,-5.646102918532847e-09,0.8085842852197992,0.8163686382393398,0.8163686382393398,0.8605498811443619,0.864550502912109,0.864550502912109,0.012105046548491441,0.011603283764942861,0.011603283764942861,553,534,534,False,False,False,0.6577375888527465,0.8653908671598961,under_circular
209566205-209566289-001,normal_intermediate,baseline,20260803,0.1976853473127922,0.13865807715030865,0.13821252600476985,0.05902727016248355,0.05947282130802234,-0.0004455511455387917,0.9351050679851669,0.9384236453201971,0.9396551724137931,0.8333307629403868,0.835016725662499,0.8356482291848999,0.016780108671578725,0.016627206025681917,0.016627206025681917,156,144,144,False,False,False,0.596821273111389,0.7945066204241812,under_circular
209566399-209566485-001,normal_intermediate,baseline,20260803,0.33122990854249856,0.33122990854249856,0.33122990854249856,0.0,0.0,0.0,0.2545968882602546,0.2545968882602546,0.2545968882602546,0.554625647428463,0.554625647428463,0.554625647428463,0.026415473724617788,0.026415473724617788,0.026415473724617788,1581,1581,1581,False,False,False,0.5277458919293067,0.8589758004718052,under_circular
148495842-148495854-001,light_dysplastic,baseline,20260804,0.16341139583747455,0.1762367917780271,0.1751530985606462,-0.012825395940552542,-0.011741702723171654,-0.0010836932173808878,0.9169598874032372,0.91753121153508,0.91753121153508,0.9078588256891962,0.9082491811344733,0.9082491811344733,0.11590754040801132,0.11529111677383935,0.11529111677383935,472,469,469,False,False,False,0.652981445899589,0.4895700500621144,over_circular
148497551-148497588-001,light_dysplastic,baseline,20260804,0.008447609322240535,0.030389603947713617,0.030717786586118456,-0.021941994625473082,-0.02227017726387792,0.0003281826384048392,0.9818525519848771,0.9818662636947487,0.9814884775217227,0.9142995129249976,0.9142700226335714,0.9139625477849335,0.16067197371849884,0.1625133058050251,0.1625133058050251,60,64,64,False,False,False,0.8290275181966573,0.8205799088744168,over_circular
148497788-148497816-002,light_dysplastic,baseline,20260804,0.1461600394625049,0.04413934871118552,0.04711761618478438,0.10202069075131937,0.0990424232777205,0.0029782674735988612,0.9062119366626066,0.9120426459898231,0.9047734431790647,0.8852444694832209,0.8884821624876897,0.8848475610823106,0.018560673852481474,0.016851984497951916,0.016851984497951916,327,305,305,False,False,False,0.6001471428708227,0.7463071823333276,under_circular
148503209-148503222-001,light_dysplastic,baseline,20260804,0.3806186809618642,0.32514031369333013,0.3247625265926453,0.05547836726853406,0.05585615436921887,-0.00037778710068481214,0.8993632994393234,0.89846561848835,0.8971396097745785,0.8648544006974974,0.8645496316359496,0.8636418192493603,0.031456175499282535,0.03542555980158102,0.03542555980158102,809,844,844,False,False,False,0.3708440785061204,0.7514627594679846,under_circular
148503209-148503231-001,light_dysplastic,baseline,20260804,0.07516088445467062,0.03744581058081797,0.03670000935616924,0.037715073873852645,0.03846087509850138,-0.0007458012246487344,0.8551309736175007,0.8517202692595363,0.8517202692595363,0.825257744069617,0.8218359368391317,0.8218359368391317,0.2535049345593242,0.26478238227794215,0.26478238227794215,1539,1584,1584,False,False,False,0.5793200017814601,0.6544808862361308,under_circular
148503400-148503432-001,light_dysplastic,baseline,20260804,0.0027111508307194887,0.11514780048172513,0.1114724625263841,-0.11243664965100564,-0.10876131169566461,-0.0036753379553410293,0.9340688673369517,0.9401043970627267,0.9401043970627267,0.9171411105947813,0.9211686846673048,0.9211686846673048,0.0693298363089403,0.06335081056500708,0.06335081056500708,741,677,677,False,False,False,0.6743705935849151,0.6770817444156346,under_circular
148503568-148503580-002,light_dysplastic,baseline,20260804,0.18117885579786047,0.20861855572762605,0.2089443903228521,-0.027439699929765582,-0.027765534524991642,0.00032583459522605995,0.8774002954209749,0.8793650793650793,0.8798185941043084,0.8234098528174705,0.8247181399771628,0.8250676569834088,0.13373861269993442,0.13798526209040923,0.13798526209040923,89,108,108,False,False,False,0.6679618717027584,0.486783015904898,over_circular
148718455-148718461-001,light_dysplastic,baseline,20260804,0.12815847829545424,0.010326416100979063,0.010222421295274398,0.11783206219447517,0.11793605700017984,-0.0001039948057046658,0.9668527564549896,0.9690996579511856,0.9689837092005333,0.9349828091044574,0.9365427066635807,0.936457338780516,0.01949968661785556,0.015219153351529291,0.015219153351529291,490,437,437,False,False,False,0.7399871134458295,0.8681455917412837,under_circular
148719308-148719348-004,light_dysplastic,baseline,20260804,0.021452859224343257,0.015857733106223848,0.015498742238487573,0.005595126118119409,0.005954116985855684,-0.0003589908677362752,0.9611351017890192,0.9613486842105263,0.9613486842105263,0.9317266022143542,0.9318938543003852,0.9318938543003852,0.010084802534731763,0.009630239968709708,0.009630239968709708,179,178,178,False,False,False,0.8062627212674002,0.8277155804917434,under_circular
148719308-148719357-001,light_dysplastic,baseline,20260804,0.06128985786824537,0.014286023754114585,0.01398698679356436,0.04700383411413078,0.04730287107468101,-0.0002990369605502252,0.9741710936068877,0.9753154141524959,0.9749497165843847,0.9031847511615544,0.9039119212646132,0.903657341614766,0.015595295494893358,0.013619091879422729,0.013619091879422729,81,71,71,False,False,False,0.7334802628151366,0.7947701206833819,under_circular
148848523-148848559-002,moderate_dysplastic,baseline,20260804,0.018142761533494478,0.025969067754698982,0.026136322812818413,-0.007826306221204504,-0.007993561279323935,0.00016725505811943098,0.9467814517706906,0.9465962441314554,0.94679186228482,0.8444270519696607,0.8443031044451177,0.8442793920732643,0.07324477564425025,0.07434945950735417,0.07434945950735417,330,332,332,False,False,False,0.8550193030645109,0.8368765415310164,over_circular
148881870-148882178-002,light_dysplastic,baseline,20260804,0.01330431241292318,0.03806558428276885,0.038689832970534854,-0.02476127186984567,-0.025385520557611674,0.0006242486877660047,0.8719393282773564,0.870995670995671,0.870995670995671,0.8223789926469212,0.8212897453388498,0.8212897453388498,0.47553372192467,0.4805846495585371,0.4805846495585371,591,596,596,False,False,False,0.7624092410682318,0.7491049286553086,over_circular
148882307-148882323-001,light_dysplastic,baseline,20260804,0.011259237822474177,0.14503645796783693,0.1450364560389481,-0.13377722014536275,-0.13377721821647393,-1.9288888264412662e-09,0.9529064345663661,0.9566630552546046,0.9560439560439561,0.8932667158646375,0.8956986419822424,0.8952694429497396,0.03055212850600536,0.026102943387107058,0.026102943387107058,568,514,514,False,False,False,0.6655083880937034,0.6767676259161776,under_circular
148882535-148882616-001,light_dysplastic,baseline,20260804,0.20914427319028878,0.13500244602615025,0.13959345350083296,0.07414182716413853,0.06955081968945581,0.004591007474682718,0.835820895522388,0.8322397414552933,0.8336108118695524,0.8570480312978441,0.8544141228678073,0.8552857589948071,0.08707786480452356,0.09375541228552697,0.09375541228552697,1489,1583,1583,False,False,False,0.29732621662726505,0.5064704898175538,under_circular
148882671-148882687-001,light_dysplastic,baseline,20260804,0.14211499480933576,0.07467477560333291,0.07318595394177907,0.06744021920600285,0.06892904086755669,-0.0014888216615538408,0.7636682584543417,0.7629226583754373,0.762728332685581,0.762564771059056,0.761845944572334,0.7622295509581751,0.18491393916769655,0.1894646223512944,0.1894646223512944,2307,2338,2338,False,False,False,0.580361873695578,0.7224768685049138,under_circular
149011613-149011656-001,light_dysplastic,baseline,20260804,0.11425486098344961,0.028922667998119378,0.02991618840894772,0.08533219298533024,0.0843386725745019,0.0009935204108283413,0.9706249291142112,0.9718802936194241,0.9723320158102767,0.8506267704894089,0.8512527113434466,0.8515080735746666,0.016969947129284207,0.015781916879160668,0.015781916879160668,51,13,13,False,False,False,0.713227956170496,0.8274828171539456,under_circular
149013033-149013072-001,moderate_dysplastic,baseline,20260804,0.07928377244907114,0.06479286553405805,0.06257147526960816,0.014490906915013091,0.016712297179462987,-0.002221390264449896,0.9635324265720481,0.9643490250147725,0.9639550915895214,0.8805820921562559,0.8811452863689262,0.8808512228507855,0.07523185411577299,0.07657201392187202,0.07657201392187202,177,173,173,False,False,False,0.7363371727285034,0.8156209451775746,under_circular
149014929-149014984-001,moderate_dysplastic,baseline,20260804,0.05447972715047189,0.05447972715047189,0.05447972715047189,0.0,0.0,0.0,0.9760332599657618,0.9760332599657618,0.9760332599657618,0.9275930419430138,0.9275930419430138,0.9275930419430138,0.00782884782955151,0.00782884782955151,0.00782884782955151,126,126,126,False,False,False,0.8140739111924375,0.7595941840419657,over_circular
149014929-149015008-003,moderate_dysplastic,baseline,20260804,0.2453909969731244,0.2018421329407184,0.20267925571449075,0.04354886403240599,0.04271174125863364,0.0008371227737723475,0.8427462323032425,0.8410817380735339,0.8410817380735339,0.828956604092252,0.8272299876060388,0.8272299876060388,0.35604289140069045,0.3624304187626506,0.3624304187626506,1033,1046,1046,False,False,False,0.581172305396749,0.8265633023698734,under_circular
149014929-149015022-001,light_dysplastic,baseline,20260804,0.07940076754244074,0.045883570363149495,0.04854090363550134,0.03351719717929125,0.0308598639069394,0.0026573332723518472,0.9562317632346811,0.9553107462066098,0.9538557472458948,0.9498407056148919,0.9491605435360893,0.9481649475409865,0.012472639019783516,0.015174573525772117,0.015174573525772117,290,316,316,False,False,False,0.5658797951453856,0.6452805626878263,under_circular
149014929-149015022-002,light_dysplastic,baseline,20260804,0.12141753321851911,0.18732850960269432,0.18859734424025665,-0.0659109763841752,-0.06717981102173753,0.0012688346375623327,0.9682726204465335,0.9685534591194969,0.9691930497814731,0.9424171004712701,0.9425662309273057,0.9430438213350876,0.04799036077900121,0.04501257852330398,0.04501257852330398,93,73,73,False,False,False,0.6955504278258482,0.5741328946073291,over_circular
149053341-149053350-001,moderate_dysplastic,baseline,20260804,0.050261925202849556,0.013730503031689323,0.014337384730736868,0.03653142217116023,0.03592454047211269,0.0006068816990475456,0.9667652276759314,0.967543963177151,0.9673079192729848,0.9101227465265973,0.91060674070609,0.910432437799482,0.0028478347780133695,0.005854560093787875,0.005854560093787875,7,11,11,False,False,False,0.7717848183037109,0.8220467435065605,under_circular
149053945-149053969-001,moderate_dysplastic,baseline,20260804,0.14390668561596553,0.11910720203788405,0.11910719968854389,0.024799483578081483,0.02479948592742165,-2.349340166851732e-09,0.8851702250432776,0.884149855907781,0.884149855907781,0.8624866414151345,0.8617960125098549,0.8617960125098549,0.11469211140201552,0.11560935845302361,0.11560935845302361,597,603,603,False,False,False,0.6999568409399757,0.8438635265559412,under_circular
149053945-149053976-001,moderate_dysplastic,baseline,20260804,0.17280617777591611,0.09370958774754423,0.09896107456268488,0.07909659002837188,0.07384510321323123,0.005251486815140649,0.7255563047875927,0.7272727272727273,0.7221700013428226,0.7971004471124963,0.7979565705923855,0.7950151119513358,0.03781292749316989,0.0362413965664819,0.0362413965664819,1309,1277,1277,False,False,False,0.6835363742981132,0.8563425520740293,under_circular
149054642-149054677-003,light_dysplastic,baseline,20260804,0.017274986212277854,0.011793206372437526,0.011793207374075076,0.005481779839840328,0.005481778838202778,1.0016375506793906e-09,0.9046000453206435,0.904848210240145,0.904848210240145,0.8859962126652698,0.8861560638829591,0.8861560638829591,0.1165315307243231,0.11632861417164847,0.11632861417164847,419,418,418,False,False,False,0.7469290858830095,0.7642040720952874,under_circular
149056321-149056343-001,severe_dysplastic,baseline,20260804,0.06906551408752337,0.01268014563144726,0.012416811859783605,0.05638536845607611,0.05664870222773977,-0.0002633337716636541,0.9867092866756393,0.9866465104560342,0.9861426051902242,0.96361819562791,0.9635478510287341,0.9631861610339152,0.03203987997345631,0.0341169869021703,0.0341169869021703,102,121,121,False,False,False,0.717545562519838,0.7866110766073614,under_circular
149056321-149056360-001,severe_dysplastic,baseline,20260804,0.03554794324000177,0.07658912582751831,0.07593022670033756,-0.041041182587516545,-0.04038228346033579,-0.0006588991271807565,0.8350738916256157,0.8337595907928389,0.8337595907928389,0.777665563176152,0.77622365558345,0.77622365558345,0.4341886183209325,0.43976583966958205,0.43976583966958205,837,845,845,False,False,False,0.6673434274720225,0.6317954842320207,over_circular
149056410-149056458-001,severe_dysplastic,baseline,20260804,0.04689595957829584,0.054457118763209245,0.0550484224857275,-0.007561159184913402,-0.008152462907431657,0.0005913037225182549,0.9290369297610427,0.9294245385450597,0.9287006876583423,0.8696884564511873,0.8699961366137328,0.8693531543969059,0.32618802384416323,0.3274667484321132,0.3274667484321132,190,191,191,False,False,False,0.8288244028190724,0.7819284432407766,over_circular
149056873-149056884-001,severe_dysplastic,baseline,20260804,0.005995005446922996,0.03214436196542725,0.03261145580094993,-0.026149356518504252,-0.026616450354026933,0.0004670938355226806,0.9795473138805563,0.9790362101824122,0.9817587802885924,0.9134583938876676,0.9129108549409958,0.9152735419568337,0.02844415200184436,0.02436461077475316,0.02436461077475316,19,13,13,False,False,False,0.7834576706995361,0.7894526761464591,under_circular
149056873-149056884-002,severe_dysplastic,baseline,20260804,0.01636056945126252,0.003565543193933318,0.002504748904994303,0.0127950262573292,0.013855820546268216,-0.0010607942889390154,0.9483537766300839,0.9490322580645161,0.9490322580645161,0.8370617229786679,0.837607971587877,0.837607971587877,0.3468226072763221,0.345087606842572,0.345087606842572,160,158,158,False,False,False,0.733202861090087,0.7495634305413496,under_circular
149056933-149056982-002,severe_dysplastic,baseline,20260804,0.03340990962356827,0.04186561471209482,0.04186562069942201,-0.008455705088526555,-0.008455711075853745,5.987327189593827e-09,0.964349376114082,0.9648106904231626,0.9639198218262807,0.9173906349008949,0.9177063616306587,0.9170654621250246,0.054572368823479045,0.05403727173665779,0.05403727173665779,68,67,67,False,False,False,0.7913638175335723,0.757953907910004,over_circular
149057756-149057766-002,moderate_dysplastic,baseline,20260804,0.017917663404176998,0.006537118390167462,0.008310665355343527,0.011380545014009535,0.00960699804883347,0.001773546965176065,0.9644141586219951,0.9643431381821621,0.9652889435354204,0.9131582159715672,0.9130584392302876,0.9138581179346275,0.09074067834722477,0.08933606112681614,0.08933606112681614,92,99,99,False,False,False,0.7856638029991627,0.8035814664033397,under_circular
149057756-149057788-002,moderate_dysplastic,baseline,20260804,0.0880567979350364,0.01188948864662187,0.015351348884452776,0.07616730928841453,0.07270544905058363,0.003461860237830905,0.9102844638949672,0.911977154375945,0.9084495212497901,0.8429905902911596,0.8443062814021856,0.8425989556311091,0.27790025202365176,0.2743154115152997,0.2743154115152997,268,244,244,False,False,False,0.7608169319555355,0.8488737298905719,under_circular
149057812-149057825-003,moderate_dysplastic,baseline,20260804,0.048588651823212925,0.036769184913975295,0.037248843722439307,0.01181946690923763,0.011339808100773618,0.0004796588084640119,0.9238608525232729,0.9224753152800861,0.9214977026102258,0.9125841512263244,0.9115584609169488,0.9108884097928064,0.029568949567806868,0.03190218099297443,0.03190218099297443,743,767,767,False,False,False,0.7742641366994077,0.8228527885226207,under_circular
149057812-149057825-005,moderate_dysplastic,baseline,20260804,0.05220223596786755,0.05852671549036437,0.05852671782456709,-0.0063244795224968176,-0.0063244818566995376,2.334202720000178e-09,0.9413388543823327,0.9415823367065317,0.9411223551057958,0.8272293218818201,0.8273823566980087,0.8270646004070317,0.1931819314862,0.19299399724145078,0.19299399724145078,91,90,90,False,False,False,0.8455558692172507,0.7933536332493831,over_circular
149057812-149057847-004,moderate_dysplastic,baseline,20260804,0.036199668126367546,0.036199668126367546,0.036199668126367546,0.0,0.0,0.0,0.942226713828533,0.942226713828533,0.942226713828533,0.9107527212174449,0.9107527212174449,0.9107527212174449,0.08262596411804157,0.08262596411804157,0.08262596411804157,293,293,293,False,False,False,0.8276704073125181,0.7914707391861505,over_circular
149057812-149057847-005,moderate_dysplastic,baseline,20260804,0.00705978409446717,0.030099023605832054,0.03009903770804412,-0.023039239511364884,-0.02303925361357695,1.410221206477047e-08,0.9601668404588113,0.9608170070862859,0.96040016673614,0.9434116705122528,0.9438735431534367,0.9435667123106474,0.01336600333097887,0.012484926615023262,0.012484926615023262,308,302,302,False,False,False,0.7973315526589443,0.7902717685644771,over_circular
149058262-149058272-003,moderate_dysplastic,baseline,20260804,0.05505647061292129,0.011875757208590354,0.011357711481176924,0.04318071340433094,0.04369875913174437,-0.0005180457274134298,0.883688086351256,0.8851501108200686,0.8851501108200686,0.8511152114500117,0.8521315524336842,0.8521315524336842,0.16228377322848092,0.1603273224280377,0.1603273224280377,1153,1140,1140,False,False,False,0.6953686372083506,0.7504251078212719,under_circular
149061666-149061699-003,moderate_dysplastic,baseline,20260804,0.042077667773443905,0.015204231129763213,0.015484946442805625,0.026873436643680693,0.02659272133063828,0.00028071531304241226,0.9452274183215887,0.9467625899280575,0.9467625899280575,0.9173227038697891,0.9182619690122885,0.9182619690122885,0.01250565778310031,0.011239875411927558,0.011239875411927558,308,297,297,False,False,False,0.7529870336529237,0.7950647014263676,under_circular
149095913-149095926-001,light_dysplastic,baseline,20260804,0.5807450759378812,0.5043789398534895,0.5266108000580036,0.07636613608439169,0.054134275879877514,0.022231860204514176,0.8102914487028932,0.8222363136757557,0.8220249418727542,0.7672086272621713,0.7745299215437602,0.774385019955985,0.0901034552431712,0.07953182793521923,0.07953182793521923,1777,1682,1682,False,False,False,0.2855808845475098,0.8663259604853909,under_circular
149097324-149097373-001,moderate_dysplastic,baseline,20260804,0.019740804873295104,0.02350530046851307,0.02370103723415562,-0.003764495595217965,-0.003960232360860516,0.00019573676564255127,0.9184741959611069,0.9193427931292009,0.9180980831466269,0.9120277541859743,0.9125705937100064,0.9116360174876756,0.012938113175294086,0.011486849362789209,0.011486849362789209,168,156,156,False,False,False,0.7061213008923702,0.7258621057656653,under_circular
149097594-149097637-001,moderate_dysplastic,baseline,20260804,0.2197123027328502,0.16541154959781046,0.1671789265550575,0.05430075313503974,0.05253337617779269,0.0017673769572470466,0.8521349499209278,0.8484927916120577,0.8482306684141546,0.8066348132425423,0.8033504766248512,0.8031529521786311,0.2071505517303468,0.2167812753431695,0.2167812753431695,1086,1128,1128,False,False,False,0.4833616595172881,0.7030739622501383,under_circular
149097594-149097637-002,moderate_dysplastic,baseline,20260804,0.11129426759904071,0.09224252304588876,0.09168577957074941,0.01905174455315195,0.019608488028291293,-0.000556743475139343,0.9562236286919831,0.9569226715847714,0.9563957317876433,0.7937204062314331,0.7941854473705285,0.7937309190080746,0.3294263807471739,0.3327117293786004,0.3327117293786004,8,15,15,False,False,False,0.6264084007889683,0.737702668388009,under_circular
149098972-149098988-002,severe_dysplastic,baseline,20260804,0.28673326455896836,0.2963018222158666,0.29792726355082216,-0.009568557656898236,-0.011193998991853804,0.0016254413349555685,0.9093549056212404,0.9098071739581174,0.9098071739581174,0.8513907961736569,0.8517087727644506,0.8517087727644506,0.24942768910897195,0.24883421518582155,0.24883421518582155,427,425,425,False,False,False,0.7030768004942948,0.4163435359353264,over_circular
149099096-149099104-001,severe_dysplastic,baseline,20260804,0.05055362372224281,0.05055362372224281,0.05055362372224281,0.0,0.0,0.0,0.9595061728395061,0.9595061728395061,0.9595061728395061,0.8687320167276947,0.8687320167276947,0.8687320167276947,0.06748376118707267,0.06748376118707267,0.06748376118707267,104,104,104,False,False,False,0.7340375522063728,0.68348392848413,over_circular
149099276-149099290-001,light_dysplastic,baseline,20260804,0.3497840347166411,0.24825497948492403,0.2463175007551789,0.10152905523171707,0.10346653396146221,-0.0019374787297451457,0.837377907562179,0.8438970661860419,0.8436968058476019,0.8339659844427356,0.837747455893739,0.8376248840728135,0.046492472692752196,0.04328962040111839,0.04328962040111839,1615,1559,1559,False,False,False,0.4077256188272672,0.7575096535439083,under_circular
149099276-149099290-002,light_dysplastic,baseline,20260804,0.07121817902258576,0.052365376977352884,0.05236537928030438,0.018852802045232875,0.01885279974228138,2.3029514961692144e-09,0.9683890577507599,0.9730873903840339,0.9724826126398548,0.8626238586367532,0.8651528253606222,0.8648173441775312,0.007308486118750346,0.006070519430252483,0.006070519430252483,188,154,154,False,False,False,0.6179549047152226,0.6891730837378084,under_circular
149099502-149099525-002,light_dysplastic,baseline,20260804,0.07592067159017324,0.04493870327942495,0.041749940280173314,0.030981968310748287,0.034170731309999924,-0.0031887629992516375,0.9661821844869766,0.9653195758096876,0.9635998853539696,0.9362697162016513,0.9357391166459268,0.9347566297158009,0.018207258400344373,0.016957346312486243,0.016957346312486243,83,112,112,False,False,False,0.7132106789619806,0.7891313505521539,under_circular
149100006-149100028-002,severe_dysplastic,baseline,20260804,0.23003029741927095,0.23003029741927095,0.23003029741927095,0.0,0.0,0.0,0.08371703641691085,0.08371703641691085,0.08371703641691085,0.3660190586415967,0.3660190586415967,0.3660190586415967,0.5920976307434916,0.5920976307434916,0.5920976307434916,2189,2189,2189,False,False,False,0.8044279270630886,0.5743976296438177,over_circular
149100064-149100072-001,moderate_dysplastic,baseline,20260804,0.27067534179381325,0.11814518068831492,0.11958321389308535,0.15253016110549833,0.1510921279007279,0.001438033204770428,0.8834744086702001,0.8802894447066226,0.8798175239893031,0.8504497080881366,0.8480049127044764,0.8476869044298336,0.14482299196348125,0.1511454744389158,0.1511454744389158,1387,1460,1460,False,False,False,0.5275771061261013,0.7982524479199146,under_circular
149101620-149101650-001,moderate_dysplastic,baseline,20260804,0.0001308446956923559,0.03672600860897979,0.03672600645034252,-0.03659516391328743,-0.03659516175465016,-2.1586372689341715e-09,0.9630449214427971,0.9641909814323607,0.9641909814323607,0.8963149485488968,0.8971285495260632,0.8971285495260632,0.11676066034843713,0.11517284657030519,0.11517284657030519,330,320,320,False,False,False,0.7493596768621152,0.7494905215578076,under_circular
149102442-149102451-001,light_dysplastic,baseline,20260804,0.16887569723051843,0.16160588700167755,0.16011312576122916,0.007269810228840878,0.008762571469289271,-0.0014927612404483925,0.9507073715562174,0.9510198005061784,0.9495310406431443,0.8765730097478571,0.8767911599011287,0.8756608583888769,0.07828093163385191,0.07783817976960034,0.07783817976960034,289,287,287,False,False,False,0.6741753688652423,0.8430510660957607,under_circular
149102510-149102519-001,moderate_dysplastic,baseline,20260804,0.05288891839504917,0.08462413554179815,0.08503368853394566,-0.031735217146748984,-0.032144770138896495,0.0004095529921475105,0.9232995658465991,0.9236144578313253,0.9236144578313253,0.8854634866461271,0.8856411046323835,0.8856927601931046,0.05761092619876662,0.05648881041456483,0.05648881041456483,294,286,286,False,False,False,0.7665814574754266,0.7136925390803774,over_circular
149105003-149105050-001,light_dysplastic,baseline,20260804,0.051636934094522635,0.036356253837971364,0.03535642665165317,0.015280680256551271,0.016280507442869463,-0.0009998271863181918,0.8826386078510724,0.8839935327405012,0.8839935327405012,0.849093856074513,0.8499446306473633,0.8499446306473633,0.05038890074500624,0.049210101719541766,0.049210101719541766,578,572,572,False,False,False,0.6002411451865814,0.6518780792811041,under_circular
149105289-149105300-001,moderate_dysplastic,baseline,20260804,0.06291308810410601,0.06291308810410601,0.06291308810410601,0.0,0.0,0.0,0.9656903765690377,0.9656903765690377,0.9656903765690377,0.9041927159494578,0.9041927159494578,0.9041927159494578,0.09630935981495187,0.09630935981495187,0.09630935981495187,71,71,71,False,False,False,0.8770340407003382,0.8141209525962322,over_circular
149105289-149105300-002,moderate_dysplastic,baseline,20260804,0.10475183711289693,0.07406085060163115,0.07487357480787649,0.030690986511265783,0.029878262305020442,0.000812724206245341,0.9592657782247925,0.960060286360211,0.9603114795277569,0.9013092350549485,0.9018928728801212,0.9020969993837936,0.042453694229903194,0.044593998260386125,0.044593998260386125,8,16,16,False,False,False,0.5706640057656843,0.6754158428785813,under_circular
149105289-149105311-001,moderate_dysplastic,baseline,20260804,0.33311000666013757,0.3438572336252448,0.3473494019188025,-0.010747226965107215,-0.01423939525866491,0.003492168293557696,0.7340163934426229,0.7366053169734151,0.7361963190184049,0.7490283987415135,0.7507091296697207,0.7504035184576352,0.39385554127976613,0.39148343628183746,0.39148343628183746,1298,1288,1288,False,False,False,0.4404873082812675,0.773597314941405,under_circular
149105289-149105311-003,moderate_dysplastic,baseline,20260804,0.3024309531915875,0.20256281219669126,0.2138505658081088,0.09986814099489627,0.08858038738347873,0.01128775361141754,0.4541774015458226,0.4580657001284639,0.4587997797761057,0.5162217367785678,0.5185294724220442,0.5191144246450805,1.023239890731407,1.020112449006042,1.020112449006042,2828,2813,2813,False,False,False,0.5009284330575523,0.8033593862491398,under_circular
149105289-149105311-004,moderate_dysplastic,baseline,20260804,0.4162409840202819,0.4067552670521265,0.40756884591584647,0.009485716968155422,0.008672138104435456,0.0008135788637199659,0.6589446589446589,0.6627691430201055,0.6624839583630401,0.6796016362213075,0.6820990362881927,0.6819564439596599,0.6920736428339646,0.6885019742556238,0.6885019742556238,2271,2251,2251,False,False,False,0.33856076854425915,0.7548017525645411,under_circular
149140081-149140096-002,moderate_dysplastic,baseline,20260804,0.24600903239979566,0.18527757703179615,0.18753968786490327,0.06073145536799951,0.05846934453489239,0.0022621108331071227,0.9092566335831477,0.9097516656571775,0.90732889158086,0.9047910507215983,0.9052587560809922,0.9035585308482759,0.0038280843842377066,0.007301870748655903,0.007301870748655903,586,618,618,False,False,False,0.5141288131592638,0.7601378455590595,under_circular
149140849-149140856-001,moderate_dysplastic,baseline,20260804,0.13636540238589906,0.08581697671965266,0.08689911252498966,0.0505484256662464,0.049466289860909396,0.0010821358053370034,0.9191057847430284,0.9168007354631119,0.9169156515743507,0.8198859733707572,0.8172335745146488,0.8189361856960592,0.28603978214720904,0.3005205695348233,0.3005205695348233,1310,1358,1358,False,False,False,0.3989823829243036,0.5353477853102027,under_circular
149143028-149143108-002,severe_dysplastic,baseline,20260804,0.035101904226728875,0.01048294433772523,0.010482943412166712,0.024618959889003644,0.024618960814562163,-9.255585187162296e-10,0.9585822381521306,0.9596180624627014,0.9596180624627014,0.8789084284667041,0.8797206529724024,0.8797206529724024,0.09727041041621987,0.1002221710488902,0.1002221710488902,198,193,193,False,False,False,0.7369138769691922,0.7720157811959211,under_circular
149143469-149143497-003,severe_dysplastic,baseline,20260804,0.05339886594325316,0.06907691139547278,0.06947777837712255,-0.015678045452219624,-0.016078912433869386,0.0004008669816497612,0.9436325678496869,0.9444589308996089,0.9439374185136897,0.686772384439527,0.6872832288906646,0.6871739190099874,0.9921717465095237,0.9913776359508288,0.9913776359508288,130,127,127,False,False,False,0.6954582802409122,0.642059414297659,over_circular
149146837-149146854-001,carcinoma_in_situ,baseline,20260804,0.03712945738047291,0.041035742789469754,0.04103574500814211,-0.003906285408996846,-0.003906287627669203,2.218672356946172e-09,0.9700127359036702,0.9699004399166473,0.9699004399166473,0.8521005740553291,0.8519044336278658,0.8519044336278658,0.46629163043842325,0.4652179792265534,0.4652179792265534,55,54,54,False,False,False,0.7926502694590214,0.7555208120785485,over_circular
149181904-149181927-001,carcinoma_in_situ,baseline,20260804,0.006855656685378797,0.011482513964559904,0.011482521959559788,-0.004626857279181107,-0.004626865274180991,7.994999884353149e-09,0.9792768959435626,0.9799515311742675,0.9799515311742675,0.9273503123785609,0.9279660136261416,0.9279660136261416,0.046843199167769245,0.049479867349155104,0.049479867349155104,78,75,75,False,False,False,0.8351675226642862,0.842023179349665,under_circular
149181904-149181951-001,carcinoma_in_situ,baseline,20260804,0.01860829747124404,0.00717967357012439,0.006812877514619453,0.01142862390111965,0.011795419956624587,-0.00036679605550493655,0.9618889809444905,0.9623188405797102,0.9610766045548654,0.9116809967205834,0.9121251026521855,0.9107059000427958,0.0713716473795547,0.06895863484104181,0.06895863484104181,174,172,172,False,False,False,0.8133003584506793,0.8319086559219233,under_circular
149182125-149182135-002,carcinoma_in_situ,baseline,20260804,0.07372666317938259,0.09435476485422523,0.09582204637242464,-0.020628101674842636,-0.02209538319304205,0.0014672815181994148,0.9583678885387295,0.9588995691083858,0.9569108385813723,0.8480746358126623,0.848511903920819,0.8462995118607226,0.28103338907211994,0.2772532387353146,0.2772532387353146,95,100,100,False,False,False,0.7161356125379372,0.6424089493585546,over_circular
149182657-149182667-001,carcinoma_in_situ,baseline,20260804,0.12169349598201273,0.1396631913850026,0.14214072456906612,-0.01796969540298987,-0.02044722858705339,0.0024775331840635184,0.9562657695542472,0.9560832107585627,0.9569237234713175,0.8387428504128625,0.8384542423876631,0.8393043289611046,0.04491250355413934,0.04761805281581166,0.04761805281581166,14,11,11,False,False,False,0.8436260641989657,0.721932568216953,over_circular
149182657-149182681-002,carcinoma_in_situ,baseline,20260804,0.04113164066986941,0.035534914979591936,0.035534914979591936,0.005596725690277471,0.005596725690277471,0.0,0.7576887232059646,0.7579781038900536,0.7579781038900536,0.5998560347547333,0.6000580711458571,0.6000580711458571,1.1702939022814398,1.169598722208098,1.169598722208098,1040,1039,1039,False,False,False,0.6981195071051176,0.739251147774987,under_circular
149182657-149182698-003,carcinoma_in_situ,baseline,20260804,0.14916597110988328,0.1643736529513895,0.16525644395969685,-0.015207681841506226,-0.016090472849813575,0.0008827910083073487,0.9589558646745664,0.9591486440096121,0.9584620665980089,0.8802513713110618,0.8803668496017492,0.8798348638490563,0.038198374714383254,0.03912262787560028,0.03912262787560028,23,20,20,False,False,False,0.8128404162778778,0.6636744451679946,over_circular
149185604-149185616-001,carcinoma_in_situ,baseline,20260804,0.08886336657886484,0.07571288228987727,0.0757128779470373,0.013150484288987574,0.01315048863182755,-4.342839976523294e-09,0.9141914191419142,0.9147424511545293,0.9142349657447348,0.7909178666166843,0.7913714923506407,0.7909843629577349,0.4497908385551369,0.4480394533038319,0.4480394533038319,630,626,626,False,False,False,0.6557024350859977,0.7445658016648625,under_circular
149185604-149185645-003,carcinoma_in_situ,baseline,20260804,0.06949711893879451,0.0691803185545794,0.044213894078218074,0.00031680038421511014,0.025283224860576436,-0.024966424476361326,0.9357930043124102,0.9369390929759484,0.9369390929759484,0.7967383372540555,0.7982636262820539,0.7982636262820539,1.186457330530121,1.170464880728722,1.170464880728722,534,525,525,False,False,False,0.6683409876006368,0.7378381065394313,under_circular
149185604-149185657-001,carcinoma_in_situ,baseline,20260804,0.07608243926275948,0.10413087163884627,0.1045057224183984,-0.028048432376086785,-0.028423283155638912,0.0003748507795521272,0.9376716670188041,0.9379485014774166,0.9379485014774166,0.8178585698476549,0.8178951140480608,0.8178951140480608,1.0926679644904704,1.0845955333322146,1.0845955333322146,259,254,254,False,False,False,0.7825595274430648,0.7064770881803053,over_circular
149185698-149185709-002,carcinoma_in_situ,baseline,20260804,0.010680423174161624,0.046185877787672025,0.04955825020804383,-0.0355054546135104,-0.038877827033882206,0.0033723724203718053,0.9069003285870756,0.9083948591741865,0.9083948591741865,0.7622005301115068,0.7638540189619099,0.7638540189619099,0.6109445874624635,0.5949760877913739,0.5949760877913739,680,670,670,False,False,False,0.7699611097125195,0.7592806865383579,over_circular
149185788-149185824-001,carcinoma_in_situ,baseline,20260804,0.16992699612856577,0.13540721472159012,0.1363725920536426,0.03451978140697565,0.03355440407492316,0.0009653773320524861,0.8117821415339015,0.8133209990749306,0.8133209990749306,0.6910002994784978,0.6922153108792827,0.6922153108792827,0.5576631725330157,0.551903068526302,0.551903068526302,956,949,949,False,False,False,0.5696580212876655,0.7395850174162313,under_circular
149190861-149190868-001,moderate_dysplastic,baseline,20260804,0.1445574219473693,0.017933335574838227,0.023835391534096195,0.12662408637253109,0.12072203041327312,0.005902055959257968,0.9181102362204724,0.9216800574825266,0.9144947416552355,0.8781466416540222,0.8802597955374876,0.8757128066965794,0.049314136578789025,0.05285102722148122,0.05285102722148122,490,421,421,False,False,False,0.6290586160913033,0.7736160380386726,under_circular
149314453-149314465-001,carcinoma_in_situ,baseline,20260804,0.03309673708217731,0.02185961774939915,0.021486746153857705,0.011237119332778156,0.011609990928319602,-0.00037287159554144633,0.968434896975011,0.9688869412795793,0.9688869412795793,0.8935179095017367,0.8939080786205396,0.8939080786205396,0.018608512651201448,0.02020721216864252,0.02020721216864252,110,108,108,False,False,False,0.7902436599620684,0.8233403970442457,under_circular
149314453-149314507-001,carcinoma_in_situ,baseline,20260804,0.024606768890823583,0.024606768890823583,0.024606768890823583,0.0,0.0,0.0,0.9673961589995533,0.9673961589995533,0.9673961589995533,0.887661494133923,0.887661494133923,0.887661494133923,0.4078770835918677,0.4078770835918677,0.4078770835918677,71,71,71,False,False,False,0.8645684287314683,0.8399616598406447,over_circular
149314453-149314507-002,carcinoma_in_situ,baseline,20260804,0.021272258459624438,0.028416962744656216,0.02841696402198457,-0.007144704285031778,-0.007144705562360132,1.2773283541989144e-09,0.965143299767622,0.964769647696477,0.964769647696477,0.9222441355936828,0.9219707323772868,0.9219707323772868,0.08161081196281705,0.08209268834775169,0.08209268834775169,70,71,71,False,False,False,0.7624050136135891,0.7411327551539647,over_circular
149314679-149314698-001,carcinoma_in_situ,baseline,20260804,0.0112274161085687,0.025476384063153557,0.025970103504372344,-0.014248967954584857,-0.014742687395803644,0.0004937194412187873,0.8849737421650008,0.8876119655230691,0.8876119655230691,0.7344276605561846,0.7374370828442476,0.7374370828442476,2.254452827485764,2.230928235485406,2.230928235485406,679,665,665,False,False,False,0.6115337131810162,0.6003062970724475,over_circular
149315229-149315310-001,severe_dysplastic,baseline,20260804,0.061429009157177084,0.03457156128135397,0.03431698734524902,0.026857447875823115,0.027112021811928066,-0.0002545739361049515,0.9476106466211551,0.9483366549133834,0.9484899586080024,0.7201359796384645,0.72080634215238,0.7208829939996896,2.2496223252348826,2.245855251224379,2.245855251224379,679,670,670,False,False,False,0.7428945911147361,0.8043236002719132,under_circular
149315671-149315731-001,carcinoma_in_situ,baseline,20260804,0.002085654821957217,0.013780193642326188,0.013780190718716612,-0.011694538820368972,-0.011694535896759395,-2.9236095766549397e-09,0.9391830559757942,0.939664297595645,0.939966732194163,0.7670231767037214,0.7676338908135836,0.7677851081128426,0.8854132563882029,0.8778610299290635,0.8778610299290635,384,381,381,False,False,False,0.6973212091108886,0.6952355542889314,over_circular
149315671-149315740-001,carcinoma_in_situ,baseline,20260804,0.026697455723324492,0.03457978676148077,0.03514067343632277,-0.007882331038156276,-0.008443217712998274,0.0005608866748419983,0.9546827794561934,0.9553140096618358,0.9549114331723028,0.8075739478676316,0.8083089946700373,0.8076843363998686,0.8823622345803841,0.8763963687967495,0.8763963687967495,203,200,200,False,False,False,0.6343329116558581,0.6076354559325337,over_circular
149316426-149316462-004,carcinoma_in_situ,baseline,20260804,0.12393643936200338,0.12393643936200338,0.12393643936200338,0.0,0.0,0.0,0.9511873350923483,0.9511873350923483,0.9511873350923483,0.8211718988386911,0.8211718988386911,0.8211718988386911,0.16625514403292163,0.16625514403292163,0.16625514403292163,128,128,128,False,False,False,0.6788956730819568,0.5549592337199534,over_circular
149316754-149316779-002,moderate_dysplastic,baseline,20260804,0.0456883027118683,0.0358755218499881,0.036469609466201036,0.0098127808618802,0.009218693245667264,0.0005940876162129349,0.9344927536231884,0.9341317365269461,0.9341317365269461,0.9055315873031085,0.9053374732017447,0.9050067853710568,0.14208091963127112,0.1428518337903415,0.1428518337903415,339,341,341,False,False,False,0.7809178363177063,0.8266061390295746,under_circular
149317002-149317010-002,severe_dysplastic,baseline,20260804,0.0849420428352573,0.11908182428959835,0.12011879948594495,-0.034139781454341045,-0.035176756650687646,0.0010369751963466012,0.958256599140577,0.9567882316886301,0.9549494330370825,0.8960574334285563,0.8941732085464846,0.892070377268048,0.02324708946315912,0.032208665338645526,0.032208665338645526,68,73,73,False,False,False,0.7964753104537883,0.711533267618531,over_circular
149317204-149317230-002,severe_dysplastic,baseline,20260804,0.1922693845485448,0.20936964460566754,0.21172079392872445,-0.01710026005712273,-0.01945140938017964,0.0023511493230569114,0.8766364551863042,0.8774842767295598,0.8764779874213836,0.7563855506982586,0.7570281145334326,0.7560666747372728,0.20759154243006206,0.20509362880514048,0.20509362880514048,476,473,473,False,False,False,0.722479855783883,0.5302104712353382,over_circular
149788987-149788996-003,light_dysplastic,baseline,20260804,0.037371745060021166,0.11281785571122316,0.11419963643571929,-0.07544611065120199,-0.07682789137569812,0.0013817807244961289,0.9595263343937788,0.9594356261022927,0.9594356261022927,0.9077094588526473,0.9075619338911868,0.9075619338911868,0.05855790134452821,0.06133196034896249,0.06133196034896249,134,158,158,False,False,False,0.7253887644929556,0.6880170194329345,over_circular
153268807-153268826-001,light_dysplastic,baseline,20260804,0.18419851345717042,0.06465506270926147,0.06465505616450329,0.11954345074790895,0.11954345729266713,-6.5447581798494525e-09,0.9550712940543449,0.9587131367292225,0.9587131367292225,0.945270750105399,0.9473493912973192,0.9473493912973192,0.0013711604944052491,4.172857860068602e-05,4.172857860068602e-05,501,462,462,False,False,False,0.6718841407186396,0.85608265417581,under_circular
153276386-153276405-001,moderate_dysplastic,baseline,20260804,0.13492127902020967,0.14337176866990275,0.14358807121950856,-0.008450489649693083,-0.00866679219929889,0.00021630254960580686,0.9524166354439865,0.9526782369833937,0.9526782369833937,0.8543868335497047,0.8546157860234902,0.8546157860234902,0.396914881020079,0.3960684117095611,0.3960684117095611,323,321,321,False,False,False,0.8005962612762509,0.6656749822560413,over_circular
153276386-153276405-002,moderate_dysplastic,baseline,20260804,0.5042279157676166,0.47286014619473965,0.4743741916890993,0.03136776957287696,0.02985372407851733,0.0015140454943596282,0.7400221729490022,0.7432992539375518,0.7421939762365294,0.6429086328314968,0.645016744085893,0.6444641052353819,0.6719388095092385,0.6673865214328103,0.6673865214328103,990,968,968,False,False,False,0.3339625146290743,0.8381904303966909,under_circular
153276386-153276414-001,moderate_dysplastic,baseline,20260804,0.0167932001161184,0.0167932001161184,0.0167932001161184,0.0,0.0,0.0,0.9672210171125573,0.9672210171125573,0.9672210171125573,0.9197742689808427,0.9197742689808427,0.9197742689808427,0.13723088460659394,0.13723088460659394,0.13723088460659394,208,208,208,False,False,False,0.8285585246387351,0.8117653245226167,over_circular
153314466-153314473-003,light_dysplastic,baseline,20260804,0.12569656111790706,0.024659414446216443,0.02495408081633055,0.10103714667169061,0.10074248030157651,0.000294666370114105,0.9515201314708299,0.9521007029589668,0.9517737452999836,0.9150962492116064,0.9153666988694225,0.915182145668474,0.015397555531178594,0.01705065839857499,0.01705065839857499,75,43,43,False,False,False,0.7177281972599399,0.8434247583778469,under_circular
153654869-153654880-001,severe_dysplastic,baseline,20260804,0.04290760769441915,0.20772652283493276,0.20639413250857863,-0.1648189151405136,-0.16348652481415948,-0.001332390326354127,0.8640432674375234,0.8654186458042283,0.8652323740337152,0.7915452316211704,0.7926488139147498,0.7924666942245457,0.23520732729679805,0.23103254843706955,0.23103254843706955,1112,1099,1099,False,False,False,0.5295341580587831,0.486626550364364,over_circular
153655016-153655039-005,severe_dysplastic,baseline,20260804,0.11934803626688995,0.10692565891505434,0.10591299791548936,0.0124223773518356,0.013435038351400586,-0.001012660999564985,0.8725824800910125,0.8732234223990903,0.8732234223990903,0.8306335314175006,0.8311772362490781,0.8311772362490781,0.5725367368401728,0.5708162365227254,0.5708162365227254,448,446,446,False,False,False,0.7303628144880655,0.8497108507549554,under_circular
153655087-153655101-002,severe_dysplastic,baseline,20260804,0.28394663590905256,0.2509242801772281,0.256731508501048,0.03302235573182444,0.02721512740800458,0.005807228323819857,0.6830708661417323,0.6865183246073299,0.68782722513089,0.6808945127750567,0.683176857776916,0.6842428306724408,0.5463485205625815,0.5423552661458747,0.5423552661458747,840,832,832,False,False,False,0.5174216537569095,0.8013682896659621,under_circular
153656862-153656873-001,light_dysplastic,baseline,20260804,0.1113137172707035,0.044981886456274545,0.04601755281220821,0.06633183081442895,0.06529616445849529,0.001035666355933662,0.9782046545991873,0.9803391496682231,0.977881543376751,0.9206395921843341,0.9219144387200134,0.9206290392756753,0.005106315089778213,0.006325796141752049,0.006325796141752049,131,114,114,False,False,False,0.7400392078118035,0.851352925082507,under_circular
153657121-153657160-001,severe_dysplastic,baseline,20260804,0.020919663525235777,0.03329151208554293,0.03371581487864683,-0.012371848560307153,-0.012796151353411056,0.0004243027931039034,0.9612983770287141,0.9616872582054162,0.9601896917509047,0.8663840357876659,0.8667636291027081,0.8653748458754524,0.07355798751202847,0.07139399610605945,0.07139399610605945,262,259,259,False,False,False,0.7877482704125337,0.7668286068872979,over_circular
153659229-153659264-001,severe_dysplastic,baseline,20260804,0.01863025465205015,0.010104673602878367,0.010104676016617686,0.008525581049171782,0.008525578635432463,2.413739319528929e-09,0.9428835246009761,0.9431623368060135,0.9431623368060135,0.9072059733476829,0.9073992939829634,0.9073992939829634,0.09158184264718999,0.09124296319125169,0.09124296319125169,431,429,429,False,False,False,0.7838222533958831,0.8024525080479332,under_circular
153697342-153697375-001,moderate_dysplastic,baseline,20260804,4.308325614499342e-05,0.0051438460852217815,0.0051438460852217815,-0.005100762829076788,-0.005100762829076788,0.0,0.9578203834510596,0.9580306698950767,0.9580306698950767,0.8717262175141551,0.8719218296504403,0.8719218296504403,0.42174819347687453,0.4209564309403624,0.4209564309403624,203,202,202,False,False,False,0.7692258788280164,0.7692689620841614,under_circular
153697342-153697384-001,moderate_dysplastic,baseline,20260804,0.013836923647533084,0.019251362848440423,0.019251362848440423,-0.005414439200907339,-0.005414439200907339,0.0,0.9699464800329354,0.970158468820745,0.9697468614941346,0.8965020620716055,0.8966768279932602,0.8963039120304898,0.04501646292162931,0.04566618202803063,0.04566618202803063,136,135,135,False,False,False,0.7905715675782439,0.7767346439307108,over_circular
153697726-153697736-001,light_dysplastic,baseline,20260804,0.11326585317184656,0.009460246332496314,0.008856470607735867,0.10380560683935025,0.1044093825641107,-0.0006037757247604469,0.8998775062858616,0.9034828428222593,0.9034828428222593,0.8543000215770877,0.8566677187424903,0.8566677187424903,0.17812553330104153,0.17472781780220675,0.17472781780220675,1551,1500,1500,False,False,False,0.6241794967723836,0.7374453499442302,under_circular
153701009-153701019-002,light_dysplastic,baseline,20260804,0.22090373544815145,0.1954993017539972,0.19468247769254798,0.025404433694154238,0.026221257755603466,-0.0008168240614492284,0.9000497265042268,0.8989322075987087,0.8989322075987087,0.8785558367034408,0.8775922107777461,0.8775922107777461,0.16833904054532006,0.170809589122426,0.170809589122426,796,806,806,False,False,False,0.5372551715350002,0.7581589069831517,under_circular
153701622-153701650-001,moderate_dysplastic,baseline,20260804,0.0806609475771578,0.0919797526099132,0.0923736745078757,-0.011318805032755397,-0.011712726930717898,0.00039392189796250143,0.948118006103764,0.9485191305453159,0.9477564509978391,0.8368908614589616,0.8372443882068907,0.83644146327295,0.20982033951813106,0.2082787619769766,0.2082787619769766,46,49,49,False,False,False,0.7471557422083787,0.6664947946312209,over_circular
153701949-153701958-001,light_dysplastic,baseline,20260804,0.07220697509699703,0.1299193223288162,0.13127373610334248,-0.05771234723181917,-0.05906676100634545,0.0013544137745262752,0.9470362857786793,0.948094809480948,0.948994899489949,0.8573437548658721,0.8580785930347377,0.858832420126221,0.05600684413482626,0.05252230582341599,0.05252230582341599,485,464,464,False,False,False,0.6669010927149276,0.5946941176179306,over_circular
153702037-153702051-003,light_dysplastic,baseline,20260804,0.23476943729186972,0.2050951156568246,0.2047259489211316,0.02967432163504513,0.030043488370738114,-0.00036916673569298286,0.8923742563547864,0.8941684665226782,0.8943484521238301,0.7979970829285244,0.7993424804650768,0.7995032647140459,0.01877056365560592,0.02397139175303864,0.02397139175303864,1190,1172,1172,False,False,False,0.5655376310610274,0.8003070683528971,under_circular
153826963-153826970-001,severe_dysplastic,baseline,20260804,0.243962618928667,0.2849665441257764,0.2857781658341577,-0.04100392519710938,-0.04181554690549072,0.0008116217083813382,0.8806560257724411,0.8829802775748722,0.8829802775748722,0.7211392453355185,0.7233966925660501,0.7233966925660501,0.7769589951467668,0.7508251294262598,0.7508251294262598,777,761,761,False,False,False,0.7542405871770939,0.5102779682484269,over_circular
153826963-153826982-003,severe_dysplastic,baseline,20260804,0.01335034384096423,0.0017185991153207958,0.0037481756068020733,0.011631744725643434,0.009602168234162156,0.0020295764914812775,0.9289763779527559,0.9290830381739472,0.9292404565131838,0.7762261760669829,0.7764132280386251,0.7760132392666446,1.6501662134441513,1.643457719190184,1.643457719190184,664,659,659,False,False,False,0.7466022312757511,0.7599525751167153,under_circular
153827595-153827657-002,carcinoma_in_situ,baseline,20260804,0.10052134105454424,0.10605058272347156,0.10642264006475588,-0.0055292416689273205,-0.005901299010211636,0.00037205734128431533,0.9807073954983923,0.9804822043628014,0.9804822043628014,0.9259473453418354,0.9256924385404526,0.9256924385404526,0.03817519146594406,0.037149589362583946,0.037149589362583946,22,23,23,False,False,False,0.7785730259419062,0.678051684887362,over_circular
153828877-153828902-002,severe_dysplastic,baseline,20260804,0.024972657332049453,0.03226273342298691,0.03285750150715905,-0.0072900760909374585,-0.007884844175109595,0.000594768084172137,0.9664464308848296,0.9667141561973838,0.9664551223934723,0.8252623368499112,0.8254709703273507,0.8252321518623826,0.3880526662005277,0.38925512503011506,0.38925512503011506,195,193,193,False,False,False,0.7177230046048497,0.6927503472728003,over_circular
153828952-153828970-001,severe_dysplastic,baseline,20260804,0.03952680736998904,0.018396267235817665,0.0183962648089665,0.02113054013417137,0.021130542561022536,-2.4268511644720547e-09,0.9392038909509791,0.9388590432335636,0.9386032233307752,0.7954362161916501,0.7943731730067142,0.7949965778562216,0.18934771483683033,0.17487757722865904,0.17487757722865904,273,268,268,False,False,False,0.7886111356467917,0.8281379430167808,under_circular
153828952-153829005-001,severe_dysplastic,baseline,20260804,0.012486354069833894,0.015755929125796042,0.017384455326695858,-0.0032695750559621484,-0.004898101256861964,0.0016285262008998158,0.927198462277751,0.9285028790786948,0.9289827255278311,0.6925430814062552,0.6937816408816293,0.6946927050457947,0.0011836599249837043,0.03172237800975575,0.03172237800975575,586,574,574,False,False,False,0.6297255848783965,0.6422119389482304,under_circular
153828952-153829005-002,severe_dysplastic,baseline,20260804,0.029440581290671286,0.012429014443938624,0.012185133715850505,0.017011566846732662,0.01725544757482078,-0.00024388072808811945,0.9380633905205001,0.9385442394304809,0.9376725265146012,0.8574454883636984,0.8579461528644117,0.8566815671247039,0.28131224301282987,0.29105266314462397,0.29105266314462397,404,399,399,False,False,False,0.7492616808059328,0.7787022620966041,under_circular
153829664-153829672-001,light_dysplastic,baseline,20260804,0.060270406027360224,0.06595074124448108,0.06418300997452409,-0.005680335217120858,-0.003912603947163862,-0.0017677312699569958,0.9593052109181142,0.9609490855165596,0.9602899983522821,0.7441424320508244,0.7449210347946099,0.7445162735513644,0.23324982465321717,0.23767497199766832,0.23767497199766832,140,92,92,False,False,False,0.6249669920171462,0.6852373980445065,under_circular
153829745-153829768-001,severe_dysplastic,baseline,20260804,0.46807736752089196,0.40441286783545144,0.41288547604483344,0.06366449968544052,0.05519189147605852,0.008472608209382004,0.07881269191402251,0.08175779253960143,0.08175779253960143,0.318931354953053,0.32052465910369804,0.32052465910369804,0.4094589286829802,0.4082996186679473,0.4082996186679473,3600,3594,3594,False,False,False,0.3274641461769579,0.7955415136978499,under_circular
153829745-153829768-003,severe_dysplastic,baseline,20260804,0.043900380900752434,0.0028200744347635087,0.003099657876902251,0.041080306465988925,0.04080072302385018,0.0002795834421387422,0.9002055690525136,0.9013348268458882,0.9011481377765331,0.6096962224720486,0.6105745065085256,0.6104811619738482,0.6382786081515828,0.6558213775031982,0.6558213775031982,1068,1057,1057,False,False,False,0.7244819952151442,0.7683823761158967,under_circular
153830680-153830827-002,severe_dysplastic,baseline,20260804,0.0325623485389418,0.01365508256432324,0.013380482119818349,0.01890726597461856,0.01918186641912345,-0.00027460044450489107,0.9712662880053458,0.9712854757929883,0.9716193656093489,0.8014732980710407,0.8011275425274638,0.8017768801032755,0.8748483523638106,0.8946075122958379,0.8946075122958379,40,44,44,False,False,False,0.7835942298577687,0.8161565783967105,under_circular
153831352-153831372-004,severe_dysplastic,baseline,20260804,0.15304963714934416,0.11925732601285827,0.11934736734342571,0.0337923111364859,0.03370226980591845,9.004133056744745e-05,0.8153103750822549,0.817684394834756,0.8179032611074634,0.696523632803317,0.6985928899381536,0.6988869952813401,1.6752658810002874,1.6632697311361666,1.6632697311361666,1640,1620,1620,False,False,False,0.46229426528210527,0.6153439024314494,under_circular
153915432-153915441-002,severe_dysplastic,baseline,20260804,0.02791984078495713,0.04134072980854209,0.041088028080724204,-0.013420889023584959,-0.013168187295767075,-0.00025270172781788336,0.9544496676933052,0.9539857420609202,0.9539857420609202,0.9265255331473519,0.9260045904637293,0.9260045904637293,0.2629329004329003,0.265458583888618,0.265458583888618,273,276,276,False,False,False,0.7762931120336628,0.7483732712487057,over_circular
153915432-153915472-001,severe_dysplastic,baseline,20260804,0.013788591396651784,0.029386922229645784,0.02804413723991761,-0.015598330832994,-0.014255545843265827,-0.001342784989728174,0.9580442682523951,0.9571240105540897,0.9564643799472295,0.9008239046521479,0.9000352505862874,0.8995317035246919,0.1778866432682225,0.1811399413925841,0.1811399413925841,216,226,226,False,False,False,0.7352377234352017,0.7490263148318534,under_circular
153915726-153915736-001,severe_dysplastic,baseline,20260804,0.10481114442966744,0.06540393233746522,0.06352729651771405,0.039407212092202215,0.041283847911953386,-0.0018766358197511712,0.8311043179212839,0.828952380952381,0.828952380952381,0.7594047674976723,0.7565910825361979,0.7565910825361979,0.6693720192703415,0.6862153463535953,0.6862153463535953,834,850,850,False,False,False,0.5575895894429933,0.6624007338726607,under_circular
153916114-153916129-002,severe_dysplastic,baseline,20260804,0.24304861076724182,0.17806973129171855,0.1818635414640546,0.06497887947552328,0.061185069303187234,0.003793810172336043,0.9247128881327095,0.9231855408076814,0.9203614798079639,0.8708258518963763,0.8696112898344668,0.8677067212860436,0.1577373874875262,0.16264447172408175,0.16264447172408175,427,456,456,False,False,False,0.48026732507251346,0.7233159358397553,under_circular
153916114-153916150-001,carcinoma_in_situ,baseline,20260804,0.07782845593779497,0.10231182986477583,0.1023118329459547,-0.024483373926980856,-0.024483377008159724,3.0811788676032847e-09,0.9743867243867244,0.9747747747747748,0.9747747747747748,0.8711626446507656,0.8714296849120209,0.8714296849120209,0.14519426977054084,0.15263725858779953,0.15263725858779953,62,56,56,False,False,False,0.678946582414055,0.6011181264762601,over_circular
153916114-153916167-001,carcinoma_in_situ,baseline,20260804,0.3530920401370526,0.3657410242035561,0.3672263304337408,-0.0126489840665035,-0.014134290296688223,0.0014853062301847242,0.8849557522123894,0.8848375451263538,0.884115523465704,0.787807328342236,0.7874929251055498,0.7866022532582757,0.6321192918775091,0.637272047890167,0.637272047890167,461,464,464,False,False,False,0.7252143054251016,0.372122265288049,over_circular
153916569-153916586-001,carcinoma_in_situ,baseline,20260804,0.17226352984266602,0.2089719000012742,0.2092895622611658,-0.03670837015860817,-0.03702603241849978,0.00031766225989160457,0.834941050375134,0.8334669874365143,0.8340016038492382,0.7629357438550164,0.760759391305073,0.761320990270705,0.9566155138189035,0.9766772422139652,0.9766772422139652,450,459,459,False,False,False,0.6035383670373974,0.43127483719473136,over_circular
153956040-153956058-001,normal_columnar,baseline,20260804,0.054337921180182325,0.005658076000917611,0.005658072515088319,0.048679845179264714,0.048679848665094005,-3.4858292918826805e-09,0.9743954480796586,0.9763369616658779,0.9758637008991955,0.7768932107173714,0.7781793681492155,0.7778066463124176,0.5015835571125082,0.5084900504337466,0.5084900504337466,94,86,86,False,False,False,0.7925431509178045,0.8468810720979868,under_circular
153956040-153956058-003,normal_columnar,baseline,20260804,0.11347697491105824,0.10897101282107391,0.10960815660329226,0.004505962089984328,0.0038688183077659755,0.0006371437822183523,0.9381035996488147,0.937691970162352,0.937691970162352,0.892876964048763,0.8926518986520631,0.8929046153566371,0.06850113432601013,0.06932778370024828,0.06932778370024828,202,204,204,False,False,False,0.6818562905466845,0.7953332654577427,under_circular
153956040-153956072-003,normal_columnar,baseline,20260804,0.05114947543048698,0.08555128553262425,0.08354710586934211,-0.034401810102137276,-0.03239763043885513,-0.0020041796632821463,0.8604860486048604,0.8607367475292004,0.8589398023360287,0.8445505645199192,0.8446296812009818,0.8434614486907192,0.10384866724680697,0.10256897913801677,0.10256897913801677,393,387,387,False,False,False,0.6660604522289991,0.6149109767985121,over_circular
153956444-153956458-004,normal_columnar,baseline,20260804,0.04142756272421089,0.015024625771869693,0.014058590618333477,0.026402936952341194,0.02736897210587741,-0.0009660351535362155,0.9334817701085444,0.9335557408951904,0.9341117597998332,0.8936263197117276,0.8936211884199454,0.8940432070888567,0.05197245925722749,0.05032444380468415,0.05032444380468415,23,19,19,False,False,False,0.8031744798877826,0.8446020426119935,under_circular
153958154-153958211-001,normal_columnar,baseline,20260804,0.1685904733781054,0.15315892584480817,0.15271252689625436,0.01543154753329723,0.015877946481851035,-0.0004463989485538056,0.8056096610829763,0.8046692607003891,0.8046692607003891,0.7568314711378464,0.7564911095677984,0.7564911095677984,0.018904599503787978,0.018120943285391378,0.018120943285391378,499,502,502,False,False,False,0.6374228416208756,0.806013314998981,under_circular
153958547-153958572-002,normal_columnar,baseline,20260804,0.04094665609233139,0.05484768983224664,0.05553172603591705,-0.013901033739915247,-0.01458506994358566,0.0006840362036704128,0.8673684210526316,0.8675078864353313,0.8664563617245006,0.8250849197461739,0.8250582910437526,0.8240888729651784,0.5250820410318543,0.529695545181251,0.529695545181251,248,250,250,False,False,False,0.6824503179615358,0.6415036618692044,over_circular
153958547-153958572-006,normal_columnar,baseline,20260804,0.01909197268920404,0.01909197268920404,0.01909197268920404,0.0,0.0,0.0,0.8448815377738041,0.8448815377738041,0.8448815377738041,0.7910644454990291,0.7910644454990291,0.7910644454990291,0.4031367164059353,0.4031367164059353,0.4031367164059353,347,347,347,False,False,False,0.7546799528076907,0.7737719254968948,under_circular
153958547-153958572-008,normal_columnar,baseline,20260804,0.1681449552135838,0.17403948000496267,0.17576781892306576,-0.005894524791378863,-0.007622863709481953,0.0017283389181030895,0.8386167146974063,0.8382141142582813,0.8391742678828612,0.7154425659555594,0.714727495085345,0.7159374989049343,0.8470968111901682,0.8444222144196305,0.8444222144196305,170,169,169,False,False,False,0.5798437550972741,0.41169879988369035,over_circular
153958547-153958572-009,normal_columnar,baseline,20260804,0.0447255413083224,0.0447255413083224,0.0447255413083224,0.0,0.0,0.0,0.9153776160145587,0.9153776160145587,0.9153776160145587,0.7897514083283066,0.7897514083283066,0.7897514083283066,0.18159642621907196,0.18159642621907196,0.18159642621907196,186,186,186,False,False,False,0.7461580128861681,0.7908835541944905,under_circular
153958547-153958590-002,normal_columnar,baseline,20260804,0.09368217935327028,0.012517943782200724,0.017768815226307022,0.08116423557106955,0.07591336412696326,0.005250871444106298,0.8452855245683931,0.847144272036976,0.8425222845823704,0.7072716342888722,0.7085341020805125,0.7062575282065813,0.14905341786731857,0.14703360715999042,0.14703360715999042,152,186,186,False,False,False,0.7471608929340927,0.840843072287363,under_circular
154519964-154519981-001,light_dysplastic,baseline,20260804,0.03864198355180393,0.094512486018833,0.09451249023312647,-0.05587050246702907,-0.05587050668132254,4.214293469750885e-09,0.8704618689581095,0.8703664023998285,0.871437754446111,0.8369036924211408,0.8365490136471123,0.8374367031875726,0.20937863325766326,0.21570818429902472,0.21570818429902472,964,988,988,False,False,False,0.5684173553416049,0.5297753717898009,over_circular
157181481-157181497-004,normal_columnar,baseline,20260804,0.1825333769268609,0.20697969717325748,0.20769212747313137,-0.02444632024639659,-0.02515875054627048,0.0007124302998738896,0.944326391840204,0.9439728353140917,0.9431239388794567,0.8859794266377412,0.8856329500955247,0.8849847882316746,0.08552240613418899,0.08775195840487787,0.08775195840487787,65,68,68,False,False,False,0.7973386243215385,0.6148052473946776,over_circular
157181671-157181697-001,normal_superficiel,baseline,20260804,0.18329201128045913,0.101948065717409,0.10194806389758482,0.08134394556305014,0.08134394738287432,-1.8198241802380721e-09,0.948471615720524,0.9505637467476149,0.9488291413703382,0.9665594086587799,0.9676122144869134,0.9667377304697293,0.0003197579052655816,0.0004351515016811948,0.0004351515016811948,27,35,35,False,False,False,0.6562030281138066,0.8394950393942657,under_circular
157183193-157183279-001,normal_superficiel,baseline,20260804,0.2581416980697163,0.13033441034178472,0.1287809708676818,0.1278072877279316,0.1293607272020345,-0.0015534394741029134,0.84009942004971,0.8515176374077112,0.8515176374077112,0.8917282558633737,0.8974907339184592,0.8974907339184592,0.0031992215000027045,0.002966175638911857,0.002966175638911857,193,181,181,False,False,False,0.6147348952114009,0.8728765932811172,under_circular
157183828-157183877-001,normal_intermediate,baseline,20260804,0.16782442857931845,0.056243092376744186,0.055504371256738017,0.11158133620257427,0.11232005732258044,-0.0007387211200061694,0.9027269027269027,0.9085760517799353,0.906957928802589,0.9431535448440875,0.9461265106027779,0.9453022719587589,0.0036178763428022405,0.0033881700846596155,0.0033881700846596155,219,204,204,False,False,False,0.6818020285403398,0.8496264571196582,under_circular
157183964-157183980-001,normal_superficiel,baseline,20260804,0.19666950564129504,0.0632187753858352,0.06321877123499942,0.13345073025545984,0.13345073440629562,-4.15083578619857e-09,0.9429097605893186,0.9508196721311475,0.9489981785063752,0.9120421625443171,0.916038408211939,0.9151151000057407,0.00010462791217127031,0.0002055112711361589,0.0002055112711361589,20,8,8,False,False,False,0.6494807805929149,0.84615028623421,under_circular
157184013-157184031-001,normal_superficiel,baseline,20260804,0.14627878480784273,0.003295104153243078,0.028599104745338888,0.14298368065459965,0.11767968006250384,0.02530400059209581,0.723404255319149,0.7147102526002972,0.7043090638930164,0.8286252453035194,0.8240841741630041,0.8187599944206877,0.013149224091990767,0.0142823777003919,0.0142823777003919,324,354,354,False,False,False,0.6621336742044703,0.8084124590123131,under_circular
157184850-157184920-002,normal_columnar,baseline,20260804,0.28348178662482953,0.30768537252191525,0.3096971516447961,-0.02420358589708571,-0.026215365019966574,0.0020117791228808635,0.8426042983565107,0.8412748501104449,0.8412748501104449,0.794877757432028,0.7938913280954853,0.7938913280954853,0.02842517515148235,0.027143329476995548,0.027143329476995548,24,29,29,False,False,False,0.6165596117415869,0.3330778251167574,over_circular
157184850-157184942-001,normal_superficiel,baseline,20260804,0.1261168755411145,0.07081293239835162,0.07081293239835162,0.05530394314276288,0.05530394314276288,0.0,0.8319018404907975,0.8418491484184915,0.8418491484184915,0.8775643353050805,0.8825592642976038,0.8825592642976038,0.0013930409233983265,0.0012967251382078613,0.0012967251382078613,137,130,130,False,False,False,0.4168782368952836,0.5429951124363981,under_circular
157185208-157185238-001,normal_superficiel,baseline,20260804,0.26646537445104634,0.1975367277085065,0.1975367277085065,0.06892864674253985,0.06892864674253985,0.0,0.9315673289183223,0.9378200438917337,0.9407461594732992,0.9408966063270976,0.9440418964820022,0.9455149164662607,0.0007528054059018231,0.000675356788129888,0.000675356788129888,27,19,19,False,False,False,0.6196604414900057,0.886125815941052,under_circular
157185433-157185479-002,normal_columnar,baseline,20260804,0.03369931247020175,0.05966148035638885,0.061086338210278646,-0.025962167886187104,-0.027387025740076898,0.0014248578538897938,0.9616407140144322,0.9620637329286799,0.960546282245827,0.9077827552051021,0.908042962164756,0.9069374961853268,0.017832697382090812,0.016326628758436323,0.016326628758436323,51,48,48,False,False,False,0.8542418159615439,0.8205425034913422,over_circular
157185433-157185479-003,normal_columnar,baseline,20260804,0.0400004139692387,0.0400004139692387,0.0400004139692387,0.0,0.0,0.0,0.9711042311661506,0.9711042311661506,0.9711042311661506,0.9286021552971341,0.9286021552971341,0.9286021552971341,0.005668307746724277,0.005668307746724277,0.005668307746724277,28,28,28,False,False,False,0.8016177398468879,0.7616173258776492,over_circular
157185433-157185479-004,normal_columnar,baseline,20260804,0.07664772073467507,0.07664772073467507,0.07664772073467507,0.0,0.0,0.0,0.9204152249134948,0.9204152249134948,0.9204152249134948,0.8896673037088915,0.8896673037088915,0.8896673037088915,0.02611080616139405,0.02611080616139405,0.02611080616139405,48,48,48,False,False,False,0.7584234181728773,0.6817756974382022,over_circular
157185433-157185479-006,normal_columnar,baseline,20260804,0.0811288813642036,0.0811288813642036,0.0811288813642036,0.0,0.0,0.0,0.8629466470876163,0.8627355028137998,0.8627355028137998,0.7486263908457735,0.7483174088391311,0.7483174088391311,0.2450992022248173,0.24400351056508773,0.24400351056508773,206,207,207,False,False,False,0.8333616878148811,0.7522328064506775,over_circular
157185433-157185508-001,normal_columnar,baseline,20260804,0.21702732268987623,0.24001099899685774,0.240010996412937,-0.022983676306981504,-0.02298367372306076,-2.583920744037016e-09,0.9296073576229218,0.9296571226581831,0.9296571226581831,0.9185609042449869,0.9185758846695626,0.9185758846695626,0.017639644627614304,0.017085321512835816,0.017085321512835816,83,81,81,False,False,False,0.7617299074801424,0.5447025847902661,over_circular
157185730-157185758-001,normal_columnar,baseline,20260804,0.09031937144407792,0.11142993830523679,0.11017520268987274,-0.021110566861158864,-0.01985583124579482,-0.0012547356153640443,0.6789654548742992,0.6779844681235326,0.6783456745530071,0.5982330890223391,0.5971735256922326,0.5979333353940824,0.06616324105865268,0.06952668260159867,0.06952668260159867,1637,1645,1645,False,False,False,0.4555120236457726,0.36519265220169467,over_circular
157185781-157185793-003,normal_columnar,baseline,20260804,0.03666419313083835,0.03666419313083835,0.03666419313083835,0.0,0.0,0.0,0.8922963236652504,0.8922963236652504,0.8922963236652504,0.856814530347831,0.856814530347831,0.856814530347831,0.16456687611253262,0.16456687611253262,0.16456687611253262,545,545,545,False,False,False,0.7897059770361344,0.7530417839052961,over_circular
157222534-157222607-001,normal_superficiel,baseline,20260804,0.23863810798506713,0.11548380747537679,0.11548380480575648,0.12315430050969034,0.12315430317931064,-2.669620302597764e-09,0.8630705394190872,0.8755129958960328,0.8755129958960328,0.8804222246833863,0.8866789692913915,0.8866789692913915,0.0011113960476811712,0.0009420268337785266,0.0009420268337785266,99,91,91,False,False,False,0.6452805451590534,0.8839186531441205,under_circular
157222647-157222687-001,normal_intermediate,baseline,20260804,0.13975430256984422,0.037893465053903785,0.03789346254478887,0.10186083751594044,0.10186084002505535,-2.509114915838495e-09,0.9237348538845331,0.920623671155209,0.920623671155209,0.9448912870138785,0.9432939303327939,0.9432939303327939,0.0024621356905883754,0.002717572546566925,0.002717572546566925,200,216,216,False,False,False,0.6940414031792522,0.8337957057490964,under_circular
157222801-157222811-001,normal_intermediate,baseline,20260804,0.10887205733189942,0.042000584941287666,0.0077795102478563916,0.06687147239061175,0.10109254708404303,-0.034221074693431275,0.874224478285392,0.8731924360400445,0.8598442714126807,0.9147977090712467,0.9142348858294994,0.9073771375430001,0.007073150731597491,0.007894664060113445,0.007894664060113445,161,186,186,False,False,False,0.6673719744899853,0.7762440318218847,under_circular
157223549-157223570-001,normal_intermediate,baseline,20260804,0.12007872215371262,0.011776291362394109,0.012560730106786266,0.10830243079131852,0.10751799204692636,0.0007844387443921574,0.9339525283797729,0.9417773237997957,0.9376915219611849,0.9598902827449307,0.9638862019052563,0.9617945882207708,0.0025393417897193876,0.0020412899531638863,0.0020412899531638863,104,84,84,False,False,False,0.559234372094489,0.6793130942482016,under_circular
157224412-157224429-001,normal_superficiel,baseline,20260804,0.2038873193019647,0.145383097400948,0.1547377588498171,0.05850422190101667,0.04914956045214758,0.009354661448869095,0.7113316790736146,0.7087776866283839,0.7071369975389664,0.8209218180163989,0.8196306404291489,0.818806059404108,0.0021496911843513367,0.002229883167047594,0.002229883167047594,329,339,339,False,False,False,0.6297315846943561,0.8336189039963208,under_circular
157224458-157224464-001,normal_intermediate,baseline,20260804,0.1792574780315005,0.09122275650238854,0.10102888885473782,0.08803472152911196,0.07822858917676268,0.009806132352349284,0.7563083304528171,0.7500857044909153,0.7500857044909153,0.8473711728801218,0.844088452966673,0.844088452966673,0.01589772042759673,0.01654800213900136,0.01654800213900136,705,729,729,False,False,False,0.6647305128497757,0.8439879908812762,under_circular
157224458-157224483-001,normal_superficiel,baseline,20260804,0.2068431279726589,0.1148104412833767,0.11481043901196264,0.09203268668928222,0.09203268896069627,-2.2714140568425023e-09,0.7865853658536586,0.7951564076690212,0.7951564076690212,0.8575474596380293,0.8618558689235347,0.8618558689235347,0.003926848539656134,0.0038340989102678457,0.0038340989102678457,210,203,203,False,False,False,0.6491583649311493,0.8560014929038082,under_circular
157227058-157227087-001,normal_columnar,baseline,20260804,0.26587658573684536,0.2591839840335493,0.2595504618029215,0.006692601703296053,0.006326123933923844,0.00036647776937220877,0.6190476190476191,0.6176688938381588,0.6176688938381588,0.6030191955242596,0.6013744514266295,0.6013744514266295,0.6645718715832756,0.6709496757541055,0.6709496757541055,1024,1030,1030,False,False,False,0.23235964397715586,0.4982362297140012,under_circular
157227461-157227503-003,normal_columnar,baseline,20260804,0.11498440407909993,0.13460962548453692,0.1346096299680204,-0.019625221405436988,-0.01962522588892046,4.4834834733720186e-09,0.9144,0.9148340663734507,0.9148340663734507,0.884354046997389,0.8847198365995758,0.8847198365995758,0.11383428095214654,0.11254756117712228,0.11254756117712228,420,418,418,False,False,False,0.8306132374433178,0.7156288333642179,over_circular
157266930-157266947-001,normal_columnar,baseline,20260804,0.15014047087155058,0.1616967323001577,0.16199308636256138,-0.011556261428607106,-0.011852615491010798,0.000296354062403692,0.7155373831775701,0.7147024504084014,0.7147024504084014,0.5950852534336488,0.5933865044986149,0.5929665128984468,2.933622585167717,2.965570792479212,2.965570792479212,852,856,856,False,False,False,0.5963938714741952,0.4462534006026446,over_circular
157268504-157268544-001,normal_superficiel,baseline,20260804,0.14186163057607037,0.07568991485809551,0.07568991485809551,0.06617171571797487,0.06617171571797487,0.0,0.9205642167780252,0.9172821270310192,0.9172821270310192,0.920451302365866,0.918791847912372,0.918791847912372,0.0005832334729565479,0.0006740746154732316,0.0006740746154732316,85,92,92,False,False,False,0.6882533291389381,0.8301149597150085,under_circular
158986766-158986776-001,normal_columnar,baseline,20260804,0.008744372783205279,0.003177708624951592,0.0031777065704934326,0.005566664158253687,0.005566666212711846,-2.0544581591508404e-09,0.9735269000853971,0.9737459978655283,0.9733191035218783,0.8429218716298159,0.8430830975978831,0.8427245546628545,0.29930875596564366,0.30001573022792793,0.30001573022792793,124,123,123,False,False,False,0.794876064243079,0.8036204370262843,under_circular
158986813-158986820-001,normal_columnar,baseline,20260804,0.027948599400081098,0.020194980053809708,0.02019497451971841,0.00775361934627139,0.007753624880362686,-5.534091296333088e-09,0.9724166323589954,0.9728395061728395,0.9720164609053498,0.8386624853101896,0.8389434123924134,0.8383347288753877,0.1446002622970704,0.14530433111872904,0.14530433111872904,55,56,56,False,False,False,0.7861500741175186,0.8140986735175997,under_circular
158986920-158986928-004,normal_columnar,baseline,20260804,0.20476136019842406,0.09503051775293891,0.1146070808421702,0.10973084244548514,0.09015427935625386,0.01957656308923128,0.04108934543717153,0.04295942720763723,0.04295942720763723,0.03247162016547357,0.03341110808554867,0.03341110808554867,0.5833376110055952,0.5823034620881511,0.5823034620881511,2007,2005,2005,False,False,False,0.5374300440252872,0.7421914042237112,under_circular
204870858-204870872-001,light_dysplastic,baseline,20260804,0.07240614963771796,0.05011289201791369,0.049032048508109605,0.022293257619804274,0.02337410112960836,-0.0010808435098040858,0.8930817610062893,0.8945565283593453,0.8937952036543586,0.7923273633951771,0.7933576446249776,0.7928559754961048,0.27894089917178466,0.2766395862638802,0.2766395862638802,547,540,540,False,False,False,0.5362697804915184,0.6086759301292364,under_circular
204870951-204870961-002,light_dysplastic,baseline,20260804,0.18325124412926508,0.10872486704712303,0.11214094798094287,0.07452637708214205,0.0711102961483222,0.003416080933819843,0.8067028866924134,0.8108284409654273,0.8106979778212655,0.7566566550906703,0.759239850676427,0.759146826658333,0.3758791115453524,0.37280755648971164,0.37280755648971164,2943,2890,2890,False,False,False,0.43067524791617473,0.6139264920454398,under_circular
204871030-204871038-001,light_dysplastic,baseline,20260804,0.10284416358348425,0.03237782697925251,0.03227829027178175,0.07046633660423174,0.0705658733117025,-9.953670747075982e-05,0.883865114169061,0.8820156910078455,0.8820156910078455,0.8485393589211077,0.8469311195773941,0.8469311195773941,0.14420587488746378,0.14821866378819865,0.14821866378819865,1524,1554,1554,False,False,False,0.6510009210630809,0.7538450846465652,under_circular
204871030-204871038-002,light_dysplastic,baseline,20260804,0.19553652592737691,0.07797608888553054,0.07783327419104014,0.11756043704184638,0.11770325173633678,-0.00014281469449040074,0.9290758977419675,0.9283943270851929,0.927997619756025,0.8963469330878999,0.8957535680109647,0.8954780404543086,0.0011387789337765075,0.001881546017098279,0.001881546017098279,1262,1322,1322,False,False,False,0.6365612391520687,0.8320977650794457,under_circular
209047342-209047443-001,normal_superficiel,baseline,20260804,0.33545098882758184,0.1975042667371888,0.19750426348487637,0.13794672209039305,0.13794672534270547,-3.25231241937729e-09,0.641653072321914,0.6327077747989276,0.6327077747989276,0.754708191073646,0.7501047758145314,0.7501047758145314,0.008397991838592859,0.008824913394314533,0.008824913394314533,659,685,685,False,False,False,0.5420169117225659,0.8774679005501478,under_circular
209047526-209047626-001,normal_intermediate,baseline,20260804,0.15471738953383152,0.06259959126474857,0.0625995877053892,0.09211779826908295,0.09211780182844231,-3.5593593628036047e-09,0.9363784665579119,0.9371706526145116,0.9371706526145116,0.8801183735357412,0.8805077936972351,0.8805077936972351,0.005687668629806689,0.0054728203109368385,0.0054728203109368385,38,53,53,False,False,False,0.6265978465717642,0.7813152361055957,under_circular
209047526-209047798-001,normal_superficiel,baseline,20260804,0.19378410253310085,0.09696315331056515,0.0969631494124461,0.0968209492225357,0.09682095312065475,-3.8981190497722196e-09,0.9040307101727447,0.9000951474785919,0.9000951474785919,0.8914776669396178,0.8894875061195833,0.8894875061195833,0.00023930367820505435,0.00011831855134444152,0.00011831855134444152,90,99,99,False,False,False,0.6671757110353821,0.860959813568483,under_circular
209307421-209307504-001,normal_intermediate,baseline,20260804,0.18032042051640151,0.04202491863642133,0.05992986412646506,0.1382955018799802,0.12039055638993645,0.017904945490043733,0.5541455160744501,0.5461362216204957,0.5457196417413039,0.6655796798991594,0.6606294779895681,0.6603979208729787,0.1138135069097968,0.11809907019195359,0.11809907019195359,2106,2179,2179,False,False,False,0.6517605244940325,0.8320809450104341,under_circular
209522474-209522522-001,normal_intermediate,baseline,20260804,0.2124197262184362,0.07032584488108928,0.07739233825115721,0.1420938813373469,0.13502738796727898,0.007066493370067928,0.6686632180778656,0.6646852202107538,0.6646852202107538,0.7623977177751602,0.7601976878068586,0.760182629380163,0.05166184045030285,0.05271255885472846,0.05271255885472846,1213,1241,1241,False,False,False,0.594356327024188,0.8067760532426241,under_circular
209522940-209522970-001,normal_intermediate,baseline,20260804,0.16251353688153902,0.025398900136619162,0.025398897356304295,0.13711463674491986,0.13711463952523473,-2.78031486722341e-09,0.9755415793151643,0.9764052741151977,0.9750173490631506,0.918195444737317,0.9186202746270558,0.9178904633826239,0.002153234997039455,0.0014179851607907384,0.0014179851607907384,10,30,30,False,False,False,0.7038265510126998,0.8663400878942388,under_circular
209565409-209565503-001,normal_intermediate,baseline,20260804,0.18277093575979564,0.06771707856606046,0.06771707856606046,0.11505385719373518,0.11505385719373518,0.0,0.9536665450565487,0.9572153734590283,0.9601160261058739,0.9046144886817634,0.9064205524528364,0.9079095668632299,0.008886292867814723,0.008590140465401082,0.008590140465401082,79,62,62,False,False,False,0.6835854701491582,0.8663564059089538,under_circular
209565409-209565600-001,normal_intermediate,baseline,20260804,0.1632097364044529,0.08653949206915035,0.09302014408173243,0.07667024433530256,0.07018959232272048,0.006480652012582078,0.8656634746922025,0.8687363834422658,0.8622004357298475,0.8520149950312673,0.8535716065786,0.8502262567979098,0.010224475171750867,0.010031521419185875,0.010031521419185875,195,178,178,False,False,False,0.6815661732163327,0.8447759096207856,under_circular
209565864-209565890-001,normal_intermediate,baseline,20260804,0.1833405593981423,0.019471833859985854,0.01751731777714194,0.16386872553815646,0.16582324162100037,-0.0019545160828439156,0.9573105656350054,0.9642384105960264,0.9631788079470198,0.9108006304963232,0.9143974419037658,0.913842726843074,0.011251203511104028,0.0106034252804963,0.0106034252804963,142,115,115,False,False,False,0.6961138402346352,0.8794543996327775,under_circular
209565864-209565911-001,normal_intermediate,baseline,20260804,0.22204220987461276,0.11372437800130786,0.11372437442634853,0.1083178318733049,0.10831783544826423,-3.5749593285672177e-09,0.9159909179370743,0.9222831344727507,0.9229280877136408,0.9069215059992579,0.9101467372191421,0.9104790054736149,0.006001459093652191,0.005646142721314543,0.005646142721314543,247,229,229,False,False,False,0.6459622307515469,0.8680044406261597,under_circular
209566047-209566095-001,normal_intermediate,baseline,20260804,0.137557162114885,0.0007493823851509873,0.0007493762584747099,0.136807779729734,0.1368077858564103,-6.1266762774181416e-09,0.9598749348619072,0.9619269619269619,0.9608909608909609,0.8906157448298413,0.891660330750212,0.8911166351810784,0.015353747990971077,0.014811988902198356,0.014811988902198356,58,35,35,False,False,False,0.7114745463640141,0.8490317084788991,under_circular
209566205-209566247-001,normal_intermediate,baseline,20260804,0.1907115237668825,0.05672298534565301,0.056104735022835084,0.13398853842122949,0.1346067887440474,-0.0006182503228179259,0.8799219004230394,0.8871645651471064,0.8871645651471064,0.9115322445989699,0.9152686546955195,0.9152686546955195,0.00909490867958003,0.00859126681969985,0.00859126681969985,369,349,349,False,False,False,0.6746793433930136,0.8653908671598961,under_circular
209566205-209566289-001,normal_intermediate,baseline,20260804,0.18268043957860025,0.12823841176248074,0.1282384097296374,0.05444202781611951,0.05444202984896285,-2.0328433381067157e-09,0.8887434554973822,0.8923679060665362,0.8923679060665362,0.8292173326573212,0.8310616439171954,0.8310616439171954,0.0173680778735385,0.01722828439917407,0.01722828439917407,336,326,326,False,False,False,0.6118261808455809,0.7945066204241812,under_circular
209566399-209566485-001,normal_intermediate,baseline,20260804,0.17599533129074518,0.07853241117807563,0.07853240997958022,0.09746292011266955,0.09746292131116496,-1.1984954140231707e-09,0.9112808460634547,0.916374269005848,0.9157894736842105,0.9071958598233189,0.909796206178066,0.9094963848878348,0.008664534093706183,0.008440437278322162,0.008440437278322162,298,282,282,False,False,False,0.68298046918106,0.8589758004718052,under_circular
148495842-148495854-001,light_dysplastic,baseline,20260805,0.1480747988283474,0.16410117283815773,0.16331123334150743,-0.01602637400981033,-0.015236434513160035,-0.0007899394966502937,0.9252433936022253,0.9254561251086012,0.9261511728931364,0.8975471453732633,0.8976791916409201,0.898195235924155,0.03618516057938265,0.03541863435041115,0.03541863435041115,404,401,401,False,False,False,0.6376448488904618,0.4895700500621144,over_circular
148497551-148497588-001,light_dysplastic,baseline,20260805,0.029978763630301386,0.029978763630301386,0.029978763630301386,0.0,0.0,0.0,0.9744355290166076,0.9744355290166076,0.9744355290166076,0.9052364469075171,0.9052364469075171,0.9052364469075171,0.24362393558822126,0.24362393558822126,0.24362393558822126,129,129,129,False,False,False,0.8505586725047182,0.8205799088744168,over_circular
148497788-148497816-002,light_dysplastic,baseline,20260805,0.09872625580518368,0.009378744223873858,0.01128575150040878,0.08934751158130982,0.0874405043047749,0.0019070072765349222,0.9147894221351616,0.920341047503045,0.920341047503045,0.8539025873249351,0.8569947146039765,0.8569947146039765,0.015679823626843475,0.017828593775613633,0.017828593775613633,348,327,327,False,False,False,0.6475809265281439,0.7463071823333276,under_circular
148503209-148503222-001,light_dysplastic,baseline,20260805,0.2660901665893168,0.21953900349742006,0.21896534160172643,0.04655116309189672,0.04712482498759035,-0.0005736618956936335,0.8704906204906205,0.868837711406981,0.8686577905721482,0.8295853500419055,0.8285836407568398,0.8286265001030042,0.1625956122566643,0.1666754799105875,0.1666754799105875,1374,1402,1402,False,False,False,0.4853725928786678,0.7514627594679846,under_circular
148503209-148503231-001,light_dysplastic,baseline,20260805,0.11578209186306188,0.027293025289912287,0.02998194327233794,0.08848906657314959,0.08580014859072393,0.0026889179824256537,0.8958046090210754,0.8929657608162465,0.8925733346414206,0.8665681159281131,0.863883690645407,0.8635588684653313,0.1524233268758296,0.16124282499917109,0.16124282499917109,1042,1081,1081,False,False,False,0.5386987943730689,0.6544808862361308,under_circular
148503400-148503432-001,light_dysplastic,baseline,20260805,0.0019004503212165513,0.1282248032216421,0.1251437767013297,-0.12632435290042554,-0.12324332638011315,-0.003081026520312391,0.9498204746475173,0.9541252398395256,0.9504622361765219,0.9237455728057393,0.9266718946014959,0.9240699484804538,0.021131478515787783,0.016150097668890695,0.016150097668890695,561,514,514,False,False,False,0.6751812940944181,0.6770817444156346,under_circular
148503568-148503580-002,light_dysplastic,baseline,20260805,0.18053272590396513,0.21719807835906052,0.21773656783681067,-0.03666535245509539,-0.03720384193284554,0.0005384894777501481,0.86222965706775,0.8626327724072085,0.8609619286311015,0.814330258729171,0.8145216617798641,0.8132627417975521,0.05714773656396416,0.05920909269175595,0.05920909269175595,343,333,333,False,False,False,0.6673157418088631,0.486783015904898,over_circular
148718455-148718461-001,light_dysplastic,baseline,20260805,0.20156401022556403,0.08069688743970638,0.08248441749345192,0.12086712278585765,0.1190795927321121,0.0017875300537455452,0.9343346350255332,0.9379673386373153,0.9384458934019262,0.89167317671568,0.8941536372381326,0.8945106413179098,0.01918220442785673,0.02612130925009859,0.02612130925009859,1041,969,969,False,False,False,0.6665815815157197,0.8681455917412837,under_circular
148719308-148719348-004,light_dysplastic,baseline,20260805,0.0028926043279398073,0.0026991507229940925,0.002699157988458545,0.00019345360494571473,0.00019344633948126244,7.265464452288484e-09,0.9742360695026963,0.9740415335463258,0.9744408945686901,0.9378010948606377,0.9376287733314359,0.9379650845298704,0.05785739942528734,0.05835017545750698,0.05835017545750698,35,34,34,False,False,False,0.8248229761638036,0.8277155804917434,under_circular
148719308-148719357-001,light_dysplastic,baseline,20260805,0.05004608662644028,0.007030749448441065,0.0073273849989269335,0.04301533717799921,0.042718701627513345,0.00029663555048586865,0.9772972972972973,0.9769866954332974,0.9762675296655879,0.8964776325464832,0.8961760373526587,0.8956775269889485,0.026880492213463336,0.02467192737257423,0.02467192737257423,10,22,22,False,False,False,0.7447240340569417,0.7947701206833819,under_circular
148848523-148848559-002,moderate_dysplastic,baseline,20260805,0.023393193245479615,0.027529372162467425,0.027529373739410223,-0.004136178916987809,-0.004136180493930608,1.5769427985645734e-09,0.9804283225740342,0.9805327868852459,0.9801229508196722,0.8793345041033485,0.8794330601092897,0.8789900468384075,0.08508191262683384,0.08458841081599089,0.08458841081599089,133,132,132,False,False,False,0.860269734776496,0.8368765415310164,over_circular
148881870-148882178-002,light_dysplastic,baseline,20260805,0.02331315536584022,0.009481674641622417,0.009312960199104658,0.013831480724217804,0.014000195166735563,-0.0001687144425177589,0.8756544502617801,0.8743193204094969,0.8743193204094969,0.8195750352755224,0.8180246132851239,0.8182286116531369,0.4976272641533068,0.5049969635091238,0.5049969635091238,560,567,567,False,False,False,0.7257917732894684,0.7491049286553086,under_circular
148882307-148882323-001,light_dysplastic,baseline,20260805,0.0013543885436055891,0.1478287785458705,0.14795404686706393,-0.14647439000226492,-0.14659965832345834,0.0001252683211934169,0.9771402958314657,0.9788659026640869,0.9778240809644292,0.9015656787068409,0.9026166983529119,0.9018923346169585,0.021538793388452937,0.017465228437790914,0.017465228437790914,50,2,2,False,False,False,0.6781220144597832,0.6767676259161776,over_circular
148882535-148882616-001,light_dysplastic,baseline,20260805,0.29822807660391826,0.2474503441464831,0.25506811758115594,0.050777732457435165,0.04315995902276232,0.007617773434672848,0.7117050235090324,0.7057091444462621,0.7057091444462621,0.7655560157976429,0.7608279374271605,0.7608279374271605,0.259404860572827,0.268961001990071,0.268961001990071,3495,3598,3598,False,False,False,0.20824241321363557,0.5064704898175538,under_circular
148882671-148882687-001,light_dysplastic,baseline,20260805,0.33096233946710707,0.2819354138581164,0.282547234039154,0.04902692560899069,0.048415105427953076,0.0006118201810376145,0.7009164610504054,0.6983318700614575,0.6983318700614575,0.6994853501945242,0.6969634698862551,0.6972160461642911,0.35455433077423076,0.36208261794666513,0.36208261794666513,3394,3436,3436,False,False,False,0.3915145290378067,0.7224768685049138,under_circular
149011613-149011656-001,light_dysplastic,baseline,20260805,0.11850756543607155,0.020181470545502456,0.020371022160084906,0.0983260948905691,0.09813654327598664,0.0001895516145824505,0.97417056334892,0.9738359201773836,0.9729490022172949,0.846330614698594,0.8460414911579243,0.8455317334690472,0.020804435971118362,0.022354773895424424,0.022354773895424424,114,152,152,False,False,False,0.708975251717874,0.8274828171539456,under_circular
149013033-149013072-001,moderate_dysplastic,baseline,20260805,0.013558750782539875,0.008377260035161482,0.008062542257559757,0.005181490747378392,0.005496208524980117,-0.00031471777760172515,0.9872985781990521,0.9871114480667172,0.986732373009856,0.8920257477499574,0.8918711289450696,0.8915801097848144,0.18195453277073598,0.1823514535778687,0.1823514535778687,25,26,26,False,False,False,0.8020621943950347,0.8156209451775746,under_circular
149014929-149014984-001,moderate_dysplastic,baseline,20260805,0.16996311412298115,0.1568094857167328,0.15602157597674293,0.013153628406248341,0.01394153814623822,-0.0007879097399898782,0.9318600368324125,0.9312883435582822,0.9317791411042945,0.8736684503655218,0.8730473866308504,0.8735191834115541,0.16570938480320196,0.1681796520587452,0.1681796520587452,93,98,98,False,False,False,0.5896310699189845,0.7595941840419657,under_circular
149014929-149015008-003,moderate_dysplastic,baseline,20260805,0.260401471818021,0.22880379430353148,0.23023619875051726,0.0315976775144895,0.030165273067503717,0.00143240444698578,0.7422901582193617,0.7410977242302543,0.7410977242302543,0.7052824410495057,0.7036702861456421,0.7036702861456421,0.8500177966780778,0.8591119468171722,0.8591119468171722,1922,1934,1934,False,False,False,0.5661618305518524,0.8265633023698734,under_circular
149014929-149015022-001,light_dysplastic,baseline,20260805,0.07535973341990232,0.03175623174055586,0.03350226810655543,0.04360350167934646,0.04185746531334689,0.0017460363659995704,0.8988308049086868,0.8966181713074477,0.8964254745158493,0.9056913318450536,0.9040021952806989,0.9038651236400717,0.12637485166787837,0.13020097048855178,0.13020097048855178,1043,1073,1073,False,False,False,0.569920829267924,0.6452805626878263,under_circular
149014929-149015022-002,light_dysplastic,baseline,20260805,0.05209455429180221,0.11337842593098246,0.11245034146450128,-0.061283871639180254,-0.06035578717269907,-0.0009280844664811827,0.9361108342469849,0.9342615614122327,0.9340626553953257,0.9163896607062341,0.9148560650455739,0.9147566120371204,0.06228653243103488,0.06608693674110155,0.06608693674110155,579,601,601,False,False,False,0.6262274488991313,0.5741328946073291,over_circular
149053341-149053350-001,moderate_dysplastic,baseline,20260805,0.028182604294777924,0.018040204225053702,0.01718721912482013,0.010142400069724222,0.010995385169957794,-0.000852985100233572,0.9635833940276766,0.9649824306312856,0.9642554222706895,0.9082655944035772,0.9092126837014319,0.9086802701128798,0.0211358885230023,0.01866902267350562,0.01866902267350562,224,209,209,False,False,False,0.7938641392117826,0.8220467435065605,under_circular
149053945-149053969-001,moderate_dysplastic,baseline,20260805,0.09061807263760802,0.06625061958739265,0.06484021841803356,0.02436745305021537,0.02577785421957446,-0.0014104011693590879,0.9290506200447245,0.9285134037367994,0.9285134037367994,0.8918800960899842,0.89151644477801,0.89151644477801,0.0721528063373747,0.07286696028893874,0.07286696028893874,317,322,322,False,False,False,0.7532454539183332,0.8438635265559412,under_circular
149053945-149053976-001,moderate_dysplastic,baseline,20260805,0.1644179792155117,0.06260929048909947,0.07136077993961176,0.10180868872641224,0.09305719927589995,0.008751489450512295,0.7955342074516423,0.7975206611570248,0.7889979338842975,0.8227665854084865,0.8237686307113146,0.8188225061187756,0.022102155383511346,0.020014140766931643,0.020014140766931643,1021,980,980,False,False,False,0.6919245728585176,0.8563425520740293,under_circular
149054642-149054677-003,light_dysplastic,baseline,20260805,0.011243443827698596,0.010216893765187418,0.010216895766560596,0.0010265500625111779,0.0010265480611379996,2.001373178295296e-09,0.9455337690631809,0.9460165433173705,0.9460165433173705,0.921785141507133,0.9220951083230546,0.9220951083230546,0.05995877914072556,0.05903829850326375,0.05903829850326375,242,238,238,False,False,False,0.7529606282675888,0.7642040720952874,under_circular
149056321-149056343-001,severe_dysplastic,baseline,20260805,0.12368103978351797,0.04023881400565843,0.04064748224641901,0.08344222577785954,0.08303355753709896,0.00040866824076057906,0.973907262755526,0.9728968089515126,0.9723995026937422,0.9614395136877312,0.9606676687191558,0.9603093103317317,0.04232980910231343,0.04574075000509242,0.04574075000509242,248,279,279,False,False,False,0.6629300368238434,0.7866110766073614,under_circular
149056321-149056360-001,severe_dysplastic,baseline,20260805,0.14074238320057852,0.14542708796013937,0.14654118676919548,-0.004684704759560843,-0.00579880356861695,0.0011140988090561077,0.8474779823859088,0.8468612554978009,0.8464614154338265,0.7789705005134595,0.7782305073757436,0.7778801208977739,0.3673205316672792,0.3712000324404182,0.3712000324404182,758,764,764,False,False,False,0.7725378674325992,0.6317954842320207,over_circular
149056410-149056458-001,severe_dysplastic,baseline,20260805,0.05458161539692552,0.06255022758626294,0.06255023620740385,-0.00796861218933742,-0.007968620810478333,8.621140912268288e-09,0.9575984990619137,0.9579894973743436,0.9572393098274569,0.8895980249275615,0.8899078889989758,0.8892543987890068,0.24352826628576896,0.24472654674518024,0.24472654674518024,93,94,94,False,False,False,0.8365100586377021,0.7819284432407766,over_circular
149056873-149056884-001,severe_dysplastic,baseline,20260805,0.008012873460987557,0.033618029986291376,0.03361803117665829,-0.025605156525303818,-0.025605157715670734,1.1903669161483776e-09,0.9766937669376694,0.9761775852734164,0.9756361667569031,0.9239712784349527,0.9234695328033425,0.9230050626460353,0.06414997211230089,0.06165264796382708,0.06165264796382708,4,8,8,False,False,False,0.7974655496074466,0.7894526761464591,over_circular
149056873-149056884-002,severe_dysplastic,baseline,20260805,0.021193653117775324,0.00212827150344419,0.001600223801700662,0.019065381614331134,0.019593429316074662,-0.0005280477017435281,0.9514000643707756,0.952411575562701,0.952411575562701,0.8439368240377112,0.844794510304447,0.844794510304447,0.17698000564135974,0.17348005061347704,0.17348005061347704,151,148,148,False,False,False,0.7283697774235742,0.7495634305413496,under_circular
149056933-149056982-002,severe_dysplastic,baseline,20260805,0.02010725675993108,0.03573184076187219,0.03642080969480066,-0.01562458400194111,-0.01631355293486958,0.0006889689329284687,0.9539112050739957,0.9531051964512041,0.9514152936206168,0.9139665571535862,0.9133432048792224,0.9121068640314434,0.00787005153292647,0.006761944028625844,0.006761944028625844,53,55,55,False,False,False,0.7780611646699351,0.757953907910004,over_circular
149057756-149057766-002,moderate_dysplastic,baseline,20260805,0.005779974814204114,0.020273603596881684,0.02043243294414454,-0.01449362878267757,-0.014652458129940427,0.00015882934726285658,0.9606373897372664,0.9606523181947473,0.9606523181947473,0.9064662681949518,0.9064543001314481,0.9064543001314481,0.08542989699588732,0.08461484893195659,0.08461484893195659,69,73,73,False,False,False,0.8093614412175438,0.8035814664033397,over_circular
149057756-149057788-002,moderate_dysplastic,baseline,20260805,0.0927277129966243,0.3488539941497981,0.3921780029416642,-0.2561262811531738,-0.2994502899450399,0.0433240087918661,0.9166462967489611,0.9178594664931685,0.914281067013663,0.8403119777635518,0.8411944933941857,0.8385980980824772,0.21932176281182492,0.21563010732966292,0.21563010732966292,123,146,146,False,False,False,0.7561460168939476,0.8488737298905719,under_circular
149057812-149057825-003,moderate_dysplastic,baseline,20260805,0.06912451243076523,0.0075216798595323375,0.007521684628529868,0.06160283257123289,0.06160282780223536,4.768997530213426e-09,0.9085845976570002,0.9065823512503594,0.9065823512503594,0.9026890558221455,0.9012242141134286,0.9012242141134286,0.05073164497714605,0.053038805214357665,0.053038805214357665,952,975,975,False,False,False,0.7537282760918554,0.8228527885226207,under_circular
149057812-149057825-005,moderate_dysplastic,baseline,20260805,0.06832688380105545,0.06832688380105545,0.06832688380105545,0.0,0.0,0.0,0.9474157303370786,0.9474157303370786,0.9474157303370786,0.8323798535575089,0.8323798535575089,0.8323798535575089,0.1602671817333709,0.1602671817333709,0.1602671817333709,12,12,12,False,False,False,0.8616805170504386,0.7933536332493831,over_circular
149057812-149057847-004,moderate_dysplastic,baseline,20260805,0.03730252377743448,0.04730574393755116,0.0473057477034885,-0.010003220160116677,-0.010003223926054017,3.7659373397502804e-09,0.9446320054017556,0.9443131960850489,0.9443131960850489,0.9086714851734095,0.9084278098239403,0.9084278098239403,0.05862388128353646,0.059072791420064386,0.059072791420064386,280,282,282,False,False,False,0.828773262963585,0.7914707391861505,over_circular
149057812-149057847-005,moderate_dysplastic,baseline,20260805,0.0061783346747366075,0.0371825807796724,0.037366322654504125,-0.031004246104935795,-0.031187987979767517,0.0001837418748317221,0.9592968504760908,0.959958180867747,0.9591217982226868,0.9406580500661734,0.941120768563172,0.9405060749808659,0.018284920274559024,0.017117956166694592,0.017117956166694592,341,333,333,False,False,False,0.7964501032392137,0.7902717685644771,over_circular
149058262-149058272-003,moderate_dysplastic,baseline,20260805,0.014829731886646824,0.028772403462392626,0.029098157606729402,-0.013942671575745802,-0.014268425720082578,0.0003257541443367762,0.9387520368062877,0.9391587620963878,0.9387755102040817,0.8896088343676671,0.8899053956855858,0.8896028804069864,0.07376858809166453,0.07308678528538215,0.07308678528538215,633,629,629,False,False,False,0.7652548397079187,0.7504251078212719,over_circular
149061666-149061699-003,moderate_dysplastic,baseline,20260805,0.016491679511770774,0.010674721240759744,0.010674722106778778,0.00581695827101103,0.005816957404991996,8.660190342624219e-10,0.9773075743636921,0.977328431372549,0.9770220588235294,0.9430188665469255,0.9430169445992199,0.9428186523256122,0.02675010478907691,0.027495628186176346,0.027495628186176346,30,24,24,False,False,False,0.7785730219145969,0.7950647014263676,under_circular
149095913-149095926-001,light_dysplastic,baseline,20260805,0.4928312887178199,0.47114252982520666,0.49511522296957095,0.021688758892613236,-0.002283934251751052,0.023972693144364288,0.7293044469783352,0.7456100855470509,0.7456100855470509,0.703169860042226,0.712764687045254,0.712764687045254,0.16607139692881837,0.1552679331136695,0.1552679331136695,2374,2260,2260,False,False,False,0.373494671767571,0.8663259604853909,under_circular
149097324-149097373-001,moderate_dysplastic,baseline,20260805,0.004038901242082504,0.03068902812771923,0.030689026774314843,-0.026650126885636727,-0.02665012553223234,-1.353404388559909e-09,0.942688679245283,0.9420494699646643,0.9420494699646643,0.9274380064667075,0.9269658122740173,0.9269214427647441,0.023988374727778594,0.025217828312672386,0.025217828312672386,290,300,300,False,False,False,0.7218232045235828,0.7258621057656653,under_circular
149097594-149097637-001,moderate_dysplastic,baseline,20260805,0.31078999756456793,0.2674790086746438,0.2684923049115213,0.04331098888992413,0.042297692653046615,0.0010132962368775145,0.8554089709762533,0.8521533613445378,0.851890756302521,0.7889366854300041,0.7858523216979099,0.7856481753540576,0.34684143812098267,0.357879555753843,0.357879555753843,1078,1114,1114,False,False,False,0.39228396468557036,0.7030739622501383,under_circular
149097594-149097637-002,moderate_dysplastic,baseline,20260805,0.06978109202247063,0.06978109202247063,0.06978109202247063,0.0,0.0,0.0,0.9767687434002112,0.9767687434002112,0.9767687434002112,0.8085217542019133,0.8085217542019133,0.8085217542019133,0.2117947060686739,0.2117947060686739,0.2117947060686739,0,0,0,False,False,False,0.8074837604104796,0.737702668388009,over_circular
149098972-149098988-002,severe_dysplastic,baseline,20260805,0.16678318831725242,0.18027637811543923,0.1816689592460315,-0.013493189798186811,-0.014885770928779074,0.001392581130592263,0.953555598381191,0.9532062391681109,0.952050837666089,0.8895030925255416,0.8891651430622111,0.8882243780488257,0.13062966973643064,0.12923835629516434,0.12923835629516434,59,55,55,False,False,False,0.5831267242525788,0.4163435359353264,over_circular
149099096-149099104-001,severe_dysplastic,baseline,20260805,0.07532293967507375,0.07532293967507375,0.07532293967507375,0.0,0.0,0.0,0.9696817840140316,0.9696817840140316,0.9696817840140316,0.8989541696300427,0.8989541696300427,0.8989541696300427,0.030344445977568246,0.030344445977568246,0.030344445977568246,45,45,45,False,False,False,0.7588068681592037,0.68348392848413,over_circular
149099276-149099290-001,light_dysplastic,baseline,20260805,0.25103803170396544,0.1501014794520592,0.1527674947809745,0.10093655225190623,0.09827053692299093,0.0026660153289153055,0.8341232227488151,0.8411346096020847,0.8397313821790118,0.7860965804625064,0.790137779793787,0.7894361660822504,0.011586127180418182,0.0074148601560630745,0.0074148601560630745,1629,1569,1569,False,False,False,0.5064716218399429,0.7575096535439083,under_circular
149099276-149099290-002,light_dysplastic,baseline,20260805,0.07624593457028028,0.053801669556356235,0.054015881767009555,0.022444265013924047,0.022230052803270728,0.00021421221065331952,0.9706605000722648,0.969383354894351,0.9696708351300848,0.8393668407142216,0.8385367135908786,0.8386986163735716,0.028847118680201442,0.03058374966047657,0.03058374966047657,151,189,189,False,False,False,0.6129271491675281,0.6891730837378084,under_circular
149099502-149099525-002,light_dysplastic,baseline,20260805,0.07604940305932084,0.045028838550267625,0.045485296682312715,0.031020564509053217,0.030564106377008127,0.00045645813204509,0.9560117302052786,0.9531358642747879,0.9531358642747879,0.9334201495979034,0.9317188521732561,0.9317188521732561,0.0019647218915335163,0.003393586535956672,0.003393586535956672,295,325,325,False,False,False,0.713081947492833,0.7891313505521539,under_circular
149100006-149100028-002,severe_dysplastic,baseline,20260805,0.37104973940487024,0.3518932713088989,0.35235370004061917,0.019156468095971324,0.01869603936425107,0.00046042873172025267,0.431117203564085,0.4348717948717949,0.4348717948717949,0.5418503800226455,0.54395435714213,0.54395435714213,0.5084113057109958,0.5071917053699321,0.5071917053699321,1660,1653,1653,False,False,False,0.20334789023894745,0.5743976296438177,under_circular
149100064-149100072-001,moderate_dysplastic,baseline,20260805,0.183227677396819,0.0632797869545868,0.06816592155868328,0.1199478904422322,0.11506175583813572,0.0048861346040964815,0.8665895953757226,0.8637445305903124,0.8635910033008367,0.8405353579303054,0.838379442328649,0.8382753376039385,0.16530906220271524,0.16987446140050383,0.16987446140050383,1721,1773,1773,False,False,False,0.6150247705230956,0.7982524479199146,under_circular
149101620-149101650-001,moderate_dysplastic,baseline,20260805,0.010617820419891344,0.025476118692544514,0.02547611939666039,-0.01485829827265317,-0.014858298976769047,7.041158767151501e-10,0.9632662093383492,0.9644120247568524,0.9641909814323607,0.8815201741214614,0.8823190067287087,0.8821519878913215,0.1388877925029739,0.1373976102258126,0.1373976102258126,330,320,320,False,False,False,0.7388727011379163,0.7494905215578076,under_circular
149102442-149102451-001,light_dysplastic,baseline,20260805,0.10238854333362679,0.0983104404521703,0.09831043892735936,0.004078102881456491,0.004078104406267435,-1.5248109441756696e-09,0.9655273580753997,0.965679084775594,0.9650924024640657,0.8910457883874249,0.8911546762549813,0.8906995620667817,0.014733356617212645,0.014480010960313705,0.014480010960313705,187,186,186,False,False,False,0.740662522762134,0.8430510660957607,under_circular
149102510-149102519-001,moderate_dysplastic,baseline,20260805,0.03152049666367618,0.06822219282391928,0.06912418925793729,-0.0367016961602431,-0.03760369259426111,0.0009019964340180042,0.8774522292993631,0.8791963377416073,0.8791963377416073,0.8370031856704168,0.8381547045564492,0.8381045842677564,0.12198825200540148,0.12021987447914784,0.12021987447914784,736,722,722,False,False,False,0.7452130357440536,0.7136925390803774,over_circular
149105003-149105050-001,light_dysplastic,baseline,20260805,0.021350764738367167,0.038710537541025936,0.04292684498414845,-0.01735977280265877,-0.02157608024578128,0.004216307443122513,0.9176103084732526,0.9205607476635514,0.919392523364486,0.8909793727122146,0.892880050366478,0.8920849825879458,0.029417729625873912,0.026666096218044444,0.026666096218044444,398,384,384,False,False,False,0.6732288440194713,0.6518780792811041,over_circular
149105289-149105300-001,moderate_dysplastic,baseline,20260805,0.022513027091674798,0.022513027091674798,0.022513027091674798,0.0,0.0,0.0,0.9484029484029484,0.9484029484029484,0.9484029484029484,0.8968848579743521,0.8968848579743521,0.8968848579743521,0.05133702520913552,0.05133702520913552,0.05133702520913552,149,149,149,False,False,False,0.836633979687907,0.8141209525962322,over_circular
149105289-149105300-002,moderate_dysplastic,baseline,20260805,0.008041653975670582,0.0016278287522015766,0.0009196002560600824,0.006413825223469005,0.007122053719610499,-0.0007082284961414942,0.9596753740806493,0.9608712169178169,0.9588451310624287,0.8859729566821619,0.8868540308008976,0.8851877133345787,0.08568629617862267,0.08896667275997006,0.08896667275997006,60,49,49,False,False,False,0.6673741889029107,0.6754158428785813,under_circular
149105289-149105311-001,moderate_dysplastic,baseline,20260805,0.27682915074920833,0.25842054289479044,0.26103498817535864,0.01840860785441789,0.01579416257384969,0.0026144452805682006,0.8263088263088263,0.8279894379479442,0.8291210863824972,0.8055581027908754,0.8066500862056105,0.8075418556640865,0.2649421141767139,0.26167581769812603,0.26167581769812603,887,876,876,False,False,False,0.4967681641921967,0.773597314941405,under_circular
149105289-149105311-003,moderate_dysplastic,baseline,20260805,0.630649773565907,0.6196180817445838,0.6204752079288689,0.011031691821323242,0.010174565637038113,0.0008571261842851285,0.584406779661017,0.5871807880940301,0.5871807880940301,0.5840836807569423,0.5858043897479943,0.5858043897479943,0.8960431042570929,0.8925745931283906,0.8925745931283906,2362,2349,2349,False,False,False,0.17270961268323284,0.8033593862491398,under_circular
149105289-149105311-004,moderate_dysplastic,baseline,20260805,0.5764008505104476,0.5705622097725613,0.5705196703308433,0.005838640737886314,0.005881180179604373,-4.253944171805912e-05,0.5908611069220329,0.5959429000751315,0.593839218632607,0.6243239960839673,0.6275402385385924,0.6262317243060366,0.7305476090048074,0.7262232701709831,0.7262232701709831,2633,2609,2609,False,False,False,0.17840090205409345,0.7548017525645411,under_circular
149140081-149140096-002,moderate_dysplastic,baseline,20260805,0.29362826818522086,0.23657757765374465,0.23821533399503358,0.05705069053147621,0.05541293419018728,0.0016377563412889318,0.873043126956873,0.873792270531401,0.8713768115942029,0.8757291573703061,0.8762431077806829,0.874746062337709,0.017168135646397242,0.02111136405295616,0.02111136405295616,613,648,648,False,False,False,0.46650957737383864,0.7601378455590595,under_circular
149140849-149140856-001,moderate_dysplastic,baseline,20260805,0.032578050642361966,0.08792862397108059,0.0869510910712904,-0.05535057332871862,-0.05437304042892843,-0.00097753289979019,0.9435302474251214,0.9419827484343614,0.9416282642089093,0.8349679971334177,0.8330539207547831,0.8332489794611189,0.17937109723461198,0.18819651277850025,0.18819651277850025,848,880,880,False,False,False,0.5679258359525646,0.5353477853102027,over_circular
149143028-149143108-002,severe_dysplastic,baseline,20260805,0.03660568120205465,0.002542476195418919,0.0022232496438088223,0.03406320500663573,0.03438243155824583,-0.0003192265516100967,0.9715630515787409,0.972581276929103,0.9737563650607128,0.8420205134555565,0.8427691503311326,0.8438377720107926,0.3035681117267365,0.3092019200065923,0.3092019200065923,121,114,114,False,False,False,0.7354100999938664,0.7720157811959211,under_circular
149143469-149143497-003,severe_dysplastic,baseline,20260805,0.023279459549440218,0.05566832609030892,0.05566832869580196,-0.0323888665408687,-0.03238886914636174,2.6054930435392976e-09,0.9196973395167195,0.9181286549707602,0.9181286549707602,0.6754053550659347,0.6741983620968495,0.6736893699013964,0.8752121180413435,0.8728777210704811,0.8728777210704811,135,142,142,False,False,False,0.6653388738470992,0.642059414297659,over_circular
149146837-149146854-001,carcinoma_in_situ,baseline,20260805,0.03876116039947186,0.042670929862566154,0.04267093874707939,-0.0039097694630942925,-0.003909778347607529,8.884513236218083e-09,0.9682191147578875,0.9681072336491796,0.9681072336491796,0.8485022362474961,0.8482951765012422,0.8482951765012422,0.2155711532519733,0.2142301753905682,0.2142301753905682,39,38,38,False,False,False,0.7942819724780203,0.7555208120785485,over_circular
149181904-149181927-001,carcinoma_in_situ,baseline,20260805,0.0040791762998980685,0.020429287913161565,0.020429290216954943,-0.016350111613263496,-0.016350113917056874,2.3037933782887876e-09,0.9778848259251149,0.9787792605556771,0.977904178516736,0.9266995032418387,0.9275261416537866,0.926655231186862,0.10724418260087376,0.11103799275204052,0.11103799275204052,47,43,43,False,False,False,0.8379440030497669,0.842023179349665,under_circular
149181904-149181951-001,carcinoma_in_situ,baseline,20260805,0.0004299783091716858,0.005469763762036561,0.0054697615783504405,-0.0050397854528648756,-0.005039783269178755,-2.1836861208157643e-09,0.959234608985025,0.9594510293200249,0.9598669161987939,0.8979708807408255,0.8981920373381982,0.8986699591793106,0.04380261141549635,0.04254415443784776,0.04254415443784776,194,193,193,False,False,False,0.8314786776127516,0.8319086559219233,under_circular
149182125-149182135-002,carcinoma_in_situ,baseline,20260805,0.10839986734685625,0.11264578162984762,0.11264578480206044,-0.00424591428299137,-0.004245917455204196,3.1722128257527515e-09,0.9574813372281726,0.9573259776083076,0.9573259776083076,0.8421833614134047,0.8419700418618994,0.8419700418618994,0.1263752539858778,0.12548923840151027,0.12548923840151027,228,229,229,False,False,False,0.7508088167054109,0.6424089493585546,over_circular
149182657-149182667-001,carcinoma_in_situ,baseline,20260805,0.11838597334360323,0.1485093348466533,0.14850934283189787,-0.03012336150305006,-0.030123369488294638,7.985244576680373e-09,0.9463270890338876,0.9461732548359967,0.947434819175778,0.8268886919934568,0.8265424454407455,0.8280481182493062,0.08029131595649819,0.08504857168493563,0.08504857168493563,19,14,14,False,False,False,0.8403185415605562,0.721932568216953,over_circular
149182657-149182681-002,carcinoma_in_situ,baseline,20260805,0.022721434587643308,0.005927425468689518,0.004582744447316323,0.01679400911895379,0.018138690140326985,-0.0013446810213731952,0.7879063423505343,0.7892824704813806,0.7892824704813806,0.6076742327224156,0.6086644187295226,0.6086644187295226,1.0185640055904548,1.0141987601474063,1.0141987601474063,933,928,928,False,False,False,0.7165297131873437,0.739251147774987,under_circular
149182657-149182698-003,carcinoma_in_situ,baseline,20260805,0.1648696213793236,0.17531021085067588,0.17531020889120164,-0.01044058947135229,-0.010440587511878041,-1.9594742495243622e-09,0.953909891248058,0.9542709232096636,0.9535806729939603,0.8879283289237312,0.8881878402689356,0.8876504998799691,0.054719367931094554,0.055366681577380006,0.055366681577380006,53,51,51,False,False,False,0.8285440665473182,0.6636744451679946,over_circular
149185604-149185616-001,carcinoma_in_situ,baseline,20260805,0.39494852221647514,0.37848087793439733,0.37725956192480764,0.01646764428207781,0.0176889602916675,-0.0012213160095896902,0.7821612349914236,0.7840730697873555,0.7843584986442129,0.6915087520522867,0.6928694599304244,0.6931346633348453,0.7465102616896544,0.7430148561954727,0.7430148561954727,1512,1501,1501,False,False,False,0.3496172794483874,0.7445658016648625,under_circular
149185604-149185645-003,carcinoma_in_situ,baseline,20260805,0.09864461029504357,0.09864461029504357,0.09906416275489782,0.0,-0.0004195524598542555,0.0004195524598542555,0.9579181807525495,0.9581624282198523,0.9579280440642213,0.8107851773327965,0.8111382972982311,0.8106730369990441,0.7299294536236247,0.7252491473969269,0.7252491473969269,351,349,349,False,False,False,0.8364827168344748,0.7378381065394313,over_circular
149185604-149185657-001,carcinoma_in_situ,baseline,20260805,0.08233655787054961,0.11500275895615275,0.11535240854196815,-0.03266620108560314,-0.033015850671418545,0.0003496495858154036,0.9640317008738062,0.9640755023340776,0.9624517962248833,0.8510737588206542,0.8507552554997944,0.8482103001921644,0.7409973136821539,0.7283131867667088,0.7283131867667088,71,65,65,False,False,False,0.7888136460508549,0.7064770881803053,over_circular
149185698-149185709-002,carcinoma_in_situ,baseline,20260805,0.000595841069558789,0.03506025015227421,0.03602749747797007,-0.03446440908271542,-0.03543165640841128,0.0009672473256958636,0.9162481335686168,0.9174237288135593,0.9174237288135593,0.7426794489995969,0.743979302630114,0.743979302630114,0.32340322113272446,0.30746056451385595,0.30746056451385595,617,609,609,False,False,False,0.7598765276079167,0.7592806865383579,over_circular
149185788-149185824-001,carcinoma_in_situ,baseline,20260805,0.006426402866329228,0.011083727810877742,0.011083727810877742,-0.004657324944548513,-0.004657324944548513,0.0,0.9032368556259633,0.9034246575342466,0.9034246575342466,0.7249135865844549,0.725078639623671,0.725078639623671,0.050501939811060215,0.05198400753567034,0.05198400753567034,515,514,514,False,False,False,0.7460114202825605,0.7395850174162313,over_circular
149190861-149190868-001,moderate_dysplastic,baseline,20260805,0.08978136328910469,0.045368271668914883,0.04035038475894692,0.044413091620189804,0.049430978530157765,-0.005017886909967961,0.9501673484566754,0.9514814814814815,0.9471604938271605,0.8676163392118439,0.8683085950500198,0.8655023090203389,0.13621625085293054,0.14039674187337225,0.14039674187337225,404,470,470,False,False,False,0.6838346747495679,0.7736160380386726,under_circular
149314453-149314465-001,carcinoma_in_situ,baseline,20260805,0.01988527252715333,0.008502412247065605,0.00775945005661538,0.011382860280087725,0.01212582247053795,-0.0007429621904502248,0.9733014977208596,0.9737470167064439,0.9737470167064439,0.8778086435972718,0.8781961705267687,0.8781961705267687,0.14111742221269596,0.143005377728196,0.143005377728196,65,63,63,False,False,False,0.8034551245170923,0.8233403970442457,under_circular
149314453-149314507-001,carcinoma_in_situ,baseline,20260805,0.03506458465272122,0.03506458465272122,0.03506458465272122,0.0,0.0,0.0,0.9591378536147284,0.9591378536147284,0.9591378536147284,0.8777924649272754,0.8777924649272754,0.8777924649272754,0.5026817745888539,0.5026817745888539,0.5026817745888539,83,83,83,False,False,False,0.875026244493366,0.8399616598406447,over_circular
149314453-149314507-002,carcinoma_in_situ,baseline,20260805,0.01061978973632638,0.024012700487352823,0.026204880691085397,-0.013392910751026443,-0.015585090954759018,0.0021921802037325744,0.9226785053644099,0.921996303142329,0.922735674676525,0.8874737876033507,0.8869479262009135,0.8874785907188163,0.16774718447450815,0.16886560017970625,0.16886560017970625,191,193,193,False,False,False,0.7517525448902911,0.7411327551539647,over_circular
149314679-149314698-001,carcinoma_in_situ,baseline,20260805,0.04591738724912542,0.06460212181733904,0.06460212882533245,-0.018684734568213623,-0.01868474157620703,7.007993407803781e-09,0.9192118226600985,0.920098441345365,0.920098441345365,0.7645224652317182,0.7656550072911273,0.7656550072911273,1.860687497195404,1.8495814971868851,1.8495814971868851,492,487,487,False,False,False,0.646223684321573,0.6003062970724475,over_circular
149315229-149315310-001,severe_dysplastic,baseline,20260805,0.004304767094934214,0.025559637383807843,0.025695956538457132,-0.02125487028887363,-0.021391189443522918,0.00013631915464928923,0.950734394124847,0.9514563106796117,0.9514563106796117,0.7311844909434921,0.7318765804800331,0.7318765804800331,2.180619378443714,2.176529304279052,2.176529304279052,644,635,635,False,False,False,0.800018833176979,0.8043236002719132,under_circular
149315671-149315731-001,carcinoma_in_situ,baseline,20260805,0.12285810358526794,0.0975846976925343,0.0975846982880354,0.025273405892733636,0.025273405297232543,5.955010928815341e-10,0.8923028191320874,0.8937045238848466,0.8933881683011705,0.690435404752566,0.6919226844776345,0.6917645066857965,1.2267244833555504,1.2095979150369662,1.2095979150369662,680,672,672,False,False,False,0.5723774507036634,0.6952355542889314,under_circular
149315671-149315740-001,carcinoma_in_situ,baseline,20260805,0.06316072288327967,0.07587213259798697,0.07645483301446654,-0.0127114097147073,-0.013294110131186865,0.0005827004164795646,0.9541650059784775,0.9542015133412983,0.9538032656312226,0.8032268691864219,0.8029384991750583,0.8022984582124367,0.7156240074963334,0.7065634410098258,0.7065634410098258,150,146,146,False,False,False,0.6707961788158133,0.6076354559325337,over_circular
149316426-149316462-004,carcinoma_in_situ,baseline,20260805,0.12049525725223553,0.137853974188343,0.13785397941141508,-0.017358716936107466,-0.01735872215917955,5.223072085946967e-09,0.9520661157024793,0.9531043593130779,0.9517833553500661,0.8044189576657109,0.8053956538785547,0.8038062155291901,0.23518890244595747,0.24329849868821674,0.24329849868821674,135,132,132,False,False,False,0.6754544909721889,0.5549592337199534,over_circular
149316754-149316779-002,moderate_dysplastic,baseline,20260805,0.19045639009535564,0.16049718469727425,0.1602609779145696,0.02995920539808139,0.03019541218078603,-0.0002362067827046399,0.906636670416198,0.9054484178992698,0.9054484178992698,0.8678637897535535,0.8668035902756897,0.8668035902756897,0.22611180746584292,0.22914610072965047,0.22914610072965047,498,505,505,False,False,False,0.6361497489342189,0.8266061390295746,under_circular
149317002-149317010-002,severe_dysplastic,baseline,20260805,0.011494487043463675,0.01665647794650138,0.01855122723741065,-0.005161990903037705,-0.007056740193946975,0.00189474929090927,0.9572649572649573,0.9564157269125266,0.9582444376714416,0.8886677589147209,0.8874773057186356,0.8895699800297507,0.02615156657321327,0.035048034045074505,0.035048034045074505,86,91,91,False,False,False,0.7000387805750673,0.711533267618531,under_circular
149317204-149317230-002,severe_dysplastic,baseline,20260805,0.18246725834958388,0.1924772278528727,0.1924772287721187,-0.010009969503288807,-0.01000997042253482,9.192460126428159e-10,0.936878612716763,0.9369077883059856,0.9364455743009014,0.7931927343112322,0.7931229675585283,0.7926511866691028,0.05864169149043885,0.06075643589765045,0.06075643589765045,123,121,121,False,False,False,0.712677729584922,0.5302104712353382,over_circular
149788987-149788996-003,light_dysplastic,baseline,20260805,0.011315953408335355,0.11357028388563795,0.11520394162989034,-0.10225433047730259,-0.10388798822155498,0.0016336577442523925,0.9596872284969592,0.9587664587664587,0.9594594594594594,0.8901850776631137,0.8893711157495301,0.8898739210469897,0.11938219005752748,0.12387737381037311,0.12387737381037311,328,362,362,False,False,False,0.6993329728412698,0.6880170194329345,over_circular
153268807-153268826-001,light_dysplastic,baseline,20260805,0.18966224487536165,0.07008489574283494,0.07008489199447454,0.11957734913252671,0.11957735288088711,-3.7483603998467174e-09,0.9817268554602927,0.9844666896789782,0.9853296513634795,0.911841247161574,0.9134027910640315,0.9139124225494619,0.052426594904012414,0.05425587895383294,0.05425587895383294,105,64,64,False,False,False,0.6664204093004483,0.85608265417581,under_circular
153276386-153276405-001,moderate_dysplastic,baseline,20260805,0.10854563449813692,0.12981980488631584,0.13128352503254626,-0.021274170388178915,-0.022737890534409333,0.0014637201462304184,0.9583948793697686,0.9586614173228346,0.9586614173228346,0.8613039241505283,0.8615053507354531,0.861634333064874,0.38026357084587603,0.378573536094574,0.378573536094574,206,202,202,False,False,False,0.7742206167541782,0.6656749822560413,over_circular
153276386-153276405-002,moderate_dysplastic,baseline,20260805,0.17371391873134256,0.1387561687765415,0.13910126647037147,0.034957749954801054,0.0346126522609711,0.00034509769382995437,0.8983153557144589,0.8989471136391142,0.8999152850054459,0.7581843047492856,0.7585785463095449,0.7595051588208998,0.3448852040816326,0.34092194372156015,0.34092194372156015,45,57,57,False,False,False,0.6644765116653484,0.8381904303966909,under_circular
153276386-153276414-001,moderate_dysplastic,baseline,20260805,0.0034895710163020954,0.011786081078502653,0.012191330155398417,-0.008296510062200557,-0.008701759139096321,0.00040524907689576395,0.9730499821916182,0.973293768545994,0.9730563798219585,0.9274107166790435,0.9276023537027209,0.927404564189236,0.07152636474907703,0.0710316204937026,0.0710316204937026,83,81,81,False,False,False,0.8152548955389188,0.8117653245226167,over_circular
153314466-153314473-003,light_dysplastic,baseline,20260805,0.15367015889805535,0.019010900478194093,0.02768335724401294,0.13465925841986126,0.1259868016540424,0.008672456765818848,0.8921539817807816,0.8890508820527774,0.8855518297127861,0.8897189076017697,0.8878267528743382,0.885829318430404,0.04095744338835462,0.043640614087376,0.043640614087376,646,699,699,False,False,False,0.6897545994797916,0.8434247583778469,under_circular
153654869-153654880-001,severe_dysplastic,baseline,20260805,0.04041876781917031,0.07858658164220067,0.07738496639456272,-0.03816781382303036,-0.036966198575392406,-0.001201615247637955,0.8628517823639775,0.8655375690090764,0.8657247122672406,0.7587602923880568,0.7608436002989837,0.7610316363149919,0.1429047424780735,0.13262776461821468,0.13262776461821468,1176,1149,1149,False,False,False,0.5270453181835343,0.486626550364364,over_circular
153655016-153655039-005,severe_dysplastic,baseline,20260805,0.10088941209823865,0.08173135165019585,0.0812212380771894,0.019158060448042802,0.019668174021049256,-0.0005101135730064543,0.884323107233324,0.8852643419572553,0.8852643419572553,0.8246527404556749,0.8254607508080896,0.8254607508080896,0.5014910481059206,0.49861959100032294,0.49861959100032294,411,408,408,False,False,False,0.7488214386567168,0.8497108507549554,under_circular
153655087-153655101-002,severe_dysplastic,baseline,20260805,0.05219914155349448,0.02816809805142817,0.02634451158087736,0.024031043502066307,0.025854629972617116,-0.0018235864705508087,0.8850948509485095,0.8864250946457545,0.8858842617631152,0.8257068527977199,0.8266309766931665,0.8261174287176869,0.09044478330363204,0.08321096635156278,0.08321096635156278,198,190,190,False,False,False,0.7491691481124676,0.8013682896659621,under_circular
153656862-153656873-001,light_dysplastic,baseline,20260805,0.09390634701926182,0.03506882338940087,0.03809732763678064,0.058837523629860944,0.05580901938248117,0.0030285042473797708,0.9705741626794259,0.9709850746268657,0.9685970149253731,0.8406137331585697,0.8407984513418425,0.8395734741943426,0.07160621557823438,0.07298266891714683,0.07298266891714683,108,123,123,False,False,False,0.7574465780632452,0.851352925082507,under_circular
153657121-153657160-001,severe_dysplastic,baseline,20260805,0.00240996977153074,0.014375959588550424,0.015815472531347408,-0.011965989817019684,-0.013405502759816668,0.0014395129427969833,0.9536307961504812,0.9537731134432783,0.953023488255872,0.8447548111392986,0.8448423578266115,0.8439939856433267,0.10942701610819183,0.10735424696608264,0.10735424696608264,271,268,268,False,False,False,0.7692385766588287,0.7668286068872979,over_circular
153659229-153659264-001,severe_dysplastic,baseline,20260805,0.02658732874425629,0.018240932547850197,0.018240930184919568,0.008346396196406092,0.00834639855933672,-2.3629306289407737e-09,0.9468713105076741,0.9471475409836065,0.9471475409836065,0.8784932448555358,0.8786834944122615,0.8786834944122615,0.05201819529937102,0.051641897313870366,0.051641897313870366,389,387,387,False,False,False,0.7758651793036769,0.8024525080479332,under_circular
153697342-153697375-001,moderate_dysplastic,baseline,20260805,0.003663426625035049,0.019334649881625587,0.019334658655984382,-0.01567122325659054,-0.015671232030949334,8.774358795093917e-09,0.9669669669669669,0.9675870348139256,0.9675870348139256,0.8627681332599365,0.8633610043570001,0.8633610043570001,0.2623238803300443,0.25937531364495925,0.25937531364495925,163,160,160,False,False,False,0.7729323887091964,0.7692689620841614,over_circular
153697342-153697384-001,moderate_dysplastic,baseline,20260805,0.0069725232378986535,0.003422059917761233,0.003422064740191466,0.0035504633201374203,0.0035504584977071874,4.822430232920283e-09,0.9760687257107793,0.9764874258842773,0.9764874258842773,0.9037359977327739,0.9040869838109632,0.9040869838109632,0.09124078350437037,0.09262896557457811,0.09262896557457811,105,103,103,False,False,False,0.7697621206928121,0.7767346439307108,under_circular
153697726-153697736-001,light_dysplastic,baseline,20260805,0.06878902370020779,0.047355379920835716,0.04735538535840966,0.02143364377937207,0.021433638341798122,5.4375739466649975e-09,0.9337657477859549,0.9365671641791045,0.9366915422885572,0.8868054662030602,0.8886960173813403,0.8887864941789877,0.12990590146251663,0.12654018154990526,0.12654018154990526,1028,982,982,False,False,False,0.6686563262440224,0.7374453499442302,under_circular
153701009-153701019-002,light_dysplastic,baseline,20260805,0.1534334483154426,0.12379660432368089,0.12429628732472875,0.029636843991761697,0.02913716099071384,0.000499683001047857,0.8817649926864944,0.880691502313124,0.8809349890430972,0.8581838327421552,0.8572281210156358,0.857493666508894,0.21380991198924543,0.21642902465521802,0.21642902465521802,956,966,966,False,False,False,0.6047254586677091,0.7581589069831517,under_circular
153701622-153701650-001,moderate_dysplastic,baseline,20260805,0.10154193320902127,0.12182304411688127,0.12351113836440475,-0.02028111090786,-0.021969205155383476,0.001688094247523475,0.9351189702249383,0.9352910602910602,0.935031185031185,0.8115457884367665,0.811591846536164,0.8113191333494018,0.22608213123871101,0.22345850581509952,0.22345850581509952,127,122,122,False,False,False,0.7680367278402421,0.6664947946312209,over_circular
153701949-153701958-001,light_dysplastic,baseline,20260805,0.0371477775714959,0.10396541642378088,0.10433819737925765,-0.06681763885228498,-0.06719041980776175,0.00037278095547677026,0.89821117619123,0.8998420221169037,0.8998420221169037,0.8235509289588663,0.8246559398679035,0.8246559398679035,0.1276005170641178,0.12349680876779578,0.12349680876779578,1162,1136,1136,False,False,False,0.6318418951894265,0.5946941176179306,over_circular
153702037-153702051-003,light_dysplastic,baseline,20260805,0.17186630404940528,0.14375377575169868,0.1437537752539616,0.028112528297706607,0.02811252879544368,-4.97737073779092e-10,0.9240052470485351,0.925039315044557,0.9252140485759217,0.8303263558334917,0.8311317571664066,0.8312902983093131,0.08497744111817951,0.08831377991373368,0.08831377991373368,849,838,838,False,False,False,0.6284407643034918,0.8003070683528971,under_circular
153826963-153826970-001,severe_dysplastic,baseline,20260805,0.14710440386400514,0.18133992827623402,0.18178324389536737,-0.03423552441222888,-0.034678840031362235,0.0004433156191333554,0.8934747856416219,0.8951109821558102,0.8954011315827651,0.7279370058488663,0.7295237656004043,0.7299925696761349,0.6301451397791957,0.6082113196778758,0.6082113196778758,725,713,713,False,False,False,0.657382372112432,0.5102779682484269,over_circular
153826963-153826982-003,severe_dysplastic,baseline,20260805,0.009452623189743936,0.022038823000196994,0.023876713141329442,-0.012586199810453058,-0.014424089951585506,0.0018378901411324478,0.9376133764492468,0.9379484349128755,0.9374753607190728,0.7715391906215554,0.7719972500859963,0.7715207897645269,1.6480959745450048,1.6427045081304295,1.6427045081304295,685,681,681,False,False,False,0.7694051983064593,0.7599525751167153,over_circular
153827595-153827657-002,carcinoma_in_situ,baseline,20260805,0.048774707677851414,0.06371084122222737,0.06371084676088357,-0.014936133544375951,-0.014936139083032152,5.538656200343439e-09,0.971894832275612,0.9716874292185731,0.9707814269535674,0.9123850561676791,0.9121018112709707,0.9111505540348306,0.03622368673810117,0.033215233290045054,0.033215233290045054,80,83,83,False,False,False,0.7268263925652134,0.678051684887362,over_circular
153828877-153828902-002,severe_dysplastic,baseline,20260805,0.015855257186874305,0.030265811160295697,0.030265807060062544,-0.014410553973421392,-0.014410549873188239,-4.100233153003785e-09,0.971761658031088,0.9722941481097876,0.9722941481097876,0.8209673948713406,0.8213805754800199,0.8213805754800199,0.39621513993085333,0.3986484246457602,0.3986484246457602,194,190,190,False,False,False,0.7086056044596746,0.6927503472728003,over_circular
153828952-153828970-001,severe_dysplastic,baseline,20260805,0.008769786041514682,0.013199741230282558,0.013199741230282558,-0.004429955188767876,-0.004429955188767876,0.0,0.9601603608118267,0.9600400851810097,0.9602906175623199,0.8012827120514829,0.8009539563222026,0.8014749486703566,0.2833706048919624,0.28699018874565496,0.28699018874565496,104,103,103,False,False,False,0.8369077290582955,0.8281379430167808,over_circular
153828952-153829005-001,severe_dysplastic,baseline,20260805,0.12596166401457987,0.10181756293408384,0.10277638753832308,0.024144101080496028,0.02318527647625679,0.000958824604239239,0.9243353783231084,0.9254986782023552,0.9254986782023552,0.7052140467774483,0.7065221720470427,0.7065221720470427,0.06381978493885265,0.040082661102768036,0.040082661102768036,597,588,588,False,False,False,0.5162502749336505,0.6422119389482304,under_circular
153828952-153829005-002,severe_dysplastic,baseline,20260805,0.09130023544553556,0.0839708397930764,0.08397084047871428,0.007329395652459159,0.007329394966821279,6.856378798048013e-10,0.9296583405110537,0.9302725968436155,0.9302725968436155,0.8381323376763413,0.8388622327366435,0.8388622327366435,0.4638256447130169,0.4725739424552373,0.4725739424552373,316,312,312,False,False,False,0.6874020266510685,0.7787022620966041,under_circular
153829664-153829672-001,light_dysplastic,baseline,20260805,0.027372754053695436,0.09824259599386864,0.09836835995061222,-0.0708698419401732,-0.07099560589691678,0.0001257639567435742,0.955543050084412,0.9536243492190629,0.9539447336804165,0.7793910977506828,0.7780502337190945,0.778244912275943,0.15582908679296723,0.15886691127651506,0.15886691127651506,209,255,255,False,False,False,0.657864643990811,0.6852373980445065,under_circular
153829745-153829768-001,severe_dysplastic,baseline,20260805,0.12749449478634411,0.05554715489576445,0.05554715489576445,0.07194733989057966,0.07194733989057966,0.0,0.8345234399254889,0.8375909583526862,0.8375909583526862,0.7804563752922313,0.782365518086849,0.782365518086849,0.09813646703741141,0.09524661776042193,0.09524661776042193,1066,1049,1049,False,False,False,0.6680470189115058,0.7955415136978499,under_circular
153829745-153829768-003,severe_dysplastic,baseline,20260805,0.015417642654174446,0.014832646429275176,0.014832647741556682,0.0005849962248992702,0.0005849949126177645,1.3122815056831882e-09,0.9345523671585045,0.9354196816208393,0.9354196816208393,0.6909603941055681,0.6917525834640261,0.6917525834640261,0.7848308120061962,0.799690729732949,0.799690729732949,723,714,714,False,False,False,0.7529647334617222,0.7683823761158967,under_circular
153830680-153830827-002,severe_dysplastic,baseline,20260805,0.03188387848286356,0.013198740838852419,0.011529604926429626,0.01868513764401114,0.020354273556433933,-0.0016691359124227922,0.9729194187582563,0.9722772277227723,0.9726072607260726,0.8013931741400941,0.7997188607749663,0.8003777044371103,1.1504313871402023,1.1726348519778829,1.1726348519778829,110,114,114,False,False,False,0.784272699913847,0.8161565783967105,under_circular
153831352-153831372-004,severe_dysplastic,baseline,20260805,0.18826109462712676,0.16407694962435432,0.1636980986622928,0.02418414500277244,0.024562995964833967,-0.0003788509620615277,0.8054078014184397,0.8076965608758155,0.8076965608758155,0.669606489645707,0.6715118318397769,0.6715118318397769,1.682024611778494,1.670447849145551,1.670447849145551,1734,1715,1715,False,False,False,0.4270828078043227,0.6153439024314494,under_circular
153915432-153915441-002,severe_dysplastic,baseline,20260805,0.15576020840485938,0.13917965717389758,0.13884866024044695,0.016580551230961804,0.016911548164412427,-0.0003309969334506224,0.8631301289566237,0.8622456448543405,0.8622456448543405,0.8088377917510391,0.807532875860774,0.807532875860774,1.0004329004329002,1.0109260734197378,1.0109260734197378,928,935,935,False,False,False,0.5926130628438463,0.7483732712487057,under_circular
153915432-153915472-001,severe_dysplastic,baseline,20260805,0.28080142212938114,0.24421802883557664,0.24639966178469708,0.0365833932938045,0.03440176034468406,0.002181632949120438,0.8233799237611181,0.821061523300014,0.821061523300014,0.789215331957833,0.786894906785722,0.7869881816667965,0.5369840533453851,0.5464211620339188,0.5464211620339188,1245,1265,1265,False,False,False,0.4682248927024723,0.7490263148318534,under_circular
153915726-153915736-001,severe_dysplastic,baseline,20260805,0.1651014114692696,0.10186390132831713,0.10099677118416417,0.06323751014095247,0.06410464028510543,-0.0008671301441529611,0.8359255202628697,0.8356254092992796,0.8343156516044532,0.8008819636858202,0.8000928564397735,0.798943009765269,0.1515956364958928,0.1619634765827095,0.1619634765827095,165,181,181,False,False,False,0.49729932240339114,0.6624007338726607,under_circular
153916114-153916129-002,severe_dysplastic,baseline,20260805,0.3440803613746097,0.29601997491665094,0.2975709578770296,0.04806038645795874,0.04650940349758009,0.001550982960378644,0.8434992996307143,0.8401166476480284,0.8398630658044884,0.8188403026567525,0.816165821429016,0.816039030507246,0.2822110913982341,0.28882788776612134,0.28882788776612134,1227,1261,1261,False,False,False,0.3792355744651456,0.7233159358397553,under_circular
153916114-153916150-001,carcinoma_in_situ,baseline,20260805,0.07793635448432734,0.1028107704361515,0.10426823052661349,-0.024874415951824158,-0.02633187604228615,0.0014574600904619928,0.961798574300859,0.96147526017893,0.9607449333576775,0.8703903333332759,0.8698362615193849,0.8689991773914391,0.055569205569205415,0.06246171840819992,0.06246171840819992,135,129,129,False,False,False,0.6790544809605874,0.6011181264762601,over_circular
153916114-153916167-001,carcinoma_in_situ,baseline,20260805,0.3542210651495126,0.3670074020134057,0.36850720890394645,-0.012786336863893077,-0.014286143754433822,0.0014998068905407447,0.9000546149645002,0.9006550218340611,0.9002911208151383,0.7931412382250469,0.793713754303274,0.7932672535292622,0.6010356731875721,0.6061192963039821,0.6061192963039821,417,420,420,False,False,False,0.7263433304375616,0.372122265288049,over_circular
153916569-153916586-001,carcinoma_in_situ,baseline,20260805,0.16681556203533554,0.2027042666206731,0.2019176203716201,-0.03588870458533755,-0.03510205833628455,-0.0007866462490530024,0.8566117896972916,0.8550993377483443,0.8556291390728477,0.7858509398936908,0.7837449835792244,0.784009884241476,0.8005100840648253,0.8173998275443938,0.8173998275443938,484,493,493,False,False,False,0.5980903992300669,0.43127483719473136,over_circular
153956040-153956058-001,normal_columnar,baseline,20260805,0.04963274116156813,0.005091220770219285,0.0055073291318716855,0.04454152039134884,0.04412541202969644,0.00041610836165240084,0.9838445328962773,0.9855140186915888,0.9850467289719627,0.8321389649822368,0.8332368459971471,0.8328755850066552,0.3554201968744059,0.36130892080168214,0.36130892080168214,41,32,32,False,False,False,0.7972483309364187,0.8468810720979868,under_circular
153956040-153956058-003,normal_columnar,baseline,20260805,0.010745571201065895,0.005345378750956309,0.004993410667501252,0.005400192450109587,0.005752160533564643,-0.0003519680834550565,0.8874361593462717,0.886349724546011,0.886349724546011,0.8747569742483662,0.874416859712186,0.8742888187390747,0.17382796373664477,0.17654258368985143,0.17654258368985143,541,547,547,False,False,False,0.7845876942566768,0.7953332654577427,under_circular
153956040-153956072-003,normal_columnar,baseline,20260805,0.057018698794828904,0.09988868919703675,0.09988869032782277,-0.04286999040220785,-0.04286999153299387,1.1307860203757514e-09,0.8313627878033603,0.833902514746973,0.832660664389941,0.8099705798069049,0.8114801327534257,0.8106855210790348,0.13864034710593648,0.1372803122351578,0.1372803122351578,512,505,505,False,False,False,0.671929675593341,0.6149109767985121,over_circular
153956444-153956458-004,normal_columnar,baseline,20260805,0.03286467675158722,0.0076696126858364355,0.007669613957554833,0.025195064065750783,0.025195062794032386,1.2717183972554835e-09,0.9542048293089093,0.9548351343862566,0.9542809642560266,0.9002587568373455,0.90065346917128,0.9002287608407384,0.02516427455430592,0.022523916193389004,0.022523916193389004,13,7,7,False,False,False,0.8117373658604062,0.8446020426119935,under_circular
153958154-153958211-001,normal_columnar,baseline,20260805,0.22189905608760807,0.19002976578759123,0.18856548106526472,0.03186929030001684,0.033333575022343354,-0.0014642847223265143,0.763945326930181,0.7622558053814965,0.7622558053814965,0.7124982299617093,0.7115327465706011,0.7116514691160124,0.00659284890426759,0.005084076974443019,0.005084076974443019,639,645,645,False,False,False,0.5841142589113729,0.806013314998981,under_circular
153958547-153958572-002,normal_columnar,baseline,20260805,0.06362467232193825,0.07070330147477688,0.07070330147477688,-0.007078629152838634,-0.007078629152838634,0.0,0.8515463917525773,0.8511076764554354,0.8511076764554354,0.8034807771037255,0.8029804747965665,0.8029804747965665,0.6212741185986929,0.6237893313771764,0.6237893313771764,288,289,289,False,False,False,0.7051283341911426,0.6415036618692044,over_circular
153958547-153958572-006,normal_columnar,baseline,20260805,0.024640686810931012,0.009771388446399576,0.009102388885249502,0.014869298364531436,0.01553829792568151,-0.0006689995611500743,0.8699300699300699,0.8691197019096414,0.8691197019096414,0.8018917120321176,0.8010912277890386,0.8010912277890386,0.2829923088883619,0.2854989895177208,0.2854989895177208,255,257,257,False,False,False,0.7491312386859638,0.7737719254968948,under_circular
153958547-153958572-008,normal_columnar,baseline,20260805,0.18457484634036997,0.190228037188592,0.190228037188592,-0.005653190848222023,-0.005653190848222023,0.0,0.8483221476510067,0.8479427549194991,0.8479427549194991,0.6926498198062108,0.6918716188113183,0.6918716188113183,0.40727906569556693,0.4034681838880716,0.4034681838880716,17,16,16,False,False,False,0.5962736462240603,0.41169879988369035,over_circular
153958547-153958572-009,normal_columnar,baseline,20260805,0.02316357662506663,0.007795020610601555,0.007795026116452219,0.015368556014465073,0.01536855050861441,5.505850664278e-09,0.9104072398190045,0.9095840867992767,0.9095840867992767,0.7887967609851063,0.7881253767329717,0.7881253767329717,0.1524712283576734,0.15376310444458846,0.15376310444458846,198,200,200,False,False,False,0.7677199775694239,0.7908835541944905,under_circular
153958547-153958590-002,normal_columnar,baseline,20260805,0.6617095507315068,0.6481569051530989,0.657712976644307,0.013552645578407962,0.003996574087199889,0.009556071491208074,0.38517091959557054,0.3955152671755725,0.39122137404580154,0.46592355379934336,0.4714332916963335,0.4692538459439277,0.24985958667208252,0.24796546680652362,0.24796546680652362,1718,1680,1680,False,False,False,0.17913352155585613,0.840843072287363,under_circular
154519964-154519981-001,light_dysplastic,baseline,20260805,0.009253109589815844,0.06526695081203948,0.06486277236152382,-0.05601384122222364,-0.05560966277170798,-0.0004041784505156576,0.8445078459343794,0.8429718467323914,0.8431751194227055,0.8066936194233896,0.8050111669445836,0.805186614922454,0.37519332209860035,0.3831899444652639,0.3831899444652639,1468,1493,1493,False,False,False,0.5390284813796168,0.5297753717898009,over_circular
157181481-157181497-004,normal_columnar,baseline,20260805,0.1824617288847049,0.22450163895037922,0.22524936345804192,-0.04203991006567431,-0.04278763457333701,0.0007477245076626948,0.9516824849007766,0.9513560051657339,0.9487731381833836,0.8774051798928906,0.8770134849683149,0.875031284726046,0.1037886691076701,0.10778805871441105,0.10778805871441105,30,35,35,False,False,False,0.7972669762793825,0.6148052473946776,over_circular
157181671-157181697-001,normal_superficiel,baseline,20260805,0.27671203358127583,0.19308908500816946,0.19308908243832212,0.08362294857310637,0.0836229511429537,-2.5698473349322626e-09,0.8324646314221892,0.8250922509225093,0.8250922509225093,0.9063596092139585,0.9026288843831323,0.9026288843831323,0.003457977663140873,0.0036363604488273676,0.0036363604488273676,225,237,237,False,False,False,0.5627830058129899,0.8394950393942657,under_circular
157183193-157183279-001,normal_superficiel,baseline,20260805,0.1918417049050063,0.08050521410057843,0.08050521205346839,0.11133649080442787,0.1113364928515379,-2.0471100370400563e-09,0.8944881889763779,0.903125,0.903125,0.914659610908941,0.9190225152322924,0.9190225152322924,0.0017689956648624938,0.0015706396875850553,0.0015706396875850553,130,120,120,False,False,False,0.6810348883761109,0.8728765932811172,under_circular
157183828-157183877-001,normal_intermediate,baseline,20260805,0.17570453989730195,0.06740345937601033,0.06683039971415494,0.10830108052129161,0.108874140183147,-0.0005730596618553907,0.9498910675381264,0.9512811259473114,0.9491158426560808,0.9674798849141013,0.9681853970360913,0.9670798516548768,0.0011112455186786559,0.0013759553365054744,0.0013759553365054744,78,95,95,False,False,False,0.6739219172223563,0.8496264571196582,under_circular
157183964-157183980-001,normal_superficiel,baseline,20260805,0.18330570357148201,0.04768442424505315,0.047684420011859574,0.13562127932642887,0.13562128355962244,-4.233193573455196e-09,0.9452554744525548,0.9530685920577617,0.9476534296028881,0.9134013168100552,0.917348219567167,0.9146038425197353,0.0004961843768377175,0.0002006486497260311,0.0002006486497260311,10,2,2,False,False,False,0.6628445826627279,0.84615028623421,under_circular
157184013-157184031-001,normal_superficiel,baseline,20260805,0.10911226711653632,0.004616646999748064,0.020467727438691408,0.10449562011678826,0.08864453967784491,0.015851080438943344,0.6344916344916345,0.6190476190476191,0.6190476190476191,0.7813687937887863,0.7732651817979805,0.7732651817979805,0.02225428846897523,0.023871449843118252,0.023871449843118252,562,604,604,False,False,False,0.6993001918957767,0.8084124590123131,under_circular
157184850-157184920-002,normal_columnar,baseline,20260805,0.36710110417538017,0.3836701478091145,0.3836701478091145,-0.01656904363373435,-0.01656904363373435,0.0,0.8322147651006712,0.8314538250533374,0.832063395306309,0.8169898621026386,0.8164158995005087,0.8168283388416571,0.02590715799452492,0.026784831810814147,0.026784831810814147,138,141,141,False,False,False,0.7001789292921375,0.3330778251167574,over_circular
157184850-157184942-001,normal_superficiel,baseline,20260805,0.08129988248115827,0.031268497679105445,0.031268497679105445,0.050031384802052825,0.050031384802052825,0.0,0.8554641598119859,0.8634772462077013,0.8634772462077013,0.8756543717763062,0.879679286876623,0.879679286876623,0.0004736596990208425,0.00038416771013801993,0.00038416771013801993,101,95,95,False,False,False,0.4616952299552398,0.5429951124363981,under_circular
157185208-157185238-001,normal_superficiel,baseline,20260805,0.24516771606922938,0.17432585956583646,0.1743258563826715,0.07084185650339292,0.07084185968655787,-3.1831649538460738e-09,0.9318840579710145,0.9365994236311239,0.9365994236311239,0.9449792723064976,0.9473514016561161,0.9473514016561161,0.00023758230861061543,0.00015642070526276398,0.00015642070526276398,6,2,2,False,False,False,0.6409580998718226,0.886125815941052,under_circular
157185433-157185479-002,normal_columnar,baseline,20260805,0.05484449504614097,0.06377741316548091,0.06377741477303978,-0.008932918119339939,-0.008932919726898803,1.607558863803149e-09,0.9578544061302682,0.9582535427039448,0.9582535427039448,0.9150904146478915,0.9153617557192588,0.9153617557192588,0.06804594756402249,0.06760825373659451,0.06760825373659451,74,73,73,False,False,False,0.8753869985374831,0.8205425034913422,over_circular
157185433-157185479-003,normal_columnar,baseline,20260805,0.040458610797611594,0.050051485949815455,0.050051485949815455,-0.009592875152203861,-0.009592875152203861,0.0,0.9471458773784355,0.9477020602218701,0.9477020602218701,0.9138088902570538,0.91415533068538,0.91415533068538,0.03337944647263408,0.032989668250577586,0.032989668250577586,74,73,73,False,False,False,0.8020759366752608,0.7616173258776492,over_circular
157185433-157185479-004,normal_columnar,baseline,20260805,0.052640265983357026,0.06669174700962133,0.06831874896463774,-0.0140514810262643,-0.015678482981280717,0.001627001955016416,0.8703416149068323,0.86966640806827,0.86966640806827,0.8337610757571905,0.8333773350623425,0.8329223760086573,0.22063172412933585,0.22229272942940104,0.22229272942940104,312,314,314,False,False,False,0.7344159634215592,0.6817756974382022,over_circular
157185433-157185479-006,normal_columnar,baseline,20260805,0.06988080657610807,0.07655605601547388,0.0755981954405347,-0.006675249439365816,-0.005717388864426631,-0.0009578605749391844,0.802013422818792,0.8019161676646707,0.801437125748503,0.6736529840556686,0.6732529708715743,0.6727161847529672,0.20588993580563608,0.2025539624934225,0.2025539624934225,292,295,295,False,False,False,0.8221136130267855,0.7522328064506775,over_circular
157185433-157185508-001,normal_columnar,baseline,20260805,0.2406951400267514,0.24772897659645932,0.2477289753289279,-0.0070338365697079075,-0.007033835302176494,-1.2675314131627147e-09,0.9462512838069155,0.945927446954141,0.947296372347707,0.9304196706260579,0.9301991446433773,0.9310995900615425,0.008029782729397583,0.008317372000812173,0.008317372000812173,11,12,12,False,False,False,0.7853977248170175,0.5447025847902661,over_circular
157185730-157185758-001,normal_columnar,baseline,20260805,0.13194253514685783,0.14003692606129475,0.13982780736719208,-0.008094390914436922,-0.00788527222033425,-0.00020911869410267236,0.7482800485633346,0.7478260869565218,0.7474216380182002,0.6391414598257386,0.6387414220507153,0.6383955813241942,0.07701948764252387,0.07587226479573994,0.07587226479573994,1050,1053,1053,False,False,False,0.4971351873485525,0.36519265220169467,over_circular
157185781-157185793-003,normal_columnar,baseline,20260805,0.09840558588777726,0.09840558588777726,0.09840558588777726,0.0,0.0,0.0,0.9273743016759777,0.9273743016759777,0.9273743016759777,0.8973819860146237,0.8973819860146237,0.8973819860146237,0.06278397670793734,0.06278397670793734,0.06278397670793734,323,323,323,False,False,False,0.8514473697930733,0.7530417839052961,over_circular
157222534-157222607-001,normal_superficiel,baseline,20260805,0.18294893788041622,0.07866174341773957,0.07866174341773957,0.10428719446267665,0.10428719446267665,0.0,0.9390862944162437,0.9459119496855346,0.9484276729559749,0.9032736200680275,0.9067068516841341,0.9079747343635471,0.0004822435138883592,0.0006349182460453993,0.0006349182460453993,34,27,27,False,False,False,0.7009697152637043,0.8839186531441205,under_circular
157222647-157222687-001,normal_intermediate,baseline,20260805,0.14629531570001686,0.038598288756125476,0.04077304006127591,0.10769702694389138,0.10552227563874095,0.0021747513051504352,0.8809201623815968,0.8762609280430397,0.8762609280430397,0.9227846980056538,0.9203889771537963,0.9203889771537963,0.004956329236950517,0.00524613652119536,0.00524613652119536,350,368,368,False,False,False,0.6875003900490796,0.8337957057490964,under_circular
157222801-157222811-001,normal_intermediate,baseline,20260805,0.09682488367893072,0.06360293396569239,0.051154614183270164,0.03322194971323833,0.045670269495660554,-0.012448319782422224,0.8679245283018868,0.8597333333333333,0.8597333333333333,0.9152541593368058,0.9110157065935183,0.9110157065935183,0.00939077849402159,0.010043556866909532,0.010043556866909532,243,263,263,False,False,False,0.679419148142954,0.7762440318218847,under_circular
157223549-157223570-001,normal_intermediate,baseline,20260805,0.09873532106403693,0.03627494970871481,0.01506491249051145,0.06246037135532212,0.08367040857352548,-0.02121003721820336,0.9086819613135403,0.9030249110320284,0.900355871886121,0.94654511723736,0.9436223900205132,0.9422511439983949,0.004704779034349987,0.005338376306362663,0.005338376306362663,181,206,206,False,False,False,0.5805777731841647,0.6793130942482016,under_circular
157224412-157224429-001,normal_superficiel,baseline,20260805,0.22218112712691973,0.15696009962964153,0.17030845094178804,0.0652210274972782,0.051872676185131694,0.013348351312146511,0.5580215599239061,0.5531112507856694,0.5531112507856694,0.7471109863812916,0.7446236050872117,0.7446236050872117,0.005456430025606463,0.005573719539971739,0.005573719539971739,697,711,711,False,False,False,0.611437776869401,0.8336189039963208,under_circular
157224458-157224464-001,normal_intermediate,baseline,20260805,0.2274615015388235,0.13619486575995055,0.1463250693257938,0.09126663577887295,0.08113643221302969,0.010130203565843265,0.5799098860323351,0.5748817656332107,0.5748817656332107,0.731285078492929,0.7285319050987771,0.7285319050987771,0.033996714540123124,0.03484518155307578,0.03484518155307578,1585,1618,1618,False,False,False,0.6165264893424527,0.8439879908812762,under_circular
157224458-157224483-001,normal_superficiel,baseline,20260805,0.11771380720374403,0.03970915386462437,0.04144964697148401,0.07800465333911966,0.07626416023226001,0.0017404931068596419,0.8955495004541326,0.8997289972899729,0.9041591320072333,0.9192681712323684,0.9213710779236759,0.9236043361441942,0.0021122252541452982,0.0020293174025955013,0.0020431363259658933,93,87,88,False,False,False,0.7382876857000642,0.8560014929038082,under_circular
157227058-157227087-001,normal_columnar,baseline,20260805,0.18246213218353308,0.17881347262218233,0.17881347324290453,0.003648659561350742,0.0036486589406285463,6.207221958653975e-10,0.6696392379408188,0.6690968003240179,0.6690968003240179,0.652654152914963,0.6520849802013189,0.6520849802013189,0.4871743297056952,0.4889740459422174,0.4889740459422174,803,805,805,False,False,False,0.31577409753046815,0.4982362297140012,under_circular
157227461-157227503-003,normal_columnar,baseline,20260805,0.09175423056348608,0.1080020151513551,0.10833785542992114,-0.01624778458786902,-0.016583624866435054,0.00033584027856603527,0.9548141086749286,0.9550304878048781,0.9550304878048781,0.89820247058283,0.898354899946951,0.898354899946951,0.08342642449935278,0.08158673798397065,0.08158673798397065,175,172,172,False,False,False,0.807383063927704,0.7156288333642179,over_circular
157266930-157266947-001,normal_columnar,baseline,20260805,0.21444588726082936,0.21886678108003277,0.21886678268999293,-0.004420893819203409,-0.004420895429163574,1.6099601651831108e-09,0.7505841121495327,0.7503649635036497,0.7503649635036497,0.6442029471638753,0.643803717884947,0.6434075213714762,2.230062002612409,2.2355032489313986,2.2355032489313986,852,853,853,False,False,False,0.660699287863474,0.4462534006026446,over_circular
157268504-157268544-001,normal_superficiel,baseline,20260805,0.11080394433817242,0.031149325748540457,0.03114932392790626,0.07965461858963196,0.07965462041026616,-1.8206341989568386e-09,0.9086924762600438,0.9048656499636892,0.9048656499636892,0.8916569505098655,0.8897192689842566,0.8897192689842566,0.001754775436628499,0.0018684510986998627,0.0018684510986998627,107,115,115,False,False,False,0.7193110153768361,0.8301149597150085,under_circular
158986766-158986776-001,normal_columnar,baseline,20260805,0.02704550537613315,0.006160780742502814,0.005492467866066164,0.020884724633630336,0.021553037510066986,-0.0006683128764366497,0.9825497844385137,0.9825641025641025,0.9813333333333333,0.8862482143197904,0.8861963530522114,0.8851595017326964,0.2954989657011161,0.2980983109185512,0.2980983109185512,63,67,67,False,False,False,0.7765749316501511,0.8036204370262843,under_circular
158986813-158986820-001,normal_columnar,baseline,20260805,0.007038036073132803,0.007038036073132803,0.007038036073132803,0.0,0.0,0.0,0.9529553679131484,0.9529553679131484,0.9529553679131484,0.8189957853242331,0.8189957853242331,0.8189957853242331,0.19875048318003946,0.19875048318003946,0.19875048318003946,113,113,113,False,False,False,0.8070606374444669,0.8140986735175997,under_circular
158986920-158986928-004,normal_columnar,baseline,20260805,0.336956906562444,0.4832047217940268,0.6241472489056928,-0.1462478152315828,-0.28719034234324886,0.14094252711166605,0.10710987996306556,0.11320754716981132,0.11320754716981132,0.06468071784312056,0.06774425696859146,0.06774425696859146,0.5445023289077408,0.5406113326353463,0.5406113326353463,1934,1927,1927,False,False,False,0.40523449766126723,0.7421914042237112,under_circular
204870858-204870872-001,light_dysplastic,baseline,20260805,0.12734682607633885,0.14109191608269178,0.14269369740159077,-0.013745090006352934,-0.01534687132525192,0.0016017813188989871,0.9566929133858267,0.9568950098372384,0.9568950098372384,0.8231870291257529,0.8232924126167229,0.8232924126167229,0.1633375710157492,0.16220139201758765,0.16220139201758765,206,203,203,False,False,False,0.7360227562055752,0.6086759301292364,over_circular
204870951-204870961-002,light_dysplastic,baseline,20260805,0.12570224798443524,0.008614433853330827,0.030542799114696706,0.11708781413110442,0.09515944886973854,0.02192836526136588,0.8564980252021817,0.859875,0.859625,0.7888391746347729,0.7910115203193033,0.7908284651669085,0.3223436732568888,0.31916447043036084,0.31916447043036084,2269,2220,2220,False,False,False,0.48822424406100456,0.6139264920454398,under_circular
204871030-204871038-001,light_dysplastic,baseline,20260805,0.08333851630026012,0.004274919199805938,0.002866877603326712,0.07906359710045419,0.08047163869693341,-0.0014080415964792259,0.8853228370297479,0.8833345918598505,0.8836366382239674,0.8591880406405452,0.8574686503317311,0.857701758471721,0.15396433563612627,0.15834921953942188,0.15834921953942188,1509,1541,1541,False,False,False,0.6705065683463051,0.7538450846465652,under_circular
204871030-204871038-002,light_dysplastic,baseline,20260805,0.17108751532893796,0.03733866198247837,0.037940216905998914,0.13374885334645958,0.13314729842293904,0.000601554923520542,0.9212478506509457,0.9191810344827587,0.9188871473354232,0.8959943642415276,0.8944257035101525,0.8942202461857534,0.01607557127202519,0.019248962462662722,0.019248962462662722,1511,1572,1572,False,False,False,0.6610102497505077,0.8320977650794457,under_circular
209047342-209047443-001,normal_superficiel,baseline,20260805,0.19997051450503767,0.06808624136903785,0.06808623975089279,0.13188427313599982,0.13188427475414488,-1.6181450623875548e-09,0.7642487046632125,0.7564102564102564,0.7564102564102564,0.8178256111724052,0.8138260519610118,0.8138260519610118,0.0036963203092590987,0.003958552170510464,0.003958552170510464,364,380,380,False,False,False,0.6774973860451101,0.8774679005501478,under_circular
209047526-209047626-001,normal_intermediate,baseline,20260805,0.139918697428285,0.0385490952522336,0.05079585767355865,0.1013696021760514,0.08912283975472635,0.012246762421325053,0.6972809667673716,0.6929745889387146,0.6905829596412556,0.7418128029147074,0.7395312812559351,0.7383038555496578,0.004993139292052053,0.005475973548195394,0.005475973548195394,896,931,931,False,False,False,0.6413965386773107,0.7813152361055957,under_circular
209047526-209047798-001,normal_superficiel,baseline,20260805,0.20556346988460794,0.13387926104433723,0.13250999084123738,0.07168420884027071,0.07305347904337056,-0.0013692702030998483,0.8891013384321224,0.8869895536562203,0.8907882241215574,0.8759120076850068,0.8748412156902914,0.8767555974543584,0.0001460685574484217,0.0002443120438314888,0.0002443120438314888,94,101,101,False,False,False,0.655396343683875,0.860959813568483,under_circular
209307421-209307504-001,normal_intermediate,baseline,20260805,0.14839009828914684,0.013065320545291081,0.02890263282681127,0.13532477774385576,0.11948746546233557,0.01583731228152019,0.5789007092198581,0.5732400524704854,0.5714910362920858,0.7102615409534151,0.7069694155768801,0.7062715898349052,0.08660840634139241,0.08979598143327655,0.08979598143327655,1890,1952,1952,False,False,False,0.6836908467212872,0.8320809450104341,under_circular
209522474-209522522-001,normal_intermediate,baseline,20260805,0.14142611001031768,0.019122626717413715,0.03531837673656757,0.12230348329290397,0.10610773327375012,0.016195750019153854,0.5824964131994261,0.5796208530805688,0.5767772511848341,0.7201369697226084,0.7184769044564792,0.7170267909378305,0.05620663401723018,0.057455674282493235,0.057455674282493235,1722,1760,1760,False,False,False,0.6653499432323065,0.8067760532426241,under_circular
209522940-209522970-001,normal_intermediate,baseline,20260805,0.15114482607222957,0.012108167210168164,0.02237827526385483,0.1390366588620614,0.12876655080837474,0.010270108053686666,0.9382059800664452,0.9348684210526316,0.9302631578947368,0.9281084455063573,0.9262977040858509,0.9238576235593696,0.014349973728350778,0.01569992826495297,0.01569992826495297,158,188,188,False,False,False,0.7151952618220092,0.8663400878942388,under_circular
209565409-209565503-001,normal_intermediate,baseline,20260805,0.20610993425345248,0.09063770488640155,0.10250085863439384,0.11547222936705093,0.10360907561905863,0.011863153747992294,0.883248730964467,0.8884892086330936,0.8762589928057554,0.8495616749512716,0.8522190889586958,0.8459449777153099,0.009898529976649164,0.009537341560420222,0.009537341560420222,62,40,40,False,False,False,0.6602464716555013,0.8663564059089538,under_circular
209565409-209565600-001,normal_intermediate,baseline,20260805,0.19322284546406443,0.10933916499822482,0.11863464458974549,0.0838836804658396,0.07458820087431894,0.009295479591520661,0.796817277635692,0.8006785411365565,0.7910658750353406,0.8121232587603733,0.8140758068044012,0.809161382142974,0.012160690697200355,0.01196162289240816,0.01196162289240816,331,313,313,False,False,False,0.6515530641567212,0.8447759096207856,under_circular
209565864-209565890-001,normal_intermediate,baseline,20260805,0.15192430685692404,0.012016102369549753,0.003584038340044393,0.1399082044873743,0.14834026851687965,-0.00843206402950536,0.9435702658708627,0.9501482080301805,0.9485313931554837,0.9098153108500023,0.9132288204767115,0.9123828665756142,0.012326683985679779,0.01172227364792501,0.01172227364792501,204,179,179,False,False,False,0.7275300927758535,0.8794543996327775,under_circular
209565864-209565911-001,normal_intermediate,baseline,20260805,0.1844189704770015,0.06936511328326633,0.06936511194313344,0.11505385719373518,0.11505385853386807,-1.3401328935458423e-09,0.8885180240320427,0.894789246598075,0.894789246598075,0.9063954381097459,0.9096065517208185,0.9096065517208185,0.008584464383122766,0.008261678165427385,0.008261678165427385,334,317,317,False,False,False,0.6835854701491582,0.8680044406261597,under_circular
209566047-209566095-001,normal_intermediate,baseline,20260805,0.18041737615428532,0.03976289620471285,0.03933583579561428,0.14065447994957248,0.14108154035867104,-0.00042706040909856746,0.9514513228872334,0.9543250829293187,0.9558560857361572,0.8504956372305417,0.8519536379357036,0.8527554703876368,0.018358411144630007,0.017806794759412076,0.017806794759412076,3,23,23,False,False,False,0.6686143323246138,0.8490317084788991,under_circular
209566205-209566247-001,normal_intermediate,baseline,20260805,0.176750189725152,0.04208707907204534,0.04142471973809836,0.13466311065310665,0.13532546998705364,-0.0006623593339469824,0.8553375457266379,0.8625247851949769,0.8625247851949769,0.8815934439237771,0.8852896894477603,0.8852896894477603,0.012215433519949758,0.011761461426357107,0.011761461426357107,435,416,416,False,False,False,0.6886406774347441,0.8653908671598961,under_circular
209566205-209566289-001,normal_intermediate,baseline,20260805,0.2061019105640951,0.15344856019832886,0.15344856019832886,0.05265335036576624,0.05265335036576624,0.0,0.8713002993016296,0.8750414318859795,0.8757043420616506,0.8227407116442504,0.8246436916091149,0.8249835203634441,0.017911151222534415,0.017770428061882965,0.017770428061882965,385,375,375,False,False,False,0.5884047098600861,0.7945066204241812,under_circular
209566399-209566485-001,normal_intermediate,baseline,20260805,0.1557722660806622,0.058725796194306734,0.06102441912601053,0.09704646988635546,0.09474784695465166,0.0022986229317037976,0.893934867045115,0.8988697204045211,0.8988697204045211,0.907579868355829,0.910099579527855,0.910099579527855,0.008699907193607873,0.008482182840452445,0.008482182840452445,355,340,340,False,False,False,0.703203534391143,0.8589758004718052,under_circular
