cell_id,class,model,seed,raw_perimeter,closing_perimeter,null_perimeter,delta_perimeter_closing,delta_perimeter_null,delta_area_closing,delta_area_null,abs_delta_area_closing_minus_null,closing_fallback_to_raw,null_target_reduction,null_achieved_reduction,null_matching_error_abs,null_matching_error_pct,null_raw_fallback,null_within_tolerance
148495842-148495854-001,light_dysplastic,baseline,20260803,242.69343149662018,240.93607211112976,241.27921736240387,-1.7573593854904175,-1.4142141342163086,3,-10,13,False,1.7573593854904175,1.4142141342163086,0.3431452512741089,0.19526185372626503,False,False
148497551-148497588-001,light_dysplastic,baseline,20260803,201.6812388896942,198.75230658054352,199.1370825767517,-2.928932309150696,-2.544156312942505,5,-87,92,False,2.928932309150696,2.544156312942505,0.3847759962081909,0.13137073704505128,False,False
148497788-148497816-002,light_dysplastic,baseline,20260803,185.39696860313416,176.6101713180542,180.9949473142624,-8.786797285079956,-4.402021288871765,18,-140,158,False,8.786797285079956,4.402021288871765,4.384775996208191,0.4990186815455014,False,False
148503209-148503222-001,light_dysplastic,baseline,20260803,413.4802289009094,395.6639943122864,395.7644993066788,-17.816234588623047,-17.715729594230652,31,-52,83,False,17.816234588623047,17.715729594230652,0.10050499439239502,0.0056412029092036495,False,True
148503209-148503231-001,light_dysplastic,baseline,20260803,512.9777027368546,472.4163010120392,485.67113387584686,-40.56140172481537,-27.30656886100769,71,-355,426,False,40.56140172481537,27.30656886100769,13.254832863807678,0.32678438860998243,False,False
148503400-148503432-001,light_dysplastic,baseline,20260803,407.4802289009094,373.3624781370163,391.8893896341324,-34.11775076389313,-15.590839266777039,54,-217,271,False,34.11775076389313,15.590839266777039,18.52691149711609,0.5430285139641489,False,False
148503568-148503580-002,light_dysplastic,baseline,20260803,283.86500465869904,277.42135310173035,281.6639943122864,-6.443651556968689,-2.2010103464126587,11,-70,81,False,6.443651556968689,2.2010103464126587,4.24264121055603,0.6584218859518705,False,False
148718455-148718461-001,light_dysplastic,baseline,20260803,384.71067690849304,355.42135310173035,377.9898941516876,-29.289323806762695,-6.72078275680542,50,-155,205,False,29.289323806762695,6.72078275680542,22.568541049957275,0.7705381387038495,False,False
148719308-148719348-004,light_dysplastic,baseline,20260803,201.5807340145111,200.99494755268097,200.9949473142624,-0.5857864618301392,-0.5857867002487183,1,-18,19,False,0.5857864618301392,0.5857867002487183,2.384185791015625e-07,4.070059563286679e-07,False,True
148719308-148719357-001,light_dysplastic,baseline,20260803,210.85281217098236,205.5807341337204,205.3797231912613,-5.272078037261963,-5.473088979721069,9,-88,97,False,5.272078037261963,5.473088979721069,0.20101094245910645,0.038127459616189754,False,True
148848523-148848559-002,moderate_dysplastic,baseline,20260803,262.9360718727112,262.35028517246246,262.35028517246246,-0.5857867002487183,-0.5857867002487183,1,-35,36,False,0.5857867002487183,0.5857867002487183,0.0,0.0,False,True
148881870-148882178-002,light_dysplastic,baseline,20260803,186.5096663236618,184.7523069381714,184.50966584682465,-1.7573593854904175,-2.000000476837158,3,-59,62,False,1.7573593854904175,2.000000476837158,0.24264109134674072,0.13807141177274226,False,False
148882307-148882323-001,light_dysplastic,baseline,20260803,326.1248904466629,296.2497806549072,318.676185965538,-29.875109791755676,-7.448704481124878,51,-171,222,False,29.875109791755676,7.448704481124878,22.4264053106308,0.7506718960015196,False,False
148882535-148882616-001,light_dysplastic,baseline,20260803,521.5218590497971,510.6589412689209,511.6711332798004,-10.86291778087616,-9.850725769996643,92,-405,497,False,10.86291778087616,9.850725769996643,1.0121920108795166,0.09317864972350709,False,True
148882671-148882687-001,light_dysplastic,baseline,20260803,468.3919162750244,435.0020874738693,457.3868625164032,-33.38982880115509,-11.005053758621216,63,-318,381,False,33.38982880115509,11.005053758621216,22.384775042533875,0.6704070025588,False,False
149011613-149011656-001,light_dysplastic,baseline,20260803,271.9827550649643,247.9655101299286,259.17871248722076,-24.017244935035706,-12.80404257774353,44,-184,228,False,24.017244935035706,12.80404257774353,11.213202357292175,0.4668812924889091,False,False
149013033-149013072-001,moderate_dysplastic,baseline,20260803,196.16652023792267,193.58073365688324,193.2375876903534,-2.5857865810394287,-2.928932547569275,3,-74,77,False,2.5857865810394287,2.928932547569275,0.3431459665298462,0.1327046744870604,False,False
149014929-149014984-001,moderate_dysplastic,baseline,20260803,254.20815014839172,253.03657746315002,253.0365767478943,-1.1715726852416992,-1.1715734004974365,2,-76,78,False,1.1715726852416992,1.1715734004974365,7.152557373046875e-07,6.105090587334135e-07,False,True
149014929-149015008-003,moderate_dysplastic,baseline,20260803,268.9949473142624,264.0660148859024,266.69343161582947,-4.928932428359985,-2.3015156984329224,7,-109,116,False,4.928932428359985,2.3015156984329224,2.627416729927063,0.5330600019609701,False,False
149014929-149015022-001,light_dysplastic,baseline,20260803,519.1614681482315,507.1442220211029,508.1564155817032,-12.017246127128601,-11.00505256652832,55,-349,404,False,12.017246127128601,11.00505256652832,1.0121935606002808,0.08422841222460126,False,True
149014929-149015022-002,light_dysplastic,baseline,20260803,404.30865597724915,380.29141116142273,397.68837904930115,-24.017244815826416,-6.620276927947998,49,-250,299,False,24.017244815826416,6.620276927947998,17.396967887878418,0.7243531896054332,False,False
149053341-149053350-001,moderate_dysplastic,baseline,20260803,275.4385986328125,265.4802280664444,273.03657722473145,-9.958370566368103,-2.4020214080810547,17,-70,87,False,9.958370566368103,2.4020214080810547,7.556349158287048,0.75879373115585,False,False
149053945-149053969-001,moderate_dysplastic,baseline,20260803,226.89444208145142,220.5512956380844,226.0660148859024,-6.343146443367004,-0.8284271955490112,8,-16,24,False,6.343146443367004,0.8284271955490112,5.514719247817993,0.8693980656216296,False,False
149053945-149053976-001,moderate_dysplastic,baseline,20260803,21.41421353816986,20.82842707633972,20.82842707633972,-0.5857864618301392,-0.5857864618301392,1,-1,2,False,0.5857864618301392,0.5857864618301392,0.0,0.0,False,True
149054642-149054677-003,light_dysplastic,baseline,20260803,184.02438509464264,182.26702535152435,182.26702570915222,-1.7573597431182861,-1.7573593854904175,3,-41,44,False,1.7573597431182861,1.7573593854904175,3.5762786865234375e-07,2.0350293675088025e-07,False,True
149056321-149056343-001,severe_dysplastic,baseline,20260803,319.23758828639984,308.6934313774109,316.89444231987,-10.544156908988953,-2.343145966529846,18,-9,27,False,10.544156908988953,2.343145966529846,8.201010942459106,0.7777777790339689,False,False
149056321-149056360-001,severe_dysplastic,baseline,20260803,227.7228696346283,234.45079123973846,225.27921855449677,6.7279216051101685,-2.4436510801315308,7,-97,104,False,6.7279216051101685,2.4436510801315308,4.284270524978638,0.6367896025608467,False,False
149056410-149056458-001,severe_dysplastic,baseline,20260803,144.9533176422119,144.36753165721893,144.1248905658722,-0.585785984992981,-0.8284270763397217,1,-1,2,False,0.585785984992981,0.8284270763397217,0.24264109134674072,0.41421457249382315,False,False
149056873-149056884-001,severe_dysplastic,baseline,20260803,169.78174471855164,167.43859899044037,167.92387974262238,-2.343145728111267,-1.8578649759292603,4,-46,50,False,2.343145728111267,1.8578649759292603,0.48528075218200684,0.20710651768687718,False,False
149056873-149056884-002,severe_dysplastic,baseline,20260803,153.09545290470123,151.92388010025024,152.26702547073364,-1.1715728044509888,-0.8284274339675903,2,-50,52,False,1.1715728044509888,0.8284274339675903,0.34314537048339844,0.2928929121431766,False,False
149056933-149056982-002,severe_dysplastic,baseline,20260803,131.98275518417358,131.39696860313416,131.39696836471558,-0.5857865810394287,-0.5857868194580078,1,-14,15,False,0.5857865810394287,0.5857868194580078,2.384185791015625e-07,4.070058735017605e-07,False,True
149057756-149057766-002,moderate_dysplastic,baseline,20260803,287.27921891212463,284.9360727071762,286.0071396827698,-2.3431462049484253,-1.2720792293548584,4,-91,95,False,2.3431462049484253,1.2720792293548584,1.071066975593567,0.45710633563181435,False,False
149057756-149057788-002,moderate_dysplastic,baseline,20260803,400.83556735515594,381.0193325281143,393.4041086435318,-19.816234827041626,-7.4314587116241455,30,-207,237,False,19.816234827041626,7.4314587116241455,12.38477611541748,0.6249812955646332,False,False
149057812-149057825-003,moderate_dysplastic,baseline,20260803,299.23758828639984,286.93607199192047,295.60511815547943,-12.30151629447937,-3.63247013092041,21,-133,154,False,12.30151629447937,3.63247013092041,8.66904616355896,0.7047136268436618,False,False
149057812-149057825-005,moderate_dysplastic,baseline,20260803,178.6101713180542,177.43859839439392,177.4385986328125,-1.1715729236602783,-1.1715726852416992,2,-35,37,False,1.1715729236602783,1.1715726852416992,2.384185791015625e-07,2.0350297816433394e-07,False,True
149057812-149057847-004,moderate_dysplastic,baseline,20260803,225.2375875711441,225.2375875711441,225.2375875711441,0.0,0.0,0,0,0,False,0.0,0.0,0.0,0.0,False,True
149057812-149057847-005,moderate_dysplastic,baseline,20260803,271.37972378730774,268.45079135894775,269.42135417461395,-2.9289324283599854,-1.9583696126937866,5,-95,100,False,2.9289324283599854,1.9583696126937866,0.9705628156661987,0.33137084565984737,False,False
149058262-149058272-003,moderate_dysplastic,baseline,20260803,307.42135322093964,301.56348836421967,303.8061294555664,-5.857864856719971,-3.61522376537323,12,-94,106,False,5.857864856719971,3.61522376537323,2.2426410913467407,0.38284275008052615,False,False
149061666-149061699-003,moderate_dysplastic,baseline,20260803,221.92387986183167,217.8233743906021,217.96550953388214,-4.100505471229553,-3.958370327949524,7,-104,111,False,4.100505471229553,3.958370327949524,0.1421351432800293,0.0346628346864294,False,True
149095913-149095926-001,light_dysplastic,baseline,20260803,439.62236428260803,385.74725365638733,366.0904002189636,-53.8751106262207,-73.53196406364441,108,-230,338,False,53.8751106262207,73.53196406364441,19.656853437423706,0.3648596394316605,False,False
149097324-149097373-001,moderate_dysplastic,baseline,20260803,253.68123924732208,246.65180087089539,250.83556723594666,-7.029438376426697,-2.8456720113754272,12,-94,106,False,7.029438376426697,2.8456720113754272,4.1837663650512695,0.5951778991450553,False,False
149097594-149097637-001,moderate_dysplastic,baseline,20260803,312.55129623413086,301.4213526248932,309.5634882450104,-11.129943609237671,-2.9878079891204834,25,-168,193,False,11.129943609237671,2.9878079891204834,8.142135620117188,0.7315522796862464,False,False
149097594-149097637-002,moderate_dysplastic,baseline,20260803,241.76450061798096,241.17871415615082,241.17871379852295,-0.5857864618301392,-0.5857868194580078,3,-15,18,False,0.5857864618301392,0.5857868194580078,3.5762786865234375e-07,6.105089344930018e-07,False,True
149098972-149098988-002,severe_dysplastic,baseline,20260803,227.23758816719055,224.65180158615112,225.72286927700043,-2.5857865810394287,-1.5147188901901245,5,-79,84,False,2.5857865810394287,1.5147188901901245,1.0710676908493042,0.4142134925995164,False,False
149099096-149099104-001,severe_dysplastic,baseline,20260803,191.33809292316437,191.33809292316437,191.33809292316437,0.0,0.0,0,0,0,False,0.0,0.0,0.0,0.0,False,True
149099276-149099290-001,light_dysplastic,baseline,20260803,323.8822498321533,295.6223648786545,309.01933228969574,-28.25988495349884,-14.86291754245758,52,-193,245,False,28.25988495349884,14.86291754245758,13.39696741104126,0.4740630555674852,False,False
149099276-149099290-002,light_dysplastic,baseline,20260803,260.46803629398346,239.96550977230072,251.32084774971008,-20.50252652168274,-9.147188544273376,35,-141,176,False,20.50252652168274,9.147188544273376,11.355337977409363,0.5538506664239826,False,False
149099502-149099525-002,light_dysplastic,baseline,20260803,251.39696860313416,234.99494743347168,247.7645000219345,-16.402021169662476,-3.632468581199646,28,-93,121,False,16.402021169662476,3.632468581199646,12.76955258846283,0.7785353071048136,False,False
149100006-149100028-002,severe_dysplastic,baseline,20260803,159.39696836471558,152.71067667007446,155.92387974262238,-6.686291694641113,-3.4730886220932007,19,-95,114,False,6.686291694641113,3.4730886220932007,3.2132030725479126,0.48056579331159155,False,False
149100064-149100072-001,moderate_dysplastic,baseline,20260803,529.4802289009094,484.96045684814453,510.15641498565674,-44.51977205276489,-19.323813915252686,77,-300,377,False,44.51977205276489,19.323813915252686,25.195958137512207,0.565949846006622,False,False
149101620-149101650-001,moderate_dysplastic,baseline,20260803,278.02438497543335,270.9949471950531,275.2792179584503,-7.029437780380249,-2.7451670169830322,12,-96,108,False,7.029437780380249,2.7451670169830322,4.284270763397217,0.6094755935325263,False,False
149102442-149102451-001,light_dysplastic,baseline,20260803,222.7523068189621,222.16652059555054,222.16652059555054,-0.5857862234115601,-0.5857862234115601,2,-1,3,False,0.5857862234115601,0.5857862234115601,0.0,0.0,False,True
149102510-149102519-001,moderate_dysplastic,baseline,20260803,249.48022854328156,243.03657746315002,246.59292602539062,-6.443651080131531,-2.88730251789093,11,-82,93,False,6.443651080131531,2.88730251789093,3.5563485622406006,0.5519151360020578,False,False
149105003-149105050-001,light_dysplastic,baseline,20260803,210.65180110931396,209.48022890090942,210.06601440906525,-1.171572208404541,-0.5857867002487183,2,-43,45,False,1.171572208404541,0.5857867002487183,0.5857855081558228,0.49999949124224397,False,False
149105289-149105300-001,moderate_dysplastic,baseline,20260803,194.02438509464264,190.02438509464264,192.16652011871338,-4.0,-1.8578649759292603,3,-50,53,False,4.0,1.8578649759292603,2.1421350240707397,0.5355337560176849,False,False
149105289-149105300-002,moderate_dysplastic,baseline,20260803,348.5929266214371,343.66399371623993,347.1787130832672,-4.9289329051971436,-1.4142135381698608,8,-2,10,False,4.9289329051971436,1.4142135381698608,3.5147193670272827,0.7130791663488273,False,False
149105289-149105311-001,moderate_dysplastic,baseline,20260803,218.65180110931396,216.89444184303284,216.79393684864044,-1.757359266281128,-1.857864260673523,16,-120,136,False,1.757359266281128,1.857864260673523,0.10050499439239502,0.05719092067331271,False,True
149105289-149105311-003,moderate_dysplastic,baseline,20260803,437.0609619617462,398.4751753807068,426.85995173454285,-38.58578658103943,-10.20101022720337,27,-184,211,False,38.58578658103943,10.20101022720337,28.38477635383606,0.7356277756375708,False,False
149105289-149105311-004,moderate_dysplastic,baseline,20260803,284.24978017807007,282.49242091178894,282.24978053569794,-1.757359266281128,-1.9999996423721313,11,-11,22,False,1.757359266281128,1.9999996423721313,0.24264037609100342,0.13807101413274012,False,False
149140081-149140096-002,moderate_dysplastic,baseline,20260803,335.23758828639984,318.8355665206909,327.3624783754349,-16.402021765708923,-7.875109910964966,31,-225,256,False,16.402021765708923,7.875109910964966,8.526911854743958,0.5198695609934407,False,False
149140849-149140856-001,moderate_dysplastic,baseline,20260803,453.52185904979706,430.6761864423752,449.24472761154175,-22.845672607421875,-4.27713143825531,39,-217,256,False,22.845672607421875,4.27713143825531,18.568541169166565,0.8127815489719572,False,False
149143028-149143108-002,severe_dysplastic,baseline,20260803,209.33809328079224,206.40916109085083,206.30865561962128,-2.9289321899414062,-3.0294376611709595,5,-86,91,False,2.9289321899414062,3.0294376611709595,0.10050547122955322,0.034314714275294936,False,True
149143469-149143497-003,severe_dysplastic,baseline,20260803,176.81118214130402,173.88224947452545,175.53910374641418,-2.9289326667785645,-1.2720783948898315,5,-40,45,False,2.9289326667785645,1.2720783948898315,1.656854271888733,0.5656853401519304,False,False
149146837-149146854-001,carcinoma_in_situ,baseline,20260803,251.9655110836029,248.79393815994263,248.65180146694183,-3.1715729236602783,-3.3137096166610718,4,-56,60,False,3.1715729236602783,3.3137096166610718,0.14213669300079346,0.044815836312776636,False,True
149181904-149181927-001,carcinoma_in_situ,baseline,20260803,181.68123924732208,179.92388010025024,179.5807353258133,-1.7573591470718384,-2.100503921508789,3,-41,44,False,1.7573591470718384,2.100503921508789,0.3431447744369507,0.1952616088798401,False,False
149181904-149181951-001,carcinoma_in_situ,baseline,20260803,186.02438509464264,185.4385986328125,185.43859815597534,-0.5857864618301392,-0.5857869386672974,1,-13,14,False,0.5857864618301392,0.5857869386672974,4.76837158203125e-07,8.140119126573358e-07,False,True
149182125-149182135-002,carcinoma_in_situ,baseline,20260803,234.16652011871338,233.58073365688324,233.58073341846466,-0.5857864618301392,-0.5857867002487183,1,-2,3,False,0.5857864618301392,0.5857867002487183,2.384185791015625e-07,4.070059563286679e-07,False,True
149182657-149182667-001,carcinoma_in_situ,baseline,20260803,198.36753106117249,193.09545290470123,194.40916073322296,-5.272078156471252,-3.958370327949524,9,-96,105,False,5.272078156471252,3.958370327949524,1.3137078285217285,0.24918216110078106,False,False
149182657-149182681-002,carcinoma_in_situ,baseline,20260803,182.0243854522705,180.2670258283615,180.16652071475983,-1.7573596239089966,-1.8578647375106812,3,-51,54,False,1.7573596239089966,1.8578647375106812,0.10050511360168457,0.05719097686910846,False,True
149182657-149182698-003,carcinoma_in_situ,baseline,20260803,212.65180265903473,211.4802302122116,211.48022866249084,-1.1715724468231201,-1.1715739965438843,2,-77,79,False,1.1715724468231201,1.1715739965438843,1.5497207641601562e-06,1.3227698964433973e-06,False,True
149185604-149185616-001,carcinoma_in_situ,baseline,20260803,232.50966620445251,231.33809328079224,231.6812390089035,-1.1715729236602783,-0.8284271955490112,2,-21,23,False,1.1715729236602783,0.8284271955490112,0.3431457281112671,0.2928931875953539,False,False
149185604-149185645-003,carcinoma_in_situ,baseline,20260803,245.58073353767395,243.82337391376495,244.16652011871338,-1.7573596239089966,-1.4142134189605713,3,-43,46,False,1.7573596239089966,1.4142134189605713,0.3431462049484253,0.19526236990989093,False,False
149185604-149185657-001,carcinoma_in_situ,baseline,20260803,190.26702558994293,187.33809304237366,188.75230646133423,-2.928932547569275,-1.5147191286087036,5,-66,71,False,2.928932547569275,1.5147191286087036,1.4142134189605713,0.482842604256704,False,False
149185698-149185709-002,carcinoma_in_situ,baseline,20260803,228.89444172382355,226.551295876503,227.1370825767517,-2.3431458473205566,-1.7573591470718384,13,-55,68,False,2.3431458473205566,1.7573591470718384,0.5857867002487183,0.25000010175148907,False,False
149185788-149185824-001,carcinoma_in_situ,baseline,20260803,212.85281264781952,210.50966668128967,210.65180087089539,-2.343145966529846,-2.2010117769241333,4,-66,70,False,2.343145966529846,2.2010117769241333,0.1421341896057129,0.06065955413619019,False,True
149190861-149190868-001,moderate_dysplastic,baseline,20260803,371.8822498321533,343.76449942588806,367.9482647180557,-28.11775040626526,-3.933985114097595,66,-223,289,False,28.11775040626526,3.933985114097595,24.183765292167664,0.8600889097720629,False,False
149314453-149314465-001,carcinoma_in_situ,baseline,20260803,183.68123924732208,181.9238795042038,182.16652047634125,-1.7573597431182861,-1.514718770980835,3,-37,40,False,1.7573597431182861,1.514718770980835,0.24264097213745117,0.13807131584049223,False,False
149314453-149314507-001,carcinoma_in_situ,baseline,20260803,123.74011421203613,123.74011421203613,123.74011421203613,0.0,0.0,0,0,0,False,0.0,0.0,0.0,0.0,False,True
149314453-149314507-002,carcinoma_in_situ,baseline,20260803,141.74011421203613,141.1543276309967,141.15432786941528,-0.5857865810394287,-0.5857863426208496,1,-2,3,False,0.5857865810394287,0.5857863426208496,2.384185791015625e-07,4.070058735017605e-07,False,True
149314679-149314698-001,carcinoma_in_situ,baseline,20260803,224.30865502357483,220.79393637180328,222.55129599571228,-3.5147186517715454,-1.7573590278625488,6,-57,63,False,3.5147186517715454,1.7573590278625488,1.7573596239089966,0.5000000847929105,False,False
149315229-149315310-001,severe_dysplastic,baseline,20260803,316.30865585803986,384.0487699508667,313.7228692770004,67.74011409282684,-2.5857865810394287,18,-42,60,False,67.74011409282684,2.5857865810394287,65.15432751178741,0.9618278384134986,False,False
149315671-149315731-001,carcinoma_in_situ,baseline,20260803,222.65180122852325,219.72286939620972,221.13708293437958,-2.9289318323135376,-1.5147182941436768,5,-69,74,False,2.9289318323135376,1.5147182941436768,1.4142135381698608,0.482842762869215,False,False
149315671-149315740-001,carcinoma_in_situ,baseline,20260803,215.92387986183167,215.33809316158295,215.33809316158295,-0.5857867002487183,-0.5857867002487183,1,-7,8,False,0.5857867002487183,0.5857867002487183,0.0,0.0,False,True
149316426-149316462-004,carcinoma_in_situ,baseline,20260803,163.05382251739502,161.29646289348602,160.95331716537476,-1.7573596239089966,-2.1005053520202637,3,-40,43,False,1.7573596239089966,2.1005053520202637,0.3431457281112671,0.19526209857262353,False,False
149316754-149316779-002,moderate_dysplastic,baseline,20260803,318.3502857685089,300.2497798204422,305.94826447963715,-18.10050594806671,-12.402021288871765,20,-231,251,False,18.10050594806671,12.402021288871765,5.698484659194946,0.3148246063145872,False,False
149317002-149317010-002,severe_dysplastic,baseline,20260803,156.2670260667801,154.50966656208038,155.4385985136032,-1.757359504699707,-0.8284275531768799,3,-15,18,False,1.757359504699707,0.8284275531768799,0.9289319515228271,0.5285952868713454,False,False
149317204-149317230-002,severe_dysplastic,baseline,20260803,179.19595777988434,178.6101713180542,179.19595742225647,-0.5857864618301392,-3.5762786865234375e-07,1,-4,5,False,0.5857864618301392,3.5762786865234375e-07,0.5857861042022705,0.9999993894910655,False,False
149788987-149788996-003,light_dysplastic,baseline,20260803,345.37972366809845,327.56348836421967,341.4041085243225,-17.816235303878784,-3.97561514377594,29,-185,214,False,17.816235303878784,3.97561514377594,13.840620160102844,0.7768543647989199,False,False
153268807-153268826-001,light_dysplastic,baseline,20260803,322.811182141304,297.62236428260803,316.7766914367676,-25.188817858695984,-6.034490704536438,43,-139,182,False,25.188817858695984,6.034490704536438,19.154327154159546,0.7604297772770174,False,False
153276386-153276405-001,moderate_dysplastic,baseline,20260803,244.20815002918243,243.62236404418945,243.62236320972443,-0.585785984992981,-0.5857868194580078,1,-43,44,False,0.585785984992981,0.5857868194580078,8.344650268554688e-07,1.424522006728221e-06,False,True
153276386-153276405-002,moderate_dysplastic,baseline,20260803,269.96550929546356,264.693431019783,265.32084798812866,-5.272078275680542,-4.6446613073349,21,-136,157,False,5.272078275680542,4.6446613073349,0.6274169683456421,0.11900752142468,False,False
153276386-153276414-001,moderate_dysplastic,baseline,20260803,301.6639941930771,299.07820761203766,298.24978029727936,-2.5857865810394287,-3.4142138957977295,3,-32,35,False,2.5857865810394287,3.4142138957977295,0.8284273147583008,0.32037729673161636,False,False
153314466-153314473-003,light_dysplastic,baseline,20260803,223.01219260692596,206.02438402175903,220.1665199995041,-16.98780858516693,-2.845672607421875,57,-120,177,False,16.98780858516693,2.845672607421875,14.142135977745056,0.8324873633255674,False,False
153654869-153654880-001,severe_dysplastic,baseline,20260803,308.9777023792267,302.9777021408081,305.22034311294556,-6.000000238418579,-3.757359266281128,7,-135,142,False,6.000000238418579,3.757359266281128,2.242640972137451,0.3737734805038182,False,False
153655016-153655039-005,severe_dysplastic,baseline,20260803,159.88224911689758,159.29646265506744,159.2964632511139,-0.5857864618301392,-0.5857858657836914,1,-1,2,False,0.5857864618301392,0.5857858657836914,5.960464477539062e-07,1.0175148908216698e-06,False,True
153655087-153655101-002,severe_dysplastic,baseline,20260803,181.19595789909363,178.2670258283615,179.09545230865479,-2.9289320707321167,-2.1005055904388428,14,-82,96,False,2.9289320707321167,2.1005055904388428,0.8284264802932739,0.28284250378200143,False,False
153656862-153656873-001,light_dysplastic,baseline,20260803,258.85281217098236,247.48022842407227,254.10764598846436,-11.372583746910095,-4.745166182518005,17,-103,120,False,11.372583746910095,4.745166182518005,6.62741756439209,0.5827539028844473,False,False
153657121-153657160-001,severe_dysplastic,baseline,20260803,245.137082695961,243.37972342967987,243.37972354888916,-1.757359266281128,-1.7573591470718384,3,-11,14,False,1.757359266281128,1.7573591470718384,1.1920928955078125e-07,6.783433065627409e-08,False,True
153659229-153659264-001,severe_dysplastic,baseline,20260803,239.72286891937256,239.13708245754242,239.13708198070526,-0.5857864618301392,-0.5857869386672974,1,-12,13,False,0.5857864618301392,0.5857869386672974,4.76837158203125e-07,8.140119126573358e-07,False,True
153697342-153697375-001,moderate_dysplastic,baseline,20260803,196.6101713180542,194.85281217098236,195.4385986328125,-1.7573591470718384,-1.1715726852416992,3,-34,37,False,1.7573591470718384,1.1715726852416992,0.5857864618301392,0.3333333785562235,False,False
153697342-153697384-001,moderate_dysplastic,baseline,20260803,192.85281193256378,192.26702535152435,192.26702535152435,-0.5857865810394287,-0.5857865810394287,1,-3,4,False,0.5857865810394287,0.5857865810394287,0.0,0.0,False,True
153697726-153697736-001,light_dysplastic,baseline,20260803,402.2253956794739,376.45079135894775,399.6467490196228,-25.774604320526123,-2.578646659851074,44,-178,222,False,25.774604320526123,2.578646659851074,23.19595766067505,0.8999539768764746,False,False
153701009-153701019-002,light_dysplastic,baseline,20260803,316.8355668783188,309.22034192085266,313.2203426361084,-7.6152249574661255,-3.615224242210388,13,-83,96,False,7.6152249574661255,3.615224242210388,4.000000715255737,0.5252636314222147,False,False
153701622-153701650-001,moderate_dysplastic,baseline,20260803,252.45079028606415,251.86500370502472,251.865003824234,-0.5857865810394287,-0.5857864618301392,1,-1,2,False,0.5857865810394287,0.5857864618301392,1.1920928955078125e-07,2.0350293675088025e-07,False,True
153701949-153701958-001,light_dysplastic,baseline,20260803,345.0365777015686,335.66399443149567,339.7056235074997,-9.372583270072937,-5.330954194068909,17,-181,198,False,9.372583270072937,5.330954194068909,4.041629076004028,0.43121826283572473,False,False
153702037-153702051-003,light_dysplastic,baseline,20260803,317.2792181968689,309.0782072544098,315.3208477497101,-8.201010942459106,-1.9583704471588135,14,-96,110,False,8.201010942459106,1.9583704471588135,6.242640495300293,0.7612037758638097,False,False
153826963-153826970-001,severe_dysplastic,baseline,20260803,255.96550977230072,246.93607223033905,247.76449930667877,-9.02943754196167,-8.201010465621948,24,-165,189,False,9.02943754196167,8.201010465621948,0.8284270763397217,0.09174736216844617,False,True
153826963-153826982-003,severe_dysplastic,baseline,20260803,351.32084810733795,347.8061292171478,350.49242067337036,-3.5147188901901245,-0.8284274339675903,8,-15,23,False,3.5147188901901245,0.8284274339675903,2.686291456222534,0.7642976693584796,False,False
153827595-153827657-002,carcinoma_in_situ,baseline,20260803,193.68123877048492,193.0954520702362,193.0954521894455,-0.5857867002487183,-0.5857865810394287,1,-1,2,False,0.5857867002487183,0.5857865810394287,1.1920928955078125e-07,2.035028953374434e-07,False,True
153828877-153828902-002,severe_dysplastic,baseline,20260803,248.10764598846436,246.35028636455536,246.35028541088104,-1.7573596239089966,-1.757360577583313,3,-71,74,False,1.7573596239089966,1.757360577583313,9.5367431640625e-07,5.426745348143012e-07,False,True
153828952-153828970-001,severe_dysplastic,baseline,20260803,244.55129635334015,241.03657746315002,241.76449942588806,-3.5147188901901245,-2.7867969274520874,6,-98,104,False,3.5147188901901245,2.7867969274520874,0.7279219627380371,0.2071067375458471,False,False
153828952-153829005-001,severe_dysplastic,baseline,20260803,255.13708317279816,249.62236404418945,253.0365775823593,-5.514719128608704,-2.1005055904388428,14,-48,62,False,5.514719128608704,2.1005055904388428,3.414213538169861,0.6191092344953614,False,False
153828952-153829005-002,severe_dysplastic,baseline,20260803,214.65180122852325,214.06601464748383,214.06601476669312,-0.5857865810394287,-0.5857864618301392,1,-1,2,False,0.5857865810394287,0.5857864618301392,1.1920928955078125e-07,2.0350293675088025e-07,False,True
153829664-153829672-001,light_dysplastic,baseline,20260803,358.9533175230026,327.9066345691681,352.8183217048645,-31.046682953834534,-6.134995818138123,66,-277,343,False,31.046682953834534,6.134995818138123,24.91168713569641,0.8023944835826529,False,False
153829745-153829768-001,severe_dysplastic,baseline,20260803,107.4558436870575,92.7695517539978,95.98275482654572,-14.686291933059692,-11.47308886051178,14,-60,74,False,14.686291933059692,11.47308886051178,3.2132030725479126,0.21878926874079133,False,False
153829745-153829768-003,severe_dysplastic,baseline,20260803,290.93607199192047,288.0071394443512,288.2497806549072,-2.928932547569275,-2.6862913370132446,5,-135,140,False,2.928932547569275,2.6862913370132446,0.24264121055603027,0.08284288102073178,False,True
153830680-153830827-002,severe_dysplastic,baseline,20260803,208.85281229019165,205.92388010025024,206.9949470758438,-2.9289321899414062,-1.8578652143478394,5,-72,77,False,2.9289321899414062,1.8578652143478394,1.071066975593567,0.3656851392025548,False,False
153831352-153831372-004,severe_dysplastic,baseline,20260803,350.4924211502075,350.29141068458557,350.4924211502075,-0.20101046562194824,0.0,27,0,27,False,0.20101046562194824,0.0,0.20101046562194824,1.0,False,False
153915432-153915441-002,severe_dysplastic,baseline,20260803,320.00713980197906,317.0782072544098,317.2203423976898,-2.928932547569275,-2.7867974042892456,5,-128,133,False,2.928932547569275,2.7867974042892456,0.1421351432800293,0.04852796743236284,False,True
153915432-153915472-001,severe_dysplastic,baseline,20260803,316.8944420814514,306.1076452732086,313.8061294555664,-10.786796808242798,-3.0883126258850098,17,-133,150,False,10.786796808242798,3.0883126258850098,7.698484182357788,0.7136951144268281,False,False
153915726-153915736-001,severe_dysplastic,baseline,20260803,222.89444231987,219.96550977230072,220.20814967155457,-2.928932547569275,-2.6862926483154297,5,-63,68,False,2.928932547569275,2.6862926483154297,0.24263989925384521,0.08284243331421627,False,True
153916114-153916129-002,severe_dysplastic,baseline,20260803,450.3502861261368,423.5046138763428,440.8010766506195,-26.845672249794006,-9.549209475517273,48,-345,393,False,26.845672249794006,9.549209475517273,17.296462774276733,0.6442924063639142,False,False
153916114-153916150-001,carcinoma_in_situ,baseline,20260803,208.7523066997528,205.8233746290207,205.72286939620972,-2.9289320707321167,-3.029437303543091,5,-88,93,False,2.9289320707321167,3.029437303543091,0.10050523281097412,0.034314634270726466,False,True
153916114-153916167-001,carcinoma_in_situ,baseline,20260803,230.50966620445251,228.7523066997528,228.9949473142624,-1.757359504699707,-1.5147188901901245,3,-28,31,False,1.757359504699707,1.5147188901901245,0.24264061450958252,0.1380711310694759,False,False
153916569-153916586-001,carcinoma_in_situ,baseline,20260803,197.58073365688324,195.23758792877197,195.72286915779114,-2.343145728111267,-1.857864499092102,4,-83,87,False,2.343145728111267,1.857864499092102,0.48528122901916504,0.2071067211898657,False,False
153956040-153956058-001,normal_columnar,baseline,20260803,180.46803605556488,175.78174424171448,177.78174424171448,-4.686291813850403,-2.686291813850403,8,-52,60,False,4.686291813850403,2.686291813850403,2.0,0.42677666680699894,False,False
153956040-153956058-003,normal_columnar,baseline,20260803,185.78174448013306,184.61017167568207,184.61017155647278,-1.1715728044509888,-1.1715729236602783,4,-20,24,False,1.1715728044509888,1.1715729236602783,1.1920928955078125e-07,1.0175149943553356e-07,False,True
153956040-153956072-003,normal_columnar,baseline,20260803,156.81118190288544,152.71067655086517,154.02438485622406,-4.100505352020264,-2.786797046661377,8,-37,45,False,4.100505352020264,2.786797046661377,1.3137083053588867,0.32037717124589055,False,False
153956444-153956458-004,normal_columnar,baseline,20260803,158.46803629398346,154.36753058433533,155.6812390089035,-4.100505709648132,-2.786797285079956,7,-79,86,False,4.100505709648132,2.786797285079956,1.3137084245681763,0.3203771723758694,False,False
153958154-153958211-001,normal_columnar,baseline,20260803,159.0538226366043,157.88224971294403,157.88224983215332,-1.1715729236602783,-1.1715728044509888,2,-45,47,False,1.1715729236602783,1.1715728044509888,1.1920928955078125e-07,1.0175148908216697e-07,False,True
153958547-153958572-002,normal_columnar,baseline,20260803,133.63960897922516,132.46803629398346,132.46803605556488,-1.1715726852416992,-1.1715729236602783,2,-16,18,False,1.1715726852416992,1.1715729236602783,2.384185791015625e-07,2.0350301957780449e-07,False,True
153958547-153958572-006,normal_columnar,baseline,20260803,143.0538226366043,142.46803629398346,142.2253954410553,-0.5857863426208496,-0.8284271955490112,1,-16,17,False,0.5857863426208496,0.8284271955490112,0.24264085292816162,0.41421391260603524,False,False
153958547-153958572-008,normal_columnar,baseline,20260803,157.982754945755,157.39696836471558,157.39696836471558,-0.5857865810394287,-0.5857865810394287,1,-3,4,False,0.5857865810394287,0.5857865810394287,0.0,0.0,False,True
153958547-153958572-009,normal_columnar,baseline,20260803,137.88224959373474,136.71067667007446,136.71067643165588,-1.1715729236602783,-1.1715731620788574,2,-7,9,False,1.1715729236602783,1.1715731620788574,2.384185791015625e-07,2.0350297816433394e-07,False,True
153958547-153958590-002,normal_columnar,baseline,20260803,478.83556735515594,461.4457379579544,464.94321179389954,-17.389829397201538,-13.892355561256409,75,-419,494,False,17.389829397201538,13.892355561256409,3.4974738359451294,0.20112180263872864,False,False
154519964-154519981-001,light_dysplastic,baseline,20260803,346.16652059555054,323.8650039434433,342.39191591739655,-22.30151665210724,-3.7746046781539917,29,-122,151,False,22.30151665210724,3.7746046781539917,18.526911973953247,0.8307467273622696,False,False
157181481-157181497-004,normal_columnar,baseline,20260803,135.63960921764374,135.05382299423218,135.05382239818573,-0.5857862234115601,-0.5857868194580078,1,-9,10,False,0.5857862234115601,0.5857868194580078,5.960464477539062e-07,1.0175153049564595e-06,False,True
157181671-157181697-001,normal_superficiel,baseline,20260803,100.72792184352875,95.4558436870575,98.42640614509583,-5.272078156471252,-2.3015156984329224,9,-24,33,False,5.272078156471252,2.3015156984329224,2.97056245803833,0.56345190072573,False,False
157183193-157183279-001,normal_superficiel,baseline,20260803,104.14213538169861,98.28427076339722,101.74011433124542,-5.857864618301392,-2.402021050453186,12,-70,82,False,5.857864618301392,2.402021050453186,3.4558435678482056,0.5899493745641221,False,False
157183828-157183877-001,normal_intermediate,baseline,20260803,159.2132030725479,150.42640614509583,152.95331728458405,-8.786796927452087,-6.259885787963867,15,-87,102,False,8.786796927452087,6.259885787963867,2.52691113948822,0.2875804642296371,False,False
157183964-157183980-001,normal_superficiel,baseline,20260803,80.38477599620819,72.7695517539978,74.18376553058624,-7.615224242210388,-6.201010465621948,13,-46,59,False,7.615224242210388,6.201010465621948,1.41421377658844,0.1857087502098233,False,False
157184013-157184031-001,normal_superficiel,baseline,20260803,249.49747383594513,229.58073389530182,241.86500465869904,-19.91673994064331,-7.632469177246094,89,-615,704,False,19.91673994064331,7.632469177246094,12.284270763397217,0.6167812001365337,False,False
157184850-157184920-002,normal_columnar,baseline,20260803,251.37972331047058,248.45079064369202,248.6934313774109,-2.9289326667785645,-2.6862919330596924,8,-68,76,False,2.9289326667785645,2.6862919330596924,0.24264073371887207,0.08284271484661494,False,True
157184850-157184942-001,normal_superficiel,baseline,20260803,nan,nan,nan,nan,nan,0,0,0,True,0.0,0.0,0.0,0.0,False,True
157185208-157185238-001,normal_superficiel,baseline,20260803,146.1421353816986,140.28427076339722,144.12489020824432,-5.857864618301392,-2.0172451734542847,12,-129,141,False,5.857864618301392,2.0172451734542847,3.840619444847107,0.6556347227363499,False,False
157185433-157185479-002,normal_columnar,baseline,20260803,130.56854116916656,129.98275470733643,129.98275470733643,-0.5857864618301392,-0.5857864618301392,1,-10,11,False,0.5857864618301392,0.5857864618301392,0.0,0.0,False,True
157185433-157185479-003,normal_columnar,baseline,20260803,122.0832599401474,121.49747371673584,121.49747347831726,-0.5857862234115601,-0.5857864618301392,1,-1,2,False,0.5857862234115601,0.5857864618301392,2.384185791015625e-07,4.070061219825838e-07,False,True
157185433-157185479-004,normal_columnar,baseline,20260803,232.75230658054352,227.23758804798126,230.89444196224213,-5.514718532562256,-1.8578646183013916,8,-65,73,False,5.514718532562256,1.8578646183013916,3.6568539142608643,0.6631079886794897,False,False
157185433-157185479-006,normal_columnar,baseline,20260803,289.7644988298416,287.4213527441025,287.5634889602661,-2.3431460857391357,-2.2010098695755005,4,-107,111,False,2.3431460857391357,2.2010098695755005,0.14213621616363525,0.060660415937659716,False,True
157185433-157185508-001,normal_columnar,baseline,20260803,153.63960874080658,152.468035697937,152.225395321846,-1.1715730428695679,-1.4142134189605713,2,-2,4,False,1.1715730428695679,1.4142134189605713,0.24264037609100342,0.20710648607678553,False,False
157185730-157185758-001,normal_columnar,baseline,20260803,247.48022866249084,246.308655500412,246.65180134773254,-1.1715731620788574,-0.8284273147583008,3,-105,108,False,1.1715731620788574,0.8284273147583008,0.34314584732055664,0.2928932297421984,False,False
157185781-157185793-003,normal_columnar,baseline,20260803,218.4091613292694,217.82337486743927,217.82337427139282,-0.5857864618301392,-0.5857870578765869,1,-9,10,False,0.5857864618301392,0.5857870578765869,5.960464477539062e-07,1.0175148908216698e-06,False,True
157222534-157222607-001,normal_superficiel,baseline,20260803,68.48528122901917,64.97056245803833,64.87005698680878,-3.514718770980835,-3.615224242210388,6,-30,36,False,3.514718770980835,3.615224242210388,0.10050547122955322,0.028595594065554685,False,True
157222647-157222687-001,normal_intermediate,baseline,20260803,191.69848430156708,179.39696860313416,182.7523068189621,-12.301515698432922,-8.94617748260498,38,-279,317,False,12.301515698432922,8.94617748260498,3.355338215827942,0.27275811355956525,False,False
157222801-157222811-001,normal_intermediate,baseline,20260803,113.4558436870575,105.2548336982727,108.22539520263672,-8.20100998878479,-5.230448484420776,23,-110,133,False,8.20100998878479,5.230448484420776,2.9705615043640137,0.36221898381130807,False,False
157223549-157223570-001,normal_intermediate,baseline,20260803,146.5269113779068,133.05382227897644,138.02438485622406,-13.473089098930359,-8.50252652168274,23,-86,109,False,13.473089098930359,8.50252652168274,4.97056257724762,0.3689252361317968,False,False
157224412-157224429-001,normal_superficiel,baseline,20260803,145.3137083053589,140.62741661071777,143.11269783973694,-4.686291694641113,-2.2010104656219482,35,-292,327,False,4.686291694641113,2.2010104656219482,2.485281229019165,0.5303300329898678,False,False
157224458-157224464-001,normal_intermediate,baseline,20260803,527.9827550649643,503.9655101299286,523.2030975818634,-24.017244935035706,-4.779657483100891,77,-438,515,False,24.017244935035706,4.779657483100891,19.237587451934814,0.8009906008774363,False,False
157224458-157224483-001,normal_superficiel,baseline,20260803,98.14213538169861,92.28427076339722,95.15432786941528,-5.857864618301392,-2.987807512283325,10,-52,62,False,5.857864618301392,2.987807512283325,2.8700571060180664,0.4899493745641221,False,False
157227058-157227087-001,normal_columnar,baseline,20260803,133.15432786941528,131.3969682455063,130.32590079307556,-1.7573596239089966,-2.8284270763397217,3,-1,4,False,1.7573596239089966,2.8284270763397217,1.071067452430725,0.6094753958488518,False,False
157227461-157227503-003,normal_columnar,baseline,20260803,188.7523068189621,188.16652059555054,188.16652011871338,-0.5857862234115601,-0.5857867002487183,1,-4,5,False,0.5857862234115601,0.5857867002487183,4.76837158203125e-07,8.140122439651676e-07,False,True
157266930-157266947-001,normal_columnar,baseline,20260803,197.82337415218353,181.58073341846466,195.1370825767517,-16.242640733718872,-2.6862915754318237,4,-90,94,False,16.242640733718872,2.6862915754318237,13.556349158287048,0.834614849920603,False,False
157268504-157268544-001,normal_superficiel,baseline,20260803,67.0710676908493,64.72792184352875,65.11269772052765,-2.3431458473205566,-1.9583699703216553,10,-140,150,False,2.3431458473205566,1.9583699703216553,0.38477587699890137,0.16421337043056958,False,False
158986766-158986776-001,normal_columnar,baseline,20260803,194.61017155647278,192.85281229019165,192.8528118133545,-1.757359266281128,-1.7573597431182861,3,-58,61,False,1.757359266281128,1.7573597431182861,4.76837158203125e-07,2.7133732262509636e-07,False,True
158986813-158986820-001,normal_columnar,baseline,20260803,138.81118214130402,138.81118214130402,138.81118214130402,0.0,0.0,0,0,0,False,0.0,0.0,0.0,0.0,False,True
158986920-158986928-004,normal_columnar,baseline,20260803,nan,nan,nan,nan,nan,0,0,0,True,0.0,0.0,0.0,0.0,False,True
204870858-204870872-001,light_dysplastic,baseline,20260803,216.85281205177307,214.50966680049896,215.09545242786407,-2.343145251274109,-1.7573596239089966,7,-78,85,False,2.343145251274109,1.7573596239089966,0.5857856273651123,0.24999970746439448,False,False
204870951-204870961-002,light_dysplastic,baseline,20260803,380.6518018245697,358.391916513443,373.9898945093155,-22.25988531112671,-6.661907315254211,38,-197,235,False,22.25988531112671,6.661907315254211,15.597977995872498,0.7007213998571581,False,False
204871030-204871038-001,light_dysplastic,baseline,20260803,373.4802289009094,349.22034299373627,368.8183215856552,-24.259885907173157,-4.661907315254211,40,-126,166,False,24.259885907173157,4.661907315254211,19.597978591918945,0.8078347386672672,False,False
204871030-204871038-002,light_dysplastic,baseline,20260803,444.6518018245697,410.67618680000305,437.83051443099976,-33.97561502456665,-6.821287393569946,58,-212,270,False,33.97561502456665,6.821287393569946,27.154327630996704,0.7992299068423722,False,False
209047342-209047443-001,normal_superficiel,baseline,20260803,117.21320307254791,115.4558436870575,115.35533833503723,-1.7573593854904175,-1.8578647375106812,11,-33,44,False,1.7573593854904175,1.8578647375106812,0.10050535202026367,0.05719112029678332,False,True
209047526-209047626-001,normal_intermediate,baseline,20260803,148.3847759962082,140.76955199241638,143.5979790687561,-7.615224003791809,-4.786796927452087,19,-50,69,False,7.615224003791809,4.786796927452087,2.8284270763397217,0.37141744943174065,False,False
209047526-209047798-001,normal_superficiel,baseline,20260803,388.811182141304,360.20815074443817,382.47517561912537,-28.603031396865845,-6.33600652217865,92,-593,685,False,28.603031396865845,6.33600652217865,22.267024874687195,0.7784847894523196,False,False
209307421-209307504-001,normal_intermediate,baseline,20260803,167.11269783973694,157.15432810783386,162.6101714372635,-9.958369731903076,-4.50252640247345,56,-434,490,False,9.958369731903076,4.50252640247345,5.4558433294296265,0.5478651100843388,False,False
209522474-209522522-001,normal_intermediate,baseline,20260803,148.87005722522736,148.87005722522736,148.87005722522736,0.0,0.0,0,0,0,False,0.0,0.0,0.0,0.0,False,True
209522940-209522970-001,normal_intermediate,baseline,20260803,149.11269783973694,140.911687374115,146.26702535152435,-8.201010465621948,-2.8456724882125854,14,-57,71,False,8.201010465621948,2.8456724882125854,5.355337977409363,0.6530095285036591,False,False
209565409-209565503-001,normal_intermediate,baseline,20260803,143.2132030725479,134.42640614509583,140.12488996982574,-8.786796927452087,-3.088313102722168,15,-65,80,False,8.786796927452087,3.088313102722168,5.698483824729919,0.6485279985163276,False,False
209565409-209565600-001,normal_intermediate,baseline,20260803,149.55634891986847,144.28427076339722,147.01219260692596,-5.272078156471252,-2.544156312942505,9,-20,29,False,5.272078156471252,2.544156312942505,2.7279218435287476,0.5174281872472507,False,False
209565864-209565890-001,normal_intermediate,baseline,20260803,168.18376553058624,152.3675308227539,164.65180146694183,-15.816234707832336,-3.531964063644409,27,-74,101,False,15.816234707832336,3.531964063644409,12.284270644187927,0.7766874272613474,False,False
209565864-209565911-001,normal_intermediate,baseline,20260803,134.3847759962082,126.76955199241638,131.154327750206,-7.615224003791809,-3.2304482460021973,13,-62,75,False,7.615224003791809,3.2304482460021973,4.384775757789612,0.575790778525533,False,False
209566047-209566095-001,normal_intermediate,baseline,20260803,174.5269113779068,161.05382251739502,166.50966620445251,-13.47308886051178,-8.017245173454285,23,-78,101,False,13.47308886051178,8.017245173454285,5.455843687057495,0.4049437915493903,False,False
209566205-209566247-001,normal_intermediate,baseline,20260803,144.87005722522736,133.7401144504547,139.88224959373474,-11.129942774772644,-4.987807631492615,19,-45,64,False,11.129942774772644,4.987807631492615,6.142135143280029,0.5518568484648383,False,False
209566205-209566289-001,normal_intermediate,baseline,20260803,174.97056245803833,167.94112491607666,171.19595801830292,-7.02943754196167,-3.7746044397354126,12,-70,82,False,7.02943754196167,3.7746044397354126,3.2548331022262573,0.46302895257220644,False,False
209566399-209566485-001,normal_intermediate,baseline,20260803,74.48528122901917,74.48528122901917,74.48528122901917,0.0,0.0,0,0,0,False,0.0,0.0,0.0,0.0,False,True
148495842-148495854-001,light_dysplastic,baseline,20260804,220.06601476669312,218.06601464748383,218.30865585803986,-2.0000001192092896,-1.7573589086532593,3,-55,58,False,2.0000001192092896,1.7573589086532593,0.24264121055603027,0.12132059804674399,False,False
148497551-148497588-001,light_dysplastic,baseline,20260804,198.02438497543335,195.6812391281128,195.5807340145111,-2.3431458473205566,-2.443650960922241,4,-45,49,False,2.3431458473205566,2.443650960922241,0.10050511360168457,0.042893238471098404,False,True
148497788-148497816-002,light_dysplastic,baseline,20260804,192.56854152679443,179.6812388896942,183.8233743906021,-12.88730263710022,-8.745167136192322,22,-115,137,False,12.88730263710022,8.745167136192322,4.142135500907898,0.32141213856369266,False,False
148503209-148503222-001,light_dysplastic,baseline,20260804,430.45079135894775,403.4629827737808,422.8183219432831,-26.98780858516693,-7.632469415664673,35,-169,204,False,26.98780858516693,7.632469415664673,19.35533916950226,0.7171882484797362,False,False
148503209-148503231-001,light_dysplastic,baseline,20260804,358.6518018245697,330.04877030849457,346.1320301294327,-28.603031516075134,-12.519771695137024,45,-226,271,False,28.603031516075134,12.519771695137024,16.08325982093811,0.5622921406739418,False,False
148503400-148503432-001,light_dysplastic,baseline,20260804,310.61017167568207,288.10764467716217,305.70562422275543,-22.502526998519897,-4.904547452926636,64,-249,313,False,22.502526998519897,4.904547452926636,17.59797954559326,0.7820445920029678,False,False
148503568-148503580-002,light_dysplastic,baseline,20260804,286.3502856492996,281.0782071352005,283.4213533401489,-5.272078514099121,-2.928932309150696,19,-134,153,False,5.272078514099121,2.928932309150696,2.3431462049484253,0.44444448213017856,False,False
148718455-148718461-001,light_dysplastic,baseline,20260804,372.811182141304,347.62236404418945,368.1909056901932,-25.188818097114563,-4.62027645111084,53,-151,204,False,25.188818097114563,4.62027645111084,20.568541646003723,0.816574305578867,False,False
148719308-148719348-004,light_dysplastic,baseline,20260804,187.6812388896942,187.09545242786407,187.09545230865479,-0.5857864618301392,-0.5857865810394287,1,-1,2,False,0.5857864618301392,0.5857865810394287,1.1920928955078125e-07,2.0350297816433394e-07,False,True
148719308-148719357-001,light_dysplastic,baseline,20260804,210.85281193256378,204.9949471950531,206.55129599571228,-5.857864737510681,-4.3015159368515015,10,-81,91,False,5.857864737510681,4.3015159368515015,1.5563488006591797,0.26568534276545197,False,False
148848523-148848559-002,moderate_dysplastic,baseline,20260804,275.2792184352875,274.1076455116272,274.10764503479004,-1.1715729236602783,-1.1715734004974365,2,-17,19,False,1.1715729236602783,1.1715734004974365,4.76837158203125e-07,4.070059563286679e-07,False,True
148881870-148882178-002,light_dysplastic,baseline,20260804,203.5807341337204,200.65180206298828,201.8233745098114,-2.9289320707321167,-1.7573596239089966,5,-60,65,False,2.9289320707321167,1.7573596239089966,1.1715724468231201,0.3999998697580834,False,False
148882307-148882323-001,light_dysplastic,baseline,20260804,336.3675310611725,304.73506140708923,331.50461304187775,-31.632469654083252,-4.862918019294739,54,-153,207,False,31.632469654083252,4.862918019294739,26.769551634788513,0.8462681519187987,False,False
148882535-148882616-001,light_dysplastic,baseline,20260804,484.69343197345734,438.1736594438553,464.700572013855,-46.51977252960205,-19.992859959602356,94,-393,487,False,46.51977252960205,19.992859959602356,26.526912569999695,0.5702287678453233,False,False
148882671-148882687-001,light_dysplastic,baseline,20260804,363.9655101299286,345.8061295747757,359.40410792827606,-18.159380555152893,-4.561402201652527,31,-175,206,False,18.159380555152893,4.561402201652527,13.597978353500366,0.748812896574372,False,False
149011613-149011656-001,light_dysplastic,baseline,20260804,273.7401144504547,251.48022890090942,267.86500453948975,-22.259885549545288,-5.875109910964966,38,-113,151,False,22.259885549545288,5.875109910964966,16.384775638580322,0.7360673801359693,False,False
149013033-149013072-001,moderate_dysplastic,baseline,20260804,200.7523066997528,198.9949471950531,198.7523066997528,-1.757359504699707,-2.0,4,-17,21,False,1.757359504699707,2.0,0.24264049530029297,0.13807106323515445,False,False
149014929-149014984-001,moderate_dysplastic,baseline,20260804,249.8650040626526,249.8650040626526,249.8650040626526,0.0,0.0,0,0,0,False,0.0,0.0,0.0,0.0,False,True
149014929-149015008-003,moderate_dysplastic,baseline,20260804,281.62236428260803,272.3502856492996,276.49242091178894,-9.27207863330841,-5.129943370819092,13,-93,106,False,9.27207863330841,5.129943370819092,4.142135262489319,0.4467321111373433,False,False
149014929-149015022-001,light_dysplastic,baseline,20260804,325.0365777015686,316.9777023792267,317.46298384666443,-8.058875322341919,-7.573593854904175,26,-174,200,False,8.058875322341919,7.573593854904175,0.48528146743774414,0.060217021361824566,False,True
149014929-149015022-002,light_dysplastic,baseline,20260804,285.1959581375122,273.4802290201187,281.17871248722076,-11.715729117393494,-4.017245650291443,20,-113,133,False,11.715729117393494,4.017245650291443,7.698483467102051,0.6571066461132726,False,False
149053341-149053350-001,moderate_dysplastic,baseline,20260804,258.6101715564728,249.23758745193481,252.35028564929962,-9.372584104537964,-6.259885907173157,18,-134,152,False,9.372584104537964,6.259885907173157,3.112698197364807,0.33210672346570025,False,False
149053945-149053969-001,moderate_dysplastic,baseline,20260804,224.16652011871338,220.65180110931396,221.58073353767395,-3.514719009399414,-2.5857865810394287,6,-57,63,False,3.514719009399414,2.5857865810394287,0.9289324283599854,0.2642977791043156,False,False
149053945-149053976-001,moderate_dysplastic,baseline,20260804,218.08326029777527,207.53910374641418,211.1370828151703,-10.544156551361084,-6.9461774826049805,32,-198,230,False,10.544156551361084,6.9461774826049805,3.5979790687561035,0.3412296707878129,False,False
149054642-149054677-003,light_dysplastic,baseline,20260804,179.6812390089035,179.09545242786407,179.09545266628265,-0.5857865810394287,-0.5857863426208496,1,-1,2,False,0.5857865810394287,0.5857863426208496,2.384185791015625e-07,4.070058735017605e-07,False,True
149056321-149056343-001,severe_dysplastic,baseline,20260804,320.06601536273956,308.93607234954834,315.01933157444,-11.129943013191223,-5.0466837882995605,19,-169,188,False,11.129943013191223,5.0466837882995605,6.083259224891663,0.5465669696315404,False,False
149056321-149056360-001,severe_dysplastic,baseline,20260804,231.82337415218353,225.48022854328156,229.96551024913788,-6.3431456089019775,-1.8578639030456543,8,-69,77,False,6.3431456089019775,1.8578639030456543,4.485281705856323,0.7071068492518403,False,False
149056410-149056458-001,severe_dysplastic,baseline,20260804,146.36753141880035,145.78174495697021,145.78174436092377,-0.5857864618301392,-0.5857870578765869,1,-14,15,False,0.5857864618301392,0.5857870578765869,5.960464477539062e-07,1.0175148908216698e-06,False,True
149056873-149056884-001,severe_dysplastic,baseline,20260804,167.53910374641418,164.0243854522705,164.85281193256378,-3.5147182941436768,-2.686291813850403,6,-70,76,False,3.5147182941436768,2.686291813850403,0.8284264802932739,0.23570209927595664,False,False
149056873-149056884-002,severe_dysplastic,baseline,20260804,155.09545278549194,153.92387974262238,153.68123972415924,-1.1715730428695679,-1.4142130613327026,2,-32,34,False,1.1715730428695679,1.4142130613327026,0.24264001846313477,0.20710618082234936,False,False
149056933-149056982-002,severe_dysplastic,baseline,20260804,127.98275458812714,127.396968126297,127.39696860313416,-0.5857864618301392,-0.585785984992981,1,-2,3,False,0.5857864618301392,0.585785984992981,4.76837158203125e-07,8.140119126573358e-07,False,True
149057756-149057766-002,moderate_dysplastic,baseline,20260804,288.4507905244827,284.35028529167175,285.27921748161316,-4.100505232810974,-3.171573042869568,7,-32,39,False,4.100505232810974,3.171573042869568,0.9289321899414062,0.22654091074152968,False,False
149057756-149057788-002,moderate_dysplastic,baseline,20260804,295.4802289009094,282.5929262638092,292.04876947402954,-12.88730263710022,-3.431459426879883,24,-217,241,False,12.88730263710022,3.431459426879883,9.455843210220337,0.7337333091719807,False,False
149057812-149057825-003,moderate_dysplastic,baseline,20260804,294.4091612100601,280.3502856492996,291.3208476305008,-14.058875560760498,-3.088313579559326,24,-81,105,False,14.058875560760498,3.088313579559326,10.970561981201172,0.7803299726061259,False,False
149057812-149057825-005,moderate_dysplastic,baseline,20260804,174.6101713180542,174.02438461780548,174.02438497543335,-0.5857867002487183,-0.5857863426208496,1,-35,36,False,0.5857867002487183,0.5857863426208496,3.5762786865234375e-07,6.105086860123302e-07,False,True
149057812-149057847-004,moderate_dysplastic,baseline,20260804,214.16652047634125,214.16652047634125,214.16652047634125,0.0,0.0,0,0,0,False,0.0,0.0,0.0,0.0,False,True
149057812-149057847-005,moderate_dysplastic,baseline,20260804,267.03657734394073,263.5218600034714,264.8355668783188,-3.5147173404693604,-2.2010104656219482,6,-97,103,False,3.5147173404693604,2.2010104656219482,1.313706874847412,0.37377312244175454,False,False
149058262-149058272-003,moderate_dysplastic,baseline,20260804,277.37972342967987,269.76449954509735,274.14927554130554,-7.6152238845825195,-3.2304478883743286,13,-130,143,False,7.6152238845825195,3.2304478883743286,4.384775996208191,0.5757908188471562,False,False
149061666-149061699-003,moderate_dysplastic,baseline,20260804,218.85281217098236,211.58073389530182,214.7523066997528,-7.272078275680542,-4.100505471229553,11,-66,77,False,7.272078275680542,4.100505471229553,3.1715728044509888,0.43613017960181183,False,False
149095913-149095926-001,light_dysplastic,baseline,20260804,393.92387998104095,354.1492748260498,387.26197278499603,-39.77460515499115,-6.661907196044922,95,-249,344,False,39.77460515499115,6.661907196044922,33.11269795894623,0.8325085272352742,False,False
149097324-149097373-001,moderate_dysplastic,baseline,20260804,260.4091612100601,253.37972354888916,256.0071393251419,-7.0294376611709595,-4.402021884918213,12,-88,100,False,7.0294376611709595,4.402021884918213,2.6274157762527466,0.373773252271089,False,False
149097594-149097637-001,moderate_dysplastic,baseline,20260804,333.86500453948975,318.04876959323883,327.46298372745514,-15.816234946250916,-6.402020812034607,42,-232,274,False,15.816234946250916,6.402020812034607,9.414214134216309,0.5952247273898682,False,False
149097594-149097637-002,moderate_dysplastic,baseline,20260804,271.0782071352005,267.32084822654724,269.90663397312164,-3.7573589086532593,-1.1715731620788574,7,-87,94,False,3.7573589086532593,1.1715731620788574,2.585785746574402,0.6881923738025917,False,False
149098972-149098988-002,severe_dysplastic,baseline,20260804,194.26702570915222,193.09545266628265,192.8528118133545,-1.1715730428695679,-1.4142138957977295,2,-12,14,False,1.1715730428695679,1.4142138957977295,0.24264085292816162,0.20710689308270044,False,False
149099096-149099104-001,severe_dysplastic,baseline,20260804,184.85281193256378,184.85281193256378,184.85281193256378,0.0,0.0,0,0,0,False,0.0,0.0,0.0,0.0,False,True
149099276-149099290-001,light_dysplastic,baseline,20260804,350.85281229019165,317.22034335136414,342.8183217048645,-33.632468938827515,-8.034490585327148,56,-185,241,False,33.632468938827515,8.034490585327148,25.597978353500366,0.761109105610394,False,False
149099276-149099290-002,light_dysplastic,baseline,20260804,250.22539567947388,230.30865561962128,240.8355668783188,-19.9167400598526,-9.38982880115509,34,-121,155,False,19.9167400598526,9.38982880115509,10.52691125869751,0.5285458979262,False,False
149099502-149099525-002,light_dysplastic,baseline,20260804,244.81118214130402,227.82337474822998,240.00713992118835,-16.987807393074036,-4.804042220115662,29,-136,165,False,16.987807393074036,4.804042220115662,12.183765172958374,0.7172064581992919,False,False
149100006-149100028-002,severe_dysplastic,baseline,20260804,35.899494767189026,35.899494767189026,35.899494767189026,0.0,0.0,0,0,0,False,0.0,0.0,0.0,0.0,False,True
149100064-149100072-001,moderate_dysplastic,baseline,20260804,403.23758828639984,357.98989379405975,392.51680612564087,-45.24769449234009,-10.720782160758972,73,-239,312,False,45.24769449234009,10.720782160758972,34.526912331581116,0.7630645653653386,False,False
149101620-149101650-001,moderate_dysplastic,baseline,20260804,266.3675307035446,260.50966572761536,264.10764515399933,-5.85786497592926,-2.259885549545288,10,-106,116,False,5.85786497592926,2.259885549545288,3.597979426383972,0.6142134448589279,False,False
149102442-149102451-001,light_dysplastic,baseline,20260804,240.651801943779,239.4802290201187,239.48022866249084,-1.1715729236602783,-1.171573281288147,2,-50,52,False,1.1715729236602783,1.171573281288147,3.5762786865234375e-07,3.052544672465009e-07,False,True
149102510-149102519-001,moderate_dysplastic,baseline,20260804,252.40916085243225,247.72286891937256,249.379723072052,-4.686291933059692,-3.029437780380249,8,-45,53,False,4.686291933059692,3.029437780380249,1.6568541526794434,0.35355333733928923,False,False
149105003-149105050-001,light_dysplastic,baseline,20260804,211.09545278549194,208.7523066997528,208.89444208145142,-2.3431460857391357,-2.2010107040405273,6,-116,122,False,2.3431460857391357,2.2010107040405273,0.1421353816986084,0.060660059807484165,False,True
149105289-149105300-001,moderate_dysplastic,baseline,20260804,158.7106763124466,158.7106763124466,158.7106763124466,0.0,0.0,0,0,0,False,0.0,0.0,0.0,0.0,False,True
149105289-149105300-002,moderate_dysplastic,baseline,20260804,291.62236416339874,284.4507911205292,288.5929262638092,-7.171573042869568,-3.0294378995895386,8,-138,146,False,7.171573042869568,3.0294378995895386,4.142135143280029,0.5775769302661433,False,False
149105289-149105311-001,moderate_dysplastic,baseline,20260804,212.5096664428711,216.06601524353027,209.03657793998718,3.5563488006591797,-3.473088502883911,10,-145,155,False,3.5563488006591797,3.473088502883911,0.08326029777526855,0.023411735586744475,False,True
149105289-149105311-003,moderate_dysplastic,baseline,20260804,152.12489020824432,140.36753058433533,147.19595789909363,-11.757359623908997,-4.928932309150696,15,-164,179,False,11.757359623908997,4.928932309150696,6.828427314758301,0.5807789787149539,False,False
149105289-149105311-004,moderate_dysplastic,baseline,20260804,296.5929263830185,293.07820749282837,293.22034299373627,-3.5147188901901245,-3.3725833892822266,20,-248,268,False,3.5147188901901245,3.3725833892822266,0.14213550090789795,0.04044007653204074,False,True
149140081-149140096-002,moderate_dysplastic,baseline,20260804,350.8944424390793,333.3208487033844,341.94826459884644,-17.573593735694885,-8.94617784023285,32,-226,258,False,17.573593735694885,8.94617784023285,8.627415895462036,0.4909306556881603,False,False
149140849-149140856-001,moderate_dysplastic,baseline,20260804,534.3919162750244,505.4457392692566,528.0142796039581,-28.946177005767822,-6.377636671066284,48,-272,320,False,28.946177005767822,6.377636671066284,22.568540334701538,0.7796725740398991,False,False
149143028-149143108-002,severe_dysplastic,baseline,20260804,199.0954521894455,196.1665199995041,197.33809280395508,-2.9289321899414062,-1.7573593854904175,5,-8,13,False,2.9289321899414062,1.7573593854904175,1.1715728044509888,0.3999999755796416,False,False
149143469-149143497-003,severe_dysplastic,baseline,20260804,178.81118214130402,177.0538227558136,177.29646348953247,-1.7573593854904175,-1.5147186517715454,3,-19,22,False,1.7573593854904175,1.5147186517715454,0.24264073371887207,0.1380712082697641,False,False
149146837-149146854-001,carcinoma_in_situ,baseline,20260804,257.3797231912613,256.79393661022186,256.79393661022186,-0.5857865810394287,-0.5857865810394287,1,-2,3,False,0.5857865810394287,0.5857865810394287,0.0,0.0,False,True
149181904-149181927-001,carcinoma_in_situ,baseline,20260804,179.92388021945953,178.16652071475983,178.75230658054352,-1.757359504699707,-1.1715736389160156,3,-39,42,False,1.757359504699707,1.1715736389160156,0.5857858657836914,0.3333329715502856,False,False
149181904-149181951-001,carcinoma_in_situ,baseline,20260804,186.26702570915222,185.09545278549194,185.09545302391052,-1.1715729236602783,-1.1715726852416992,2,-36,38,False,1.1715729236602783,1.1715726852416992,2.384185791015625e-07,2.0350297816433394e-07,False,True
149182125-149182135-002,carcinoma_in_situ,baseline,20260804,227.92387986183167,224.99494767189026,227.92387974262238,-2.9289321899414062,-1.1920928955078125e-07,5,-1,6,False,2.9289321899414062,1.1920928955078125e-07,2.9289320707321167,0.9999999592994027,False,False
149182657-149182667-001,carcinoma_in_situ,baseline,20260804,184.75230622291565,182.99494683742523,183.09545195102692,-1.7573593854904175,-1.656854271888733,3,-41,44,False,1.7573593854904175,1.656854271888733,0.10050511360168457,0.05719098462813121,False,True
149182657-149182681-002,carcinoma_in_situ,baseline,20260804,167.19595766067505,166.6101711988449,167.19595766067505,-0.5857864618301392,0.0,1,0,1,False,0.5857864618301392,0.0,0.5857864618301392,1.0,False,False
149182657-149182698-003,carcinoma_in_situ,baseline,20260804,208.40916109085083,206.651801943779,207.2375876903534,-1.7573591470718384,-1.1715734004974365,3,-24,27,False,1.7573591470718384,1.1715734004974365,0.5857857465744019,0.33333297155021197,False,False
149185604-149185616-001,carcinoma_in_situ,baseline,20260804,259.3797231912613,257.03657722473145,256.93607127666473,-2.343145966529846,-2.4436519145965576,4,-79,83,False,2.343145966529846,2.4436519145965576,0.10050594806671143,0.04289359241906674,False,True
149185604-149185645-003,carcinoma_in_situ,baseline,20260804,266.8944419622421,244.0660148859024,262.6934312582016,-22.82842707633972,-4.201010704040527,9,-95,104,False,22.82842707633972,4.201010704040527,18.627416372299194,0.815974587736944,False,False
149185604-149185657-001,carcinoma_in_situ,baseline,20260804,186.02438509464264,183.09545254707336,183.9238796234131,-2.928932547569275,-2.1005054712295532,5,-70,75,False,2.928932547569275,2.1005054712295532,0.8284270763397217,0.28284266123753327,False,False
149185698-149185709-002,carcinoma_in_situ,baseline,20260804,228.9949473142624,224.30865585803986,226.55129671096802,-4.686291456222534,-2.4436506032943726,10,-98,108,False,4.686291456222534,2.4436506032943726,2.2426408529281616,0.47855343054908517,False,False
149185788-149185824-001,carcinoma_in_situ,baseline,20260804,216.5096663236618,210.7523069381714,213.96550977230072,-5.7573593854904175,-2.544156551361084,7,-91,98,False,5.7573593854904175,2.544156551361084,3.2132028341293335,0.5581035712703958,False,False
149190861-149190868-001,moderate_dysplastic,baseline,20260804,369.53910398483276,339.07820773124695,364.1320301294327,-30.460896253585815,-5.4070738554000854,69,-221,290,False,30.460896253585815,5.4070738554000854,25.05382239818573,0.8224913078595456,False,False
149314453-149314465-001,carcinoma_in_situ,baseline,20260804,184.75230622291565,183.58073353767395,183.58073341846466,-1.1715726852416992,-1.1715728044509888,2,-5,7,False,1.1715726852416992,1.1715728044509888,1.1920928955078125e-07,1.0175150978890224e-07,False,True
149314453-149314507-001,carcinoma_in_situ,baseline,20260804,122.32590043544769,122.32590043544769,122.32590043544769,0.0,0.0,0,0,0,False,0.0,0.0,0.0,0.0,False,True
149314453-149314507-002,carcinoma_in_situ,baseline,20260804,144.22539520263672,143.63960874080658,143.6396086215973,-0.5857864618301392,-0.5857865810394287,1,-4,5,False,0.5857864618301392,0.5857865810394287,1.1920928955078125e-07,2.0350297816433394e-07,False,True
149314679-149314698-001,carcinoma_in_situ,baseline,20260804,227.96550953388214,225.62236332893372,226.1076444387436,-2.3431462049484253,-1.8578650951385498,14,-105,119,False,2.3431462049484253,1.8578650951385498,0.4852811098098755,0.2071066281673008,False,False
149315229-149315310-001,severe_dysplastic,baseline,20260804,319.48022878170013,314.2081506252289,316.8355665206909,-5.272078156471252,-2.6446622610092163,9,-87,96,False,5.272078156471252,2.6446622610092163,2.627415895462036,0.4983643674244462,False,False
149315671-149315731-001,carcinoma_in_situ,baseline,20260804,233.03657710552216,231.27921736240387,231.865003824234,-1.7573597431182861,-1.171573281288147,3,-34,37,False,1.7573597431182861,1.171573281288147,0.5857864618301392,0.3333332654990211,False,False
149315671-149315740-001,carcinoma_in_situ,baseline,20260804,212.85281193256378,211.6812388896942,211.6812390089035,-1.1715730428695679,-1.1715729236602783,3,-55,58,False,1.1715730428695679,1.1715729236602783,1.1920928955078125e-07,1.017514787288025e-07,False,True
149316426-149316462-004,carcinoma_in_situ,baseline,20260804,159.88224983215332,159.88224983215332,159.88224983215332,0.0,0.0,0,0,0,False,0.0,0.0,0.0,0.0,False,True
149316754-149316779-002,moderate_dysplastic,baseline,20260804,206.85281217098236,205.6812391281128,205.4385985136032,-1.1715730428695679,-1.4142136573791504,2,-2,4,False,1.1715730428695679,1.4142136573791504,0.24264061450958252,0.207106689579743,False,False
149317002-149317010-002,severe_dysplastic,baseline,20260804,158.61017155647278,155.6812388896942,157.09545302391052,-2.9289326667785645,-1.5147185325622559,5,-60,65,False,2.9289326667785645,1.5147185325622559,1.4142141342163086,0.4828428288082688,False,False
149317204-149317230-002,severe_dysplastic,baseline,20260804,170.6101713180542,168.8528118133545,168.8528115749359,-1.757359504699707,-1.7573597431182861,3,-48,51,False,1.757359504699707,1.7573597431182861,2.384185791015625e-07,1.35668642906565e-07,False,True
149788987-149788996-003,light_dysplastic,baseline,20260804,310.99494767189026,296.93607199192047,304.39191579818726,-14.058875679969788,-6.603031873703003,24,-130,154,False,14.058875679969788,6.603031873703003,7.455843806266785,0.5303300189850464,False,False
153268807-153268826-001,light_dysplastic,baseline,20260804,311.1543279886246,288.30865597724915,300.87719690799713,-22.845672011375427,-10.277131080627441,39,-146,185,False,22.845672011375427,10.277131080627441,12.568540930747986,0.5501497581025324,False,False
153276386-153276405-001,moderate_dysplastic,baseline,20260804,242.20815074443817,241.0365777015686,241.03657710552216,-1.1715730428695679,-1.1715736389160156,2,-53,55,False,1.1715730428695679,1.1715736389160156,5.960464477539062e-07,5.087573936440125e-07,False,True
153276386-153276405-002,moderate_dysplastic,baseline,20260804,333.62236416339874,320.3502857685089,320.91882729530334,-13.272078394889832,-12.703536868095398,22,-215,237,False,13.272078394889832,12.703536868095398,0.5685415267944336,0.04283741474985109,False,True
153276386-153276414-001,moderate_dysplastic,baseline,20260804,244.45079159736633,244.45079159736633,244.45079159736633,0.0,0.0,0,0,0,False,0.0,0.0,0.0,0.0,False,True
153314466-153314473-003,light_dysplastic,baseline,20260804,225.25483322143555,206.50966596603394,219.03657710552216,-18.74516725540161,-6.218256115913391,32,-117,149,False,18.74516725540161,6.218256115913391,12.52691113948822,0.668274172687281,False,False
153654869-153654880-001,severe_dysplastic,baseline,20260804,332.63455617427826,292.7350620031357,328.63455629348755,-39.89949417114258,-3.9999998807907104,13,-148,161,False,39.89949417114258,3.9999998807907104,35.89949429035187,0.8997481054864169,False,False
153655016-153655039-005,severe_dysplastic,baseline,20260804,158.71067678928375,157.53910374641418,157.5391036272049,-1.1715730428695679,-1.1715731620788574,2,-10,12,False,1.1715730428695679,1.1715731620788574,1.1920928955078125e-07,1.017514787288025e-07,False,True
153655087-153655101-002,severe_dysplastic,baseline,20260804,163.78174436092377,159.43859839439392,159.68123924732208,-4.343145966529846,-4.100505113601685,8,-88,96,False,4.343145966529846,4.100505113601685,0.24264085292816162,0.055867533533999675,False,True
153656862-153656873-001,light_dysplastic,baseline,20260804,256.2670257091522,246.3086552619934,250.93607199192047,-9.958370447158813,-5.3309537172317505,17,-144,161,False,9.958370447158813,5.3309537172317505,4.627416729927063,0.4646760988136663,False,False
153657121-153657160-001,severe_dysplastic,baseline,20260804,245.13708245754242,243.379723072052,243.8650039434433,-1.7573593854904175,-1.272078514099121,3,-80,83,False,1.7573593854904175,1.272078514099121,0.4852808713912964,0.2761420773678979,False,False
153659229-153659264-001,severe_dysplastic,baseline,20260804,235.9655101299286,234.79393708705902,234.7939374446869,-1.1715730428695679,-1.1715726852416992,2,-49,51,False,1.1715730428695679,1.1715726852416992,3.5762786865234375e-07,3.052544361864075e-07,False,True
153697342-153697375-001,moderate_dysplastic,baseline,20260804,193.43859839439392,192.8528116941452,192.85281205177307,-0.5857867002487183,-0.5857863426208496,1,-1,2,False,0.5857867002487183,0.5857863426208496,3.5762786865234375e-07,6.105086860123302e-07,False,True
153697342-153697384-001,moderate_dysplastic,baseline,20260804,190.26702570915222,189.6812391281128,189.68123948574066,-0.5857865810394287,-0.5857862234115601,1,-8,9,False,0.5857865810394287,0.5857862234115601,3.5762786865234375e-07,6.105088102526407e-07,False,True
153697726-153697736-001,light_dysplastic,baseline,20260804,370.1248904466629,340.2497808933258,362.61731112003326,-29.875109553337097,-7.507579326629639,51,-192,243,False,29.875109553337097,7.507579326629639,22.36753022670746,0.7487011951127379,False,False
153701009-153701019-002,light_dysplastic,baseline,20260804,316.49242174625397,309.8061295747757,312.29141068458557,-6.6862921714782715,-4.201011061668396,10,-168,178,False,6.6862921714782715,4.201011061668396,2.4852811098098755,0.3716979524782575,False,False
153701622-153701650-001,moderate_dysplastic,baseline,20260804,254.35028648376465,252.59292709827423,252.5929273366928,-1.7573593854904175,-1.7573591470718384,3,-43,46,False,1.7573593854904175,1.7573591470718384,2.384185791015625e-07,1.3566865210955596e-07,False,True
153701949-153701958-001,light_dysplastic,baseline,20260804,343.37972354888916,330.2497799396515,340.19090461730957,-13.129943609237671,-3.18881893157959,21,-138,159,False,13.129943609237671,3.18881893157959,9.941124677658081,0.7571338440984566,False,False
153702037-153702051-003,light_dysplastic,baseline,20260804,327.17871284484863,319.56348872184753,323.4213536977768,-7.615224123001099,-3.7573591470718384,18,-49,67,False,7.615224123001099,3.7573591470718384,3.8578649759292603,0.5065990066237087,False,False
153826963-153826970-001,severe_dysplastic,baseline,20260804,220.79393696784973,215.5218586921692,217.42135417461395,-5.272078275680542,-3.372582793235779,16,-104,120,False,5.272078275680542,3.372582793235779,1.8994954824447632,0.36029349017955703,False,False
153826963-153826982-003,severe_dysplastic,baseline,20260804,314.5929263830185,311.6639941930771,312.24978029727936,-2.9289321899414062,-2.3431460857391357,5,-121,126,False,2.9289321899414062,2.3431460857391357,0.5857861042022705,0.19999988603832758,False,False
153827595-153827657-002,carcinoma_in_situ,baseline,20260804,184.36753058433533,183.7817441225052,183.7817440032959,-0.5857864618301392,-0.5857865810394287,1,-1,2,False,0.5857864618301392,0.5857865810394287,1.1920928955078125e-07,2.0350297816433394e-07,False,True
153828877-153828902-002,severe_dysplastic,baseline,20260804,252.93607223033905,251.76449918746948,251.52185940742493,-1.1715730428695679,-1.4142128229141235,2,-3,5,False,1.1715730428695679,1.4142128229141235,0.24263978004455566,0.2071059773193919,False,False
153828952-153828970-001,severe_dysplastic,baseline,20260804,241.58073377609253,238.65180206298828,238.55129659175873,-2.928931713104248,-3.0294371843338013,5,-109,114,False,2.928931713104248,3.0294371843338013,0.10050547122955322,0.03431471986181331,False,True
153828952-153829005-001,severe_dysplastic,baseline,20260804,273.86500453948975,268.3502856492996,269.7644987106323,-5.5147188901901245,-4.100505828857422,12,-110,122,False,5.5147188901901245,4.100505828857422,1.4142130613327026,0.25644336356806513,False,False
153828952-153829005-002,severe_dysplastic,baseline,20260804,229.33809351921082,226.99494743347168,227.13708233833313,-2.3431460857391357,-2.2010111808776855,5,-79,84,False,2.3431460857391357,2.2010111808776855,0.1421349048614502,0.06065985630452671,False,True
153829664-153829672-001,light_dysplastic,baseline,20260804,341.8822498321533,313.76449966430664,335.26197278499603,-28.11775016784668,-6.620277047157288,48,-195,243,False,28.11775016784668,6.620277047157288,21.497473120689392,0.7645516797169735,False,False
153829745-153829768-001,severe_dysplastic,baseline,20260804,68.14213538169861,64.62741661071777,66.97056233882904,-3.514718770980835,-1.1715730428695679,6,-2,8,False,3.514718770980835,1.1715730428695679,2.343145728111267,0.6666666327495037,False,False
153829745-153829768-003,severe_dysplastic,baseline,20260804,285.2792179584503,278.00713980197906,282.4924215078354,-7.272078156471252,-2.786796450614929,11,-125,136,False,7.272078156471252,2.786796450614929,4.485281705856323,0.6167812844344881,False,False
153830680-153830827-002,severe_dysplastic,baseline,20260804,216.2670258283615,213.92387986183167,214.7523066997528,-2.343145966529846,-1.5147191286087036,4,-68,72,False,2.343145966529846,1.5147191286087036,0.8284268379211426,0.3535532355878053,False,False
153831352-153831372-004,severe_dysplastic,baseline,20260804,314.8355664014816,304.73506104946136,305.94826424121857,-10.100505352020264,-8.887302160263062,20,-190,210,False,10.100505352020264,8.887302160263062,1.2132031917572021,0.12011311805448843,False,False
153915432-153915441-002,severe_dysplastic,baseline,20260804,224.75230741500854,222.99494791030884,223.23758840560913,-1.757359504699707,-1.514719009399414,3,-59,62,False,1.757359504699707,1.514719009399414,0.24264049530029297,0.13807106323515445,False,False
153915432-153915472-001,severe_dysplastic,baseline,20260804,227.6812391281128,221.82337415218353,223.48022842407227,-5.85786497592926,-4.201010704040527,10,-89,99,False,5.85786497592926,4.201010704040527,1.656854271888733,0.2828426873437619,False,False
153915726-153915736-001,severe_dysplastic,baseline,20260804,256.7939363718033,248.93607211112976,254.45079135894775,-7.857864260673523,-2.34314501285553,16,-93,109,False,7.857864260673523,2.34314501285553,5.514719247817993,0.7018089222306455,False,False
153916114-153916129-002,severe_dysplastic,baseline,20260804,304.7523070573807,287.7644991874695,299.4629831314087,-16.987807869911194,-5.289323925971985,29,-205,234,False,16.987807869911194,5.289323925971985,11.698483943939209,0.6886399960208853,False,False
153916114-153916150-001,carcinoma_in_situ,baseline,20260804,221.2375876903534,217.72286891937256,218.20815014839172,-3.514718770980835,-3.02943754196167,6,-107,113,False,3.514718770980835,3.02943754196167,0.48528122901916504,0.13807114043543803,False,False
153916114-153916167-001,carcinoma_in_situ,baseline,20260804,224.1665199995041,222.4091603755951,222.50966608524323,-1.7573596239089966,-1.6568539142608643,3,-53,56,False,1.7573596239089966,1.6568539142608643,0.10050570964813232,0.05719131604069272,False,True
153916569-153916586-001,carcinoma_in_situ,baseline,20260804,204.16652023792267,198.89444160461426,202.06601548194885,-5.272078633308411,-2.100504755973816,9,-57,66,False,5.272078633308411,2.100504755973816,3.1715738773345947,0.6015793955152605,False,False
153956040-153956058-001,normal_columnar,baseline,20260804,177.29646289348602,172.61017155647278,174.7523066997528,-4.686291337013245,-2.5441561937332153,8,-61,69,False,4.686291337013245,2.5441561937332153,2.1421351432800293,0.45710669466087767,False,False
153956040-153956058-003,normal_columnar,baseline,20260804,199.19595777988434,198.6101711988449,198.6101711988449,-0.5857865810394287,-0.5857865810394287,2,-1,3,False,0.5857865810394287,0.5857865810394287,0.0,0.0,False,True
153956040-153956072-003,normal_columnar,baseline,20260804,161.88224959373474,158.36753118038177,160.02438485622406,-3.5147184133529663,-1.8578647375106812,6,-59,65,False,3.5147184133529663,1.8578647375106812,1.6568536758422852,0.4714043860662175,False,False
153956444-153956458-004,normal_columnar,baseline,20260804,163.63960909843445,161.2964631319046,161.43859827518463,-2.343145966529846,-2.201010823249817,4,-52,56,False,2.343145966529846,2.201010823249817,0.1421351432800293,0.06065996114212581,False,True
153958154-153958211-001,normal_columnar,baseline,20260804,169.53910374641418,167.78174436092377,167.88224983215332,-1.7573593854904175,-1.6568539142608643,3,-26,29,False,1.7573593854904175,1.6568539142608643,0.10050547122955322,0.05719118813110937,False,True
153958547-153958572-002,normal_columnar,baseline,20260804,136.71067667007446,135.53910374641418,135.53910422325134,-1.1715729236602783,-1.1715724468231201,2,-15,17,False,1.1715729236602783,1.1715724468231201,4.76837158203125e-07,4.070059563286679e-07,False,True
153958547-153958572-006,normal_columnar,baseline,20260804,143.05382239818573,143.05382239818573,143.05382239818573,0.0,0.0,0,0,0,False,0.0,0.0,0.0,0.0,False,True
153958547-153958572-008,normal_columnar,baseline,20260804,139.15432798862457,138.56854152679443,138.56854152679443,-0.5857864618301392,-0.5857864618301392,1,-11,12,False,0.5857864618301392,0.5857864618301392,0.0,0.0,False,True
153958547-153958572-009,normal_columnar,baseline,20260804,137.982754945755,137.982754945755,137.982754945755,0.0,0.0,0,0,0,False,0.0,0.0,0.0,0.0,False,True
153958547-153958590-002,normal_columnar,baseline,20260804,205.0538227558136,195.68123877048492,202.89444196224213,-9.372583985328674,-2.159380793571472,34,-159,193,False,9.372583985328674,2.159380793571472,7.213203191757202,0.7696066744292025,False,False
154519964-154519981-001,light_dysplastic,baseline,20260804,331.92387998104095,317.8650048971176,326.4335457086563,-14.05887508392334,-5.4903342723846436,24,-164,188,False,14.05887508392334,5.4903342723846436,8.568540811538696,0.6094755633284649,False,False
157181481-157181497-004,normal_columnar,baseline,20260804,134.56854140758514,132.81118178367615,133.2964632511139,-1.7573596239089966,-1.2720781564712524,3,-25,28,False,1.7573596239089966,1.2720781564712524,0.48528146743774414,0.2761423790756638,False,False
157181671-157181697-001,normal_superficiel,baseline,20260804,101.31370830535889,96.62741661071777,99.01219236850739,-4.686291694641113,-2.3015159368515015,8,-27,35,False,4.686291694641113,2.3015159368515015,2.384775757789612,0.5088833374407018,False,False
157183193-157183279-001,normal_superficiel,baseline,20260804,96.97056245803833,89.94112491607666,90.66904640197754,-7.02943754196167,-6.301516056060791,12,-44,56,False,7.02943754196167,6.301516056060791,0.7279214859008789,0.10355330445083398,False,False
157183828-157183877-001,normal_intermediate,baseline,20260804,139.2132030725479,130.42640614509583,136.36753070354462,-8.786796927452087,-2.845672369003296,15,-58,73,False,8.786796927452087,2.845672369003296,5.9411245584487915,0.6761422401702805,False,False
157183964-157183980-001,normal_superficiel,baseline,20260804,96.97056245803833,89.94112467765808,93.69848418235779,-7.029437780380249,-3.272078275680542,12,-12,24,False,7.029437780380249,3.272078275680542,3.757359504699707,0.5345177839381142,False,False
157184013-157184031-001,normal_superficiel,baseline,20260804,96.38477599620819,88.7695517539978,94.42640614509583,-7.615224242210388,-1.9583698511123657,30,-85,115,False,7.615224242210388,1.9583698511123657,5.6568543910980225,0.7428349069148447,False,False
157184850-157184920-002,normal_columnar,baseline,20260804,175.9238796234131,172.9949473142624,171.09545254707336,-2.928932309150696,-4.828427076339722,5,-1,6,False,2.928932309150696,4.828427076339722,1.8994947671890259,0.6485280527837884,False,False
157184850-157184942-001,normal_superficiel,baseline,20260804,93.89949476718903,89.79898953437805,91.25483298301697,-4.100505232810974,-2.644661784172058,7,-56,63,False,4.100505232810974,2.644661784172058,1.455843448638916,0.35504001726170403,False,False
157185208-157185238-001,normal_superficiel,baseline,20260804,111.31370830535889,106.62741661071777,107.49747371673584,-4.686291694641113,-3.816234588623047,8,-47,55,False,4.686291694641113,3.816234588623047,0.8700571060180664,0.1856600405418633,False,False
157185433-157185479-002,normal_columnar,baseline,20260804,134.56854140758514,132.81118202209473,133.39696836471558,-1.7573593854904175,-1.1715730428695679,3,-34,37,False,1.7573593854904175,1.1715730428695679,0.5857863426208496,0.33333326549900727,False,False
157185433-157185479-003,normal_columnar,baseline,20260804,118.91168713569641,118.91168713569641,118.91168713569641,0.0,0.0,0,0,0,False,0.0,0.0,0.0,0.0,False,True
157185433-157185479-004,normal_columnar,baseline,20260804,136.22539508342743,136.22539508342743,136.22539508342743,0.0,0.0,0,0,0,False,0.0,0.0,0.0,0.0,False,True
157185433-157185479-006,normal_columnar,baseline,20260804,165.63960897922516,165.63960897922516,165.63960897922516,0.0,0.0,1,0,1,False,0.0,0.0,0.0,0.0,False,True
157185433-157185508-001,normal_columnar,baseline,20260804,146.81118202209473,144.81118190288544,144.12488985061646,-2.0000001192092896,-2.6862921714782715,2,-60,62,False,2.0000001192092896,2.6862921714782715,0.6862920522689819,0.3431460056813952,False,False
157185730-157185758-001,normal_columnar,baseline,20260804,272.69343185424805,267.17871284484863,267.86500465869904,-5.514719009399414,-4.828427195549011,8,-167,175,False,5.514719009399414,4.828427195549011,0.6862918138504028,0.12444728601415073,False,False
157185781-157185793-003,normal_columnar,baseline,20260804,213.72286880016327,213.72286880016327,213.72286880016327,0.0,0.0,0,0,0,False,0.0,0.0,0.0,0.0,False,True
157222534-157222607-001,normal_superficiel,baseline,20260804,73.31370830535889,68.62741661071777,68.18376541137695,-4.686291694641113,-5.129942893981934,8,-31,39,False,4.686291694641113,5.129942893981934,0.4436511993408203,0.09466999244800448,False,True
157222647-157222687-001,normal_intermediate,baseline,20260804,160.62741661071777,151.25483322143555,155.88224959373474,-9.372583389282227,-4.745167016983032,16,-51,67,False,9.372583389282227,4.745167016983032,4.627416372299194,0.49371834638364015,False,False
157222801-157222811-001,normal_intermediate,baseline,20260804,121.11269783973694,111.15432810783386,116.46803605556488,-9.958369731903076,-4.644661784172058,25,-112,137,False,9.958369731903076,4.644661784172058,5.313707947731018,0.5335921532123664,False,False
157223549-157223570-001,normal_intermediate,baseline,20260804,138.28427076339722,126.56854128837585,127.63960909843445,-11.715729475021362,-10.644661664962769,20,-86,106,False,11.715729475021362,10.644661664962769,1.0710678100585938,0.0914213504453286,False,True
157224412-157224429-001,normal_superficiel,baseline,20260804,100.48528122901917,96.97056245803833,97.94112479686737,-3.514718770980835,-2.5441564321517944,10,-91,101,False,3.514718770980835,2.5441564321517944,0.9705623388290405,0.27614224695371303,False,False
157224458-157224464-001,normal_intermediate,baseline,20260804,155.79898953437805,147.5979790687561,151.78174459934235,-8.201010465621948,-4.017244935035706,24,-231,255,False,8.201010465621948,4.017244935035706,4.183765530586243,0.5101524437902244,False,False
157224458-157224483-001,normal_superficiel,baseline,20260804,81.89949476718903,77.79898953437805,78.7695517539978,-4.100505232810974,-3.129943013191223,7,-25,32,False,4.100505232810974,3.129943013191223,0.970562219619751,0.23669332545990002,False,False
157227058-157227087-001,normal_columnar,baseline,20260804,305.03657734394073,301.5218584537506,304.450790643692,-3.5147188901901245,-0.5857867002487183,6,-9,15,False,3.5147188901901245,0.5857867002487183,2.9289321899414062,0.83333327115187,False,False
157227461-157227503-003,normal_columnar,baseline,20260804,182.85281252861023,180.85281217098236,181.09545242786407,-2.0000003576278687,-1.7573601007461548,2,-52,54,False,2.0000003576278687,1.7573601007461548,0.24264025688171387,0.12132010674713134,False,False
157266930-157266947-001,normal_columnar,baseline,20260804,207.68123960494995,205.9238805770874,206.4091613292694,-1.7573590278625488,-1.272078275680542,4,-73,77,False,1.7573590278625488,1.272078275680542,0.48528075218200684,0.2761420657293046,False,False
157268504-157268544-001,normal_superficiel,baseline,20260804,109.89949476718903,105.79898953437805,107.35533821582794,-4.100505232810974,-2.544156551361084,7,-28,35,False,4.100505232810974,2.544156551361084,1.5563486814498901,0.37955046831704287,False,False
158986766-158986776-001,normal_columnar,baseline,20260804,186.36753058433533,185.7817438840866,185.7817441225052,-0.5857867002487183,-0.5857864618301392,1,-1,2,False,0.5857867002487183,0.5857864618301392,2.384185791015625e-07,4.070057906748868e-07,False,True
158986813-158986820-001,normal_columnar,baseline,20260804,137.39696860313416,136.81118214130402,136.81118214130402,-0.5857864618301392,-0.5857864618301392,1,-12,13,False,0.5857864618301392,0.5857864618301392,0.0,0.0,False,True
158986920-158986928-004,normal_columnar,baseline,20260804,26.485281229019165,25.313708305358887,25.313708305358887,-1.1715729236602783,-1.1715729236602783,2,-2,4,False,1.1715729236602783,1.1715729236602783,0.0,0.0,False,True
204870858-204870872-001,light_dysplastic,baseline,20260804,229.4385985136032,225.33809304237366,227.23758840560913,-4.100505471229553,-2.2010101079940796,7,-68,75,False,4.100505471229553,2.2010101079940796,1.8994953632354736,0.4632344418420937,False,False
204870951-204870961-002,light_dysplastic,baseline,20260804,415.9655101299286,386.4335459470749,409.68837881088257,-29.5319641828537,-6.2771313190460205,53,-261,314,False,29.5319641828537,6.2771313190460205,23.254832863807678,0.7874461962577304,False,False
204871030-204871038-001,light_dysplastic,baseline,20260804,372.8944424390793,355.3208484649658,366.47517585754395,-17.573593974113464,-6.419266581535339,30,-193,223,False,17.573593974113464,6.419266581535339,11.154327392578125,0.6347209005174952,False,False
204871030-204871038-002,light_dysplastic,baseline,20260804,454.6518018245697,419.5046133995056,446.31579554080963,-35.14718842506409,-8.33600628376007,60,-245,305,False,35.14718842506409,8.33600628376007,26.811182141304016,0.7628258003756706,False,False
209047342-209047443-001,normal_superficiel,baseline,20260804,164.76955199241638,149.53910398483276,150.8528118133545,-15.230448007583618,-13.91674017906189,26,-101,127,False,15.230448007583618,13.91674017906189,1.3137078285217285,0.08625536345796268,False,True
209047526-209047626-001,normal_intermediate,baseline,20260804,153.2132030725479,144.42640614509583,145.2964632511139,-8.786796927452087,-7.916739821434021,15,-71,86,False,8.786796927452087,7.916739821434021,0.8700571060180664,0.09901868828899377,False,True
209047526-209047798-001,normal_superficiel,baseline,20260804,98.72792184352875,93.4558436870575,95.49747359752655,-5.272078156471252,-3.2304482460021973,9,-61,70,False,5.272078156471252,3.2304482460021973,2.041629910469055,0.38725334675910317,False,False
209307421-209307504-001,normal_intermediate,baseline,20260804,173.01219260692596,158.95331752300262,169.33809316158295,-14.05887508392334,-3.6740994453430176,73,-514,587,False,14.05887508392334,3.6740994453430176,10.384775638580322,0.7386633408853288,False,False
209522474-209522522-001,normal_intermediate,baseline,20260804,184.18376553058624,167.53910398483276,172.40916061401367,-16.64466154575348,-11.77460491657257,28,-219,247,False,16.64466154575348,11.77460491657257,4.870056629180908,0.292589706062446,False,False
209522940-209522970-001,normal_intermediate,baseline,20260804,155.94112491607666,144.22539520263672,152.85281193256378,-11.715729713439941,-3.0883129835128784,20,-73,93,False,11.715729713439941,3.0883129835128784,8.627416729927063,0.7363960197912336,False,False
209565409-209565503-001,normal_intermediate,baseline,20260804,152.04163014888763,142.08326029777527,145.5391035079956,-9.958369851112366,-6.502526640892029,17,-70,87,False,9.958369851112366,6.502526640892029,3.455843210220337,0.347029007948958,False,False
209565409-209565600-001,normal_intermediate,baseline,20260804,166.3847759962082,158.76955199241638,163.63960921764374,-7.615224003791809,-2.745166778564453,17,-82,99,False,7.615224003791809,2.745166778564453,4.870057225227356,0.6395159515731164,False,False
209565864-209565890-001,normal_intermediate,baseline,20260804,176.18376553058624,160.3675308227539,169.58073377609253,-15.816234707832336,-6.603031754493713,27,-105,132,False,15.816234707832336,6.603031754493713,9.213202953338623,0.5825155685617238,False,False
209565864-209565911-001,normal_intermediate,baseline,20260804,161.4558436870575,150.911687374115,155.78174436092377,-10.544156312942505,-5.674099326133728,18,-64,82,False,10.544156312942505,5.674099326133728,4.870056986808777,0.4618726090802531,False,False
209566047-209566095-001,normal_intermediate,baseline,20260804,178.5269113779068,165.0538227558136,174.71067678928375,-13.4730886220932,-3.816234588623047,23,-33,56,False,13.4730886220932,3.816234588623047,9.656854033470154,0.7167513184493438,False,False
209566205-209566247-001,normal_intermediate,baseline,20260804,154.28427076339722,142.56854152679443,150.95331752300262,-11.715729236602783,-3.3309532403945923,20,-51,71,False,11.715729236602783,3.3309532403945923,8.384775996208191,0.7156853685225256,False,False
209566205-209566289-001,normal_intermediate,baseline,20260804,162.1421353816986,156.28427076339722,158.71067690849304,-5.857864618301392,-3.4314584732055664,10,-64,74,False,5.857864618301392,3.4314584732055664,2.426406145095825,0.4142134213063141,False,False
209566399-209566485-001,normal_intermediate,baseline,20260804,164.62741661071777,155.25483322143555,160.6101711988449,-9.372583389282227,-4.017245411872864,16,-78,94,False,9.372583389282227,4.017245411872864,5.355337977409363,0.5713833374407018,False,False
148495842-148495854-001,light_dysplastic,baseline,20260805,225.3797231912613,222.79393696784973,223.3797231912613,-2.58578622341156,-2.0,3,-4,7,False,2.58578622341156,2.0,0.5857862234115601,0.22654085558499973,False,False
148497551-148497588-001,light_dysplastic,baseline,20260805,198.16651952266693,198.16651952266693,198.16651952266693,0.0,0.0,0,0,0,False,0.0,0.0,0.0,0.0,False,True
148497788-148497816-002,light_dysplastic,baseline,20260805,185.9827550649643,173.6812380552292,183.23758792877197,-12.301517009735107,-2.7451671361923218,21,-100,121,False,12.301517009735107,2.7451671361923218,9.556349873542786,0.7768432028326371,False,False
148503209-148503222-001,light_dysplastic,baseline,20260805,395.722869515419,379.3208477497101,392.5340507030487,-16.402021765708923,-3.1888188123703003,28,-132,160,False,16.402021765708923,3.1888188123703003,13.213202953338623,0.8055837958319845,False,False
148503209-148503231-001,light_dysplastic,baseline,20260805,355.722869515419,331.46298253536224,348.47517573833466,-24.259886980056763,-7.247693777084351,39,-230,269,False,24.259886980056763,7.247693777084351,17.012193202972412,0.7012478342111637,False,False
148503400-148503432-001,light_dysplastic,baseline,20260805,314.2670258283615,289.4213536977768,307.8061298131943,-24.845672130584717,-6.460896015167236,47,-125,172,False,24.845672130584717,6.460896015167236,18.38477611541748,0.7399588958105121,False,False
148503568-148503580-002,light_dysplastic,baseline,20260805,271.279217839241,264.59292578697205,264.8355665206909,-6.686292052268982,-6.44365131855011,10,-81,91,False,6.686292052268982,6.44365131855011,0.24264073371887207,0.036289281386763884,False,True
148718455-148718461-001,light_dysplastic,baseline,20260805,382.46803629398346,353.5218585729599,377.0609623193741,-28.94617772102356,-5.407073974609375,72,-283,355,False,28.94617772102356,5.407073974609375,23.539103746414185,0.8132024881930361,False,False
148719308-148719348-004,light_dysplastic,baseline,20260805,191.33809351921082,190.75230753421783,190.5096663236618,-0.585785984992981,-0.8284271955490112,1,-5,6,False,0.585785984992981,0.8284271955490112,0.24264121055603027,0.414214775996967,False,False
148719308-148719357-001,light_dysplastic,baseline,20260805,212.85281205177307,205.82337403297424,210.40916085243225,-7.029438018798828,-2.4436511993408203,12,-31,43,False,7.029438018798828,2.4436511993408203,4.585786819458008,0.6523689101737915,False,False
148848523-148848559-002,moderate_dysplastic,baseline,20260805,261.9655097723007,261.37972354888916,261.37972342967987,-0.5857862234115601,-0.5857863426208496,1,-56,57,False,0.5857862234115601,0.5857863426208496,1.1920928955078125e-07,2.035030609912919e-07,False,True
148881870-148882178-002,light_dysplastic,baseline,20260805,207.23758709430695,203.1370828151703,205.1370825767517,-4.100504279136658,-2.100504517555237,7,-32,39,False,4.100504279136658,2.100504517555237,1.999999761581421,0.4877448297657945,False,False
148882307-148882323-001,light_dysplastic,baseline,20260805,347.1959581375122,316.7350616455078,336.81832206249237,-30.460896492004395,-10.377636075019836,52,-204,256,False,30.460896492004395,10.377636075019836,20.083260416984558,0.6593128479411682,False,False
148882535-148882616-001,light_dysplastic,baseline,20260805,666.7766922712326,603.8132693767548,653.8376543521881,-62.963422894477844,-12.939037919044495,103,-442,545,False,62.963422894477844,12.939037919044495,50.02438497543335,0.7944991341920945,False,False
148882671-148882687-001,light_dysplastic,baseline,20260805,478.634556889534,453.2030966281891,467.7716383934021,-25.43146026134491,-10.862918496131897,42,-298,340,False,25.43146026134491,10.862918496131897,14.568541765213013,0.5728551021254874,False,False
149011613-149011656-001,light_dysplastic,baseline,20260805,279.7401144504547,257.48022866249084,273.0782079696655,-22.259885787963867,-6.661906480789185,38,-98,136,False,22.259885787963867,6.661906480789185,15.597979307174683,0.7007214437555047,False,False
149013033-149013072-001,moderate_dysplastic,baseline,20260805,200.40916097164154,199.8233743906021,199.82337427139282,-0.5857865810394287,-0.5857867002487183,1,-2,3,False,0.5857865810394287,0.5857867002487183,1.1920928955078125e-07,2.0350293675088025e-07,False,True
149014929-149014984-001,moderate_dysplastic,baseline,20260805,291.6639940738678,288.7350617647171,288.00713992118835,-2.928932309150696,-3.6568541526794434,5,-5,10,False,2.928932309150696,3.6568541526794434,0.7279218435287476,0.24852805278378848,False,False
149014929-149015008-003,moderate_dysplastic,baseline,20260805,316.24978017807007,308.39191496372223,312.0487698316574,-7.857865214347839,-4.201010346412659,12,-178,190,False,7.857865214347839,4.201010346412659,3.6568548679351807,0.46537510738387994,False,False
149014929-149015022-001,light_dysplastic,baseline,20260805,348.93607234954834,337.2203427553177,342.5756812095642,-11.715729594230652,-6.360391139984131,30,-215,245,False,11.715729594230652,6.360391139984131,5.355338454246521,0.45710669669977094,False,False
149014929-149015022-002,light_dysplastic,baseline,20260805,321.5807341337204,307.86500430107117,316.0487701892853,-13.715729832649231,-5.53196394443512,22,-129,151,False,13.715729832649231,5.53196394443512,8.183765888214111,0.5966700998100218,False,False
149053341-149053350-001,moderate_dysplastic,baseline,20260805,249.1959581375122,242.7523069381714,246.55129647254944,-6.44365119934082,-2.6446616649627686,15,-82,97,False,6.44365119934082,2.6446616649627686,3.7989895343780518,0.5895709461689492,False,False
149053945-149053969-001,moderate_dysplastic,baseline,20260805,204.50966596603394,201.58073377609253,201.09545254707336,-2.9289321899414062,-3.4142134189605713,5,-3,8,False,2.9289321899414062,3.4142134189605713,0.48528122901916504,0.1656853752660191,False,False
149053945-149053976-001,moderate_dysplastic,baseline,20260805,231.7401144504547,217.6812388896942,220.55129647254944,-14.058875560760498,-11.188817977905273,41,-217,258,False,14.058875560760498,11.188817977905273,2.8700575828552246,0.2041455997281743,False,False
149054642-149054677-003,light_dysplastic,baseline,20260805,186.85281205177307,184.50966608524323,184.36753058433533,-2.343145966529846,-2.485281467437744,4,-31,35,False,2.343145966529846,2.485281467437744,0.14213550090789795,0.06066011376935167,False,True
149056321-149056343-001,severe_dysplastic,baseline,20260805,336.8944424390793,318.73506140708923,327.3624781370163,-18.15938103199005,-9.531964302062988,31,-192,223,False,18.15938103199005,9.531964302062988,8.627416729927063,0.47509420694068677,False,False
149056321-149056360-001,severe_dysplastic,baseline,20260805,212.9949471950531,212.40916073322296,212.40916097164154,-0.5857864618301392,-0.5857862234115601,6,-1,7,False,0.5857864618301392,0.5857862234115601,2.384185791015625e-07,4.070059563286679e-07,False,True
149056410-149056458-001,severe_dysplastic,baseline,20260805,140.7106772661209,140.12489068508148,140.12489080429077,-0.5857865810394287,-0.5857864618301392,1,-1,2,False,0.5857865810394287,0.5857864618301392,1.1920928955078125e-07,2.0350293675088025e-07,False,True
149056873-149056884-001,severe_dysplastic,baseline,20260805,167.1959581375122,164.85281240940094,164.85281229019165,-2.343145728111267,-2.3431458473205566,4,-73,77,False,2.343145728111267,2.3431458473205566,1.1920928955078125e-07,5.0875747129425e-08,False,True
149056873-149056884-002,severe_dysplastic,baseline,20260805,156.02438533306122,154.2670260667801,154.26702535152435,-1.757359266281128,-1.7573599815368652,3,-40,43,False,1.757359266281128,1.7573599815368652,7.152557373046875e-07,4.0700598393764454e-07,False,True
149056933-149056982-002,severe_dysplastic,baseline,20260805,136.225395321846,135.05382239818573,135.0538226366043,-1.1715729236602783,-1.1715726852416992,2,-15,17,False,1.1715729236602783,1.1715726852416992,2.384185791015625e-07,2.0350297816433394e-07,False,True
149057756-149057766-002,moderate_dysplastic,baseline,20260805,283.62236428260803,281.2792184352875,281.8650051355362,-2.3431458473205566,-1.7573591470718384,4,-80,84,False,2.3431458473205566,1.7573591470718384,0.5857867002487183,0.25000010175148907,False,False
149057756-149057788-002,moderate_dysplastic,baseline,20260805,302.89444231987,389.94826424121857,294.2914105653763,87.05382192134857,-8.603031754493713,23,-239,262,False,87.05382192134857,8.603031754493713,78.45079016685486,0.9011757144647091,False,False
149057812-149057825-003,moderate_dysplastic,baseline,20260805,304.0660152435303,290.59292590618134,300.77669191360474,-13.473089337348938,-3.289323329925537,23,-146,169,False,13.473089337348938,3.289323329925537,10.1837660074234,0.7558597551337274,False,False
149057812-149057825-005,moderate_dysplastic,baseline,20260805,177.19595766067505,177.19595766067505,177.19595766067505,0.0,0.0,0,0,0,False,0.0,0.0,0.0,0.0,False,True
149057812-149057847-004,moderate_dysplastic,baseline,20260805,213.58073365688324,212.40916073322296,212.16652047634125,-1.1715729236602783,-1.4142131805419922,2,-42,44,False,1.1715729236602783,1.4142131805419922,0.24264025688171387,0.2071064053986898,False,False
149057812-149057847-005,moderate_dysplastic,baseline,20260805,266.2081501483917,261.5218585729599,262.83556628227234,-4.686291575431824,-3.3725838661193848,8,-110,118,False,4.686291575431824,3.3725838661193848,1.313707709312439,0.28032991293150294,False,False
149058262-149058272-003,moderate_dysplastic,baseline,20260805,280.10764503479004,277.76449978351593,277.56348848342896,-2.343145251274109,-2.544156551361084,4,-128,132,False,2.343145251274109,2.544156551361084,0.2010113000869751,0.08578695664627414,False,True
149061666-149061699-003,moderate_dysplastic,baseline,20260805,225.33809351921082,221.82337427139282,223.48022866249084,-3.514719247817993,-1.8578648567199707,6,-50,56,False,3.514719247817993,1.8578648567199707,1.6568543910980225,0.47140447764828736,False,False
149095913-149095926-001,light_dysplastic,baseline,20260805,305.3380935192108,307.80612909793854,303.5807338953018,2.468035578727722,-1.7573596239089966,114,-6,120,False,2.468035578727722,1.7573596239089966,0.7106759548187256,0.28795207044182103,False,False
149097324-149097373-001,moderate_dysplastic,baseline,20260805,272.40916085243225,266.5512956380844,267.62236392498016,-5.857865214347839,-4.786796927452087,10,-92,102,False,5.857865214347839,4.786796927452087,1.071068286895752,0.18284276740822805,False,False
149097594-149097637-001,moderate_dysplastic,baseline,20260805,368.1076455116272,351.11983704566956,362.3330399990082,-16.98780846595764,-5.7746055126190186,36,-193,229,False,16.98780846595764,5.7746055126190186,11.213202953338623,0.6600735448488887,False,False
149097594-149097637-002,moderate_dysplastic,baseline,20260805,239.5218584537506,239.5218584537506,239.5218584537506,0.0,0.0,0,0,0,False,0.0,0.0,0.0,0.0,False,True
149098972-149098988-002,severe_dysplastic,baseline,20260805,230.40916109085083,228.06601524353027,229.23758792877197,-2.3431458473205566,-1.1715731620788574,4,-60,64,False,2.3431458473205566,1.1715731620788574,1.1715726852416992,0.49999989824851093,False,False
149099096-149099104-001,severe_dysplastic,baseline,20260805,179.1959582567215,179.1959582567215,179.1959582567215,0.0,0.0,0,0,0,False,0.0,0.0,0.0,0.0,False,True
149099276-149099290-001,light_dysplastic,baseline,20260805,316.46803629398346,291.2792184352875,305.7056243419647,-25.188817858695984,-10.762411952018738,60,-210,270,False,25.188817858695984,10.762411952018738,14.426405906677246,0.5727305659045365,False,False
149099276-149099290-002,light_dysplastic,baseline,20260805,264.46803629398346,242.2081503868103,256.4924215078354,-22.259885907173157,-7.975614786148071,38,-156,194,False,22.259885907173157,7.975614786148071,14.284271121025085,0.6417045972559112,False,False
149099502-149099525-002,light_dysplastic,baseline,20260805,252.22539567947388,234.6518017053604,247.52185833454132,-17.573593974113464,-4.703537344932556,30,-130,160,False,17.573593974113464,4.703537344932556,12.870056629180908,0.7323519963041689,False,False
149100006-149100028-002,severe_dysplastic,baseline,20260805,184.02438533306122,177.68123936653137,183.43859887123108,-6.343145966529846,-0.5857864618301392,7,-1,8,False,6.343145966529846,0.5857864618301392,5.757359504699707,0.907650483699872,False,False
149100064-149100072-001,moderate_dysplastic,baseline,20260805,382.1248904466629,351.4213534593582,362.09039986133575,-30.703536987304688,-20.03449058532715,52,-251,303,False,30.703536987304688,20.03449058532715,10.669046401977539,0.3474859071249342,False,False
149101620-149101650-001,moderate_dysplastic,baseline,20260805,268.26702558994293,262.40916073322296,265.8650048971176,-5.857864856719971,-2.4020206928253174,10,-68,78,False,5.857864856719971,2.4020206928253174,3.4558441638946533,0.5899494523043171,False,False
149102442-149102451-001,light_dysplastic,baseline,20260805,233.48022854328156,232.89444208145142,232.89444208145142,-0.5857864618301392,-0.5857864618301392,1,-1,2,False,0.5857864618301392,0.5857864618301392,0.0,0.0,False,True
149102510-149102519-001,moderate_dysplastic,baseline,20260805,241.33809316158295,236.06601512432098,237.8650040626526,-5.272078037261963,-3.473089098930359,14,-112,126,False,5.272078037261963,3.473089098930359,1.798988938331604,0.34122957316199043,False,False
149105003-149105050-001,light_dysplastic,baseline,20260805,206.40916061401367,204.06601452827454,203.82337415218353,-2.3431460857391357,-2.585786461830139,14,-84,98,False,2.3431460857391357,2.585786461830139,0.24264037609100342,0.10355324303839276,False,False
149105289-149105300-001,moderate_dysplastic,baseline,20260805,165.88224983215332,165.88224983215332,165.88224983215332,0.0,0.0,0,0,0,False,0.0,0.0,0.0,0.0,False,True
149105289-149105300-002,moderate_dysplastic,baseline,20260805,267.58073377609253,266.40916085243225,266.16652023792267,-1.1715729236602783,-1.4142135381698608,11,-4,15,False,1.1715729236602783,1.4142135381698608,0.24264061450958252,0.20710671065315706,False,False
149105289-149105311-001,moderate_dysplastic,baseline,20260805,222.7523068189621,219.2375876903534,220.30865573883057,-3.5147191286087036,-2.4436510801315308,11,-109,120,False,3.5147191286087036,2.4436510801315308,1.0710680484771729,0.30473787784606093,False,False
149105289-149105311-003,moderate_dysplastic,baseline,20260805,342.6345565319061,334.190905213356,339.16146743297577,-8.44365131855011,-3.473089098930359,13,-147,160,False,8.44365131855011,3.473089098930359,4.970562219619751,0.5886745001774024,False,False
149105289-149105311-004,moderate_dysplastic,baseline,20260805,364.676185965538,359.98989391326904,362.776691198349,-4.686292052268982,-1.8994947671890259,24,-30,54,False,4.686292052268982,1.8994947671890259,2.786797285079956,0.5946699979423307,False,False
149140081-149140096-002,moderate_dysplastic,baseline,20260805,367.37972366809845,348.3919152021408,360.57568085193634,-18.98780846595764,-6.804042816162109,35,-191,226,False,18.98780846595764,6.804042816162109,12.183765649795532,0.6416625526657929,False,False
149140849-149140856-001,moderate_dysplastic,baseline,20260805,438.0071402788162,419.26197254657745,432.85995149612427,-18.74516773223877,-5.147188782691956,32,-168,200,False,18.74516773223877,5.147188782691956,13.597978949546814,0.7254124979719657,False,False
149143028-149143108-002,severe_dysplastic,baseline,20260805,202.50966620445251,198.40916121006012,200.89444267749786,-4.100504994392395,-1.6152235269546509,7,-90,97,False,4.100504994392395,1.6152235269546509,2.485281467437744,0.6060915596582533,False,False
149143469-149143497-003,severe_dysplastic,baseline,20260805,195.63960921764374,191.53910398483276,192.8528118133545,-4.100505232810974,-2.7867974042892456,7,-58,65,False,4.100505232810974,2.7867974042892456,1.3137078285217285,0.3203770642724328,False,False
149146837-149146854-001,carcinoma_in_situ,baseline,20260805,257.6223644018173,257.0365779399872,256.79393672943115,-0.5857864618301392,-0.8284276723861694,1,-6,7,False,0.5857864618301392,0.8284276723861694,0.24264121055603027,0.41421443882120496,False,False
149181904-149181927-001,carcinoma_in_situ,baseline,20260805,180.85281217098236,178.50966668128967,179.33809328079224,-2.343145489692688,-1.5147188901901245,4,-47,51,False,2.343145489692688,1.5147188901901245,0.8284265995025635,0.3535532057854481,False,False
149181904-149181951-001,carcinoma_in_situ,baseline,20260805,183.43859839439392,182.8528118133545,182.8528115749359,-0.5857865810394287,-0.5857868194580078,1,-4,5,False,0.5857865810394287,0.5857868194580078,2.384185791015625e-07,4.070058735017605e-07,False,True
149182125-149182135-002,carcinoma_in_situ,baseline,20260805,227.58073389530182,226.99494791030884,226.9949473142624,-0.585785984992981,-0.5857865810394287,1,-8,9,False,0.585785984992981,0.5857865810394287,5.960464477539062e-07,1.0175157190915864e-06,False,True
149182657-149182667-001,carcinoma_in_situ,baseline,20260805,184.8528118133545,181.92387974262238,183.3380936384201,-2.9289320707321167,-1.5147181749343872,5,-61,66,False,2.9289320707321167,1.5147181749343872,1.4142138957977295,0.48284284566703256,False,False
149182657-149182681-002,carcinoma_in_situ,baseline,20260805,170.36753070354462,167.43859827518463,167.43859803676605,-2.9289324283599854,-2.9289326667785645,5,-45,50,False,2.9289324283599854,2.9289326667785645,2.384185791015625e-07,8.140118795265674e-08,False,True
149182657-149182698-003,carcinoma_in_situ,baseline,20260805,205.33809292316437,204.1665198802948,204.1665199995041,-1.1715730428695679,-1.1715729236602783,2,-27,29,False,1.1715730428695679,1.1715729236602783,1.1920928955078125e-07,1.017514787288025e-07,False,True
149185604-149185616-001,carcinoma_in_situ,baseline,20260805,306.49242103099823,300.1492749452591,303.2203423976898,-6.343146085739136,-3.2720786333084106,11,-161,172,False,6.343146085739136,3.2720786333084106,3.071067452430725,0.48415524582276254,False,False
149185604-149185645-003,carcinoma_in_situ,baseline,20260805,244.7523069381714,244.7523069381714,244.7523069381714,0.0,0.0,2,0,2,False,0.0,0.0,0.0,0.0,False,True
149185604-149185657-001,carcinoma_in_situ,baseline,20260805,193.09545302391052,189.58073377609253,190.99494671821594,-3.514719247817993,-2.10050630569458,6,-44,50,False,3.514719247817993,2.10050630569458,1.414212942123413,0.40236867937642085,False,False
149185698-149185709-002,carcinoma_in_situ,baseline,20260805,232.65180158615112,227.96551060676575,230.20815014839172,-4.686290979385376,-2.4436514377593994,8,-43,51,False,4.686290979385376,2.4436514377593994,2.2426395416259766,0.47855319942597907,False,False
149185788-149185824-001,carcinoma_in_situ,baseline,20260805,208.02438473701477,207.43859827518463,207.43859815597534,-0.5857864618301392,-0.5857865810394287,1,-17,18,False,0.5857864618301392,0.5857865810394287,1.1920928955078125e-07,2.0350297816433394e-07,False,True
149190861-149190868-001,moderate_dysplastic,baseline,20260805,373.53910398483276,343.07820773124695,364.8183217048645,-30.460896253585815,-8.720782279968262,66,-286,352,False,30.460896253585815,8.720782279968262,21.740113973617554,0.7137056570047028,False,False
149314453-149314465-001,carcinoma_in_situ,baseline,20260805,185.0954521894455,183.92387926578522,183.92387998104095,-1.1715729236602783,-1.171572208404541,2,-5,7,False,1.1715729236602783,1.171572208404541,7.152557373046875e-07,6.105089344930018e-07,False,True
149314453-149314507-001,carcinoma_in_situ,baseline,20260805,120.9116872549057,120.9116872549057,120.9116872549057,0.0,0.0,0,0,0,False,0.0,0.0,0.0,0.0,False,True
149314453-149314507-002,carcinoma_in_situ,baseline,20260805,151.88224983215332,150.71067690849304,150.46803677082062,-1.1715729236602783,-1.4142130613327026,2,-43,45,False,1.1715729236602783,1.4142130613327026,0.24264013767242432,0.20710630364720073,False,False
149314679-149314698-001,carcinoma_in_situ,baseline,20260805,229.13708221912384,226.2081503868103,227.86500418186188,-2.9289318323135376,-1.272078037261963,5,-58,63,False,2.9289318323135376,1.272078037261963,1.6568537950515747,0.5656853385156596,False,False
149315229-149315310-001,severe_dysplastic,baseline,20260805,308.8944425582886,303.62236416339874,307.279217839241,-5.2720783948898315,-1.6152247190475464,9,-87,96,False,5.2720783948898315,1.6152247190475464,3.656853675842285,0.6936265741774313,False,False
149315671-149315731-001,carcinoma_in_situ,baseline,20260805,243.96550965309143,239.27921736240387,240.59292578697205,-4.686292290687561,-3.3725838661193848,8,-105,113,False,4.686292290687561,3.3725838661193848,1.3137084245681763,0.2803300227727435,False,False
149315671-149315740-001,carcinoma_in_situ,baseline,20260805,209.4385985136032,207.68123877048492,208.1665199995041,-1.7573597431182861,-1.272078514099121,4,-74,78,False,1.7573597431182861,1.272078514099121,0.48528122901916504,0.27614222467511096,False,False
149316426-149316462-004,carcinoma_in_situ,baseline,20260805,159.8822500705719,158.1248905658722,158.1248903274536,-1.757359504699707,-1.7573597431182861,3,-28,31,False,1.757359504699707,1.7573597431182861,2.384185791015625e-07,1.35668642906565e-07,False,True
149316754-149316779-002,moderate_dysplastic,baseline,20260805,235.58073377609253,230.65180110931396,234.40916061401367,-4.9289326667785645,-1.1715731620788574,7,-19,26,False,4.9289326667785645,1.1715731620788574,3.757359504699707,0.7623069249910102,False,False
149317002-149317010-002,severe_dysplastic,baseline,20260805,169.9238795042038,166.9949471950531,167.09545242786407,-2.928932309150696,-2.8284270763397217,5,-69,74,False,2.928932309150696,2.8284270763397217,0.10050523281097412,0.03431463147747436,False,True
149317204-149317230-002,severe_dysplastic,baseline,20260805,188.6101714372635,187.43859839439392,187.19595789909363,-1.1715730428695679,-1.4142135381698608,2,-4,6,False,1.1715730428695679,1.4142135381698608,0.24264049530029297,0.20710658782826427,False,False
149788987-149788996-003,light_dysplastic,baseline,20260805,322.06601536273956,302.14927542209625,311.46298360824585,-19.91673994064331,-10.603031754493713,34,-190,224,False,19.91673994064331,10.603031754493713,9.313708186149597,0.4676321633915337,False,False
153268807-153268826-001,light_dysplastic,baseline,20260805,323.9827550649643,299.9655101299286,318.29141068458557,-24.017244935035706,-5.691344380378723,41,-128,169,False,24.017244935035706,5.691344380378723,18.325900554656982,0.7630309223321304,False,False
153276386-153276405-001,moderate_dysplastic,baseline,20260805,249.86500465869904,246.69343185424805,248.1076453924179,-3.1715728044509888,-1.757359266281128,4,-117,121,False,3.1715728044509888,1.757359266281128,1.4142135381698608,0.44590290854592773,False,False
153276386-153276405-002,moderate_dysplastic,baseline,20260805,276.3086556196213,269.86500430107117,273.76449966430664,-6.44365131855011,-2.5441559553146362,12,-147,159,False,6.44365131855011,2.5441559553146362,3.8994953632354736,0.605168586948448,False,False
153276386-153276414-001,moderate_dysplastic,baseline,20260805,250.20815074443817,249.0365777015686,248.79393637180328,-1.1715730428695679,-1.4142143726348877,2,-62,64,False,1.1715730428695679,1.4142143726348877,0.24264132976531982,0.20710730008861536,False,False
153314466-153314473-003,light_dysplastic,baseline,20260805,239.25483322143555,220.50966620445251,229.72286915779114,-18.745167016983032,-9.53196406364441,53,-245,298,False,18.745167016983032,9.53196406364441,9.213202953338623,0.4914975121316073,False,False
153654869-153654880-001,severe_dysplastic,baseline,20260805,331.8061292171478,321.7056237459183,327.5046135187149,-10.100505471229553,-4.301515698432922,27,-179,206,False,10.100505471229553,4.301515698432922,5.798989772796631,0.5741286700269179,False,False
153655016-153655039-005,severe_dysplastic,baseline,20260805,158.71067667007446,156.95331704616547,156.95331716537476,-1.7573596239089966,-1.757359504699707,3,-46,49,False,1.7573596239089966,1.757359504699707,1.1920928955078125e-07,6.783431685178765e-08,False,True
153655087-153655101-002,severe_dysplastic,baseline,20260805,168.36753058433533,166.02438473701477,166.36753034591675,-2.3431458473205566,-2.000000238418579,8,-37,45,False,2.3431458473205566,2.000000238418579,0.34314560890197754,0.1464465429219324,False,False
153656862-153656873-001,light_dysplastic,baseline,20260805,258.2670258283615,249.48022878170013,253.62236416339874,-8.786797046661377,-4.6446616649627686,15,-167,182,False,8.786797046661377,4.6446616649627686,4.142135381698608,0.4714044673732905,False,False
153657121-153657160-001,severe_dysplastic,baseline,20260805,247.72286880016327,245.96550929546356,246.10764503479004,-1.757359504699707,-1.61522376537323,3,-72,75,False,1.757359504699707,1.61522376537323,0.14213573932647705,0.08088028598949924,False,True
153659229-153659264-001,severe_dysplastic,baseline,20260805,238.55129599571228,237.3797229528427,237.379723072052,-1.1715730428695679,-1.1715729236602783,2,-9,11,False,1.1715730428695679,1.1715729236602783,1.1920928955078125e-07,1.017514787288025e-07,False,True
153697342-153697375-001,moderate_dysplastic,baseline,20260805,194.61017191410065,192.85281252861023,193.43859827518463,-1.7573593854904175,-1.1715736389160156,3,-48,51,False,1.7573593854904175,1.1715736389160156,0.5857857465744019,0.333332926327377,False,False
153697342-153697384-001,moderate_dysplastic,baseline,20260805,194.02438497543335,192.85281217098236,192.8528116941452,-1.1715728044509888,-1.171573281288147,2,-5,7,False,1.1715728044509888,1.171573281288147,4.76837158203125e-07,4.0700599774213424e-07,False,True
153697726-153697736-001,light_dysplastic,baseline,20260805,371.0538227558136,344.1076455116272,366.47517585754395,-26.9461772441864,-4.578646898269653,46,-165,211,False,26.9461772441864,4.578646898269653,22.367530345916748,0.8300817642228828,False,False
153701009-153701019-002,light_dysplastic,baseline,20260805,304.0071402788162,297.32084822654724,300.190904378891,-6.686292052268982,-3.816235899925232,10,-133,143,False,6.686292052268982,3.816235899925232,2.87005615234375,0.42924480861852293,False,False
153701622-153701650-001,moderate_dysplastic,baseline,20260805,245.27921783924103,242.35028529167175,243.7644990682602,-2.928932547569275,-1.514718770980835,5,-71,76,False,2.928932547569275,1.514718770980835,1.41421377658844,0.48284272635848097,False,False
153701949-153701958-001,light_dysplastic,baseline,20260805,333.23758828639984,318.00713860988617,330.2914102077484,-15.230449676513672,-2.9461780786514282,26,-136,162,False,15.230449676513672,2.9461780786514282,12.284271597862244,0.8065600070105203,False,False
153702037-153702051-003,light_dysplastic,baseline,20260805,320.93607199192047,314.4924203157425,316.63455641269684,-6.4436516761779785,-4.301515579223633,11,-112,123,False,6.4436516761779785,4.301515579223633,2.1421360969543457,0.33244132436173884,False,False
153826963-153826970-001,severe_dysplastic,baseline,20260805,238.69343149662018,233.17871260643005,234.93607199192047,-5.5147188901901245,-3.757359504699707,12,-98,110,False,5.5147188901901245,3.757359504699707,1.7573593854904175,0.31866708357818596,False,False
153826963-153826982-003,severe_dysplastic,baseline,20260805,309.42135310173035,307.0782073736191,307.320848941803,-2.343145728111267,-2.100504159927368,4,-83,87,False,2.343145728111267,2.100504159927368,0.24264156818389893,0.10355376760090988,False,False
153827595-153827657-002,carcinoma_in_situ,baseline,20260805,193.3380937576294,191.58073461055756,191.33809340000153,-1.7573591470718384,-2.0000003576278687,3,-60,63,False,1.7573591470718384,2.0000003576278687,0.24264121055603027,0.1380714983390424,False,False
153828877-153828902-002,severe_dysplastic,baseline,20260805,254.5929253101349,252.24977922439575,252.49242103099823,-2.3431460857391357,-2.1005042791366577,4,-100,104,False,2.3431460857391357,2.1005042791366577,0.24264180660247803,0.10355385354726514,False,False
153828952-153828970-001,severe_dysplastic,baseline,20260805,239.96551072597504,239.3797242641449,239.3797241449356,-0.5857864618301392,-0.5857865810394287,1,-1,2,False,0.5857864618301392,0.5857865810394287,1.1920928955078125e-07,2.0350297816433394e-07,False,True
153828952-153829005-001,severe_dysplastic,baseline,20260805,301.6639938354492,295.3208478689194,295.5634889602661,-6.343145966529846,-6.1005048751831055,9,-114,123,False,6.343145966529846,6.1005048751831055,0.24264109134674072,0.03825248427626563,False,True
153828952-153829005-002,severe_dysplastic,baseline,20260805,242.75230658054352,241.58073353767395,242.16652011871338,-1.1715730428695679,-0.5857864618301392,4,-1,5,False,1.1715730428695679,0.5857864618301392,0.5857865810394287,0.5000000508757394,False,False
153829664-153829672-001,light_dysplastic,baseline,20260805,343.0538227558136,316.1076452732086,335.7472538948059,-26.94617748260498,-7.30656886100769,46,-172,218,False,26.94617748260498,7.30656886100769,19.63960862159729,0.7288458125192554,False,False
153829745-153829768-001,severe_dysplastic,baseline,20260805,220.42640614509583,210.4680358171463,212.89444184303284,-9.958370327949524,-7.531964302062988,17,-106,123,False,9.958370327949524,7.531964302062988,2.4264060258865356,0.243654930071891,False,False
153829745-153829768-003,severe_dysplastic,baseline,20260805,289.8650050163269,284.59292590618134,287.90663504600525,-5.272079110145569,-1.9583699703216553,9,-98,107,False,5.272079110145569,1.9583699703216553,3.3137091398239136,0.6285393429410087,False,False
153830680-153830827-002,severe_dysplastic,baseline,20260805,218.75230741500854,216.40916073322296,216.75230717658997,-2.3431466817855835,-2.000000238418579,4,-10,14,False,2.3431466817855835,2.000000238418579,0.3431464433670044,0.14644684689799758,False,False
153831352-153831372-004,severe_dysplastic,baseline,20260805,323.42135322093964,315.3208477497101,323.42135322093964,-8.100505471229553,0.0,19,0,19,False,8.100505471229553,0.0,8.100505471229553,1.0,False,False
153915432-153915441-002,severe_dysplastic,baseline,20260805,280.93607223033905,277.42135298252106,279.4213533401489,-3.514719247817993,-1.5147188901901245,7,-94,101,False,3.514719247817993,1.5147188901901245,2.0000003576278687,0.569035594768916,False,False
153915432-153915472-001,severe_dysplastic,baseline,20260805,319.03657722473145,308.24977946281433,311.9482647180557,-10.786797761917114,-7.08831250667572,20,-218,238,False,10.786797761917114,7.08831250667572,3.698485255241394,0.34287147463716516,False,False
153915726-153915736-001,severe_dysplastic,baseline,20260805,238.89444196224213,226.20814979076385,236.10764503479004,-12.686292171478271,-2.7867969274520874,16,-104,120,False,12.686292171478271,2.7867969274520874,9.899495244026184,0.7803300688819501,False,False
153916114-153916129-002,severe_dysplastic,baseline,20260805,379.9655101299286,360.04876959323883,375.2030979394913,-19.91674053668976,-4.762412190437317,34,-209,243,False,19.91674053668976,4.762412190437317,15.154328346252441,0.7608839568068777,False,False
153916114-153916150-001,carcinoma_in_situ,baseline,20260805,218.16652011871338,214.65180134773254,215.13708293437958,-3.514718770980835,-3.0294371843338013,6,-92,98,False,3.514718770980835,3.0294371843338013,0.4852815866470337,0.13807124218692712,False,False
153916114-153916167-001,carcinoma_in_situ,baseline,20260805,222.26702558994293,220.50966596603394,220.1665198802948,-1.7573596239089966,-2.1005057096481323,3,-37,40,False,1.7573596239089966,2.1005057096481323,0.34314608573913574,0.19526230207557407,False,False
153916569-153916586-001,carcinoma_in_situ,baseline,20260805,206.7523066997528,201.4802292585373,204.7523068189621,-5.272077441215515,-1.9999998807907104,9,-39,48,False,5.272077441215515,1.9999998807907104,3.2720775604248047,0.6206429243327662,False,False
153956040-153956058-001,normal_columnar,baseline,20260805,179.05382251739502,173.7817441225052,175.09545230865479,-5.2720783948898315,-3.9583702087402344,9,-86,95,False,5.2720783948898315,3.9583702087402344,1.3137081861495972,0.24918221766636858,False,False
153956040-153956058-003,normal_columnar,baseline,20260805,189.53910374641418,188.95331728458405,188.95331716537476,-0.5857864618301392,-0.5857865810394287,6,-71,77,False,0.5857864618301392,0.5857865810394287,1.1920928955078125e-07,2.0350297816433394e-07,False,True
153956040-153956072-003,normal_columnar,baseline,20260805,154.81118190288544,150.7106761932373,151.19595766067505,-4.100505709648132,-3.615224242210388,7,-50,57,False,4.100505709648132,3.615224242210388,0.48528146743774414,0.11834673618327593,False,False
153956444-153956458-004,normal_columnar,baseline,20260805,163.2964631319046,159.7817441225052,161.7817440032959,-3.514719009399414,-1.5147191286087036,6,-35,41,False,3.514719009399414,1.5147191286087036,1.9999998807907104,0.5690354977004165,False,False
153958154-153958211-001,normal_columnar,baseline,20260805,185.09545230865479,180.75230598449707,181.58073365688324,-4.343146324157715,-3.5147186517715454,6,-104,110,False,4.343146324157715,3.5147186517715454,0.8284276723861694,0.1907436707297284,False,False
153958547-153958572-002,normal_columnar,baseline,20260805,137.05382299423218,136.46803653240204,136.46803641319275,-0.5857864618301392,-0.5857865810394287,1,-5,6,False,0.5857864618301392,0.5857865810394287,1.1920928955078125e-07,2.0350297816433394e-07,False,True
153958547-153958572-006,normal_columnar,baseline,20260805,138.22539520263672,137.05382227897644,137.63960897922516,-1.1715729236602783,-0.5857862234115601,2,-1,3,False,1.1715729236602783,0.5857862234115601,0.5857867002487183,0.5000002035029781,False,False
153958547-153958572-008,normal_columnar,baseline,20260805,147.15432798862457,146.56854140758514,146.56854140758514,-0.5857865810394287,-0.5857865810394287,1,-4,5,False,0.5857865810394287,0.5857865810394287,0.0,0.0,False,True
153958547-153958572-009,normal_columnar,baseline,20260805,136.81118214130402,135.63960897922516,135.63960897922516,-1.1715731620788574,-1.1715731620788574,2,-18,20,False,1.1715731620788574,1.1715731620788574,0.0,0.0,False,True
153958547-153958590-002,normal_columnar,baseline,20260805,211.63960921764374,211.8233743906021,211.63960921764374,0.18376517295837402,0.0,38,0,38,False,0.18376517295837402,0.0,0.18376517295837402,1.0,False,False
154519964-154519981-001,light_dysplastic,baseline,20260805,357.37972342967987,341.3208473920822,353.1614680290222,-16.058876037597656,-4.218255400657654,25,-147,172,False,16.058876037597656,4.218255400657654,11.840620636940002,0.7373256141474838,False,False
157181481-157181497-004,normal_columnar,baseline,20260805,132.56854140758514,129.63960933685303,130.71067643165588,-2.9289320707321167,-1.8578649759292603,5,-59,64,False,2.9289320707321167,1.8578649759292603,1.0710670948028564,0.365685194786758,False,False
157181671-157181697-001,normal_superficiel,baseline,20260805,126.97056245803833,119.94112491607666,120.46803605556488,-7.02943754196167,-6.50252640247345,12,-58,70,False,7.02943754196167,6.50252640247345,0.5269111394882202,0.07495779517818686,False,True
157183193-157183279-001,normal_superficiel,baseline,20260805,98.14213538169861,92.28427076339722,95.15432798862457,-5.857864618301392,-2.9878073930740356,10,-48,58,False,5.857864618301392,2.9878073930740356,2.870057225227356,0.48994939491441986,False,False
157183828-157183877-001,normal_intermediate,baseline,20260805,158.04163014888763,148.08326029777527,154.6101714372635,-9.958369851112366,-3.4314587116241455,17,-49,66,False,9.958369851112366,3.4314587116241455,6.52691113948822,0.6554196356504226,False,False
157183964-157183980-001,normal_superficiel,baseline,20260805,96.97056245803833,89.94112491607666,92.91168737411499,-7.02943754196167,-4.05887508392334,12,-40,52,False,7.02943754196167,4.05887508392334,2.97056245803833,0.42258892554429756,False,False
157184013-157184031-001,normal_superficiel,baseline,20260805,98.14213538169861,92.28427076339722,94.9116872549057,-5.857864618301392,-3.2304481267929077,42,-242,284,False,5.857864618301392,3.2304481267929077,2.627416491508484,0.44852803243349065,False,False
157184850-157184920-002,normal_columnar,baseline,20260805,171.19595766067505,169.43859815597534,169.4385986328125,-1.757359504699707,-1.7573590278625488,3,-34,37,False,1.757359504699707,1.7573590278625488,4.76837158203125e-07,2.7133728581313e-07,False,True
157184850-157184942-001,normal_superficiel,baseline,20260805,94.48528122901917,90.97056245803833,92.18376541137695,-3.514718770980835,-2.301515817642212,6,-31,37,False,3.514718770980835,2.301515817642212,1.213202953338623,0.3451778171714321,False,False
157185208-157185238-001,normal_superficiel,baseline,20260805,111.31370830535889,106.62741661071777,107.74011445045471,-4.686291694641113,-3.573593854904175,8,-54,62,False,4.686291694641113,3.573593854904175,1.1126978397369385,0.23743674364302483,False,False
157185433-157185479-002,normal_columnar,baseline,20260805,131.7401144504547,131.154327750206,131.1543276309967,-0.5857867002487183,-0.5857868194580078,1,-7,8,False,0.5857867002487183,0.5857868194580078,1.1920928955078125e-07,2.035028953374434e-07,False,True
157185433-157185479-003,normal_columnar,baseline,20260805,115.84061968326569,115.25483322143555,115.25483274459839,-0.5857864618301392,-0.5857869386672974,1,-6,7,False,0.5857864618301392,0.5857869386672974,4.76837158203125e-07,8.140119126573358e-07,False,True
157185433-157185479-004,normal_columnar,baseline,20260805,143.0538227558136,141.88224971294403,141.63960921764374,-1.1715730428695679,-1.4142135381698608,2,-1,3,False,1.1715730428695679,1.4142135381698608,0.24264049530029297,0.20710658782826427,False,False
157185433-157185479-006,normal_columnar,baseline,20260805,162.56854128837585,161.98275482654572,161.98275470733643,-0.5857864618301392,-0.5857865810394287,3,-1,4,False,0.5857864618301392,0.5857865810394287,1.1920928955078125e-07,2.0350297816433394e-07,False,True
157185433-157185508-001,normal_columnar,baseline,20260805,149.63960874080658,149.05382227897644,149.05382239818573,-0.5857864618301392,-0.5857863426208496,1,-1,2,False,0.5857864618301392,0.5857863426208496,1.1920928955078125e-07,2.0350297816433394e-07,False,True
157185730-157185758-001,normal_columnar,baseline,20260805,246.89444196224213,245.13708245754242,244.0660148859024,-1.757359504699707,-2.8284270763397217,3,-1,4,False,1.757359504699707,2.8284270763397217,1.0710675716400146,0.6094755050265233,False,False
157185781-157185793-003,normal_columnar,baseline,20260805,198.50966596603394,198.50966596603394,198.50966596603394,0.0,0.0,0,0,0,False,0.0,0.0,0.0,0.0,False,True
157222534-157222607-001,normal_superficiel,baseline,20260805,77.89949476718903,73.79898953437805,73.69848418235779,-4.100505232810974,-4.201010584831238,7,-21,28,False,4.100505232810974,4.201010584831238,0.10050535202026367,0.02451048012719285,False,True
157222647-157222687-001,normal_intermediate,baseline,20260805,169.4558436870575,158.911687374115,164.36753058433533,-10.544156312942505,-5.088313102722168,18,-60,78,False,10.544156312942505,5.088313102722168,5.455843210220337,0.5174281420243667,False,False
157222801-157222811-001,normal_intermediate,baseline,20260805,134.76955199241638,123.05382263660431,126.12489056587219,-11.715729355812073,-8.64466142654419,20,-87,107,False,11.715729355812073,8.64466142654419,3.0710679292678833,0.2621320308790125,False,False
157223549-157223570-001,normal_intermediate,baseline,20260805,151.11269783973694,138.22539567947388,141.43859827518463,-12.887302160263062,-9.674099564552307,25,-119,144,False,12.887302160263062,9.674099564552307,3.2132025957107544,0.24933089608299872,False,False
157224412-157224429-001,normal_superficiel,baseline,20260805,115.31370830535889,110.62741661071777,112.08326029777527,-4.686291694641113,-3.230448007583618,14,-123,137,False,4.686291694641113,3.230448007583618,1.4558436870574951,0.31066006597973556,False,False
157224458-157224464-001,normal_intermediate,baseline,20260805,179.4558436870575,168.911687374115,175.6812391281128,-10.544156312942505,-3.774604558944702,33,-190,223,False,10.544156312942505,3.774604558944702,6.769551753997803,0.6420192904090832,False,False
157224458-157224483-001,normal_superficiel,baseline,20260805,88.48528122901917,84.97056245803833,85.01219236850739,-3.514718770980835,-3.47308886051178,6,-31,37,False,3.514718770980835,3.47308886051178,0.041629910469055176,0.011844449920935701,False,True
157227058-157227087-001,normal_columnar,baseline,20260805,246.55129623413086,245.379723072052,245.3797231912613,-1.1715731620788574,-1.1715730428695679,2,-2,4,False,1.1715731620788574,1.1715730428695679,1.1920928955078125e-07,1.0175146837544013e-07,False,True
157227461-157227503-003,normal_columnar,baseline,20260805,195.1959583759308,193.43859887123108,193.19595801830292,-1.757359504699707,-2.0000003576278687,3,-60,63,False,1.757359504699707,2.0000003576278687,0.24264085292816162,0.13807126673811881,False,False
157266930-157266947-001,normal_columnar,baseline,20260805,197.58073449134827,196.99494802951813,196.99494743347168,-0.5857864618301392,-0.5857870578765869,1,-6,7,False,0.5857864618301392,0.5857870578765869,5.960464477539062e-07,1.0175148908216698e-06,False,True
157268504-157268544-001,normal_superficiel,baseline,20260805,109.31370830535889,104.62741661071777,106.87005722522736,-4.686291694641113,-2.4436510801315308,8,-17,25,False,4.686291694641113,2.4436510801315308,2.2426406145095825,0.4785533553265785,False,False
158986766-158986776-001,normal_columnar,baseline,20260805,196.2670258283615,193.9238795042038,194.5096663236618,-2.343146324157715,-1.757359504699707,4,-66,70,False,2.343146324157715,1.757359504699707,0.5857868194580078,0.25000010175146836,False,False
158986813-158986820-001,normal_columnar,baseline,20260805,138.81118214130402,138.81118214130402,138.81118214130402,0.0,0.0,0,0,0,False,0.0,0.0,0.0,0.0,False,True
158986920-158986928-004,normal_columnar,baseline,20260805,36.72792184352875,67.35533821582794,28.3847758769989,30.627416372299194,-8.343145966529846,7,-35,42,False,30.627416372299194,8.343145966529846,22.284270405769348,0.7275922374544214,False,False
204870858-204870872-001,light_dysplastic,baseline,20260805,210.46803605556488,208.71067655086517,209.2964630126953,-1.757359504699707,-1.1715730428695679,3,-8,11,False,1.757359504699707,1.1715730428695679,0.5857864618301392,0.3333333107218929,False,False
204870951-204870961-002,light_dysplastic,baseline,20260805,412.20815074443817,372.5340510606766,401.9310201406479,-39.6740996837616,-10.277130603790283,49,-257,306,False,39.6740996837616,10.277130603790283,29.396969079971313,0.7409612143512192,False,False
204871030-204871038-001,light_dysplastic,baseline,20260805,367.13708305358887,348.39191579818726,359.64674854278564,-18.74516725540161,-7.490334510803223,32,-204,236,False,18.74516725540161,7.490334510803223,11.254832744598389,0.600412500526246,False,False
204871030-204871038-002,light_dysplastic,baseline,20260805,451.4802289009094,413.5046132802963,446.90158212184906,-37.9756156206131,-4.578646779060364,61,-227,288,False,37.9756156206131,4.578646779060364,33.396968841552734,0.8794319274557044,False,False
209047342-209047443-001,normal_superficiel,baseline,20260805,128.62741661071777,119.25483322143555,124.2253954410553,-9.372583389282227,-4.402021169662476,16,-49,65,False,9.372583389282227,4.402021169662476,4.970562219619751,0.5303300075519956,False,False
209047526-209047626-001,normal_intermediate,baseline,20260805,152.62741661071777,143.25483322143555,148.9533176422119,-9.372583389282227,-3.6740989685058594,35,-147,182,False,9.372583389282227,3.6740989685058594,5.698484420776367,0.6079950622037378,False,False
209047526-209047798-001,normal_superficiel,baseline,20260805,99.89949476718903,95.79898953437805,97.69848418235779,-4.100505232810974,-2.201010584831238,7,-18,25,False,4.100505232810974,2.201010584831238,1.8994946479797363,0.46323429434513774,False,False
209307421-209307504-001,normal_intermediate,baseline,20260805,161.35533845424652,149.05382299423218,156.95331716537476,-12.301515460014343,-4.402021288871765,62,-278,340,False,12.301515460014343,4.402021288871765,7.899494171142578,0.6421561796040183,False,False
209522474-209522522-001,normal_intermediate,baseline,20260805,164.28427076339722,152.56854152679443,159.78174436092377,-11.715729236602783,-4.50252640247345,38,-281,319,False,11.715729236602783,4.50252640247345,7.2132028341293335,0.6156853481722279,False,False
209522940-209522970-001,normal_intermediate,baseline,20260805,155.94112491607666,144.2253955602646,151.19595766067505,-11.715729355812073,-4.745167255401611,30,-134,164,False,11.715729355812073,4.745167255401611,6.970562100410461,0.5949746608778075,False,False
209565409-209565503-001,normal_intermediate,baseline,20260805,148.04163014888763,138.08326029777527,144.4680359363556,-9.958369851112366,-3.5735942125320435,22,-90,112,False,9.958369851112366,3.5735942125320435,6.384775638580322,0.6411466669785449,False,False
209565409-209565600-001,normal_intermediate,baseline,20260805,159.79898953437805,151.5979790687561,156.71067655086517,-8.201010465621948,-3.0883129835128784,18,-107,125,False,8.201010465621948,3.0883129835128784,5.11269748210907,0.6234228700891352,False,False
209565864-209565890-001,normal_intermediate,baseline,20260805,169.35533845424652,154.71067690849304,163.68123924732208,-14.644661545753479,-5.6740992069244385,25,-82,107,False,14.644661545753479,5.6740992069244385,8.97056233882904,0.6125482866779014,False,False
209565864-209565911-001,normal_intermediate,baseline,20260805,152.04163014888763,142.08326029777527,149.15432786941528,-9.958369851112366,-2.887302279472351,17,-41,58,False,9.958369851112366,2.887302279472351,7.071067571640015,0.7100627590016819,False,False
209566047-209566095-001,normal_intermediate,baseline,20260805,186.76955199241638,171.53910398483276,182.89444231987,-15.230448007583618,-3.8751096725463867,26,-91,117,False,15.230448007583618,3.8751096725463867,11.355338335037231,0.7455682412876579,False,False
209566205-209566247-001,normal_intermediate,baseline,20260805,148.87005722522736,137.7401144504547,145.0538226366043,-11.129942774772644,-3.816234588623047,19,-25,44,False,11.129942774772644,3.816234588623047,7.313708186149597,0.6571200170702582,False,False
209566205-209566289-001,normal_intermediate,baseline,20260805,162.1421353816986,156.28427076339722,158.56854152679443,-5.857864618301392,-3.573593854904175,10,-48,58,False,5.857864618301392,3.573593854904175,2.284270763397217,0.3899493949144199,False,False
209566399-209566485-001,normal_intermediate,baseline,20260805,159.2132030725479,150.42640614509583,153.88225030899048,-8.786796927452087,-5.330952763557434,15,-43,58,False,8.786796927452087,5.330952763557434,3.4558441638946533,0.3932996508770741,False,False
148495842-148495854-001,light_dysplastic,nc_aware_lambda_0p10,20260803,215.23758828639984,212.89444231987,213.23758792877197,-2.343145966529846,-2.0000003576278687,4,-66,70,False,2.343145966529846,2.0000003576278687,0.34314560890197754,0.14644653547135586,False,False
148497551-148497588-001,light_dysplastic,nc_aware_lambda_0p10,20260803,208.75230622291565,208.16651964187622,208.1665198802948,-0.5857865810394287,-0.5857863426208496,1,-1,2,False,0.5857865810394287,0.5857863426208496,2.384185791015625e-07,4.070058735017605e-07,False,True
148497788-148497816-002,light_dysplastic,nc_aware_lambda_0p10,20260803,182.56854152679443,169.68123960494995,175.82337427139282,-12.887301921844482,-6.745167255401611,26,-135,161,False,12.887301921844482,6.745167255401611,6.142134666442871,0.47660361367275117,False,False
148503209-148503222-001,light_dysplastic,nc_aware_lambda_0p10,20260803,414.30865597724915,397.90663516521454,407.5218588113785,-16.402020812034607,-6.7867971658706665,34,-29,63,False,16.402020812034607,6.7867971658706665,9.61522364616394,0.5862218903605457,False,False
148503209-148503231-001,light_dysplastic,nc_aware_lambda_0p10,20260803,520.9777027368546,483.83051443099976,507.67113423347473,-37.1471883058548,-13.306568503379822,61,-320,381,False,37.1471883058548,13.306568503379822,23.840619802474976,0.6417880030698699,False,False
148503400-148503432-001,light_dysplastic,nc_aware_lambda_0p10,20260803,334.7523070573807,308.1492750644684,322.2914105653763,-26.603031992912292,-12.460896492004395,56,-215,271,False,26.603031992912292,12.460896492004395,14.142135500907898,0.531598635248633,False,False
148503568-148503580-002,light_dysplastic,nc_aware_lambda_0p10,20260803,326.49242091178894,330.5340505838394,322.67618560791016,4.041629672050476,-3.816235303878784,14,-120,134,False,4.041629672050476,3.816235303878784,0.2253943681716919,0.0557681891862548,False,True
148718455-148718461-001,light_dysplastic,nc_aware_lambda_0p10,20260803,375.63960921764374,349.27921772003174,370.5340505838394,-26.360391497612,-5.105558633804321,45,-117,162,False,26.360391497612,5.105558633804321,21.254832863807678,0.8063170406908852,False,False
148719308-148719348-004,light_dysplastic,nc_aware_lambda_0p10,20260803,190.85281229019165,190.26702570915222,190.85281229019165,-0.5857865810394287,0.0,1,0,1,False,0.5857865810394287,0.0,0.5857865810394287,1.0,False,False
148719308-148719357-001,light_dysplastic,nc_aware_lambda_0p10,20260803,221.5807340145111,213.96550989151,218.7939372062683,-7.615224123001099,-2.786796808242798,13,-103,116,False,7.615224123001099,2.786796808242798,4.828427314758301,0.6340492724533834,False,False
148848523-148848559-002,moderate_dysplastic,nc_aware_lambda_0p10,20260803,305.5634888410568,302.04877054691315,304.39191579818726,-3.5147182941436768,-1.1715730428695679,6,-50,56,False,3.5147182941436768,1.1715730428695679,2.343145251274109,0.6666665875266089,False,False
148881870-148882178-002,light_dysplastic,nc_aware_lambda_0p10,20260803,226.75230705738068,221.48022866249084,224.10764467716217,-5.2720783948898315,-2.644662380218506,9,-117,126,False,5.2720783948898315,2.644662380218506,2.6274160146713257,0.49836436749841423,False,False
148882307-148882323-001,light_dysplastic,nc_aware_lambda_0p10,20260803,355.1959581375122,322.39191579818726,346.4751762151718,-32.80404233932495,-8.720781922340393,56,-156,212,False,32.80404233932495,8.720781922340393,24.083260416984558,0.7341552656184064,False,False
148882535-148882616-001,light_dysplastic,nc_aware_lambda_0p10,20260803,522.9360725879669,475.83051455020905,514.2985506057739,-47.10555803775787,-8.637521982192993,99,-432,531,False,47.10555803775787,8.637521982192993,38.46803605556488,0.816634759421181,False,False
148882671-148882687-001,light_dysplastic,nc_aware_lambda_0p10,20260803,524.2914110422134,498.27416491508484,516.9432120323181,-26.0172461271286,-7.348199009895325,42,-205,247,False,26.0172461271286,7.348199009895325,18.669047117233276,0.7175643043083934,False,False
149011613-149011656-001,light_dysplastic,nc_aware_lambda_0p10,20260803,272.56854152679443,249.1370825767517,264.7350615262985,-23.431458950042725,-7.833480000495911,40,-148,188,False,23.431458950042725,7.833480000495911,15.597978949546814,0.665685349888056,False,False
149013033-149013072-001,moderate_dysplastic,nc_aware_lambda_0p10,20260803,197.5807341337204,196.99494767189026,196.99494755268097,-0.5857864618301392,-0.5857865810394287,1,-30,31,False,0.5857864618301392,0.5857865810394287,1.1920928955078125e-07,2.0350297816433394e-07,False,True
149014929-149014984-001,moderate_dysplastic,nc_aware_lambda_0p10,20260803,305.22034299373627,333.60511898994446,300.3919162750244,28.38477599620819,-4.828426718711853,3,-145,148,False,28.38477599620819,4.828426718711853,23.556349277496338,0.8298937881575369,False,False
149014929-149015008-003,moderate_dysplastic,nc_aware_lambda_0p10,20260803,321.1787129640579,316.24978041648865,316.8771971464157,-4.928932547569275,-4.301515817642212,9,-154,163,False,4.928932547569275,4.301515817642212,0.627416729927063,0.12729261840608397,False,False
149014929-149015022-001,light_dysplastic,nc_aware_lambda_0p10,20260803,312.40916097164154,303.03657734394073,309.6639940738678,-9.372583627700806,-2.7451668977737427,17,-134,151,False,9.372583627700806,2.7451668977737427,6.627416729927063,0.7071067053848031,False,False
149014929-149015022-002,light_dysplastic,nc_aware_lambda_0p10,20260803,287.4385987520218,273.3797242641449,283.8061292171478,-14.058874487876892,-3.6324695348739624,24,-122,146,False,14.058874487876892,3.6324695348739624,10.42640495300293,0.7416244424113554,False,False
149053341-149053350-001,moderate_dysplastic,nc_aware_lambda_0p10,20260803,282.02438521385193,273.23758816719055,278.1076456308365,-8.786797046661377,-3.916739583015442,15,-97,112,False,8.786797046661377,3.916739583015442,4.870057463645935,0.5542471776443678,False,False
149053945-149053969-001,moderate_dysplastic,nc_aware_lambda_0p10,20260803,245.23758792877197,239.37972271442413,242.79393649101257,-5.857865214347839,-2.4436514377593994,10,-53,63,False,5.857865214347839,2.4436514377593994,3.41421377658844,0.5828426656567494,False,False
149053945-149053976-001,moderate_dysplastic,nc_aware_lambda_0p10,20260803,371.78174459934235,351.2792179584503,367.3036028146744,-20.50252664089203,-4.478141784667969,35,-195,230,False,20.50252664089203,4.478141784667969,16.02438485622406,0.7815809795980768,False,False
149054642-149054677-003,light_dysplastic,nc_aware_lambda_0p10,20260803,179.68123936653137,177.68123936653137,177.4385986328125,-2.0,-2.242640733718872,2,-39,41,False,2.0,2.242640733718872,0.24264073371887207,0.12132036685943604,False,False
149056321-149056343-001,severe_dysplastic,nc_aware_lambda_0p10,20260803,338.8944424390793,322.4924215078354,333.70562422275543,-16.402020931243896,-5.1888182163238525,28,-156,184,False,16.402020931243896,5.1888182163238525,11.213202714920044,0.6836476286626503,False,False
149056321-149056360-001,severe_dysplastic,nc_aware_lambda_0p10,20260803,213.8233743906021,211.23758792877197,211.82337427139282,-2.585786461830139,-2.0000001192092896,3,-26,29,False,2.585786461830139,2.0000001192092896,0.5857863426208496,0.22654088079889176,False,False
149056410-149056458-001,severe_dysplastic,nc_aware_lambda_0p10,20260803,151.88224983215332,151.2964632511139,151.29646384716034,-0.5857865810394287,-0.585785984992981,1,-4,5,False,0.5857865810394287,0.585785984992981,5.960464477539062e-07,1.0175146837544012e-06,False,True
149056873-149056884-001,severe_dysplastic,nc_aware_lambda_0p10,20260803,170.1248903274536,167.78174448013306,167.92388010025024,-2.3431458473205566,-2.201010227203369,4,-65,69,False,2.3431458473205566,2.201010227203369,0.1421356201171875,0.060660167731224665,False,True
149056873-149056884-002,severe_dysplastic,nc_aware_lambda_0p10,20260803,156.50966668128967,154.75230741500854,155.09545266628265,-1.757359266281128,-1.414214015007019,3,-67,70,False,1.757359266281128,1.414214015007019,0.3431452512741089,0.19526186697172218,False,False
149056933-149056982-002,severe_dysplastic,nc_aware_lambda_0p10,20260803,143.15432786941528,143.15432786941528,143.15432786941528,0.0,0.0,0,0,0,False,0.0,0.0,0.0,0.0,False,True
149057756-149057766-002,moderate_dysplastic,nc_aware_lambda_0p10,20260803,288.1076453924179,286.93607223033905,286.93607234954834,-1.1715731620788574,-1.1715730428695679,2,-17,19,False,1.1715731620788574,1.1715730428695679,1.1920928955078125e-07,1.0175146837544013e-07,False,True
149057756-149057788-002,moderate_dysplastic,nc_aware_lambda_0p10,20260803,301.7228692770004,289.4213533401489,298.0487698316574,-12.301515936851501,-3.6740994453430176,26,-177,203,False,12.301515936851501,3.6740994453430176,8.627416491508484,0.7013295382289786,False,False
149057812-149057825-003,moderate_dysplastic,nc_aware_lambda_0p10,20260803,295.82337474823,280.5929266214371,290.49242186546326,-15.230448126792908,-5.330952882766724,26,-135,161,False,15.230448126792908,5.330952882766724,9.899495244026184,0.6499805627262742,False,False
149057812-149057825-005,moderate_dysplastic,nc_aware_lambda_0p10,20260803,178.85281229019165,178.2670260667801,178.26702570915222,-0.5857862234115601,-0.5857865810394287,1,-1,2,False,0.5857862234115601,0.5857865810394287,3.5762786865234375e-07,6.105091829738757e-07,False,True
149057812-149057847-004,moderate_dysplastic,nc_aware_lambda_0p10,20260803,207.92387986183167,207.3380936384201,207.33809304237366,-0.5857862234115601,-0.5857868194580078,1,-20,21,False,0.5857862234115601,0.5857868194580078,5.960464477539062e-07,1.0175153049564595e-06,False,True
149057812-149057847-005,moderate_dysplastic,nc_aware_lambda_0p10,20260803,268.79393661022186,264.693431019783,267.1787133216858,-4.100505590438843,-1.6152232885360718,7,-91,98,False,4.100505590438843,1.6152232885360718,2.485282301902771,0.6060916750601947,False,False
149058262-149058272-003,moderate_dysplastic,nc_aware_lambda_0p10,20260803,316.1076452732086,286.2497800588608,311.1198375225067,-29.85786521434784,-4.987807750701904,22,-122,144,False,29.85786521434784,4.987807750701904,24.870057463645935,0.8329482796276717,False,False
149061666-149061699-003,moderate_dysplastic,nc_aware_lambda_0p10,20260803,218.50966656208038,213.82337486743927,216.06601428985596,-4.686291694641113,-2.4436522722244263,8,-91,99,False,4.686291694641113,2.4436522722244263,2.242639422416687,0.4785531009478558,False,False
149095913-149095926-001,light_dysplastic,nc_aware_lambda_0p10,20260803,449.37972366809845,411.9898945093155,438.9432125091553,-37.38982915878296,-10.436511158943176,105,-316,421,False,37.38982915878296,10.436511158943176,26.953317999839783,0.7208729915661672,False,False
149097324-149097373-001,moderate_dysplastic,nc_aware_lambda_0p10,20260803,248.85281205177307,242.4091601371765,246.45079135894775,-6.443651914596558,-2.4020206928253174,11,-90,101,False,6.443651914596558,2.4020206928253174,4.04163122177124,0.627226807924849,False,False
149097594-149097637-001,moderate_dysplastic,nc_aware_lambda_0p10,20260803,331.7228693962097,319.42135322093964,325.8061283826828,-12.30151617527008,-5.9167410135269165,37,-207,244,False,12.30151617527008,5.9167410135269165,6.384775161743164,0.5190234334348616,False,False
149097594-149097637-002,moderate_dysplastic,nc_aware_lambda_0p10,20260803,239.52185916900635,238.9360728263855,238.93607211112976,-0.5857863426208496,-0.5857870578765869,1,-8,9,False,0.5857863426208496,0.5857870578765869,7.152557373046875e-07,1.221018117466827e-06,False,True
149098972-149098988-002,severe_dysplastic,nc_aware_lambda_0p10,20260803,197.92387998104095,196.75230729579926,196.7523069381714,-1.1715726852416992,-1.1715730428695679,2,-5,7,False,1.1715726852416992,1.1715730428695679,3.5762786865234375e-07,3.0525452936670674e-07,False,True
149099096-149099104-001,severe_dysplastic,nc_aware_lambda_0p10,20260803,188.26702535152435,188.26702535152435,188.26702535152435,0.0,0.0,0,0,0,False,0.0,0.0,0.0,0.0,False,True
149099276-149099290-001,light_dysplastic,nc_aware_lambda_0p10,20260803,303.0538227558136,279.03657734394073,296.9777019023895,-24.017245411872864,-6.076120853424072,41,-145,186,False,24.017245411872864,6.076120853424072,17.94112455844879,0.7470100859101703,False,False
149099276-149099290-002,light_dysplastic,nc_aware_lambda_0p10,20260803,249.0538227558136,229.72286903858185,242.3502860069275,-19.33095371723175,-6.703536748886108,33,-100,133,False,19.33095371723175,6.703536748886108,12.627416968345642,0.6532226579741626,False,False
149099502-149099525-002,light_dysplastic,nc_aware_lambda_0p10,20260803,239.9827550649643,222.994948387146,234.7939372062683,-16.9878066778183,-5.188817858695984,29,-106,135,False,16.9878066778183,5.188817858695984,11.798988819122314,0.6945563393141715,False,False
149100006-149100028-002,severe_dysplastic,nc_aware_lambda_0p10,20260803,186.6101714372635,180.50966680049896,183.82337403297424,-6.100504636764526,-2.7867974042892456,9,-76,85,False,6.100504636764526,2.7867974042892456,3.3137072324752808,0.5431857575364034,False,False
149100064-149100072-001,moderate_dysplastic,nc_aware_lambda_0p10,20260803,360.9533175230026,329.07820773124695,352.8183215856552,-31.875109791755676,-8.134995937347412,55,-241,296,False,31.875109791755676,8.134995937347412,23.740113854408264,0.7447853202547561,False,False
149101620-149101650-001,moderate_dysplastic,nc_aware_lambda_0p10,20260803,261.78174459934235,251.82337427139282,259.9238793849945,-9.958370327949524,-1.8578652143478394,17,-29,46,False,9.958370327949524,1.8578652143478394,8.100505113601685,0.8134368221742581,False,False
149102442-149102451-001,light_dysplastic,nc_aware_lambda_0p10,20260803,224.16652047634125,223.58073389530182,223.58073341846466,-0.5857865810394287,-0.5857870578765869,1,-41,42,False,0.5857865810394287,0.5857870578765869,4.76837158203125e-07,8.14011747003521e-07,False,True
149102510-149102519-001,moderate_dysplastic,nc_aware_lambda_0p10,20260803,282.5512959957123,274.35028517246246,276.7939363718033,-8.201010823249817,-5.757359623908997,14,-38,52,False,8.201010823249817,5.757359623908997,2.4436511993408203,0.2979695127840929,False,False
149105003-149105050-001,light_dysplastic,nc_aware_lambda_0p10,20260803,203.33809328079224,203.33809328079224,203.33809328079224,0.0,0.0,0,0,0,False,0.0,0.0,0.0,0.0,False,True
149105289-149105300-001,moderate_dysplastic,nc_aware_lambda_0p10,20260803,196.61017179489136,192.02438509464264,195.09545278549194,-4.585786700248718,-1.514719009399414,5,-62,67,False,4.585786700248718,1.514719009399414,3.071067690849304,0.6696926594258602,False,False
149105289-149105300-002,moderate_dysplastic,nc_aware_lambda_0p10,20260803,304.93607211112976,300.5929261445999,301.4213533401489,-4.343145966529846,-3.514718770980835,9,-94,103,False,4.343145966529846,3.514718770980835,0.8284271955490112,0.1907435766454151,False,False
149105289-149105311-001,moderate_dysplastic,nc_aware_lambda_0p10,20260803,245.48022878170013,243.1370825767517,243.3797241449356,-2.3431462049484253,-2.1005046367645264,9,-97,106,False,2.3431462049484253,2.1005046367645264,0.24264156818389893,0.10355374652741299,False,False
149105289-149105311-003,moderate_dysplastic,nc_aware_lambda_0p10,20260803,327.9482637643814,326.77669072151184,326.776691198349,-1.1715730428695679,-1.1715725660324097,7,-37,44,False,1.1715730428695679,1.1715725660324097,4.76837158203125e-07,4.0700591491521e-07,False,True
149105289-149105311-004,moderate_dysplastic,nc_aware_lambda_0p10,20260803,324.73506116867065,316.39191496372223,320.63455605506897,-8.343146204948425,-4.100505113601685,38,-309,347,False,8.343146204948425,4.100505113601685,4.242641091346741,0.5085181281889052,False,False
149140081-149140096-002,moderate_dysplastic,nc_aware_lambda_0p10,20260803,389.722869515419,385.01933157444,385.0609620809555,-4.703537940979004,-4.661907434463501,47,-186,233,False,4.703537940979004,4.661907434463501,0.04163050651550293,0.008850892038693298,False,True
149140849-149140856-001,moderate_dysplastic,nc_aware_lambda_0p10,20260803,468.2497808933258,443.40410923957825,459.4873685836792,-24.84567165374756,-8.762412309646606,44,-234,278,False,24.84567165374756,8.762412309646606,16.083259344100952,0.6473264063149228,False,False
149143028-149143108-002,severe_dysplastic,nc_aware_lambda_0p10,20260803,200.50966608524323,198.16652071475983,198.40916049480438,-2.3431453704833984,-2.1005055904388428,4,-76,80,False,2.3431453704833984,2.1005055904388428,0.24263978004455566,0.10355302026971476,False,False
149143469-149143497-003,severe_dysplastic,nc_aware_lambda_0p10,20260803,181.7401144504547,178.81118261814117,180.4680358171463,-2.9289318323135376,-1.2720786333084106,5,-14,19,False,2.9289318323135376,1.2720786333084106,1.656853199005127,0.5656851350126483,False,False
149146837-149146854-001,carcinoma_in_situ,nc_aware_lambda_0p10,20260803,265.03657722473145,265.03657722473145,265.03657722473145,0.0,0.0,0,0,0,False,0.0,0.0,0.0,0.0,False,True
149181904-149181927-001,carcinoma_in_situ,nc_aware_lambda_0p10,20260803,181.3380936384201,180.1665209531784,180.16652047634125,-1.1715726852416992,-1.1715731620788574,2,-66,68,False,1.1715726852416992,1.1715731620788574,4.76837158203125e-07,4.0700603915560897e-07,False,True
149181904-149181951-001,carcinoma_in_situ,nc_aware_lambda_0p10,20260803,182.26702547073364,179.9238795042038,180.50966608524323,-2.343145966529846,-1.7573593854904175,4,-45,49,False,2.343145966529846,1.7573593854904175,0.5857865810394287,0.2500000381568065,False,False
149182125-149182135-002,carcinoma_in_situ,nc_aware_lambda_0p10,20260803,220.9949473142624,219.23758745193481,219.82337474822998,-1.7573598623275757,-1.1715725660324097,3,-27,30,False,1.7573598623275757,1.1715725660324097,0.585787296295166,0.33333371772774334,False,False
149182657-149182667-001,carcinoma_in_situ,nc_aware_lambda_0p10,20260803,188.85281193256378,186.50966608524323,187.4802281856537,-2.3431458473205566,-1.3725837469100952,4,-79,83,False,2.3431458473205566,1.3725837469100952,0.9705621004104614,0.4142132686790805,False,False
149182657-149182681-002,carcinoma_in_situ,nc_aware_lambda_0p10,20260803,179.19595789909363,176.8528116941452,177.09545254707336,-2.3431462049484253,-2.1005053520202637,4,-78,82,False,2.3431462049484253,2.1005053520202637,0.24264085292816162,0.10355344127299233,False,False
149182657-149182698-003,carcinoma_in_situ,nc_aware_lambda_0p10,20260803,205.58073365688324,205.58073365688324,205.58073365688324,0.0,0.0,0,0,0,False,0.0,0.0,0.0,0.0,False,True
149185604-149185616-001,carcinoma_in_situ,nc_aware_lambda_0p10,20260803,249.96551060676575,248.79393756389618,248.7939372062683,-1.1715730428695679,-1.1715734004974365,2,-63,65,False,1.1715730428695679,1.1715734004974365,3.5762786865234375e-07,3.052544361864075e-07,False,True
149185604-149185645-003,carcinoma_in_situ,nc_aware_lambda_0p10,20260803,243.58073353767395,242.99494779109955,242.99494695663452,-0.5857857465744019,-0.5857865810394287,1,-2,3,False,0.5857857465744019,0.5857865810394287,8.344650268554688e-07,1.4245225865178705e-06,False,True
149185604-149185657-001,carcinoma_in_situ,nc_aware_lambda_0p10,20260803,194.61017167568207,188.16652059555054,192.40916109085083,-6.443651080131531,-2.201010584831238,11,-48,59,False,6.443651080131531,2.201010584831238,4.242640495300293,0.6584218236741786,False,False
149185698-149185709-002,carcinoma_in_situ,nc_aware_lambda_0p10,20260803,236.65180158615112,232.30865502357483,234.79393684864044,-4.343146562576294,-1.8578647375106812,7,-62,69,False,4.343146562576294,1.8578647375106812,2.485281825065613,0.5722307062995771,False,False
149185788-149185824-001,carcinoma_in_situ,nc_aware_lambda_0p10,20260803,211.19595789909363,208.26702547073364,209.1370828151703,-2.9289324283599854,-2.05887508392334,5,-109,114,False,2.9289324283599854,2.05887508392334,0.8700573444366455,0.29705613417781096,False,False
149190861-149190868-001,moderate_dysplastic,nc_aware_lambda_0p10,20260803,363.8822498321533,335.76449942588806,359.4041085243225,-28.11775040626526,-4.4781413078308105,57,-253,310,False,28.11775040626526,4.4781413078308105,23.63960909843445,0.8407361455618804,False,False
149314453-149314465-001,carcinoma_in_situ,nc_aware_lambda_0p10,20260803,191.58073389530182,189.8233745098114,190.06601476669312,-1.7573593854904175,-1.5147191286087036,3,-65,68,False,1.7573593854904175,1.5147191286087036,0.24264025688171387,0.13807093693245986,False,False
149314453-149314507-001,carcinoma_in_situ,nc_aware_lambda_0p10,20260803,126.56854128837585,126.56854128837585,126.56854128837585,0.0,0.0,0,0,0,False,0.0,0.0,0.0,0.0,False,True
149314453-149314507-002,carcinoma_in_situ,nc_aware_lambda_0p10,20260803,153.05382239818573,152.4680358171463,152.46803534030914,-0.5857865810394287,-0.5857870578765869,1,-15,16,False,0.5857865810394287,0.5857870578765869,4.76837158203125e-07,8.14011747003521e-07,False,True
149314679-149314698-001,carcinoma_in_situ,nc_aware_lambda_0p10,20260803,232.2081505060196,229.86500442028046,229.5218584537506,-2.3431460857391357,-2.686292052268982,8,-107,115,False,2.3431460857391357,2.686292052268982,0.3431459665298462,0.14644668064799818,False,False
149315229-149315310-001,severe_dysplastic,nc_aware_lambda_0p10,20260803,316.8944424390793,311.0365775823593,315.37972342967987,-5.857864856719971,-1.514719009399414,10,-59,69,False,5.857864856719971,1.514719009399414,4.343145847320557,0.7414213119543424,False,False
149315671-149315731-001,carcinoma_in_situ,nc_aware_lambda_0p10,20260803,234.20814990997314,231.8650040626526,232.10764491558075,-2.3431458473205566,-2.100504994392395,4,-45,49,False,2.3431458473205566,2.100504994392395,0.24264085292816162,0.10355345707806761,False,False
149315671-149315740-001,carcinoma_in_situ,nc_aware_lambda_0p10,20260803,206.02438473701477,204.85281193256378,204.8528116941452,-1.1715728044509888,-1.1715730428695679,6,-42,48,False,1.1715728044509888,1.1715730428695679,2.384185791015625e-07,2.0350299887106712e-07,False,True
149316426-149316462-004,carcinoma_in_situ,nc_aware_lambda_0p10,20260803,159.29646289348602,159.29646289348602,159.29646289348602,0.0,0.0,0,0,0,False,0.0,0.0,0.0,0.0,False,True
149316754-149316779-002,moderate_dysplastic,nc_aware_lambda_0p10,20260803,316.10764503479004,299.17871260643005,312.0071402788162,-16.928932428359985,-4.100504755973816,18,-77,95,False,16.928932428359985,4.100504755973816,12.82842767238617,0.7577812556505633,False,False
149317002-149317010-002,severe_dysplastic,nc_aware_lambda_0p10,20260803,167.4385986328125,165.09545266628265,164.85281205177307,-2.343145966529846,-2.5857865810394287,4,-72,76,False,2.343145966529846,2.5857865810394287,0.24264061450958252,0.10355335005822475,False,False
149317204-149317230-002,severe_dysplastic,nc_aware_lambda_0p10,20260803,192.85281205177307,191.6812390089035,191.6812388896942,-1.1715730428695679,-1.1715731620788574,2,-45,47,False,1.1715730428695679,1.1715731620788574,1.1920928955078125e-07,1.017514787288025e-07,False,True
149788987-149788996-003,light_dysplastic,nc_aware_lambda_0p10,20260803,310.6518018245697,295.42135298252106,305.2619733810425,-15.230448842048645,-5.389828443527222,26,-179,205,False,15.230448842048645,5.389828443527222,9.840620398521423,0.646114930727003,False,False
153268807-153268826-001,light_dysplastic,nc_aware_lambda_0p10,20260803,308.32590091228485,286.6518018245697,304.97770273685455,-21.67409908771515,-3.348198175430298,37,-102,139,False,21.67409908771515,3.348198175430298,18.32590091228485,0.8455207682736833,False,False
153276386-153276405-001,moderate_dysplastic,nc_aware_lambda_0p10,20260803,258.35028553009033,257.17871260643005,256.9360717535019,-1.1715729236602783,-1.41421377658844,2,-41,43,False,1.1715729236602783,1.41421377658844,0.24264085292816162,0.20710691415613522,False,False
153276386-153276405-002,moderate_dysplastic,nc_aware_lambda_0p10,20260803,284.8944422006607,279.62236392498016,282.93607223033905,-5.272078275680542,-1.9583699703216553,12,-125,137,False,5.272078275680542,1.9583699703216553,3.3137083053588867,0.6285392841461822,False,False
153276386-153276414-001,moderate_dysplastic,nc_aware_lambda_0p10,20260803,245.62236368656158,245.62236368656158,245.62236368656158,0.0,0.0,0,0,0,False,0.0,0.0,0.0,0.0,False,True
153314466-153314473-003,light_dysplastic,nc_aware_lambda_0p10,20260803,240.42640614509583,222.85281229019165,236.4507907629013,-17.573593854904175,-3.975615382194519,41,-147,188,False,17.573593854904175,3.975615382194519,13.597978472709656,0.7737733434026607,False,False
153654869-153654880-001,severe_dysplastic,nc_aware_lambda_0p10,20260803,316.63455629348755,293.22034299373627,312.87719678878784,-23.41421329975128,-3.757359504699707,27,-152,179,False,23.41421329975128,3.757359504699707,19.656853795051575,0.8395265535255195,False,False
153655016-153655039-005,severe_dysplastic,nc_aware_lambda_0p10,20260803,158.1248904466629,155.78174436092377,155.88224971294403,-2.3431460857391357,-2.242640733718872,4,-39,43,False,2.3431460857391357,2.242640733718872,0.10050535202026367,0.04289333585812669,False,True
153655087-153655101-002,severe_dysplastic,nc_aware_lambda_0p10,20260803,238.89444243907928,236.20815074443817,235.72286927700043,-2.6862916946411133,-3.1715731620788574,8,-86,94,False,2.6862916946411133,3.1715731620788574,0.48528146743774414,0.18065106942996279,False,False
153656862-153656873-001,light_dysplastic,nc_aware_lambda_0p10,20260803,260.2670258283615,249.13708233833313,257.6812391281128,-11.129943490028381,-2.5857867002487183,19,-9,28,False,11.129943490028381,2.5857867002487183,8.544156789779663,0.7676729713349044,False,False
153657121-153657160-001,severe_dysplastic,nc_aware_lambda_0p10,20260803,243.48022890090942,242.89444231987,242.89444243907928,-0.5857865810394287,-0.5857864618301392,1,-14,15,False,0.5857865810394287,0.5857864618301392,1.1920928955078125e-07,2.0350293675088025e-07,False,True
153659229-153659264-001,severe_dysplastic,nc_aware_lambda_0p10,20260803,238.5512970685959,236.79393756389618,237.03657722473145,-1.757359504699707,-1.514719843864441,3,-60,63,False,1.757359504699707,1.514719843864441,0.2426396608352661,0.1380705883949043,False,False
153697342-153697375-001,moderate_dysplastic,nc_aware_lambda_0p10,20260803,194.95331716537476,192.61017167568207,193.43859815597534,-2.343145489692688,-1.514719009399414,4,-41,45,False,2.343145489692688,1.514719009399414,0.8284264802932739,0.3535531549096958,False,False
153697342-153697384-001,moderate_dysplastic,nc_aware_lambda_0p10,20260803,194.0243854522705,194.0243854522705,194.0243854522705,0.0,0.0,0,0,0,False,0.0,0.0,0.0,0.0,False,True
153697726-153697736-001,light_dysplastic,nc_aware_lambda_0p10,20260803,361.0538227558136,334.1076455116272,356.57568097114563,-26.9461772441864,-4.478141784667969,46,-184,230,False,26.9461772441864,4.478141784667969,22.468035459518433,0.8338116110464566,False,False
153701009-153701019-002,light_dysplastic,nc_aware_lambda_0p10,20260803,319.4213535785675,312.391916513443,316.6345566511154,-7.029437065124512,-2.7867969274520874,12,-139,151,False,7.029437065124512,2.7867969274520874,4.242640137672424,0.6035533284338858,False,False
153701622-153701650-001,moderate_dysplastic,nc_aware_lambda_0p10,20260803,242.1076456308365,242.1076456308365,242.1076456308365,0.0,0.0,0,0,0,False,0.0,0.0,0.0,0.0,False,True
153701949-153701958-001,light_dysplastic,nc_aware_lambda_0p10,20260803,344.7523070573807,331.86500442028046,341.11983728408813,-12.88730263710022,-3.6324697732925415,22,-133,155,False,12.88730263710022,3.6324697732925415,9.254832863807678,0.7181357592367454,False,False
153702037-153702051-003,light_dysplastic,nc_aware_lambda_0p10,20260803,324.00713980197906,319.32084810733795,321.705624461174,-4.686291694641113,-2.3015153408050537,8,-113,121,False,4.686291694641113,2.3015153408050537,2.3847763538360596,0.5088834646300632,False,False
153826963-153826970-001,severe_dysplastic,nc_aware_lambda_0p10,20260803,238.55129659175873,253.6639941930771,231.27921891212463,15.11269760131836,-7.272077679634094,21,-148,169,False,15.11269760131836,7.272077679634094,7.840619921684265,0.518810084640368,False,False
153826963-153826982-003,severe_dysplastic,nc_aware_lambda_0p10,20260803,314.83556747436523,313.66399455070496,313.6639941930771,-1.1715729236602783,-1.171573281288147,2,-52,54,False,1.1715729236602783,1.171573281288147,3.5762786865234375e-07,3.052544672465009e-07,False,True
153827595-153827657-002,carcinoma_in_situ,nc_aware_lambda_0p10,20260803,233.4802280664444,230.3086552619934,230.551295876503,-3.1715728044509888,-2.9289321899414062,4,-61,65,False,3.1715728044509888,2.9289321899414062,0.24264061450958252,0.07650482251867603,False,True
153828877-153828902-002,severe_dysplastic,nc_aware_lambda_0p10,20260803,253.4213547706604,252.24978244304657,252.59292602539062,-1.1715723276138306,-0.8284287452697754,2,-39,41,False,1.1715723276138306,0.8284287452697754,0.3431435823440552,0.2928915050792843,False,False
153828952-153828970-001,severe_dysplastic,nc_aware_lambda_0p10,20260803,242.79393672943115,241.03657698631287,241.0365778207779,-1.7573597431182861,-1.7573589086532593,3,-66,69,False,1.7573597431182861,1.7573589086532593,8.344650268554688e-07,4.7484018575205394e-07,False,True
153828952-153829005-001,severe_dysplastic,nc_aware_lambda_0p10,20260803,265.4213527441025,264.83556616306305,264.59292566776276,-0.5857865810394287,-0.8284270763397217,1,-1,2,False,0.5857865810394287,0.8284270763397217,0.24264049530029297,0.41421313350972966,False,False
153828952-153829005-002,severe_dysplastic,nc_aware_lambda_0p10,20260803,227.09545242786407,225.9238793849945,225.9238793849945,-1.1715730428695679,-1.1715730428695679,2,-3,5,False,1.1715730428695679,1.1715730428695679,0.0,0.0,False,True
153829664-153829672-001,light_dysplastic,nc_aware_lambda_0p10,20260803,329.63960921764374,303.2792181968689,323.362478017807,-26.36039102077484,-6.277131199836731,53,-183,236,False,26.36039102077484,6.277131199836731,20.08325982093811,0.7618726067117262,False,False
153829745-153829768-001,severe_dysplastic,nc_aware_lambda_0p10,20260803,nan,nan,nan,nan,nan,0,0,0,True,0.0,0.0,0.0,0.0,False,True
153829745-153829768-003,severe_dysplastic,nc_aware_lambda_0p10,20260803,285.2792184352875,281.7644993066788,282.3502848148346,-3.5147191286087036,-2.928933620452881,6,-77,83,False,3.5147191286087036,2.928933620452881,0.5857855081558228,0.16666637837081028,False,False
153830680-153830827-002,severe_dysplastic,nc_aware_lambda_0p10,20260803,214.7523066997528,212.99494695663452,213.3380926847458,-1.7573597431182861,-1.414214015007019,3,-24,27,False,1.7573597431182861,1.414214015007019,0.3431457281112671,0.19526208532715336,False,False
153831352-153831372-004,severe_dysplastic,nc_aware_lambda_0p10,20260803,370.6345566511154,358.1909054517746,365.9898945093155,-12.44365119934082,-4.644662141799927,26,-216,242,False,12.44365119934082,4.644662141799927,7.7989890575408936,0.6267444283518676,False,False
153915432-153915441-002,severe_dysplastic,nc_aware_lambda_0p10,20260803,278.2497806549072,277.07820761203766,277.0782070159912,-1.1715730428695679,-1.1715736389160156,4,-65,69,False,1.1715730428695679,1.1715736389160156,5.960464477539062e-07,5.087573936440125e-07,False,True
153915432-153915472-001,severe_dysplastic,nc_aware_lambda_0p10,20260803,264.30865585803986,254.6934312582016,258.9777020215988,-9.615224599838257,-5.33095383644104,19,-249,268,False,9.615224599838257,5.33095383644104,4.284270763397217,0.44557157442471856,False,False
153915726-153915736-001,severe_dysplastic,nc_aware_lambda_0p10,20260803,230.20815086364746,227.86500489711761,228.69343161582947,-2.343145966529846,-1.5147192478179932,7,-72,79,False,2.343145966529846,1.5147192478179932,0.828426718711853,0.3535531847120634,False,False
153916114-153916129-002,severe_dysplastic,nc_aware_lambda_0p10,20260803,377.13708305358887,352.8771963119507,346.5929265022278,-24.259886741638184,-30.544156551361084,39,-41,80,False,24.259886741638184,30.544156551361084,6.2842698097229,0.25903953619606,False,False
153916114-153916150-001,carcinoma_in_situ,nc_aware_lambda_0p10,20260803,233.48022866249084,229.37972366809845,231.03657805919647,-4.100504994392395,-2.4436506032943726,7,-67,74,False,4.100504994392395,2.4436506032943726,1.6568543910980225,0.40406105915340607,False,False
153916114-153916167-001,carcinoma_in_situ,nc_aware_lambda_0p10,20260803,229.68123924732208,227.92387974262238,227.92387926578522,-1.757359504699707,-1.7573599815368652,3,-26,29,False,1.757359504699707,1.7573599815368652,4.76837158203125e-07,2.7133728581313e-07,False,True
153916569-153916586-001,carcinoma_in_situ,nc_aware_lambda_0p10,20260803,214.89444208145142,210.79393708705902,210.55129647254944,-4.100504994392395,-4.3431456089019775,7,-35,42,False,4.100504994392395,4.3431456089019775,0.24264061450958252,0.059173349341459965,False,True
153956040-153956058-001,normal_columnar,nc_aware_lambda_0p10,20260803,176.4680359363556,169.19595789909363,173.6812390089035,-7.272078037261963,-2.7867969274520874,15,-34,49,False,7.272078037261963,2.7867969274520874,4.4852811098098755,0.6167812125815203,False,False
153956040-153956058-003,normal_columnar,nc_aware_lambda_0p10,20260803,196.36753070354462,195.19595754146576,195.19595777988434,-1.1715731620788574,-1.1715729236602783,6,-5,11,False,1.1715731620788574,1.1715729236602783,2.384185791015625e-07,2.0350293675088025e-07,False,True
153956040-153956072-003,normal_columnar,nc_aware_lambda_0p10,20260803,175.2964632511139,172.3675308227539,173.53910326957703,-2.9289324283599854,-1.7573599815368652,5,-21,26,False,2.9289324283599854,1.7573599815368652,1.1715724468231201,0.3999998209173865,False,False
153956444-153956458-004,normal_columnar,nc_aware_lambda_0p10,20260803,187.53910386562347,180.02438485622406,183.82337415218353,-7.514719009399414,-3.7157297134399414,10,-76,86,False,7.514719009399414,3.7157297134399414,3.7989892959594727,0.5055397668505895,False,False
153958154-153958211-001,normal_columnar,nc_aware_lambda_0p10,20260803,248.0660150051117,255.03657698631287,244.35028636455536,6.970561981201172,-3.7157286405563354,15,-248,263,False,6.970561981201172,3.7157286405563354,3.2548333406448364,0.4669398750664235,False,False
153958547-153958572-002,normal_columnar,nc_aware_lambda_0p10,20260803,132.46803617477417,131.8822499513626,131.88224959373474,-0.5857862234115601,-0.5857865810394287,1,-9,10,False,0.5857862234115601,0.5857865810394287,3.5762786865234375e-07,6.105091829738757e-07,False,True
153958547-153958572-006,normal_columnar,nc_aware_lambda_0p10,20260803,133.88224947452545,133.29646289348602,133.29646277427673,-0.5857865810394287,-0.5857867002487183,1,-13,14,False,0.5857865810394287,0.5857867002487183,1.1920928955078125e-07,2.0350293675088025e-07,False,True
153958547-153958572-008,normal_columnar,nc_aware_lambda_0p10,20260803,168.2253955602646,167.63960897922516,167.63960886001587,-0.5857865810394287,-0.5857867002487183,1,-5,6,False,0.5857865810394287,0.5857867002487183,1.1920928955078125e-07,2.0350293675088025e-07,False,True
153958547-153958572-009,normal_columnar,nc_aware_lambda_0p10,20260803,138.56854128837585,137.98275470733643,137.982754945755,-0.5857865810394287,-0.5857863426208496,1,-13,14,False,0.5857865810394287,0.5857863426208496,2.384185791015625e-07,4.070058735017605e-07,False,True
153958547-153958590-002,normal_columnar,nc_aware_lambda_0p10,20260803,237.0538227558136,225.92387986183167,231.43859839439392,-11.129942893981934,-5.615224361419678,19,-33,52,False,11.129942893981934,5.615224361419678,5.514718532562256,0.4954848901825109,False,False
154519964-154519981-001,light_dysplastic,nc_aware_lambda_0p10,20260803,306.7523070573807,294.45079147815704,301.2203427553177,-12.301515579223633,-5.531964302062988,21,-140,161,False,12.301515579223633,5.531964302062988,6.7695512771606445,0.5503022154923679,False,False
157181481-157181497-004,normal_columnar,nc_aware_lambda_0p10,20260803,136.0832600593567,132.56854164600372,133.39696860313416,-3.5147184133529663,-2.686291456222534,6,-30,36,False,3.5147184133529663,2.686291456222534,0.8284269571304321,0.23570222695027523,False,False
157181671-157181697-001,normal_superficiel,nc_aware_lambda_0p10,20260803,95.89949476718903,91.79898953437805,91.5979791879654,-4.100505232810974,-4.301515579223633,7,-50,57,False,4.100505232810974,4.301515579223633,0.2010103464126587,0.04902087303882363,False,True
157183193-157183279-001,normal_superficiel,nc_aware_lambda_0p10,20260803,103.55634891986847,97.11269783973694,98.56854128837585,-6.443651080131531,-4.987807631492615,11,-56,67,False,6.443651080131531,4.987807631492615,1.455843448638916,0.22593455643926622,False,False
157183828-157183877-001,normal_intermediate,nc_aware_lambda_0p10,20260803,154.62741661071777,145.25483322143555,149.7817441225052,-9.372583389282227,-4.8456724882125854,16,-80,96,False,9.372583389282227,4.8456724882125854,4.526910901069641,0.48299499860905715,False,False
157183964-157183980-001,normal_superficiel,nc_aware_lambda_0p10,20260803,105.79898953437805,97.5979790687561,99.39696848392487,-8.201010465621948,-6.402021050453186,14,-70,84,False,8.201010465621948,6.402021050453186,1.7989894151687622,0.21936192164489945,False,False
157184013-157184031-001,normal_superficiel,nc_aware_lambda_0p10,20260803,281.49747383594513,260.16652035713196,254.26702558994293,-21.33095347881317,-27.230448246002197,58,-83,141,False,21.33095347881317,27.230448246002197,5.899494767189026,0.27656967012977923,False,False
157184850-157184920-002,normal_columnar,nc_aware_lambda_0p10,20260803,173.78174459934235,171.43859887123108,171.4385987520218,-2.343145728111267,-2.3431458473205566,4,-46,50,False,2.343145728111267,2.3431458473205566,1.1920928955078125e-07,5.0875747129425e-08,False,True
157184850-157184942-001,normal_superficiel,nc_aware_lambda_0p10,20260803,112.48528122901917,108.97056245803833,110.87005710601807,-3.514718770980835,-1.6152241230010986,6,-13,19,False,3.514718770980835,1.6152241230010986,1.8994946479797363,0.5404400100693274,False,False
157185208-157185238-001,normal_superficiel,nc_aware_lambda_0p10,20260803,110.72792184352875,105.4558436870575,108.28427076339722,-5.272078156471252,-2.4436510801315308,9,-12,21,False,5.272078156471252,2.4436510801315308,2.8284270763397217,0.5364918714014031,False,False
157185433-157185479-002,normal_columnar,nc_aware_lambda_0p10,20260803,144.32590091228485,141.9827550649643,143.0538227558136,-2.3431458473205566,-1.2720781564712524,4,-53,57,False,2.3431458473205566,1.2720781564712524,1.0710676908493042,0.45710671065315706,False,False
157185433-157185479-003,normal_columnar,nc_aware_lambda_0p10,20260803,128.32590079307556,127.74011433124542,127.74011421203613,-0.5857864618301392,-0.5857865810394287,1,-1,2,False,0.5857864618301392,0.5857865810394287,1.1920928955078125e-07,2.0350297816433394e-07,False,True
157185433-157185479-004,normal_columnar,nc_aware_lambda_0p10,20260803,136.8111822605133,135.0538228750229,134.95331799983978,-1.7573593854904175,-1.857864260673523,8,-114,122,False,1.7573593854904175,1.857864260673523,0.10050487518310547,0.057190848959479096,False,True
157185433-157185479-006,normal_columnar,nc_aware_lambda_0p10,20260803,274.45079123973846,271.5218585729599,272.6934320926666,-2.9289326667785645,-1.7573591470718384,5,-65,70,False,2.9289326667785645,1.7573591470718384,1.171573519706726,0.40000015466224453,False,False
157185433-157185508-001,normal_columnar,nc_aware_lambda_0p10,20260803,164.2253955602646,163.63960897922516,163.63960945606232,-0.5857865810394287,-0.5857861042022705,1,-8,9,False,0.5857865810394287,0.5857861042022705,4.76837158203125e-07,8.14011747003521e-07,False,True
157185730-157185758-001,normal_columnar,nc_aware_lambda_0p10,20260803,386.0487701892853,383.1198377609253,383.26197278499603,-2.9289324283599854,-2.7867974042892456,5,-148,153,False,2.9289324283599854,2.7867974042892456,0.14213502407073975,0.048527928706885964,False,True
157185781-157185793-003,normal_columnar,nc_aware_lambda_0p10,20260803,332.977702498436,331.22034311294556,330.977702498436,-1.7573593854904175,-2.0,3,-80,83,False,1.7573593854904175,2.0,0.24264061450958252,0.13807114043543803,False,False
157222534-157222607-001,normal_superficiel,nc_aware_lambda_0p10,20260803,77.31370830535889,72.62741661071777,74.18376541137695,-4.686291694641113,-3.1299428939819336,19,-104,123,False,4.686291694641113,3.1299428939819336,1.5563488006591797,0.3321066852152848,False,False
157222647-157222687-001,normal_intermediate,nc_aware_lambda_0p10,20260803,165.4558436870575,154.911687374115,161.78174471855164,-10.544156312942505,-3.6740989685058594,18,-64,82,False,10.544156312942505,3.6740989685058594,6.8700573444366455,0.6515511664033226,False,False
157222801-157222811-001,normal_intermediate,nc_aware_lambda_0p10,20260803,128.5269113779068,117.98275589942932,119.88224971294403,-10.544155478477478,-8.644661664962769,27,-142,169,False,10.544155478477478,8.644661664962769,1.8994938135147095,0.18014660513987288,False,False
157223549-157223570-001,normal_intermediate,nc_aware_lambda_0p10,20260803,151.11269783973694,138.2253954410553,147.9238796234131,-12.88730239868164,-3.1888182163238525,65,-366,431,False,12.88730239868164,3.1888182163238525,9.698484182357788,0.7525612329349806,False,False
157224412-157224429-001,normal_superficiel,nc_aware_lambda_0p10,20260803,123.31370830535889,118.62741661071777,120.08326005935669,-4.686291694641113,-3.2304482460021973,13,-135,148,False,4.686291694641113,3.2304482460021973,1.455843448638916,0.31066001510399105,False,False
157224458-157224464-001,normal_intermediate,nc_aware_lambda_0p10,20260803,161.79898953437805,153.5979790687561,157.29646372795105,-8.201010465621948,-4.502525806427002,20,-92,112,False,8.201010465621948,4.502525806427002,3.6984846591949463,0.4509791414971034,False,False
157224458-157224483-001,normal_superficiel,nc_aware_lambda_0p10,20260803,92.72792184352875,87.4558436870575,87.74011409282684,-5.272078156471252,-4.987807750701904,9,-43,52,False,5.272078156471252,4.987807750701904,0.28427040576934814,0.053919990814327794,False,True
157227058-157227087-001,normal_columnar,nc_aware_lambda_0p10,20260803,233.96550965309143,232.20814990997314,231.96550941467285,-1.7573597431182861,-2.000000238418579,3,-28,31,False,1.7573597431182861,2.000000238418579,0.24264049530029297,0.13807104450324323,False,False
157227461-157227503-003,normal_columnar,nc_aware_lambda_0p10,20260803,184.6101714372635,184.02438497543335,183.78174436092377,-0.5857864618301392,-0.8284270763397217,1,-1,2,False,0.5857864618301392,0.8284270763397217,0.24264061450958252,0.4142134213063141,False,False
157266930-157266947-001,normal_columnar,nc_aware_lambda_0p10,20260803,190.26702547073364,189.6812388896942,189.68123865127563,-0.5857865810394287,-0.5857868194580078,1,-2,3,False,0.5857865810394287,0.5857868194580078,2.384185791015625e-07,4.070058735017605e-07,False,True
157268504-157268544-001,normal_superficiel,nc_aware_lambda_0p10,20260803,109.89949476718903,105.79898953437805,107.69848418235779,-4.100505232810974,-2.201010584831238,10,-47,57,False,4.100505232810974,2.201010584831238,1.8994946479797363,0.46323429434513774,False,False
158986766-158986776-001,normal_columnar,nc_aware_lambda_0p10,20260803,191.78174459934235,190.61017167568207,190.61017167568207,-1.1715729236602783,-1.1715729236602783,2,-2,4,False,1.1715729236602783,1.1715729236602783,0.0,0.0,False,True
158986813-158986820-001,normal_columnar,nc_aware_lambda_0p10,20260803,139.39696836471558,139.39696836471558,139.39696836471558,0.0,0.0,0,0,0,False,0.0,0.0,0.0,0.0,False,True
158986920-158986928-004,normal_columnar,nc_aware_lambda_0p10,20260803,nan,nan,nan,nan,nan,0,0,0,True,0.0,0.0,0.0,0.0,False,True
204870858-204870872-001,light_dysplastic,nc_aware_lambda_0p10,20260803,214.46803617477417,209.78174424171448,211.7817441225052,-4.686291933059692,-2.686292052268982,8,-42,50,False,4.686291933059692,2.686292052268982,1.9999998807907104,0.42677663051283815,False,False
204870951-204870961-002,light_dysplastic,nc_aware_lambda_0p10,20260803,482.59292674064636,444.27416574954987,467.7716383934021,-38.3187609910965,-14.821288347244263,70,-287,357,False,38.3187609910965,14.821288347244263,23.497472643852234,0.6132106580719549,False,False
204871030-204871038-001,light_dysplastic,nc_aware_lambda_0p10,20260803,391.9655101299286,372.0487710237503,385.2447271347046,-19.916739106178284,-6.720782995223999,34,-225,259,False,19.916739106178284,6.720782995223999,13.195956110954285,0.662556056019272,False,False
204871030-204871038-002,light_dysplastic,nc_aware_lambda_0p10,20260803,464.8944424390793,430.91882622241974,456.80107724666595,-33.975616216659546,-8.09336519241333,58,-259,317,False,33.975616216659546,8.09336519241333,25.882251024246216,0.7617890094824875,False,False
209047342-209047443-001,normal_superficiel,nc_aware_lambda_0p10,20260803,430.71067690849304,401.4213538169861,425.203097820282,-29.289323091506958,-5.50757908821106,76,-401,477,False,29.289323091506958,5.50757908821106,23.7817440032959,0.811959495581238,False,False
209047526-209047626-001,normal_intermediate,nc_aware_lambda_0p10,20260803,415.8822498321533,387.76449966430664,411.9310190677643,-28.11775016784668,-3.951230764389038,81,-514,595,False,28.11775016784668,3.951230764389038,24.16651940345764,0.8594755718077556,False,False
209047526-209047798-001,normal_superficiel,nc_aware_lambda_0p10,20260803,764.9360725879669,707.0437180995941,760.2224297523499,-57.8923544883728,-4.713642835617065,109,-474,583,False,57.8923544883728,4.713642835617065,53.17871165275574,0.9185791823933546,False,False
209307421-209307504-001,normal_intermediate,nc_aware_lambda_0p10,20260803,231.9827550649643,214.1665199995041,226.20814990997314,-17.816235065460205,-5.77460515499115,89,-465,554,False,17.816235065460205,5.77460515499115,12.041629910469055,0.6758796045419158,False,False
209522474-209522522-001,normal_intermediate,nc_aware_lambda_0p10,20260803,160.28427076339722,148.56854152679443,156.12489008903503,-11.715729236602783,-4.159380674362183,42,-252,294,False,11.715729236602783,4.159380674362183,7.556348562240601,0.6449746669317632,False,False
209522940-209522970-001,normal_intermediate,nc_aware_lambda_0p10,20260803,155.35533845424652,143.05382251739502,147.19595766067505,-12.301515936851501,-8.159380793571472,21,-85,106,False,12.301515936851501,8.159380793571472,4.142135143280029,0.33671745535617165,False,False
209565409-209565503-001,normal_intermediate,nc_aware_lambda_0p10,20260803,164.04163014888763,154.08326029777527,160.71067655086517,-9.958369851112366,-3.330953598022461,21,-85,106,False,9.958369851112366,3.330953598022461,6.627416253089905,0.6655121623495046,False,False
209565409-209565600-001,normal_intermediate,nc_aware_lambda_0p10,20260803,171.2132030725479,162.42640614509583,167.63960886001587,-8.786796927452087,-3.5735942125320435,15,-51,66,False,8.786796927452087,3.5735942125320435,5.213202714920044,0.5932995559090176,False,False
209565864-209565890-001,normal_intermediate,nc_aware_lambda_0p10,20260803,188.18376553058624,172.36753106117249,184.0660150051117,-15.816234469413757,-4.117750525474548,27,-105,132,False,15.816234469413757,4.117750525474548,11.698483943939209,0.739650386858031,False,False
209565864-209565911-001,normal_intermediate,nc_aware_lambda_0p10,20260803,162.04163014888763,152.08326029777527,159.49747371673584,-9.958369851112366,-2.5441564321517944,17,-18,35,False,9.958369851112366,2.5441564321517944,7.414213418960571,0.744520793042487,False,False
209566047-209566095-001,normal_intermediate,nc_aware_lambda_0p10,20260803,226.08326029777527,206.16652035713196,219.72286903858185,-19.91673994064331,-6.36039125919342,68,-230,298,False,19.91673994064331,6.36039125919342,13.55634868144989,0.6806509861478877,False,False
209566205-209566247-001,normal_intermediate,nc_aware_lambda_0p10,20260803,161.69848430156708,149.39696860313416,154.6101711988449,-12.301515698432922,-7.088313102722168,21,-56,77,False,12.301515698432922,7.088313102722168,5.213202595710754,0.42378538738725174,False,False
209566205-209566289-001,normal_intermediate,nc_aware_lambda_0p10,20260803,182.3847759962082,174.76955199241638,179.25483322143555,-7.615224003791809,-3.129942774772644,13,-24,37,False,7.615224003791809,3.129942774772644,4.485281229019165,0.5889887450173275,False,False
209566399-209566485-001,normal_intermediate,nc_aware_lambda_0p10,20260803,174.28427076339722,162.56854152679443,170.02438473701477,-11.715729236602783,-4.259886026382446,20,-108,128,False,11.715729236602783,4.259886026382446,7.455843210220337,0.6363959988872457,False,False
148495842-148495854-001,light_dysplastic,nc_aware_lambda_0p10,20260804,228.7939373254776,228.7939373254776,228.7939373254776,0.0,0.0,0,0,0,False,0.0,0.0,0.0,0.0,False,True
148497551-148497588-001,light_dysplastic,nc_aware_lambda_0p10,20260804,201.09545254707336,198.75230622291565,199.82337391376495,-2.343146324157715,-1.2720786333084106,4,-75,79,False,2.343146324157715,1.2720786333084106,1.0710676908493042,0.457106617630599,False,False
148497788-148497816-002,light_dysplastic,nc_aware_lambda_0p10,20260804,185.39696860313416,173.6812390089035,180.7523068189621,-11.715729594230652,-4.644661784172058,21,-114,135,False,11.715729594230652,4.644661784172058,7.071067810058594,0.6035533470779919,False,False
148503209-148503222-001,light_dysplastic,nc_aware_lambda_0p10,20260804,398.30865597724915,378.83556747436523,395.7472540140152,-19.47308850288391,-2.5614019632339478,30,-149,179,False,19.47308850288391,2.5614019632339478,16.911686539649963,0.8684645241121042,False,False
148503209-148503231-001,light_dysplastic,nc_aware_lambda_0p10,20260804,395.13708305358887,369.3624794483185,384.61731135845184,-25.774603605270386,-10.519771695137024,44,-213,257,False,25.774603605270386,10.519771695137024,15.254831910133362,0.5918551510531885,False,False
148503400-148503432-001,light_dysplastic,nc_aware_lambda_0p10,20260804,339.5807341337204,314.7350616455078,331.362478017807,-24.845672488212585,-8.218256115913391,46,-186,232,False,24.845672488212585,8.218256115913391,16.627416372299194,0.6692278657455403,False,False
148503568-148503580-002,light_dysplastic,nc_aware_lambda_0p10,20260804,275.6223638057709,270.35028553009033,274.0071394443512,-5.272078275680542,-1.6152243614196777,9,-79,88,False,5.272078275680542,1.6152243614196777,3.6568539142608643,0.6936266350842111,False,False
148718455-148718461-001,light_dysplastic,nc_aware_lambda_0p10,20260804,377.8822498321533,349.76449966430664,373.8893893957138,-28.11775016784668,-3.992860436439514,48,-191,239,False,28.11775016784668,3.992860436439514,24.124889731407166,0.8579950240469294,False,False
148719308-148719348-004,light_dysplastic,nc_aware_lambda_0p10,20260804,190.7523068189621,190.7523068189621,190.7523068189621,0.0,0.0,0,0,0,False,0.0,0.0,0.0,0.0,False,True
148719308-148719357-001,light_dysplastic,nc_aware_lambda_0p10,20260804,219.09545266628265,209.72286880016327,214.55129611492157,-9.372583866119385,-4.544156551361084,16,-88,104,False,9.372583866119385,4.544156551361084,4.828427314758301,0.5151650157234025,False,False
148848523-148848559-002,moderate_dysplastic,nc_aware_lambda_0p10,20260804,269.2792184352875,268.69343185424805,268.45079123973846,-0.5857865810394287,-0.8284271955490112,1,-2,3,False,0.5857865810394287,0.8284271955490112,0.24264061450958252,0.41421333701266644,False,False
148881870-148882178-002,light_dysplastic,nc_aware_lambda_0p10,20260804,191.09545254707336,188.75230646133423,189.09545242786407,-2.3431460857391357,-2.0000001192092896,4,-62,66,False,2.3431460857391357,2.0000001192092896,0.3431459665298462,0.14644668064799818,False,False
148882307-148882323-001,light_dysplastic,nc_aware_lambda_0p10,20260804,343.1959581375122,310.3919153213501,330.8183219432831,-32.80404281616211,-12.377636194229126,56,-215,271,False,32.80404281616211,12.377636194229126,20.426406621932983,0.6226795500909774,False,False
148882535-148882616-001,light_dysplastic,nc_aware_lambda_0p10,20260804,581.3208485841751,530.7005734443665,565.2691131830215,-50.620275139808655,-16.051735401153564,101,-399,500,False,50.620275139808655,16.051735401153564,34.56853973865509,0.6828990882246271,False,False
148882671-148882687-001,light_dysplastic,nc_aware_lambda_0p10,20260804,438.83556735515594,409.0609623193741,420.0731543302536,-29.77460503578186,-18.762413024902344,47,-246,293,False,29.77460503578186,18.762413024902344,11.012192010879517,0.3698518249913149,False,False
149011613-149011656-001,light_dysplastic,nc_aware_lambda_0p10,20260804,277.9827550649643,253.96550965309143,272.97770261764526,-24.017245411872864,-5.005052447319031,41,-125,166,False,24.017245411872864,5.005052447319031,19.012192964553833,0.7916058914547796,False,False
149013033-149013072-001,moderate_dysplastic,nc_aware_lambda_0p10,20260804,200.50966608524323,199.33809304237366,199.33809280395508,-1.1715730428695679,-1.171573281288147,2,-34,36,False,1.1715730428695679,1.171573281288147,2.384185791015625e-07,2.03502957457605e-07,False,True
149014929-149014984-001,moderate_dysplastic,nc_aware_lambda_0p10,20260804,268.49242174625397,267.9066352844238,267.6639943122864,-0.5857864618301392,-0.8284274339675903,1,-14,15,False,0.5857864618301392,0.8284274339675903,0.24264097213745117,0.4142140318152486,False,False
149014929-149015008-003,moderate_dysplastic,nc_aware_lambda_0p10,20260804,322.3502856492996,315.9066342115402,319.42135298252106,-6.443651437759399,-2.9289326667785645,24,-58,82,False,6.443651437759399,2.9289326667785645,3.514718770980835,0.5454545151813768,False,False
149014929-149015022-001,light_dysplastic,nc_aware_lambda_0p10,20260804,365.17871260643005,350.04876923561096,360.4335457086563,-15.129943370819092,-4.745166897773743,28,-142,170,False,15.129943370819092,4.745166897773743,10.38477647304535,0.6863724614511327,False,False
149014929-149015022-002,light_dysplastic,nc_aware_lambda_0p10,20260804,291.4385987520218,279.72286915779114,287.9066344499588,-11.715729594230652,-3.5319643020629883,20,-118,138,False,11.715729594230652,3.5319643020629883,8.183765292167664,0.698528011110611,False,False
149053341-149053350-001,moderate_dysplastic,nc_aware_lambda_0p10,20260804,270.6101715564728,260.9949471950531,267.0365775823593,-9.615224361419678,-3.5735939741134644,15,-109,124,False,9.615224361419678,3.5735939741134644,6.041630387306213,0.6283400324539253,False,False
149053945-149053969-001,moderate_dysplastic,nc_aware_lambda_0p10,20260804,246.55129635334015,240.69343161582947,244.35028517246246,-5.857864737510681,-2.2010111808776855,10,-93,103,False,5.857864737510681,2.2010111808776855,3.6568535566329956,0.6242639119364486,False,False
149053945-149053976-001,moderate_dysplastic,nc_aware_lambda_0p10,20260804,269.1543279886246,249.82337403297424,257.7644990682602,-19.33095395565033,-11.38982892036438,48,-245,293,False,19.33095395565033,11.38982892036438,7.94112503528595,0.4107984041297043,False,False
149054642-149054677-003,light_dysplastic,nc_aware_lambda_0p10,20260804,183.43859827518463,181.68123853206635,181.58073389530182,-1.7573597431182861,-1.8578643798828125,3,-76,79,False,1.7573597431182861,1.8578643798828125,0.10050463676452637,0.05719070165234888,False,True
149056321-149056343-001,severe_dysplastic,nc_aware_lambda_0p10,20260804,328.30865597724915,315.4213534593582,322.877197265625,-12.88730251789093,-5.4314587116241455,22,-150,172,False,12.88730251789093,5.4314587116241455,7.455843806266785,0.578541847366129,False,False
149056321-149056360-001,severe_dysplastic,nc_aware_lambda_0p10,20260804,229.13708317279816,227.37972366809845,227.62236440181732,-1.757359504699707,-1.514718770980835,3,-48,51,False,1.757359504699707,1.514718770980835,0.24264073371887207,0.13807119890379738,False,False
149056410-149056458-001,severe_dysplastic,nc_aware_lambda_0p10,20260804,151.1959583759308,150.61017179489136,150.36753070354462,-0.5857865810394287,-0.8284276723861694,1,-29,30,False,0.5857865810394287,0.8284276723861694,0.24264109134674072,0.41421415102441345,False,False
149056873-149056884-001,severe_dysplastic,nc_aware_lambda_0p10,20260804,167.78174471855164,166.02438509464264,165.68123853206635,-1.7573596239089966,-2.1005061864852905,3,-59,62,False,1.7573596239089966,2.1005061864852905,0.34314656257629395,0.19526257341284148,False,False
149056873-149056884-002,severe_dysplastic,nc_aware_lambda_0p10,20260804,153.33809387683868,153.33809387683868,153.33809387683868,0.0,0.0,0,0,0,False,0.0,0.0,0.0,0.0,False,True
149056933-149056982-002,severe_dysplastic,nc_aware_lambda_0p10,20260804,137.63960886001587,136.46803617477417,136.46803629398346,-1.1715726852416992,-1.1715725660324097,2,-24,26,False,1.1715726852416992,1.1715725660324097,1.1920928955078125e-07,1.0175150978890224e-07,False,True
149057756-149057766-002,moderate_dysplastic,nc_aware_lambda_0p10,20260804,292.1076445579529,289.17871284484863,289.52185785770416,-2.928931713104248,-2.5857867002487183,5,-80,85,False,2.928931713104248,2.5857867002487183,0.3431450128555298,0.11715705467637728,False,False
149057756-149057788-002,moderate_dysplastic,nc_aware_lambda_0p10,20260804,298.30865573883057,288.35028529167175,295.56348860263824,-9.958370447158813,-2.7451671361923218,18,-108,126,False,9.958370447158813,2.7451671361923218,7.213203310966492,0.7243357082608294,False,False
149057812-149057825-003,moderate_dysplastic,nc_aware_lambda_0p10,20260804,316.06601536273956,301.42135310173035,309.4629831314087,-14.644662261009216,-6.603032231330872,25,-162,187,False,14.644662261009216,6.603032231330872,8.041630029678345,0.5491167967108971,False,False
149057812-149057825-005,moderate_dysplastic,nc_aware_lambda_0p10,20260804,185.6812391281128,185.09545290470123,185.09545266628265,-0.5857862234115601,-0.5857864618301392,1,-9,10,False,0.5857862234115601,0.5857864618301392,2.384185791015625e-07,4.070061219825838e-07,False,True
149057812-149057847-004,moderate_dysplastic,nc_aware_lambda_0p10,20260804,216.651801943779,216.651801943779,216.651801943779,0.0,0.0,0,0,0,False,0.0,0.0,0.0,0.0,False,True
149057812-149057847-005,moderate_dysplastic,nc_aware_lambda_0p10,20260804,273.03657817840576,268.35028624534607,271.17871272563934,-4.686291933059692,-1.8578654527664185,8,-104,112,False,4.686291933059692,1.8578654527664185,2.828426480293274,0.6035531974309989,False,False
149058262-149058272-003,moderate_dysplastic,nc_aware_lambda_0p10,20260804,291.03657734394073,284.00713980197906,287.0782080888748,-7.02943754196167,-3.958369255065918,12,-130,142,False,7.02943754196167,3.958369255065918,3.071068286895752,0.43688677345281945,False,False
149061666-149061699-003,moderate_dysplastic,nc_aware_lambda_0p10,20260804,220.50966608524323,216.9949471950531,218.65180122852325,-3.5147188901901245,-1.8578648567199707,6,-87,93,False,3.5147188901901245,1.8578648567199707,1.6568540334701538,0.47140442386290765,False,False
149095913-149095926-001,light_dysplastic,nc_aware_lambda_0p10,20260804,379.3380935192108,342.9777020215988,372.61731112003326,-36.360391497612,-6.720782399177551,90,-317,407,False,36.360391497612,6.720782399177551,29.63960909843445,0.815161990221724,False,False
149097324-149097373-001,moderate_dysplastic,nc_aware_lambda_0p10,20260804,250.40916109085083,242.79393661022186,247.42135334014893,-7.615224480628967,-2.9878077507019043,13,-107,120,False,7.615224480628967,2.9878077507019043,4.627416729927063,0.6076533583084696,False,False
149097594-149097637-001,moderate_dysplastic,nc_aware_lambda_0p10,20260804,305.7228692770004,294.00713884830475,296.3919154405594,-11.715730428695679,-9.33095383644104,25,-183,208,False,11.715730428695679,9.33095383644104,2.3847765922546387,0.20355338549046298,False,False
149097594-149097637-002,moderate_dysplastic,nc_aware_lambda_0p10,20260804,246.00713968276978,245.42135393619537,245.42135274410248,-0.5857857465744019,-0.5857869386672974,2,-26,28,False,0.5857857465744019,0.5857869386672974,1.1920928955078125e-06,2.0350322664541007e-06,False,True
149098972-149098988-002,severe_dysplastic,nc_aware_lambda_0p10,20260804,209.8233743906021,206.65180146694183,207.4802281856537,-3.1715729236602783,-2.3431462049484253,4,-59,63,False,3.1715729236602783,2.3431462049484253,0.828426718711853,0.2612037429540717,False,False
149099096-149099104-001,severe_dysplastic,nc_aware_lambda_0p10,20260804,193.09545290470123,191.92387986183167,191.92387986183167,-1.1715730428695679,-1.1715730428695679,2,-68,70,False,1.1715730428695679,1.1715730428695679,0.0,0.0,False,True
149099276-149099290-001,light_dysplastic,nc_aware_lambda_0p10,20260804,309.0538227558136,283.1370824575424,303.70562398433685,-25.91674029827118,-5.348198771476746,44,-163,207,False,25.91674029827118,5.348198771476746,20.568541526794434,0.7936392189015566,False,False
149099276-149099290-002,light_dysplastic,nc_aware_lambda_0p10,20260804,257.63960921764374,236.55129623413086,250.3502858877182,-21.08831298351288,-7.289323329925537,36,-130,166,False,21.08831298351288,7.289323329925537,13.798989653587341,0.6543429843997276,False,False
149099502-149099525-002,light_dysplastic,nc_aware_lambda_0p10,20260804,250.81118214130402,233.23758816719055,245.17871236801147,-17.573593974113464,-5.6324697732925415,30,-124,154,False,17.573593974113464,5.6324697732925415,11.941124200820923,0.6794924372561827,False,False
149100006-149100028-002,severe_dysplastic,nc_aware_lambda_0p10,20260804,129.49747371673584,125.39696836471558,125.63960886001587,-4.100505352020264,-3.8578648567199707,10,-89,99,False,4.100505352020264,3.8578648567199707,0.24264049530029297,0.05917331510877001,False,True
149100064-149100072-001,moderate_dysplastic,nc_aware_lambda_0p10,20260804,394.9533175230026,363.90663480758667,390.8183218240738,-31.046682715415955,-4.134995698928833,64,-186,250,False,31.046682715415955,4.134995698928833,26.91168701648712,0.8668136065668737,False,False
149101620-149101650-001,moderate_dysplastic,nc_aware_lambda_0p10,20260804,274.02438509464264,267.58073341846466,272.4507907629013,-6.4436516761779785,-1.573594331741333,11,-105,116,False,6.4436516761779785,1.573594331741333,4.8700573444366455,0.7557915277203962,False,False
149102442-149102451-001,light_dysplastic,nc_aware_lambda_0p10,20260804,222.99494791030884,222.99494791030884,222.99494791030884,0.0,0.0,0,0,0,False,0.0,0.0,0.0,0.0,False,True
149102510-149102519-001,moderate_dysplastic,nc_aware_lambda_0p10,20260804,256.066015124321,250.20815014839172,253.62236392498016,-5.85786497592926,-2.4436511993408203,10,-45,55,False,5.85786497592926,2.4436511993408203,3.41421377658844,0.5828426893787916,False,False
149105003-149105050-001,light_dysplastic,nc_aware_lambda_0p10,20260804,207.92387986183167,204.99494755268097,205.23758792877197,-2.928932309150696,-2.6862919330596924,5,-79,84,False,2.928932309150696,2.6862919330596924,0.24264037609100342,0.08284260286007156,False,True
149105289-149105300-001,moderate_dysplastic,nc_aware_lambda_0p10,20260804,169.53910386562347,168.3675309419632,168.3675309419632,-1.1715729236602783,-1.1715729236602783,2,-38,40,False,1.1715729236602783,1.1715729236602783,0.0,0.0,False,True
149105289-149105300-002,moderate_dysplastic,nc_aware_lambda_0p10,20260804,298.69343173503876,294.93607211112976,295.279217839241,-3.7573596239089966,-3.4142138957977295,11,-85,96,False,3.7573596239089966,3.4142138957977295,0.3431457281112671,0.09132629358333098,False,True
149105289-149105311-001,moderate_dysplastic,nc_aware_lambda_0p10,20260804,245.3797229528427,241.62236320972443,241.3797231912613,-3.757359743118286,-3.999999761581421,14,-186,200,False,3.757359743118286,3.999999761581421,0.24264001846313477,0.06457726570034637,False,True
149105289-149105311-003,moderate_dysplastic,nc_aware_lambda_0p10,20260804,175.09545230865479,335.1614670753479,171.2375875711441,160.06601476669312,-3.857864737510681,14,-221,235,False,160.06601476669312,3.857864737510681,156.20815002918243,0.9758982895705014,False,False
149105289-149105311-004,moderate_dysplastic,nc_aware_lambda_0p10,20260804,304.7350620031357,313.46298348903656,302.63455724716187,8.727921485900879,-2.100504755973816,27,-208,235,False,8.727921485900879,2.100504755973816,6.627416729927063,0.7593350536703406,False,False
149140081-149140096-002,moderate_dysplastic,nc_aware_lambda_0p10,20260804,348.06601536273956,324.5929273366928,342.9188269376755,-23.473088026046753,-5.147188425064087,32,-196,228,False,23.473088026046753,5.147188425064087,18.325899600982666,0.7807195874972843,False,False
149140849-149140856-001,moderate_dysplastic,nc_aware_lambda_0p10,20260804,466.0071402788162,443.8477591276169,461.48736798763275,-22.15938115119934,-4.519772291183472,35,-166,201,False,22.15938115119934,4.519772291183472,17.63960886001587,0.7960334604859285,False,False
149143028-149143108-002,severe_dysplastic,nc_aware_lambda_0p10,20260804,205.0954520702362,201.58073353767395,203.58073341846466,-3.514718532562256,-1.5147186517715454,6,-40,46,False,3.514718532562256,1.5147186517715454,1.9999998807907104,0.5690355749007007,False,False
149143469-149143497-003,severe_dysplastic,nc_aware_lambda_0p10,20260804,184.46803629398346,181.53910374641418,182.02438497543335,-2.928932547569275,-2.44365131855011,5,-76,81,False,2.928932547569275,2.44365131855011,0.48528122901916504,0.16568535503554035,False,False
149146837-149146854-001,carcinoma_in_situ,nc_aware_lambda_0p10,20260804,266.69343197345734,264.1076455116272,265.52185893058777,-2.585786461830139,-1.1715730428695679,3,-89,92,False,2.585786461830139,1.1715730428695679,1.4142134189605713,0.5469181000969566,False,False
149181904-149181927-001,carcinoma_in_situ,nc_aware_lambda_0p10,20260804,182.85281193256378,180.50966596603394,181.33809351921082,-2.343145966529846,-1.5147184133529663,4,-52,56,False,2.343145966529846,1.5147184133529663,0.8284275531768799,0.35355354084225704,False,False
149181904-149181951-001,carcinoma_in_situ,nc_aware_lambda_0p10,20260804,178.02438461780548,176.8528118133545,177.43859779834747,-1.1715728044509888,-0.5857868194580078,2,-17,19,False,1.1715728044509888,0.5857868194580078,0.585785984992981,0.499999643869752,False,False
149182125-149182135-002,carcinoma_in_situ,nc_aware_lambda_0p10,20260804,221.5807340145111,220.40916097164154,220.40916097164154,-1.1715730428695679,-1.1715730428695679,2,-11,13,False,1.1715730428695679,1.1715730428695679,0.0,0.0,False,True
149182657-149182667-001,carcinoma_in_situ,nc_aware_lambda_0p10,20260804,187.33809316158295,184.99494755268097,186.75230610370636,-2.3431456089019775,-0.5857870578765869,4,-9,13,False,2.3431456089019775,0.5857870578765869,1.7573585510253906,0.7499997201833766,False,False
149182657-149182681-002,carcinoma_in_situ,nc_aware_lambda_0p10,20260804,184.02438497543335,181.6812391281128,182.16652023792267,-2.3431458473205566,-1.8578647375106812,4,-75,79,False,2.3431458473205566,1.8578647375106812,0.4852811098098755,0.20710665977741252,False,False
149182657-149182698-003,carcinoma_in_situ,nc_aware_lambda_0p10,20260804,210.6518017053604,209.48022854328156,209.48022770881653,-1.1715731620788574,-1.1715739965438843,2,-52,54,False,1.1715731620788574,1.1715739965438843,8.344650268554688e-07,7.122602786280809e-07,False,True
149185604-149185616-001,carcinoma_in_situ,nc_aware_lambda_0p10,20260804,249.6223645210266,247.8650051355362,247.62236404418945,-1.7573593854904175,-2.000000476837158,5,-19,24,False,1.7573593854904175,2.000000476837158,0.24264109134674072,0.13807141177274226,False,False
149185604-149185645-003,carcinoma_in_situ,nc_aware_lambda_0p10,20260804,248.40916109085083,246.65180158615112,246.99494683742523,-1.757359504699707,-1.4142142534255981,3,-33,36,False,1.757359504699707,1.4142142534255981,0.3431452512741089,0.19526184048080966,False,False
149185604-149185657-001,carcinoma_in_situ,nc_aware_lambda_0p10,20260804,193.6812390089035,189.9238793849945,191.8233743906021,-3.7573596239089966,-1.8578646183013916,12,-76,88,False,3.7573596239089966,1.8578646183013916,1.899495005607605,0.5055398459920244,False,False
149185698-149185709-002,carcinoma_in_situ,nc_aware_lambda_0p10,20260804,238.4091603755951,233.72286880016327,237.13708245754242,-4.686291575431824,-1.2720779180526733,8,-35,43,False,4.686291575431824,1.2720779180526733,3.4142136573791504,0.7285533992972991,False,False
149185788-149185824-001,carcinoma_in_situ,nc_aware_lambda_0p10,20260804,219.78174424171448,214.85281229019165,217.72286927700043,-4.928931951522827,-2.0588749647140503,7,-73,80,False,4.928931951522827,2.0588749647140503,2.870056986808777,0.5822878090094251,False,False
149190861-149190868-001,moderate_dysplastic,nc_aware_lambda_0p10,20260804,363.8822498321533,335.76449942588806,358.8183217048645,-28.11775040626526,-5.063928127288818,58,-283,341,False,28.11775040626526,5.063928127288818,23.05382227897644,0.8199027996862629,False,False
149314453-149314465-001,carcinoma_in_situ,nc_aware_lambda_0p10,20260804,189.33809316158295,188.7523066997528,188.7523066997528,-0.5857864618301392,-0.5857864618301392,1,-1,2,False,0.5857864618301392,0.5857864618301392,0.0,0.0,False,True
149314453-149314507-001,carcinoma_in_situ,nc_aware_lambda_0p10,20260804,125.15432751178741,125.15432751178741,125.15432751178741,0.0,0.0,0,0,0,False,0.0,0.0,0.0,0.0,False,True
149314453-149314507-002,carcinoma_in_situ,nc_aware_lambda_0p10,20260804,146.225395321846,145.63960874080658,145.63960874080658,-0.5857865810394287,-0.5857865810394287,1,-1,2,False,0.5857865810394287,0.5857865810394287,0.0,0.0,False,True
149314679-149314698-001,carcinoma_in_situ,nc_aware_lambda_0p10,20260804,231.13708245754242,228.20815014839172,227.62236368656158,-2.928932309150696,-3.514718770980835,15,-138,153,False,2.928932309150696,3.514718770980835,0.5857864618301392,0.2,False,False
149315229-149315310-001,severe_dysplastic,nc_aware_lambda_0p10,20260804,314.6518017053604,308.208150267601,312.6934314966202,-6.443651437759399,-1.9583702087402344,13,-76,89,False,6.443651437759399,1.9583702087402344,4.485281229019165,0.6960775691148802,False,False
149315671-149315731-001,carcinoma_in_situ,nc_aware_lambda_0p10,20260804,235.0365777015686,232.10764479637146,232.69343149662018,-2.9289329051971436,-2.3431462049484253,5,-96,101,False,2.9289329051971436,2.3431462049484253,0.5857867002487183,0.20000004070058736,False,False
149315671-149315740-001,carcinoma_in_situ,nc_aware_lambda_0p10,20260804,206.8528118133545,206.26702547073364,206.26702547073364,-0.5857863426208496,-0.5857863426208496,1,-1,2,False,0.5857863426208496,0.5857863426208496,0.0,0.0,False,True
149316426-149316462-004,carcinoma_in_situ,nc_aware_lambda_0p10,20260804,157.0538226366043,155.8822499513626,155.88224935531616,-1.1715726852416992,-1.171573281288147,2,-15,17,False,1.1715726852416992,1.171573281288147,5.960464477539062e-07,5.087575489445113e-07,False,True
149316754-149316779-002,moderate_dysplastic,nc_aware_lambda_0p10,20260804,236.16652023792267,231.8233743906021,233.48022878170013,-4.343145847320557,-2.686291456222534,6,-97,103,False,4.343145847320557,2.686291456222534,1.6568543910980225,0.3814871637617686,False,False
149317002-149317010-002,severe_dysplastic,nc_aware_lambda_0p10,20260804,164.8528115749359,161.92387914657593,161.33809328079224,-2.9289324283599854,-3.5147182941436768,5,-40,45,False,2.9289324283599854,3.5147182941436768,0.5857858657836914,0.19999978835691132,False,False
149317204-149317230-002,severe_dysplastic,nc_aware_lambda_0p10,20260804,168.12489020824432,168.12489020824432,168.12489020824432,0.0,0.0,0,0,0,False,0.0,0.0,0.0,0.0,False,True
149788987-149788996-003,light_dysplastic,nc_aware_lambda_0p10,20260804,316.5512965917587,300.1492750644684,309.60511898994446,-16.402021527290344,-6.94617760181427,28,-160,188,False,16.402021527290344,6.94617760181427,9.455843925476074,0.5765047869095319,False,False
153268807-153268826-001,light_dysplastic,nc_aware_lambda_0p10,20260804,317.39696860313416,292.7939372062683,313.01933312416077,-24.603031396865845,-4.377635478973389,42,-150,192,False,24.603031396865845,4.377635478973389,20.225395917892456,0.8220692642155043,False,False
153276386-153276405-001,moderate_dysplastic,nc_aware_lambda_0p10,20260804,256.6934313774109,254.10764515399933,254.6934313774109,-2.58578622341156,-2.0,2,-109,111,False,2.58578622341156,2.0,0.5857862234115601,0.22654085558499973,False,False
153276386-153276405-002,moderate_dysplastic,nc_aware_lambda_0p10,20260804,320.93607211112976,305.9066343307495,304.1492751836777,-15.029437780380249,-16.786796927452087,44,-72,116,False,15.029437780380249,16.786796927452087,1.7573591470718384,0.11692780347152658,False,False
153276386-153276414-001,moderate_dysplastic,nc_aware_lambda_0p10,20260804,249.622363448143,249.0365767478943,249.036576628685,-0.5857867002487183,-0.5857868194580078,1,-35,36,False,0.5857867002487183,0.5857868194580078,1.1920928955078125e-07,2.035028953374434e-07,False,True
153314466-153314473-003,light_dysplastic,nc_aware_lambda_0p10,20260804,281.9827550649643,257.9655101299286,276.9777022600174,-24.017244935035706,-5.005052804946899,72,-291,363,False,24.017244935035706,5.005052804946899,19.012192130088806,0.7916058724268717,False,False
153654869-153654880-001,severe_dysplastic,nc_aware_lambda_0p10,20260804,294.4924215078354,286.2497807741165,292.14927554130554,-8.242640733718872,-2.343145966529846,13,-151,164,False,8.242640733718872,2.343145966529846,5.899494767189026,0.7157287279373297,False,False
153655016-153655039-005,severe_dysplastic,nc_aware_lambda_0p10,20260804,159.63960886001587,155.88224923610687,155.53910398483276,-3.7573596239089966,-4.1005048751831055,5,-33,38,False,3.7573596239089966,4.1005048751831055,0.3431452512741089,0.09132616667581987,False,True
153655087-153655101-002,severe_dysplastic,nc_aware_lambda_0p10,20260804,203.9238796234131,234.79393672943115,201.23758840560913,30.870057106018066,-2.686291217803955,7,-95,102,False,30.870057106018066,2.686291217803955,28.18376588821411,0.9129806851805186,False,False
153656862-153656873-001,light_dysplastic,nc_aware_lambda_0p10,20260804,254.85281229019165,246.65180134773254,252.55129647254944,-8.201010942459106,-2.301515817642212,15,-102,117,False,8.201010942459106,2.301515817642212,5.8994951248168945,0.719361937962237,False,False
153657121-153657160-001,severe_dysplastic,nc_aware_lambda_0p10,20260804,250.89444255828857,249.722869515419,249.72286915779114,-1.1715730428695679,-1.1715734004974365,2,-12,14,False,1.1715730428695679,1.1715734004974365,3.5762786865234375e-07,3.052544361864075e-07,False,True
153659229-153659264-001,severe_dysplastic,nc_aware_lambda_0p10,20260804,236.7939372062683,236.20815074443817,236.2081503868103,-0.5857864618301392,-0.5857868194580078,1,-6,7,False,0.5857864618301392,0.5857868194580078,3.5762786865234375e-07,6.105089344930018e-07,False,True
153697342-153697375-001,moderate_dysplastic,nc_aware_lambda_0p10,20260804,192.2670259475708,189.92388021945953,190.50966560840607,-2.343145728111267,-1.7573603391647339,4,-36,40,False,2.343145728111267,1.7573603391647339,0.5857853889465332,0.24999955483721262,False,False
153697342-153697384-001,moderate_dysplastic,nc_aware_lambda_0p10,20260804,191.43859839439392,190.26702547073364,190.26702511310577,-1.1715729236602783,-1.171573281288147,2,-2,4,False,1.1715729236602783,1.171573281288147,3.5762786865234375e-07,3.052544672465009e-07,False,True
153697726-153697736-001,light_dysplastic,nc_aware_lambda_0p10,20260804,372.811182141304,347.62236404418945,369.1959581375122,-25.188818097114563,-3.615224003791809,43,-16,59,False,25.188818097114563,3.615224003791809,21.573594093322754,0.8564750442099568,False,False
153701009-153701019-002,light_dysplastic,nc_aware_lambda_0p10,20260804,313.7644993066788,304.7350618839264,309.70562410354614,-9.02943742275238,-4.058875203132629,14,-163,177,False,9.02943742275238,4.058875203132629,4.970562219619751,0.5504841538737426,False,False
153701622-153701650-001,moderate_dysplastic,nc_aware_lambda_0p10,20260804,246.93607199192047,245.76449942588806,246.35028493404388,-1.1715725660324097,-0.5857870578765869,2,-21,23,False,1.1715725660324097,0.5857870578765869,0.5857855081558228,0.4999993386151191,False,False
153701949-153701958-001,light_dysplastic,nc_aware_lambda_0p10,20260804,329.23758804798126,317.5218586921692,325.70562398433685,-11.715729355812073,-3.531964063644409,20,-148,168,False,11.715729355812073,3.531964063644409,8.183765292167664,0.698528025325864,False,False
153702037-153702051-003,light_dysplastic,nc_aware_lambda_0p10,20260804,329.17871260643005,322.7350618839264,326.53405141830444,-6.443650722503662,-2.6446611881256104,11,-88,99,False,6.443650722503662,2.6446611881256104,3.7989895343780518,0.5895709897978402,False,False
153826963-153826970-001,severe_dysplastic,nc_aware_lambda_0p10,20260804,284.59292685985565,270.977702498436,270.35028624534607,-13.615224361419678,-14.242640614509583,34,-1,35,False,13.615224361419678,14.242640614509583,0.6274162530899048,0.0460819621061671,False,True
153826963-153826982-003,severe_dysplastic,nc_aware_lambda_0p10,20260804,311.6639939546585,310.49242091178894,310.4924211502075,-1.1715730428695679,-1.1715728044509888,2,-66,68,False,1.1715730428695679,1.1715728044509888,2.384185791015625e-07,2.03502957457605e-07,False,True
153827595-153827657-002,carcinoma_in_situ,nc_aware_lambda_0p10,20260804,191.09545290470123,189.33809328079224,188.99494683742523,-1.7573596239089966,-2.100506067276001,4,-97,101,False,1.7573596239089966,2.100506067276001,0.3431464433670044,0.19526250557852462,False,False
153828877-153828902-002,severe_dysplastic,nc_aware_lambda_0p10,20260804,260.83556616306305,258.49242103099823,258.8355668783188,-2.3431451320648193,-1.9999992847442627,4,-96,100,False,2.3431451320648193,1.9999992847442627,0.34314584732055664,0.14644668937692762,False,False
153828952-153828970-001,severe_dysplastic,nc_aware_lambda_0p10,20260804,238.65180218219757,235.7228696346283,236.30865573883057,-2.928932547569275,-2.3431464433670044,5,-72,77,False,2.928932547569275,2.3431464433670044,0.5857861042022705,0.1999998616179861,False,False
153828952-153829005-001,severe_dysplastic,nc_aware_lambda_0p10,20260804,263.37972378730774,261.0365777015686,261.52185904979706,-2.3431460857391357,-1.8578647375106812,10,-99,109,False,2.3431460857391357,1.8578647375106812,0.4852813482284546,0.20710674045548236,False,False
153828952-153829005-002,severe_dysplastic,nc_aware_lambda_0p10,20260804,228.16652023792267,226.9949473142624,226.99494695663452,-1.1715729236602783,-1.171573281288147,3,-22,25,False,1.1715729236602783,1.171573281288147,3.5762786865234375e-07,3.052544672465009e-07,False,True
153829664-153829672-001,light_dysplastic,nc_aware_lambda_0p10,20260804,349.2964633703232,320.59292578697205,343.5046133995056,-28.703537583351135,-5.791849970817566,66,-335,401,False,28.703537583351135,5.791849970817566,22.91168761253357,0.7982182525760517,False,False
153829745-153829768-001,severe_dysplastic,nc_aware_lambda_0p10,20260804,nan,nan,nan,nan,nan,0,0,0,True,0.0,0.0,0.0,0.0,False,True
153829745-153829768-003,severe_dysplastic,nc_aware_lambda_0p10,20260804,286.69343173503876,282.5929262638092,285.3208485841751,-4.100505471229553,-1.3725831508636475,10,-122,132,False,4.100505471229553,1.3725831508636475,2.7279223203659058,0.6652648897814852,False,False
153830680-153830827-002,severe_dysplastic,nc_aware_lambda_0p10,20260804,211.09545254707336,208.75230741500854,209.722869515419,-2.3431451320648193,-1.372583031654358,4,-91,95,False,2.3431451320648193,1.372583031654358,0.9705621004104614,0.4142133951195697,False,False
153831352-153831372-004,severe_dysplastic,nc_aware_lambda_0p10,20260804,354.00713980197906,346.97770166397095,347.9066344499588,-7.029438138008118,-6.100505352020264,24,-57,81,False,7.029438138008118,6.100505352020264,0.928932785987854,0.1321489381868405,False,False
153915432-153915441-002,severe_dysplastic,nc_aware_lambda_0p10,20260804,268.7939363718033,263.86500358581543,266.6934311389923,-4.928932785987854,-2.100505232810974,7,-129,136,False,4.928932785987854,2.100505232810974,2.82842755317688,0.5738417779235364,False,False
153915432-153915472-001,severe_dysplastic,nc_aware_lambda_0p10,20260804,286.06601536273956,279.62236428260803,281.8061294555664,-6.443651080131531,-4.259885907173157,12,-190,202,False,6.443651080131531,4.259885907173157,2.183765172958374,0.33890183465889934,False,False
153915726-153915736-001,severe_dysplastic,nc_aware_lambda_0p10,20260804,199.23758792877197,196.89444184303284,197.03657746315002,-2.3431460857391357,-2.2010104656219482,4,-94,98,False,2.3431460857391357,2.2010104656219482,0.1421356201171875,0.060660161558962894,False,True
153916114-153916129-002,severe_dysplastic,nc_aware_lambda_0p10,20260804,348.7939372062683,325.7056245803833,339.5046135187149,-23.08831262588501,-9.289323687553406,46,-284,330,False,23.08831262588501,9.289323687553406,13.798988938331604,0.5976612133561089,False,False
153916114-153916150-001,carcinoma_in_situ,nc_aware_lambda_0p10,20260804,207.58073461055756,204.0660160779953,206.06601572036743,-3.514718532562256,-1.5147188901901245,6,-42,48,False,3.514718532562256,1.5147188901901245,1.9999996423721313,0.5690355070663701,False,False
153916114-153916167-001,carcinoma_in_situ,nc_aware_lambda_0p10,20260804,224.50966596603394,223.33809328079224,223.09545242786407,-1.1715726852416992,-1.4142135381698608,2,-15,17,False,1.1715726852416992,1.4142135381698608,0.24264085292816162,0.20710695630301762,False,False
153916569-153916586-001,carcinoma_in_situ,nc_aware_lambda_0p10,20260804,197.5807341337204,194.6518017053604,195.82337498664856,-2.9289324283599854,-1.7573591470718384,5,-28,33,False,2.9289324283599854,1.7573591470718384,1.171573281288147,0.4000001058215443,False,False
153956040-153956058-001,normal_columnar,nc_aware_lambda_0p10,20260804,179.88224959373474,175.78174436092377,176.40916109085083,-4.100505232810974,-3.473088502883911,7,-90,97,False,4.100505232810974,3.473088502883911,0.627416729927063,0.15300961571922125,False,False
153956040-153956058-003,normal_columnar,nc_aware_lambda_0p10,20260804,187.19595754146576,186.61017107963562,186.61017107963562,-0.5857864618301392,-0.5857864618301392,3,-1,4,False,0.5857864618301392,0.5857864618301392,0.0,0.0,False,True
153956040-153956072-003,normal_columnar,nc_aware_lambda_0p10,20260804,164.71067690849304,162.36753106117249,163.1959581375122,-2.3431458473205566,-1.514718770980835,4,-45,49,False,2.3431458473205566,1.514718770980835,0.8284270763397217,0.3535533553265785,False,False
153956444-153956458-004,normal_columnar,nc_aware_lambda_0p10,20260804,163.05382251739502,160.12489020824432,160.9533176422119,-2.928932309150696,-2.1005048751831055,5,-41,46,False,2.928932309150696,2.1005048751831055,0.8284274339675903,0.2828428063630497,False,False
153958154-153958211-001,normal_columnar,nc_aware_lambda_0p10,20260804,182.7523069381714,180.40916097164154,180.1665199995041,-2.343145966529846,-2.5857869386672974,4,-41,45,False,2.343145966529846,2.5857869386672974,0.24264097213745117,0.1035535026854506,False,False
153958547-153958572-002,normal_columnar,nc_aware_lambda_0p10,20260804,136.71067643165588,136.12488973140717,136.12488996982574,-0.5857867002487183,-0.5857864618301392,1,-4,5,False,0.5857867002487183,0.5857864618301392,2.384185791015625e-07,4.070057906748868e-07,False,True
153958547-153958572-006,normal_columnar,nc_aware_lambda_0p10,20260804,140.4680359363556,139.88224959373474,139.88224947452545,-0.5857863426208496,-0.5857864618301392,1,-2,3,False,0.5857863426208496,0.5857864618301392,1.1920928955078125e-07,2.0350301957780449e-07,False,True
153958547-153958572-008,normal_columnar,nc_aware_lambda_0p10,20260804,161.74011433124542,161.154327750206,161.1543276309967,-0.5857865810394287,-0.5857867002487183,1,-3,4,False,0.5857865810394287,0.5857867002487183,1.1920928955078125e-07,2.0350293675088025e-07,False,True
153958547-153958572-009,normal_columnar,nc_aware_lambda_0p10,20260804,142.3259004354477,140.56854128837585,141.05382251739502,-1.7573591470718384,-1.2720779180526733,3,-32,35,False,1.7573591470718384,1.2720779180526733,0.48528122901916504,0.2761423183347322,False,False
153958547-153958590-002,normal_columnar,nc_aware_lambda_0p10,20260804,278.85281229019165,192.26702523231506,264.0071393251419,-86.58578705787659,-14.845672965049744,63,-382,445,False,86.58578705787659,14.845672965049744,71.74011409282684,0.8285437660210163,False,False
154519964-154519981-001,light_dysplastic,nc_aware_lambda_0p10,20260804,313.09545278549194,301.3797228336334,308.8771971464157,-11.71572995185852,-4.218255639076233,20,-137,157,False,11.71572995185852,4.218255639076233,7.497474312782288,0.6399493965455331,False,False
157181481-157181497-004,normal_columnar,nc_aware_lambda_0p10,20260804,130.81118190288544,128.46803641319275,128.71067678928375,-2.343145489692688,-2.1005051136016846,12,-56,68,False,2.343145489692688,2.1005051136016846,0.24264037609100342,0.10355326938013848,False,False
157181671-157181697-001,normal_superficiel,nc_aware_lambda_0p10,20260804,96.48528122901917,92.97056245803833,93.94112491607666,-3.514718770980835,-2.544156312942505,6,-25,31,False,3.514718770980835,2.544156312942505,0.9705624580383301,0.27614228087087606,False,False
157183193-157183279-001,normal_superficiel,nc_aware_lambda_0p10,20260804,98.14213538169861,92.28427076339722,93.84061968326569,-5.857864618301392,-4.301515698432922,10,-58,68,False,5.857864618301392,4.301515698432922,1.5563489198684692,0.26568536852252567,False,False
157183828-157183877-001,normal_intermediate,nc_aware_lambda_0p10,20260804,149.2132030725479,140.42640614509583,145.88224947452545,-8.786796927452087,-3.330953598022461,15,-42,57,False,8.786796927452087,3.330953598022461,5.4558433294296265,0.6209137839961052,False,False
157183964-157183980-001,normal_superficiel,nc_aware_lambda_0p10,20260804,96.97056245803833,89.94112467765808,90.56854152679443,-7.029437780380249,-6.4020209312438965,12,-56,68,False,7.029437780380249,6.4020209312438965,0.6274168491363525,0.08925562310082973,False,True
157184013-157184031-001,normal_superficiel,nc_aware_lambda_0p10,20260804,264.2253956794739,238.7939372062683,255.22034287452698,-25.431458473205566,-9.0050528049469,78,-390,468,False,25.431458473205566,9.0050528049469,16.426405668258667,0.6459089118135096,False,False
157184850-157184920-002,normal_columnar,nc_aware_lambda_0p10,20260804,174.12489020824432,171.7817441225052,171.68123936653137,-2.3431460857391357,-2.4436508417129517,9,-69,78,False,2.3431460857391357,2.4436508417129517,0.10050475597381592,0.04289308147942987,False,True
157184850-157184942-001,normal_superficiel,nc_aware_lambda_0p10,20260804,154.28427076339722,142.56854152679443,151.53910374641418,-11.715729236602783,-2.7451670169830322,20,-54,74,False,11.715729236602783,2.7451670169830322,8.970562219619751,0.7656853481722278,False,False
157185208-157185238-001,normal_superficiel,nc_aware_lambda_0p10,20260804,97.89949476718903,93.79898953437805,94.66904664039612,-4.100505232810974,-3.2304481267929077,7,-36,43,False,4.100505232810974,3.2304481267929077,0.8700571060180664,0.21218290347641522,False,False
157185433-157185479-002,normal_columnar,nc_aware_lambda_0p10,20260804,140.56854140758514,138.81118202209473,138.56854128837585,-1.7573593854904175,-2.0000001192092896,3,-33,36,False,1.7573593854904175,2.0000001192092896,0.24264073371887207,0.1380712082697641,False,False
157185433-157185479-003,normal_columnar,nc_aware_lambda_0p10,20260804,123.49747383594513,122.91168737411499,122.91168701648712,-0.5857864618301392,-0.5857868194580078,1,-1,2,False,0.5857864618301392,0.5857868194580078,3.5762786865234375e-07,6.105089344930018e-07,False,True
157185433-157185479-004,normal_columnar,nc_aware_lambda_0p10,20260804,132.56854152679443,130.225395321846,131.2964630126953,-2.3431462049484253,-1.272078514099121,6,-77,83,False,2.3431462049484253,1.272078514099121,1.0710676908493042,0.457106640886235,False,False
157185433-157185479-006,normal_columnar,nc_aware_lambda_0p10,20260804,164.225395321846,163.63960886001587,163.3969682455063,-0.5857864618301392,-0.8284270763397217,2,-1,3,False,0.5857864618301392,0.8284270763397217,0.24264061450958252,0.4142134213063141,False,False
157185433-157185508-001,normal_columnar,nc_aware_lambda_0p10,20260804,164.4680359363556,163.88224923610687,163.88224959373474,-0.5857867002487183,-0.5857863426208496,1,-1,2,False,0.5857867002487183,0.5857863426208496,3.5762786865234375e-07,6.105086860123302e-07,False,True
157185730-157185758-001,normal_columnar,nc_aware_lambda_0p10,20260804,363.36247766017914,350.7766910791397,361.3624778985977,-12.585786581039429,-1.999999761581421,16,-110,126,False,12.585786581039429,1.999999761581421,10.585786819458008,0.8410906025854249,False,False
157185781-157185793-003,normal_columnar,nc_aware_lambda_0p10,20260804,226.55129623413086,226.55129623413086,226.55129623413086,0.0,0.0,0,0,0,False,0.0,0.0,0.0,0.0,False,True
157222534-157222607-001,normal_superficiel,nc_aware_lambda_0p10,20260804,73.31370830535889,68.62741661071777,69.59797894954681,-4.686291694641113,-3.7157293558120728,8,-40,48,False,4.686291694641113,3.7157293558120728,0.9705623388290405,0.20710668521528477,False,False
157222647-157222687-001,normal_intermediate,nc_aware_lambda_0p10,20260804,174.87005722522736,163.7401144504547,167.9238793849945,-11.129942774772644,-6.946177840232849,19,-79,98,False,11.129942774772644,6.946177840232849,4.183764934539795,0.37590174713411845,False,False
157222801-157222811-001,normal_intermediate,nc_aware_lambda_0p10,20260804,128.5269113779068,117.98275578022003,122.3675308227539,-10.544155597686768,-6.159380555152893,37,-217,254,False,10.544155597686768,6.159380555152893,4.3847750425338745,0.41584885597627463,False,False
157223549-157223570-001,normal_intermediate,nc_aware_lambda_0p10,20260804,151.11269783973694,138.22539567947388,146.02438473701477,-12.887302160263062,-5.088313102722168,44,-233,277,False,12.887302160263062,5.088313102722168,7.7989890575408936,0.6051684798381182,False,False
157224412-157224429-001,normal_superficiel,nc_aware_lambda_0p10,20260804,86.48528122901917,82.97056245803833,82.87005722522736,-3.514718770980835,-3.615224003791809,10,-91,101,False,3.514718770980835,3.615224003791809,0.10050523281097412,0.02859552623122863,False,True
157224458-157224464-001,normal_intermediate,nc_aware_lambda_0p10,20260804,406.5269113779068,393.0538227558136,404.10764479637146,-13.4730886220932,-2.4192665815353394,38,-228,266,False,13.4730886220932,2.4192665815353394,11.053822040557861,0.8204371210348739,False,False
157224458-157224483-001,normal_superficiel,nc_aware_lambda_0p10,20260804,82.48528122901917,78.97056245803833,79.94112479686737,-3.514718770980835,-2.5441564321517944,6,-24,30,False,3.514718770980835,2.5441564321517944,0.9705623388290405,0.27614224695371303,False,False
157227058-157227087-001,normal_columnar,nc_aware_lambda_0p10,20260804,191.19595777988434,189.4385985136032,189.78174459934235,-1.757359266281128,-1.4142131805419922,4,-14,18,False,1.757359266281128,1.4142131805419922,0.34314608573913574,0.19526234181203678,False,False
157227461-157227503-003,normal_columnar,nc_aware_lambda_0p10,20260804,174.61017227172852,173.43859934806824,173.19595742225647,-1.1715729236602783,-1.414214849472046,2,-45,47,False,1.1715729236602783,1.414214849472046,0.24264192581176758,0.20710782991953697,False,False
157266930-157266947-001,normal_columnar,nc_aware_lambda_0p10,20260804,191.338094830513,190.75230836868286,190.752308011055,-0.5857864618301392,-0.5857868194580078,1,-9,10,False,0.5857864618301392,0.5857868194580078,3.5762786865234375e-07,6.105089344930018e-07,False,True
157268504-157268544-001,normal_superficiel,nc_aware_lambda_0p10,20260804,nan,nan,nan,nan,nan,0,0,0,True,0.0,0.0,0.0,0.0,False,True
158986766-158986776-001,normal_columnar,nc_aware_lambda_0p10,20260804,192.6101713180542,191.43859839439392,191.4385985136032,-1.1715729236602783,-1.1715728044509888,2,-7,9,False,1.1715729236602783,1.1715728044509888,1.1920928955078125e-07,1.0175148908216697e-07,False,True
158986813-158986820-001,normal_columnar,nc_aware_lambda_0p10,20260804,139.63960897922516,139.05382251739502,138.81118190288544,-0.5857864618301392,-0.8284270763397217,1,-1,2,False,0.5857864618301392,0.8284270763397217,0.24264061450958252,0.4142134213063141,False,False
158986920-158986928-004,normal_columnar,nc_aware_lambda_0p10,20260804,122.87005722522736,115.59797871112823,120.32590067386627,-7.272078514099121,-2.544156551361084,11,-38,49,False,7.272078514099121,2.544156551361084,4.727921962738037,0.6501472658156168,False,False
204870858-204870872-001,light_dysplastic,nc_aware_lambda_0p10,20260804,212.95331728458405,210.6101714372635,210.7523068189621,-2.3431458473205566,-2.2010104656219482,9,-103,112,False,2.3431458473205566,2.2010104656219482,0.1421353816986084,0.06066006597973558,False,True
204870951-204870961-002,light_dysplastic,nc_aware_lambda_0p10,20260804,405.13708305358887,379.94826447963715,395.10259222984314,-25.18881857395172,-10.034490823745728,43,-220,263,False,25.18881857395172,10.034490823745728,15.154327750205994,0.6016291596096293,False,False
204871030-204871038-001,light_dysplastic,nc_aware_lambda_0p10,20260804,370.8944424390793,348.04876935482025,366.1320301294327,-22.845673084259033,-4.7624123096466064,39,-204,243,False,22.845673084259033,4.7624123096466064,18.083260774612427,0.7915398556180877,False,False
204871030-204871038-002,light_dysplastic,nc_aware_lambda_0p10,20260804,458.30865597724915,421.4041076898575,453.2030977010727,-36.90454828739166,-5.105558276176453,63,-125,188,False,36.90454828739166,5.105558276176453,31.79899001121521,0.8616550394705481,False,False
209047342-209047443-001,normal_superficiel,nc_aware_lambda_0p10,20260804,164.5269113779068,151.0538227558136,158.85281193256378,-13.4730886220932,-5.674099445343018,23,-88,111,False,13.4730886220932,5.674099445343018,7.798989176750183,0.5788568156496339,False,False
209047526-209047626-001,normal_intermediate,nc_aware_lambda_0p10,20260804,502.85281229019165,467.7056245803833,483.5289990901947,-35.14718770980835,-19.32381319999695,60,-263,323,False,35.14718770980835,19.32381319999695,15.823374509811401,0.45020314684795254,False,False
209047526-209047798-001,normal_superficiel,nc_aware_lambda_0p10,20260804,108.14213538169861,104.04163014888763,105.8406195640564,-4.100505232810974,-2.301515817642212,16,-101,117,False,4.100505232810974,2.301515817642212,1.7989894151687622,0.4387238432897989,False,False
209307421-209307504-001,normal_intermediate,nc_aware_lambda_0p10,20260804,145.69848430156708,138.0832598209381,141.63960909843445,-7.615224480628967,-4.058875203132629,20,-157,177,False,7.615224480628967,4.058875203132629,3.556349277496338,0.4670051797609789,False,False
209522474-209522522-001,normal_intermediate,nc_aware_lambda_0p10,20260804,132.62741661071777,127.35533845424652,128.95331716537476,-5.272078156471252,-3.6740994453430176,9,-60,69,False,5.272078156471252,3.6740994453430176,1.5979787111282349,0.30310224236087696,False,False
209522940-209522970-001,normal_intermediate,nc_aware_lambda_0p10,20260804,162.18376553058624,150.46803629398346,155.58073389530182,-11.715729236602783,-6.603031635284424,30,-165,195,False,11.715729236602783,6.603031635284424,5.112697601318359,0.4363960192375435,False,False
209565409-209565503-001,normal_intermediate,nc_aware_lambda_0p10,20260804,172.28427076339722,160.56854152679443,166.50966620445251,-11.715729236602783,-5.774604558944702,29,-169,198,False,11.715729236602783,5.774604558944702,5.941124677658081,0.5071066903028593,False,False
209565409-209565600-001,normal_intermediate,nc_aware_lambda_0p10,20260804,165.2132030725479,156.42640614509583,162.46803617477417,-8.786796927452087,-2.7451668977737427,15,-42,57,False,8.786796927452087,2.7451668977737427,6.041630029678345,0.6875804777965023,False,False
209565864-209565890-001,normal_intermediate,nc_aware_lambda_0p10,20260804,190.42640614509583,172.85281229019165,181.48022866249084,-17.573593854904175,-8.94617748260498,30,-110,140,False,17.573593854904175,8.94617748260498,8.627416372299194,0.49093067949169567,False,False
209565864-209565911-001,normal_intermediate,nc_aware_lambda_0p10,20260804,166.87005722522736,155.7401144504547,162.95331704616547,-11.129942774772644,-3.9167401790618896,19,-52,71,False,11.129942774772644,3.9167401790618896,7.213202595710754,0.6480898187599263,False,False
209566047-209566095-001,normal_intermediate,nc_aware_lambda_0p10,20260804,196.76955199241638,181.53910374641418,186.0660148859024,-15.230448246002197,-10.703537106513977,26,-103,129,False,15.230448246002197,10.703537106513977,4.52691113948822,0.2972277024529779,False,False
209566205-209566247-001,normal_intermediate,nc_aware_lambda_0p10,20260804,150.04163014888763,140.0832600593567,147.154327750206,-9.958370089530945,-2.8873023986816406,17,-22,39,False,9.958370089530945,2.8873023986816406,7.071067690849304,0.7100627539724589,False,False
209566205-209566289-001,normal_intermediate,nc_aware_lambda_0p10,20260804,182.3847759962082,174.76955199241638,179.19595777988434,-7.615224003791809,-3.1888182163238525,13,-62,75,False,7.615224003791809,3.1888182163238525,4.4264057874679565,0.5812574633738862,False,False
209566399-209566485-001,normal_intermediate,nc_aware_lambda_0p10,20260804,159.2132030725479,150.42640614509583,155.5391035079956,-8.786796927452087,-3.674099564552307,15,-75,90,False,8.786796927452087,3.674099564552307,5.11269736289978,0.5818613318496609,False,False
148495842-148495854-001,light_dysplastic,nc_aware_lambda_0p10,20260805,217.72286891937256,217.13708245754242,217.13708209991455,-0.5857864618301392,-0.5857868194580078,1,-11,12,False,0.5857864618301392,0.5857868194580078,3.5762786865234375e-07,6.105089344930018e-07,False,True
148497551-148497588-001,light_dysplastic,nc_aware_lambda_0p10,20260805,194.02438509464264,192.85281217098236,192.85281193256378,-1.1715729236602783,-1.1715731620788574,2,-4,6,False,1.1715729236602783,1.1715731620788574,2.384185791015625e-07,2.0350297816433394e-07,False,True
148497788-148497816-002,light_dysplastic,nc_aware_lambda_0p10,20260805,200.46803629398346,168.8528116941452,184.0660150051117,-31.615224599838257,-16.402021288871765,24,-68,92,False,31.615224599838257,16.402021288871765,15.213203310966492,0.48119864728224393,False,False
148503209-148503222-001,light_dysplastic,nc_aware_lambda_0p10,20260805,430.30865597724915,416.8355664014816,426.87719690799713,-13.473089575767517,-3.431459069252014,33,-112,145,False,13.473089575767517,3.431459069252014,10.041630506515503,0.7453101569647558,False,False
148503209-148503231-001,light_dysplastic,nc_aware_lambda_0p10,20260805,315.3380935192108,294.00714004039764,311.26197254657745,-21.33095347881317,-4.076120972633362,34,-156,190,False,21.33095347881317,4.076120972633362,17.25483250617981,0.8089105122899479,False,False
148503400-148503432-001,light_dysplastic,nc_aware_lambda_0p10,20260805,474.9360725879669,434.71781718730927,438.1147849559784,-40.218255400657654,-36.821287631988525,137,-464,601,False,40.218255400657654,36.821287631988525,3.3969677686691284,0.08446332976973389,False,True
148503568-148503580-002,light_dysplastic,nc_aware_lambda_0p10,20260805,284.69343161582947,278.8355667591095,281.6639940738678,-5.857864856719971,-3.02943754196167,12,-150,162,False,5.857864856719971,3.02943754196167,2.828427314758301,0.4828427053098728,False,False
148718455-148718461-001,light_dysplastic,nc_aware_lambda_0p10,20260805,768.3502861261368,686.8010768890381,759.6538890600204,-81.5492092370987,-8.696397066116333,153,-445,598,False,81.5492092370987,8.696397066116333,72.85281217098236,0.89336013006782,False,False
148719308-148719348-004,light_dysplastic,nc_aware_lambda_0p10,20260805,193.5807340145111,191.5807340145111,191.82337498664856,-2.0,-1.7573590278625488,5,-78,83,False,2.0,1.7573590278625488,0.24264097213745117,0.12132048606872559,False,False
148719308-148719357-001,light_dysplastic,nc_aware_lambda_0p10,20260805,211.09545266628265,205.23758792877197,208.0660150051117,-5.857864737510681,-3.0294376611709595,10,-71,81,False,5.857864737510681,3.0294376611709595,2.8284270763397217,0.4828426744352706,False,False
148848523-148848559-002,moderate_dysplastic,nc_aware_lambda_0p10,20260805,292.2497798204422,292.2497798204422,292.2497798204422,0.0,0.0,0,0,0,False,0.0,0.0,0.0,0.0,False,True
148881870-148882178-002,light_dysplastic,nc_aware_lambda_0p10,20260805,216.40916061401367,214.06601476669312,214.40916085243225,-2.3431458473205566,-1.999999761581421,4,-24,28,False,2.3431458473205566,1.999999761581421,0.34314608573913574,0.14644674642491057,False,False
148882307-148882323-001,light_dysplastic,nc_aware_lambda_0p10,20260805,365.4385987520218,329.2203435897827,356.7178167104721,-36.218255162239075,-8.720782041549683,59,-222,281,False,36.218255162239075,8.720782041549683,27.497473120689392,0.7592158428813016,False,False
148882535-148882616-001,light_dysplastic,nc_aware_lambda_0p10,20260805,617.2203433513641,563.91377556324,589.8965294361115,-53.306567788124084,-27.323813915252686,130,-577,707,False,53.306567788124084,27.323813915252686,25.9827538728714,0.48742124940671894,False,False
148882671-148882687-001,light_dysplastic,nc_aware_lambda_0p10,20260805,328.99494767189026,310.8355666399002,323.7056237459183,-18.15938103199005,-5.289323925971985,31,-129,160,False,18.15938103199005,5.289323925971985,12.870057106018066,0.7087277415097921,False,False
149011613-149011656-001,light_dysplastic,nc_aware_lambda_0p10,20260805,275.1543279886246,252.308655500412,269.6223636865616,-22.845672488212585,-5.531964302062988,39,-55,94,False,22.845672488212585,5.531964302062988,17.313708186149597,0.7578550465118831,False,False
149013033-149013072-001,moderate_dysplastic,nc_aware_lambda_0p10,20260805,204.40916085243225,203.82337427139282,203.58073377609253,-0.5857865810394287,-0.8284270763397217,1,-1,2,False,0.5857865810394287,0.8284270763397217,0.24264049530029297,0.41421313350972966,False,False
149014929-149014984-001,moderate_dysplastic,nc_aware_lambda_0p10,20260805,245.96550929546356,245.96550929546356,245.96550929546356,0.0,0.0,0,0,0,False,0.0,0.0,0.0,0.0,False,True
149014929-149015008-003,moderate_dysplastic,nc_aware_lambda_0p10,20260805,228.99494779109955,258.20815074443817,227.5807341337204,29.213202953338623,-1.4142136573791504,9,-43,52,False,29.213202953338623,1.4142136573791504,27.798989295959473,0.9515899143398266,False,False
149014929-149015022-001,light_dysplastic,nc_aware_lambda_0p10,20260805,297.7228693962097,289.7644991874695,289.8061298131943,-7.958370208740234,-7.916739583015442,16,-143,159,False,7.958370208740234,7.916739583015442,0.04163062572479248,0.005231049151127939,False,True
149014929-149015022-002,light_dysplastic,nc_aware_lambda_0p10,20260805,297.6812393665314,284.5512959957123,291.90663504600525,-13.129943370819092,-5.774604320526123,20,-146,166,False,13.129943370819092,5.774604320526123,7.355339050292969,0.5601957938859043,False,False
149053341-149053350-001,moderate_dysplastic,nc_aware_lambda_0p10,20260805,268.61017167568207,260.40916097164154,265.52185893058777,-8.201010704040527,-3.0883127450942993,14,-124,138,False,8.201010704040527,3.0883127450942993,5.112697958946228,0.6234229101087834,False,False
149053945-149053969-001,moderate_dysplastic,nc_aware_lambda_0p10,20260805,257.137082695961,252.4507908821106,255.96550977230072,-4.686291813850403,-1.1715729236602783,8,-19,27,False,4.686291813850403,1.1715729236602783,3.5147188901901245,0.750000006359468,False,False
149053945-149053976-001,moderate_dysplastic,nc_aware_lambda_0p10,20260805,231.8406196832657,213.68123936653137,225.96550953388214,-18.159380316734314,-5.875110149383545,44,-195,239,False,18.159380316734314,5.875110149383545,12.284270167350769,0.6764696786503509,False,False
149054642-149054677-003,light_dysplastic,nc_aware_lambda_0p10,20260805,182.02438497543335,180.8528118133545,180.6101711988449,-1.1715731620788574,-1.41421377658844,6,-40,46,False,1.1715731620788574,1.41421377658844,0.24264061450958252,0.20710666850633322,False,False
149056321-149056343-001,severe_dysplastic,nc_aware_lambda_0p10,20260805,331.4802289009094,313.9066355228424,325.6051182746887,-17.573593378067017,-5.875110626220703,30,-109,139,False,17.573593378067017,5.875110626220703,11.698482751846313,0.6656852984004272,False,False
149056321-149056360-001,severe_dysplastic,nc_aware_lambda_0p10,20260805,204.40916204452515,203.2375888824463,203.23758828639984,-1.1715731620788574,-1.1715737581253052,2,-62,64,False,1.1715731620788574,1.1715737581253052,5.960464477539062e-07,5.087573418772006e-07,False,True
149056410-149056458-001,severe_dysplastic,nc_aware_lambda_0p10,20260805,150.36753129959106,149.78174483776093,149.78174483776093,-0.5857864618301392,-0.5857864618301392,1,-1,2,False,0.5857864618301392,0.5857864618301392,0.0,0.0,False,True
149056873-149056884-001,severe_dysplastic,nc_aware_lambda_0p10,20260805,165.19595777988434,163.43859827518463,163.33809328079224,-1.757359504699707,-1.857864499092102,3,-72,75,False,1.757359504699707,1.857864499092102,0.10050499439239502,0.05719091291429812,False,True
149056873-149056884-002,severe_dysplastic,nc_aware_lambda_0p10,20260805,153.09545278549194,151.92387914657593,152.50966560840607,-1.1715736389160156,-0.5857871770858765,2,-17,19,False,1.1715736389160156,0.5857871770858765,0.5857864618301392,0.4999996947457191,False,False
149056933-149056982-002,severe_dysplastic,nc_aware_lambda_0p10,20260805,132.2253955602646,131.63960909843445,131.63960909843445,-0.5857864618301392,-0.5857864618301392,1,-1,2,False,0.5857864618301392,0.5857864618301392,0.0,0.0,False,True
149057756-149057766-002,moderate_dysplastic,nc_aware_lambda_0p10,20260805,288.9360729455948,287.7644999027252,287.7644993066788,-1.1715730428695679,-1.1715736389160156,2,-46,48,False,1.1715730428695679,1.1715736389160156,5.960464477539062e-07,5.087573936440125e-07,False,True
149057756-149057788-002,moderate_dysplastic,nc_aware_lambda_0p10,20260805,298.30865585803986,285.42135405540466,295.07820749282837,-12.887301802635193,-3.230448365211487,28,-146,174,False,12.887301802635193,3.230448365211487,9.656853437423706,0.7493308983769648,False,False
149057812-149057825-003,moderate_dysplastic,nc_aware_lambda_0p10,20260805,294.4091612100601,282.1076455116272,289.66399359703064,-12.301515698432922,-4.74516761302948,21,-83,104,False,12.301515698432922,4.74516761302948,7.556348085403442,0.6142615487915881,False,False
149057812-149057825-005,moderate_dysplastic,nc_aware_lambda_0p10,20260805,178.36753058433533,177.7817441225052,177.7817438840866,-0.5857864618301392,-0.5857867002487183,1,-6,7,False,0.5857864618301392,0.5857867002487183,2.384185791015625e-07,4.070059563286679e-07,False,True
149057812-149057847-004,moderate_dysplastic,nc_aware_lambda_0p10,20260805,216.75230634212494,216.75230634212494,216.75230634212494,0.0,0.0,0,0,0,False,0.0,0.0,0.0,0.0,False,True
149057812-149057847-005,moderate_dysplastic,nc_aware_lambda_0p10,20260805,272.79393684864044,269.86500465869904,271.03657710552216,-2.9289321899414062,-1.7573597431182861,5,-31,36,False,2.9289321899414062,1.7573597431182861,1.1715724468231201,0.3999998534778498,False,False
149058262-149058272-003,moderate_dysplastic,nc_aware_lambda_0p10,20260805,288.69343173503876,286.3502857685089,286.1492749452591,-2.343145966529846,-2.544156789779663,4,-125,129,False,2.343145966529846,2.544156789779663,0.2010108232498169,0.08578672695645591,False,True
149061666-149061699-003,moderate_dysplastic,nc_aware_lambda_0p10,20260805,216.7523068189621,213.8233745098114,213.72286915779114,-2.928932309150696,-3.0294376611709595,5,-80,85,False,2.928932309150696,3.0294376611709595,0.10050535202026367,0.03431467217806999,False,True
149095913-149095926-001,light_dysplastic,nc_aware_lambda_0p10,20260805,453.8650048971176,415.40410792827606,420.7594462633133,-38.46089696884155,-33.10555863380432,125,-527,652,False,38.46089696884155,33.10555863380432,5.3553383350372314,0.1392411190871541,False,False
149097324-149097373-001,moderate_dysplastic,nc_aware_lambda_0p10,20260805,264.16652047634125,254.20815002918243,261.3208484649658,-9.958370447158813,-2.8456720113754272,17,-114,131,False,9.958370447158813,2.8456720113754272,7.112698435783386,0.714243206107349,False,False
149097594-149097637-001,moderate_dysplastic,nc_aware_lambda_0p10,20260805,321.96550965309143,306.83556592464447,297.80612885951996,-15.12994372844696,-24.159380793571472,38,-186,224,False,15.12994372844696,24.159380793571472,9.029437065124512,0.596792508100845,False,False
149097594-149097637-002,moderate_dysplastic,nc_aware_lambda_0p10,20260805,317.8061295747757,314.877197265625,314.877197265625,-2.928932309150696,-2.928932309150696,15,-133,148,False,2.928932309150696,2.928932309150696,0.0,0.0,False,True
149098972-149098988-002,severe_dysplastic,nc_aware_lambda_0p10,20260805,199.09545254707336,197.33809351921082,197.09545242786407,-1.7573590278625488,-2.0000001192092896,3,-49,52,False,1.7573590278625488,2.0000001192092896,0.24264109134674072,0.13807143987069148,False,False
149099096-149099104-001,severe_dysplastic,nc_aware_lambda_0p10,20260805,196.26702570915222,195.6812391281128,195.68123924732208,-0.5857865810394287,-0.5857864618301392,1,-1,2,False,0.5857865810394287,0.5857864618301392,1.1920928955078125e-07,2.0350293675088025e-07,False,True
149099276-149099290-001,light_dysplastic,nc_aware_lambda_0p10,20260805,324.9533175230026,296.00713992118835,315.94826459884644,-28.94617760181427,-9.005052924156189,64,-240,304,False,28.94617760181427,9.005052924156189,19.94112467765808,0.6889035558328166,False,False
149099276-149099290-002,light_dysplastic,nc_aware_lambda_0p10,20260805,268.46803629398346,247.96550941467285,259.56348860263824,-20.502526879310608,-8.904547691345215,35,-125,160,False,20.502526879310608,8.904547691345215,11.597979187965393,0.56568535460227,False,False
149099502-149099525-002,light_dysplastic,nc_aware_lambda_0p10,20260805,260.71067690849304,241.3797231912613,253.52185881137848,-19.33095371723175,-7.188818097114563,33,-159,192,False,19.33095371723175,7.188818097114563,12.142135620117188,0.6281188087111088,False,False
149100006-149100028-002,severe_dysplastic,nc_aware_lambda_0p10,20260805,161.74011433124542,158.2253955602646,158.12489020824432,-3.514718770980835,-3.6152241230010986,12,-68,80,False,3.514718770980835,3.6152241230010986,0.10050535202026367,0.02859556014839166,False,True
149100064-149100072-001,moderate_dysplastic,nc_aware_lambda_0p10,20260805,356.3675310611725,323.9066343307495,349.40410792827606,-32.460896730422974,-6.963423132896423,56,-212,268,False,32.460896730422974,6.963423132896423,25.49747359752655,0.785482724315186,False,False
149101620-149101650-001,moderate_dysplastic,nc_aware_lambda_0p10,20260805,270.85281217098236,264.40916073322296,264.45079147815704,-6.443651437759399,-6.402020692825317,11,-87,98,False,6.443651437759399,6.402020692825317,0.04163074493408203,0.006460738191102088,False,True
149102442-149102451-001,light_dysplastic,nc_aware_lambda_0p10,20260805,232.99494779109955,231.82337486743927,231.82337486743927,-1.1715729236602783,-1.1715729236602783,3,-3,6,False,1.1715729236602783,1.1715729236602783,0.0,0.0,False,True
149102510-149102519-001,moderate_dysplastic,nc_aware_lambda_0p10,20260805,241.6812390089035,234.6518018245697,238.79393684864044,-7.029437184333801,-2.8873021602630615,12,-78,90,False,7.029437184333801,2.8873021602630615,4.14213502407074,0.5892555713140356,False,False
149105003-149105050-001,light_dysplastic,nc_aware_lambda_0p10,20260805,206.40916085243225,204.06601476669312,204.308655500412,-2.3431460857391357,-2.1005053520202637,11,-74,85,False,2.3431460857391357,2.1005053520202637,0.24264073371887207,0.10355339566561086,False,False
149105289-149105300-001,moderate_dysplastic,nc_aware_lambda_0p10,20260805,161.2964630126953,161.2964630126953,161.2964630126953,0.0,0.0,0,0,0,False,0.0,0.0,0.0,0.0,False,True
149105289-149105300-002,moderate_dysplastic,nc_aware_lambda_0p10,20260805,305.52185904979706,302.5929263830185,302.93607211112976,-2.9289326667785645,-2.5857869386672974,33,-111,144,False,2.9289326667785645,2.5857869386672974,0.3431457281112671,0.11715726073303066,False,False
149105289-149105311-001,moderate_dysplastic,nc_aware_lambda_0p10,20260805,155.68123877048492,155.0954521894455,155.68123877048492,-0.5857865810394287,0.0,1,0,1,False,0.5857865810394287,0.0,0.5857865810394287,1.0,False,False
149105289-149105311-003,moderate_dysplastic,nc_aware_lambda_0p10,20260805,195.6812390089035,189.92387926578522,194.0660148859024,-5.757359743118286,-1.6152241230010986,9,-192,201,False,5.757359743118286,1.6152241230010986,4.1421356201171875,0.7194505476348322,False,False
149105289-149105311-004,moderate_dysplastic,nc_aware_lambda_0p10,20260805,424.71781635284424,427.93101954460144,422.96045672893524,3.213203191757202,-1.7573596239089966,28,-55,83,False,3.213203191757202,1.7573596239089966,1.4558435678482056,0.45308170102123213,False,False
149140081-149140096-002,moderate_dysplastic,nc_aware_lambda_0p10,20260805,278.61017167568207,264.551296710968,272.24978029727936,-14.05887496471405,-6.36039137840271,34,-292,326,False,14.05887496471405,6.36039137840271,7.69848358631134,0.5475888793117183,False,False
149140849-149140856-001,moderate_dysplastic,nc_aware_lambda_0p10,20260805,482.8771975040436,428.47517573833466,472.15641498565674,-54.40202176570892,-10.72078251838684,40,-254,294,False,54.40202176570892,10.72078251838684,43.68123924732208,0.8029341158577228,False,False
149143028-149143108-002,severe_dysplastic,nc_aware_lambda_0p10,20260805,195.43859839439392,192.50966620445251,193.58073365688324,-2.9289321899414062,-1.8578647375106812,5,-53,58,False,2.9289321899414062,1.8578647375106812,1.071067452430725,0.365685302004944,False,False
149143469-149143497-003,severe_dysplastic,nc_aware_lambda_0p10,20260805,185.05382251739502,177.78174436092377,180.16652023792267,-7.272078156471252,-4.887302279472351,11,-65,76,False,7.272078156471252,4.887302279472351,2.3847758769989014,0.3279359525140341,False,False
149146837-149146854-001,carcinoma_in_situ,nc_aware_lambda_0p10,20260805,254.89444160461426,254.30865502357483,254.30865514278412,-0.5857865810394287,-0.5857864618301392,1,-1,2,False,0.5857865810394287,0.5857864618301392,1.1920928955078125e-07,2.0350293675088025e-07,False,True
149181904-149181927-001,carcinoma_in_situ,nc_aware_lambda_0p10,20260805,179.09545278549194,177.33809387683868,177.23758792877197,-1.7573589086532593,-1.8578648567199707,3,-72,75,False,1.7573589086532593,1.8578648567199707,0.10050594806671143,0.057191474986594236,False,True
149181904-149181951-001,carcinoma_in_situ,nc_aware_lambda_0p10,20260805,180.02438485622406,178.26702547073364,178.6101713180542,-1.7573593854904175,-1.4142135381698608,3,-28,31,False,1.7573593854904175,1.4142135381698608,0.34314584732055664,0.1952621928978953,False,False
149182125-149182135-002,carcinoma_in_situ,nc_aware_lambda_0p10,20260805,218.40916097164154,217.8233743906021,217.8233745098114,-0.5857865810394287,-0.5857864618301392,1,-1,2,False,0.5857865810394287,0.5857864618301392,1.1920928955078125e-07,2.0350293675088025e-07,False,True
149182657-149182667-001,carcinoma_in_situ,nc_aware_lambda_0p10,20260805,182.2670258283615,181.09545290470123,181.19595801830292,-1.1715729236602783,-1.0710678100585938,2,-22,24,False,1.1715729236602783,1.0710678100585938,0.10050511360168457,0.08578647694219681,False,True
149182657-149182681-002,carcinoma_in_situ,nc_aware_lambda_0p10,20260805,140.81118190288544,140.2253954410553,140.2253954410553,-0.5857864618301392,-0.5857864618301392,1,-1,2,False,0.5857864618301392,0.5857864618301392,0.0,0.0,False,True
149182657-149182698-003,carcinoma_in_situ,nc_aware_lambda_0p10,20260805,199.2375876903534,199.2375876903534,199.2375876903534,0.0,0.0,0,0,0,False,0.0,0.0,0.0,0.0,False,True
149185604-149185616-001,carcinoma_in_situ,nc_aware_lambda_0p10,20260805,237.48022830486298,235.13708245754242,235.2792183160782,-2.3431458473205566,-2.20100998878479,5,-85,90,False,2.3431458473205566,2.20100998878479,0.1421358585357666,0.06066026948271375,False,True
149185604-149185645-003,carcinoma_in_situ,nc_aware_lambda_0p10,20260805,220.99494743347168,213.48022854328156,217.27921783924103,-7.5147188901901245,-3.715729594230652,10,-138,148,False,7.5147188901901245,3.715729594230652,3.7989892959594727,0.5055397748701891,False,False
149185604-149185657-001,carcinoma_in_situ,nc_aware_lambda_0p10,20260805,172.6101714372635,169.6812388896942,169.09545278549194,-2.928932547569275,-3.5147186517715454,6,-68,74,False,2.928932547569275,3.5147186517715454,0.5857861042022705,0.1999998616179861,False,False
149185698-149185709-002,carcinoma_in_situ,nc_aware_lambda_0p10,20260805,268.00713992118835,251.5634881258011,257.3208477497101,-16.443651795387268,-10.686292171478271,31,-232,263,False,16.443651795387268,10.686292171478271,5.757359623908997,0.35012658353201304,False,False
149185788-149185824-001,carcinoma_in_situ,nc_aware_lambda_0p10,20260805,206.40916061401367,202.06601476669312,202.30865573883057,-4.343145847320557,-4.1005048751831055,6,-79,85,False,4.343145847320557,4.1005048751831055,0.24264097213745117,0.05586756251511681,False,True
149190861-149190868-001,moderate_dysplastic,nc_aware_lambda_0p10,20260805,366.71067690849304,337.4213535785675,358.47517585754395,-29.289323329925537,-8.235501050949097,76,-386,462,False,29.289323329925537,8.235501050949097,21.05382227897644,0.7188224200954924,False,False
149314453-149314465-001,carcinoma_in_situ,nc_aware_lambda_0p10,20260805,182.85281229019165,181.09545302391052,180.9949470758438,-1.757359266281128,-1.8578652143478394,3,-56,59,False,1.757359266281128,1.8578652143478394,0.10050594806671143,0.057191463347957966,False,True
149314453-149314507-001,carcinoma_in_situ,nc_aware_lambda_0p10,20260805,120.9116872549057,120.9116872549057,120.9116872549057,0.0,0.0,0,0,0,False,0.0,0.0,0.0,0.0,False,True
149314453-149314507-002,carcinoma_in_situ,nc_aware_lambda_0p10,20260805,143.982754945755,143.982754945755,143.982754945755,0.0,0.0,0,0,0,False,0.0,0.0,0.0,0.0,False,True
149314679-149314698-001,carcinoma_in_situ,nc_aware_lambda_0p10,20260805,233.48022866249084,229.96550977230072,229.96550977230072,-3.5147188901901245,-3.5147188901901245,38,-171,209,False,3.5147188901901245,3.5147188901901245,0.0,0.0,False,True
149315229-149315310-001,severe_dysplastic,nc_aware_lambda_0p10,20260805,306.6518015861511,299.62236404418945,302.00713980197906,-7.02943754196167,-4.644661784172058,23,-170,193,False,7.02943754196167,4.644661784172058,2.384775757789612,0.33925555829380116,False,False
149315671-149315731-001,carcinoma_in_situ,nc_aware_lambda_0p10,20260805,162.1665210723877,158.65180230140686,159.23758840560913,-3.514718770980835,-2.9289326667785645,37,-175,212,False,3.514718770980835,2.9289326667785645,0.5857861042022705,0.1666665649151776,False,False
149315671-149315740-001,carcinoma_in_situ,nc_aware_lambda_0p10,20260805,205.43859839439392,201.0954521894455,201.48022842407227,-4.343146204948425,-3.9583699703216553,6,-79,85,False,4.343146204948425,3.9583699703216553,0.38477623462677,0.08859389402741491,False,True
149316426-149316462-004,carcinoma_in_situ,nc_aware_lambda_0p10,20260805,165.0538227558136,159.53910374641418,162.02438497543335,-5.514719009399414,-3.029437780380249,8,-57,65,False,5.514719009399414,3.029437780380249,2.485281229019165,0.4506632567830191,False,False
149316754-149316779-002,moderate_dysplastic,nc_aware_lambda_0p10,20260805,194.61017167568207,193.43859887123108,193.19595789909363,-1.1715728044509888,-1.41421377658844,2,-63,65,False,1.1715728044509888,1.41421377658844,0.24264097213745117,0.20710703698107372,False,False
149317002-149317010-002,severe_dysplastic,nc_aware_lambda_0p10,20260805,159.19595766067505,156.26702511310577,156.50966572761536,-2.928932547569275,-2.6862919330596924,5,-53,58,False,2.928932547569275,2.6862919330596924,0.24264061450958252,0.08284267751777018,False,True
149317204-149317230-002,severe_dysplastic,nc_aware_lambda_0p10,20260805,167.88224983215332,167.88224983215332,167.88224983215332,0.0,0.0,5,0,5,False,0.0,0.0,0.0,0.0,False,True
149788987-149788996-003,light_dysplastic,nc_aware_lambda_0p10,20260805,328.30865597724915,310.73506116867065,322.2914105653763,-17.57359480857849,-6.017245411872864,30,-122,152,False,17.57359480857849,6.017245411872864,11.556349396705627,0.6575973511728195,False,False
153268807-153268826-001,light_dysplastic,nc_aware_lambda_0p10,20260805,307.39696860313416,282.7939372062683,296.8771973848343,-24.603031396865845,-10.519771218299866,42,-164,206,False,24.603031396865845,10.519771218299866,14.083260178565979,0.5724197133024848,False,False
153276386-153276405-001,moderate_dysplastic,nc_aware_lambda_0p10,20260805,265.96550965309143,262.45079040527344,263.279217839241,-3.514719247817993,-2.686291813850403,6,-112,118,False,3.514719247817993,2.686291813850403,0.8284274339675903,0.23570230665846054,False,False
153276386-153276405-002,moderate_dysplastic,nc_aware_lambda_0p10,20260805,325.76449978351593,313.56348848342896,322.291410446167,-12.201011300086975,-3.473089337348938,35,-139,174,False,12.201011300086975,3.473089337348938,8.727921962738037,0.7153441422249827,False,False
153276386-153276414-001,moderate_dysplastic,nc_aware_lambda_0p10,20260805,275.42135310173035,272.49242079257965,272.4924216270447,-2.928932309150696,-2.928931474685669,7,-113,120,False,2.928932309150696,2.928931474685669,8.344650268554688e-07,2.8490416943006753e-07,False,True
153314466-153314473-003,light_dysplastic,nc_aware_lambda_0p10,20260805,306.56854152679443,283.1370825767517,289.5807338953018,-23.431458950042725,-16.987807631492615,63,-121,184,False,23.431458950042725,16.987807631492615,6.44365131855011,0.2750000045788169,False,False
153654869-153654880-001,severe_dysplastic,nc_aware_lambda_0p10,20260805,386.96045756340027,370.0315251350403,380.8599519729614,-16.928932428359985,-6.100505590438843,35,-313,348,False,16.928932428359985,6.100505590438843,10.828426837921143,0.6396402657843299,False,False
153655016-153655039-005,severe_dysplastic,nc_aware_lambda_0p10,20260805,176.3675308227539,169.68123924732208,170.30865609645844,-6.686291575431824,-6.058874726295471,11,-119,130,False,6.686291575431824,6.058874726295471,0.6274168491363525,0.0938362980522326,False,True
153655087-153655101-002,severe_dysplastic,nc_aware_lambda_0p10,20260805,54.870057225227356,113.29646301269531,50.870057225227356,58.42640578746796,-4.0,8,-69,77,False,58.42640578746796,4.0,54.42640578746796,0.9315378047633049,False,False
153656862-153656873-001,light_dysplastic,nc_aware_lambda_0p10,20260805,272.7523070573807,256.20814967155457,264.59292709827423,-16.54415738582611,-8.159379959106445,36,-137,173,False,16.54415738582611,8.159379959106445,8.384777426719666,0.5068119959922022,False,False
153657121-153657160-001,severe_dysplastic,nc_aware_lambda_0p10,20260805,233.23758745193481,231.4802280664444,231.9655101299286,-1.7573593854904175,-1.2720773220062256,3,-45,48,False,1.7573593854904175,1.2720773220062256,0.4852820634841919,0.2761427557111584,False,False
153659229-153659264-001,severe_dysplastic,nc_aware_lambda_0p10,20260805,234.3086553812027,231.37972450256348,232.79393672943115,-2.928930878639221,-1.5147186517715454,5,-75,80,False,2.928930878639221,1.5147186517715454,1.4142122268676758,0.48284247237842554,False,False
153697342-153697375-001,moderate_dysplastic,nc_aware_lambda_0p10,20260805,192.26702570915222,191.09545302391052,190.85281205177307,-1.1715726852416992,-1.4142136573791504,2,-29,31,False,1.1715726852416992,1.4142136573791504,0.24264097213745117,0.20710705805452742,False,False
153697342-153697384-001,moderate_dysplastic,nc_aware_lambda_0p10,20260805,190.61017096042633,189.4385985136032,189.19595742225647,-1.1715724468231201,-1.4142135381698608,2,-32,34,False,1.1715724468231201,1.4142135381698608,0.24264109134674072,0.2071072019529782,False,False
153697726-153697736-001,light_dysplastic,nc_aware_lambda_0p10,20260805,364.811182141304,339.62236428260803,360.77669179439545,-25.188817858695984,-4.034490346908569,43,-117,160,False,25.188817858695984,4.034490346908569,21.154327511787415,0.8398301035983022,False,False
153701009-153701019-002,light_dysplastic,nc_aware_lambda_0p10,20260805,296.1076455116272,282.00713992118835,291.9066345691681,-14.100505590438843,-4.2010109424591064,14,-132,146,False,14.100505590438843,4.2010109424591064,9.899494647979736,0.7020666446664371,False,False
153701622-153701650-001,moderate_dysplastic,nc_aware_lambda_0p10,20260805,247.86500453948975,246.1076453924179,246.0071406364441,-1.7573591470718384,-1.8578639030456543,3,-89,92,False,1.7573591470718384,1.8578639030456543,0.10050475597381592,0.05719078888415029,False,True
153701949-153701958-001,light_dysplastic,nc_aware_lambda_0p10,20260805,347.37972366809845,333.0782072544098,343.5046133995056,-14.30151641368866,-3.8751102685928345,34,-297,331,False,14.30151641368866,3.8751102685928345,10.426406145095825,0.729042001106695,False,False
153702037-153702051-003,light_dysplastic,nc_aware_lambda_0p10,20260805,341.0782072544098,326.9777022600174,337.0609642267227,-14.100504994392395,-4.017243027687073,31,-195,226,False,14.100504994392395,4.017243027687073,10.083261966705322,0.7150993507477439,False,False
153826963-153826970-001,severe_dysplastic,nc_aware_lambda_0p10,20260805,240.10764527320862,238.3502858877182,238.00714111328125,-1.7573593854904175,-2.100504159927368,24,-99,123,False,1.7573593854904175,2.100504159927368,0.3431447744369507,0.1952615823889608,False,False
153826963-153826982-003,severe_dysplastic,nc_aware_lambda_0p10,20260805,314.8355667591095,314.8355667591095,314.8355667591095,0.0,0.0,5,0,5,False,0.0,0.0,0.0,0.0,False,True
153827595-153827657-002,carcinoma_in_situ,nc_aware_lambda_0p10,20260805,189.68123936653137,186.75230717658997,186.40916085243225,-2.9289321899414062,-3.272078514099121,5,-111,116,False,2.9289321899414062,3.272078514099121,0.34314632415771484,0.11715748330949906,False,False
153828877-153828902-002,severe_dysplastic,nc_aware_lambda_0p10,20260805,255.52185821533203,248.93607199192047,253.8650040626526,-6.58578622341156,-1.6568541526794434,12,-30,42,False,6.58578622341156,1.6568541526794434,4.928932070732117,0.7484196880260772,False,False
153828952-153828970-001,severe_dysplastic,nc_aware_lambda_0p10,20260805,259.7228693962097,252.69343209266663,255.76449942588806,-7.029437303543091,-3.9583699703216553,12,-125,137,False,7.029437303543091,3.9583699703216553,3.0710673332214355,0.4368866526021231,False,False
153828952-153829005-001,severe_dysplastic,nc_aware_lambda_0p10,20260805,276.93607246875763,271.66399371623993,274.5929263830185,-5.2720787525177,-2.3431460857391357,11,-101,112,False,5.2720787525177,2.3431460857391357,2.9289326667785645,0.5555555605803199,False,False
153828952-153829005-002,severe_dysplastic,nc_aware_lambda_0p10,20260805,242.16652047634125,239.23758828639984,240.0660150051117,-2.9289321899414062,-2.1005054712295532,5,-87,92,False,2.9289321899414062,2.1005054712295532,0.828426718711853,0.28284257367133714,False,False
153829664-153829672-001,light_dysplastic,nc_aware_lambda_0p10,20260805,379.78174459934235,346.7350618839264,370.7766923904419,-33.046682715415955,-9.005052208900452,69,-225,294,False,33.046682715415955,9.005052208900452,24.041630506515503,0.7275051088652936,False,False
153829745-153829768-001,severe_dysplastic,nc_aware_lambda_0p10,20260805,224.42640614509583,206.8528115749359,220.2253954410553,-17.573594570159912,-4.201010704040527,30,-24,54,False,17.573594570159912,4.201010704040527,13.372583866119385,0.7609475575831325,False,False
153829745-153829768-003,severe_dysplastic,nc_aware_lambda_0p10,20260805,305.4213536977768,298.1492758989334,293.17871284484863,-7.272077798843384,-12.242640852928162,15,-4,19,False,7.272077798843384,12.242640852928162,4.970563054084778,0.6835134595060769,False,False
153830680-153830827-002,severe_dysplastic,nc_aware_lambda_0p10,20260805,210.50966620445251,206.99494683742523,208.89444196224213,-3.5147193670272827,-1.6152242422103882,6,-83,89,False,3.5147193670272827,1.6152242422103882,1.8994951248168945,0.5404400540870123,False,False
153831352-153831372-004,severe_dysplastic,nc_aware_lambda_0p10,20260805,373.462983250618,353.6051185131073,359.3036028146744,-19.85786473751068,-14.159380435943604,31,-339,370,False,19.85786473751068,14.159380435943604,5.698484301567078,0.2869635973903517,False,False
153915432-153915441-002,severe_dysplastic,nc_aware_lambda_0p10,20260805,218.50966668128967,217.92388021945953,217.92388021945953,-0.5857864618301392,-0.5857864618301392,1,-1,2,False,0.5857864618301392,0.5857864618301392,0.0,0.0,False,True
153915432-153915472-001,severe_dysplastic,nc_aware_lambda_0p10,20260805,246.1665197610855,237.137082695961,244.0660150051117,-9.029437065124512,-2.100504755973816,14,-32,46,False,9.029437065124512,2.100504755973816,6.928932309150696,0.767371460610003,False,False
153915726-153915736-001,severe_dysplastic,nc_aware_lambda_0p10,20260805,243.9655089378357,238.69343090057373,240.45079100131989,-5.272078037261963,-3.514717936515808,9,-118,127,False,5.272078037261963,3.514717936515808,1.7573601007461548,0.33333347653913603,False,False
153916114-153916129-002,severe_dysplastic,nc_aware_lambda_0p10,20260805,292.4091612100601,274.8355669975281,281.11983728408813,-17.573594212532043,-11.289323925971985,31,-170,201,False,17.573594212532043,11.289323925971985,6.284270286560059,0.35759732531428506,False,False
153916114-153916150-001,carcinoma_in_situ,nc_aware_lambda_0p10,20260805,220.06601476669312,220.06601476669312,220.06601476669312,0.0,0.0,0,0,0,False,0.0,0.0,0.0,0.0,False,True
153916114-153916167-001,carcinoma_in_situ,nc_aware_lambda_0p10,20260805,240.40916109085083,239.23758792877197,239.23758792877197,-1.1715731620788574,-1.1715731620788574,2,-12,14,False,1.1715731620788574,1.1715731620788574,0.0,0.0,False,True
153916569-153916586-001,carcinoma_in_situ,nc_aware_lambda_0p10,20260805,202.40916061401367,200.65180099010468,200.99494755268097,-1.7573596239089966,-1.4142130613327026,3,-47,50,False,1.7573596239089966,1.4142130613327026,0.34314656257629395,0.19526257341284148,False,False
153956040-153956058-001,normal_columnar,nc_aware_lambda_0p10,20260805,176.4680359363556,172.95331704616547,174.02438509464264,-3.5147188901901245,-2.4436508417129517,10,-89,99,False,3.5147188901901245,2.4436508417129517,1.0710680484771729,0.3047378985177488,False,False
153956040-153956058-003,normal_columnar,nc_aware_lambda_0p10,20260805,183.78174436092377,183.19595789909363,183.19595754146576,-0.5857864618301392,-0.5857868194580078,5,-26,31,False,0.5857864618301392,0.5857868194580078,3.5762786865234375e-07,6.105089344930018e-07,False,True
153956040-153956072-003,normal_columnar,nc_aware_lambda_0p10,20260805,163.88224947452545,160.36753070354462,160.26702547073364,-3.514718770980835,-3.615224003791809,6,-87,93,False,3.514718770980835,3.615224003791809,0.10050523281097412,0.02859552623122863,False,True
153956444-153956458-004,normal_columnar,nc_aware_lambda_0p10,20260805,158.81118178367615,155.88224959373474,156.46803605556488,-2.9289321899414062,-2.343145728111267,5,-38,43,False,2.9289321899414062,2.343145728111267,0.5857864618301392,0.20000000814011945,False,False
153958154-153958211-001,normal_columnar,nc_aware_lambda_0p10,20260805,159.5391036272049,158.36753058433533,158.36753046512604,-1.1715730428695679,-1.1715731620788574,2,-18,20,False,1.1715730428695679,1.1715731620788574,1.1920928955078125e-07,1.017514787288025e-07,False,True
153958547-153958572-002,normal_columnar,nc_aware_lambda_0p10,20260805,141.29646337032318,141.29646337032318,141.29646337032318,0.0,0.0,0,0,0,False,0.0,0.0,0.0,0.0,False,True
153958547-153958572-006,normal_columnar,nc_aware_lambda_0p10,20260805,149.88224983215332,148.1248903274536,148.71067667007446,-1.757359504699707,-1.1715731620788574,3,-20,23,False,1.757359504699707,1.1715731620788574,0.5857863426208496,0.3333332428875714,False,False
153958547-153958572-008,normal_columnar,nc_aware_lambda_0p10,20260805,151.74011433124542,151.74011433124542,151.74011433124542,0.0,0.0,0,0,0,False,0.0,0.0,0.0,0.0,False,True
153958547-153958572-009,normal_columnar,nc_aware_lambda_0p10,20260805,132.81118202209473,131.63960933685303,131.63960945606232,-1.1715726852416992,-1.1715725660324097,2,-33,35,False,1.1715726852416992,1.1715725660324097,1.1920928955078125e-07,1.0175150978890224e-07,False,True
153958547-153958590-002,normal_columnar,nc_aware_lambda_0p10,20260805,264.1248904466629,249.48022842407227,262.9533175230026,-14.644662022590637,-1.1715729236602783,40,-2,42,False,14.644662022590637,1.1715729236602783,13.473089098930359,0.920000002604838,False,False
154519964-154519981-001,light_dysplastic,nc_aware_lambda_0p10,20260805,390.1076455116272,351.22034215927124,373.54624378681183,-38.88730335235596,-16.56140172481537,39,-224,263,False,38.88730335235596,16.56140172481537,22.32590162754059,0.5741180206106524,False,False
157181481-157181497-004,normal_columnar,nc_aware_lambda_0p10,20260805,125.49747371673584,124.9116872549057,124.91168701648712,-0.5857864618301392,-0.5857867002487183,1,-8,9,False,0.5857864618301392,0.5857867002487183,2.384185791015625e-07,4.070059563286679e-07,False,True
157181671-157181697-001,normal_superficiel,nc_aware_lambda_0p10,20260805,116.72792184352875,111.4558436870575,108.38477599620819,-5.272078156471252,-8.343145847320557,9,-8,17,False,5.272078156471252,8.343145847320557,3.071067690849304,0.5825155848798825,False,False
157183193-157183279-001,normal_superficiel,nc_aware_lambda_0p10,20260805,98.14213538169861,92.28427076339722,93.25483322143555,-5.857864618301392,-4.8873021602630615,10,-44,54,False,5.857864618301392,4.8873021602630615,0.9705624580383301,0.16568536852252563,False,False
157183828-157183877-001,normal_intermediate,nc_aware_lambda_0p10,20260805,158.04163014888763,148.08326029777527,152.36753058433533,-9.958369851112366,-5.674099564552307,17,-91,108,False,9.958369851112366,5.674099564552307,4.284270286560059,0.43021803273168235,False,False
157183964-157183980-001,normal_superficiel,nc_aware_lambda_0p10,20260805,99.79898953437805,91.59797883033752,95.39696836471558,-8.201010704040527,-4.402021169662476,14,-50,64,False,8.201010704040527,4.402021169662476,3.7989895343780518,0.46323430994991155,False,False
157184013-157184031-001,normal_superficiel,nc_aware_lambda_0p10,20260805,102.14213538169861,96.28427052497864,100.04163002967834,-5.857864856719971,-2.1005053520202637,10,-7,17,False,5.857864856719971,2.1005053520202637,3.757359504699707,0.6414213363746988,False,False
157184850-157184920-002,normal_columnar,nc_aware_lambda_0p10,20260805,171.19595789909363,166.50966620445251,167.33809340000153,-4.686291694641113,-3.857864499092102,15,-94,109,False,4.686291694641113,3.857864499092102,0.8284271955490112,0.17677670310116153,False,False
157184850-157184942-001,normal_superficiel,nc_aware_lambda_0p10,20260805,112.48528122901917,108.97056245803833,110.28427064418793,-3.514718770980835,-2.201010584831238,6,-17,23,False,3.514718770980835,2.201010584831238,1.3137081861495972,0.3737733434026607,False,False
157185208-157185238-001,normal_superficiel,nc_aware_lambda_0p10,20260805,97.89949476718903,93.79898953437805,95.84061968326569,-4.100505232810974,-2.05887508392334,7,-25,32,False,4.100505232810974,2.05887508392334,2.0416301488876343,0.49789721826255495,False,False
157185433-157185479-002,normal_columnar,nc_aware_lambda_0p10,20260805,134.32590079307556,133.74011433124542,133.74011433124542,-0.5857864618301392,-0.5857864618301392,1,-1,2,False,0.5857864618301392,0.5857864618301392,0.0,0.0,False,True
157185433-157185479-003,normal_columnar,nc_aware_lambda_0p10,20260805,126.66904640197754,125.49747335910797,125.49747383594513,-1.1715730428695679,-1.1715725660324097,2,-21,23,False,1.1715730428695679,1.1715725660324097,4.76837158203125e-07,4.0700591491521e-07,False,True
157185433-157185479-004,normal_columnar,nc_aware_lambda_0p10,20260805,129.15432786941528,127.98275470733643,127.98275458812714,-1.1715731620788574,-1.171573281288147,3,-25,28,False,1.1715731620788574,1.171573281288147,1.1920928955078125e-07,1.0175146837544013e-07,False,True
157185433-157185479-006,normal_columnar,nc_aware_lambda_0p10,20260805,157.63960909843445,157.63960909843445,157.63960909843445,0.0,0.0,0,0,0,False,0.0,0.0,0.0,0.0,False,True
157185433-157185508-001,normal_columnar,nc_aware_lambda_0p10,20260805,159.05382227897644,157.88224923610687,158.22539520263672,-1.1715730428695679,-0.8284270763397217,2,-1,3,False,1.1715730428695679,0.8284270763397217,0.3431459665298462,0.29289336129599636,False,False
157185730-157185758-001,normal_columnar,nc_aware_lambda_0p10,20260805,344.1492749452591,337.4629831314087,339.70562410354614,-6.686291813850403,-4.443650841712952,10,-220,230,False,6.686291813850403,4.443650841712952,2.242640972137451,0.33540877882295006,False,False
157185781-157185793-003,normal_columnar,nc_aware_lambda_0p10,20260805,234.55129647254944,233.9655100107193,233.72286939620972,-0.5857864618301392,-0.8284270763397217,2,-1,3,False,0.5857864618301392,0.8284270763397217,0.24264061450958252,0.4142134213063141,False,False
157222534-157222607-001,normal_superficiel,nc_aware_lambda_0p10,20260805,74.48528122901917,70.97056245803833,71.35533833503723,-3.514718770980835,-3.1299428939819336,10,-127,137,False,3.514718770980835,3.1299428939819336,0.38477587699890137,0.10947558028704638,False,False
157222647-157222687-001,normal_intermediate,nc_aware_lambda_0p10,20260805,174.87005722522736,163.7401144504547,171.29646337032318,-11.129942774772644,-3.573593854904175,19,-58,77,False,11.129942774772644,3.573593854904175,7.556348919868469,0.6789207341654842,False,False
157222801-157222811-001,normal_intermediate,nc_aware_lambda_0p10,20260805,125.11269783973694,115.1543288230896,115.88224947452545,-9.958369016647339,-9.230448365211487,24,-117,141,False,9.958369016647339,9.230448365211487,0.727920651435852,0.07309637253038043,False,True
157223549-157223570-001,normal_intermediate,nc_aware_lambda_0p10,20260805,152.87005722522736,141.7401144504547,146.6101713180542,-11.129942774772644,-6.259885907173157,47,-262,309,False,11.129942774772644,6.259885907173157,4.870056867599487,0.4375635136811357,False,False
157224412-157224429-001,normal_superficiel,nc_aware_lambda_0p10,20260805,87.0710676908493,84.14213538169861,84.42640590667725,-2.928932309150696,-2.644661784172058,12,-124,136,False,2.928932309150696,2.644661784172058,0.2842705249786377,0.09705602416638566,False,True
157224458-157224464-001,normal_intermediate,nc_aware_lambda_0p10,20260805,174.62741661071777,165.25483322143555,170.50966620445251,-9.372583389282227,-4.117750406265259,26,-208,234,False,9.372583389282227,4.117750406265259,5.254832983016968,0.5606600405418634,False,False
157224458-157224483-001,normal_superficiel,nc_aware_lambda_0p10,20260805,88.48528122901917,84.97056245803833,84.42640602588654,-3.514718770980835,-4.058875203132629,6,-53,59,False,3.514718770980835,4.058875203132629,0.5441564321517944,0.15482218282856794,False,False
157227058-157227087-001,normal_columnar,nc_aware_lambda_0p10,20260805,253.37972366809845,252.7939372062683,252.79393708705902,-0.5857864618301392,-0.5857865810394287,4,-2,6,False,0.5857864618301392,0.5857865810394287,1.1920928955078125e-07,2.0350297816433394e-07,False,True
157227461-157227503-003,normal_columnar,nc_aware_lambda_0p10,20260805,189.33809292316437,187.58073353767395,187.9238793849945,-1.7573593854904175,-1.4142135381698608,3,-1,4,False,1.7573593854904175,1.4142135381698608,0.34314584732055664,0.1952621928978953,False,False
157266930-157266947-001,normal_columnar,nc_aware_lambda_0p10,20260805,196.50966656208038,195.92387998104095,195.68123924732208,-0.5857865810394287,-0.8284273147583008,1,-10,11,False,0.5857865810394287,0.8284273147583008,0.24264073371887207,0.41421354051560316,False,False
157268504-157268544-001,normal_superficiel,nc_aware_lambda_0p10,20260805,105.89949476718903,101.79898953437805,103.25483310222626,-4.100505232810974,-2.6446616649627686,7,-40,47,False,4.100505232810974,2.6446616649627686,1.4558435678482056,0.35504004633355807,False,False
158986766-158986776-001,normal_columnar,nc_aware_lambda_0p10,20260805,192.61017155647278,191.4385986328125,191.4385985136032,-1.1715729236602783,-1.1715730428695679,2,-8,10,False,1.1715729236602783,1.1715730428695679,1.1920928955078125e-07,1.0175148908216697e-07,False,True
158986813-158986820-001,normal_columnar,nc_aware_lambda_0p10,20260805,136.81118190288544,136.2253954410553,135.98275482654572,-0.5857864618301392,-0.8284270763397217,1,-1,2,False,0.5857864618301392,0.8284270763397217,0.24264061450958252,0.4142134213063141,False,False
158986920-158986928-004,normal_columnar,nc_aware_lambda_0p10,20260805,nan,nan,nan,nan,nan,0,0,0,True,0.0,0.0,0.0,0.0,False,True
204870858-204870872-001,light_dysplastic,nc_aware_lambda_0p10,20260805,238.16652047634125,231.48022842407227,235.62236392498016,-6.686292052268982,-2.544156551361084,9,-75,84,False,6.686292052268982,2.544156551361084,4.142135500907898,0.6194966460524666,False,False
204870951-204870961-002,light_dysplastic,nc_aware_lambda_0p10,20260805,388.30865597724915,363.7056256532669,384.91882741451263,-24.60303032398224,-3.3898285627365112,42,-133,175,False,24.60303032398224,3.3898285627365112,21.213201761245728,0.8622190633390304,False,False
204871030-204871038-001,light_dysplastic,nc_aware_lambda_0p10,20260805,365.23758828639984,345.32084810733795,360.2081506252289,-19.91674017906189,-5.0294376611709595,34,-21,55,False,19.91674017906189,5.0294376611709595,14.88730251789093,0.7474768653929463,False,False
204871030-204871038-002,light_dysplastic,nc_aware_lambda_0p10,20260805,450.99494767189026,419.94826567173004,447.4457379579544,-31.046682000160217,-3.549209713935852,53,-154,207,False,31.046682000160217,3.549209713935852,27.497472286224365,0.8856815129578891,False,False
209047342-209047443-001,normal_superficiel,nc_aware_lambda_0p10,20260805,119.21320307254791,110.42640614509583,113.05382263660431,-8.786796927452087,-6.1593804359436035,15,-69,84,False,8.786796927452087,6.1593804359436035,2.627416491508484,0.29901868828899375,False,False
209047526-209047626-001,normal_intermediate,nc_aware_lambda_0p10,20260805,473.8822498321533,445.76449966430664,469.5878745317459,-28.11775016784668,-4.29437530040741,57,-248,305,False,28.11775016784668,4.29437530040741,23.82337486743927,0.8472717313877364,False,False
209047526-209047798-001,normal_superficiel,nc_aware_lambda_0p10,20260805,82.48528122901917,80.14213538169861,80.14213538169861,-2.3431458473205566,-2.3431458473205566,4,-4,8,False,2.3431458473205566,2.3431458473205566,0.0,0.0,False,True
209307421-209307504-001,normal_intermediate,nc_aware_lambda_0p10,20260805,177.01219260692596,164.71067690849304,170.9949473142624,-12.301515698432922,-6.017245292663574,85,-570,655,False,12.301515698432922,6.017245292663574,6.284270405769348,0.5108533419641853,False,False
209522474-209522522-001,normal_intermediate,nc_aware_lambda_0p10,20260805,174.28427076339722,162.56854152679443,169.4385985136032,-11.715729236602783,-4.845672249794006,42,-257,299,False,11.715729236602783,4.845672249794006,6.870056986808777,0.5863960192375436,False,False
209522940-209522970-001,normal_intermediate,nc_aware_lambda_0p10,20260805,152.5269113779068,140.81118178367615,143.88224959373474,-11.715729594230652,-8.644661784172058,20,-85,105,False,11.715729594230652,8.644661784172058,3.0710678100585938,0.2621320153693992,False,False
209565409-209565503-001,normal_intermediate,nc_aware_lambda_0p10,20260805,162.28427076339722,150.56854152679443,150.36753070354462,-11.715729236602783,-11.9167400598526,20,-94,114,False,11.715729236602783,11.9167400598526,0.2010108232498169,0.017157346264183904,False,True
209565409-209565600-001,normal_intermediate,nc_aware_lambda_0p10,20260805,171.2132030725479,162.42640614509583,167.78174459934235,-8.786796927452087,-3.4314584732055664,15,-50,65,False,8.786796927452087,3.4314584732055664,5.355338454246521,0.6094756142042094,False,False
209565864-209565890-001,normal_intermediate,nc_aware_lambda_0p10,20260805,187.01219260692596,170.02438497543335,179.8233743906021,-16.987807631492615,-7.1888182163238525,29,-110,139,False,16.987807631492615,7.1888182163238525,9.798989415168762,0.5768248397752657,False,False
209565864-209565911-001,normal_intermediate,nc_aware_lambda_0p10,20260805,167.4558436870575,156.911687374115,164.02438521385193,-10.544156312942505,-3.4314584732055664,18,-74,92,False,10.544156312942505,3.4314584732055664,7.1126978397369385,0.6745630118368412,False,False
209566047-209566095-001,normal_intermediate,nc_aware_lambda_0p10,20260805,209.8406196832657,191.6812391281128,200.20815014839172,-18.159380555152893,-9.632469534873962,31,-98,129,False,18.159380555152893,9.632469534873962,8.52691102027893,0.4695595752499025,False,False
209566205-209566247-001,normal_intermediate,nc_aware_lambda_0p10,20260805,156.5269113779068,143.05382251739502,150.2670258283615,-13.47308886051178,-6.259885549545288,23,-91,114,False,13.47308886051178,6.259885549545288,7.213203310966492,0.5353785895458345,False,False
209566205-209566289-001,normal_intermediate,nc_aware_lambda_0p10,20260805,174.3847759962082,166.76955199241638,172.3675309419632,-7.615224003791809,-2.017245054244995,13,-48,61,False,7.615224003791809,2.017245054244995,5.597978949546814,0.7351036485281905,False,False
209566399-209566485-001,normal_intermediate,nc_aware_lambda_0p10,20260805,164.62741661071777,155.25483322143555,162.22539567947388,-9.372583389282227,-2.4020209312438965,16,-42,58,False,9.372583389282227,2.4020209312438965,6.97056245803833,0.7437183718215125,False,False
