cell_id,class,model,A_raw_canonical,P_raw,A_close_canonical,P_close,pixel_area_raw,pixel_area_close,C_gt,C_raw,C_area_only,C_perimeter_only,C_full,AE_raw,AE_area_only,AE_perimeter_only,AE_full,benefit_area,benefit_perimeter,benefit_full,benefit_perimeter_minus_area,bias_raw,bias_area_only,bias_perimeter_only,bias_full,delta_C_area,delta_C_perimeter,delta_C_full,interaction_C,identity_residual,raw_fallback_rate,closing_fallback_rate,roundness_group
148495842-148495854-001,light_dysplastic,baseline,2553.4999999999995,225.3797231912613,2558.0,222.79393696784973,2657.0,2660.0,0.4895700500621144,0.6376448488904618,0.638758098869126,0.6525319818069137,0.6536712229002721,0.1480747988283474,0.14918804880701164,0.16296193174479934,0.16410117283815773,-0.0009600775913886084,-0.012032611449375508,-0.012825395940552542,-0.011254171418499825,0.1480747988283474,0.14918804880701164,0.16296193174479934,0.16410117283815773,0.0009600775913886084,0.012032611449375508,0.012825395940552542,1.4344460301352058e-05,0.0,0.0,0.0,over_circular
148497551-148497588-001,light_dysplastic,baseline,2636.0,198.16651952266693,2643.5,198.16651952266693,2725.0,2730.0,0.8205799088744168,0.8290275181966573,0.830950272394253,0.8490004356617243,0.8505586725047182,0.008447609322240535,0.010370363519836223,0.028420526787307554,0.029978763630301386,0.0,-0.011768643084876795,-0.014154513063374341,-0.014085718271877212,0.008447609322240535,0.010370363519836223,0.028420526787307554,0.029978763630301386,0.0019227541975956886,0.01997291746506702,0.021941994625473082,4.632296281037451e-05,0.0,0.0,0.0,over_circular
148497788-148497816-002,light_dysplastic,baseline,1782.4999999999998,185.9827550649643,1814.0,176.6101713180542,1889.0,1911.0,0.7463071823333276,0.6475809265281439,0.6590248531400018,0.7425634862669303,0.7556859265572015,0.09872625580518368,0.08728232919332579,0.0037436960663973506,0.009701893394850947,0.011182866016226423,0.08917615720945093,0.08934751158130982,0.07799329119322451,-0.09872625580518368,-0.08728232919332579,-0.0037436960663973506,0.009378744223873858,0.011182866016226423,0.08917615720945093,0.10202069075131937,0.0016616675256420077,0.0,0.0,0.0,under_circular
148503209-148503222-001,light_dysplastic,baseline,6031.0,413.4802289009094,6074.5,395.6639943122864,6231.0,6259.0,0.7514627594679846,0.4432917986087102,0.44648914452804017,0.48411231504535934,0.4876040884999229,0.30817096085927437,0.3049736149399444,0.26735044442262523,0.26385867096806165,0.0033703643714813047,0.04288302455634724,0.04655116309189672,0.03951266018486593,-0.30817096085927437,-0.3049736149399444,-0.26735044442262523,-0.26385867096806165,0.0033703643714813047,0.04288302455634724,0.04655116309189672,0.00029777416406817636,0.0,0.0,0.0,under_circular
148503209-148503231-001,light_dysplastic,baseline,5929.999999999999,358.6518018245697,5998.0,331.46298253536224,6095.0,6140.0,0.6544808862361308,0.5386987943730689,0.5445579940906485,0.6204396009305666,0.6271878609462185,0.11578209186306188,0.10992289214548223,0.03404128530556416,0.03744581058081797,0.005859199717579644,0.06682387014234586,0.07225746718400683,0.06221557590592408,-0.11578209186306188,-0.10992289214548223,-0.03404128530556416,-0.027293025289912287,0.005859199717579644,0.08174080655749771,0.08848906657314959,0.0008890602980722306,0.0,0.0,0.0,under_circular
148503400-148503432-001,light_dysplastic,baseline,5306.5,314.2670258283615,5367.999999999999,289.4213536977768,5429.0,5476.0,0.6770817444156346,0.6743705935849151,0.6815994816474864,0.7838273397106975,0.7922295448973597,0.0027111508307194887,0.005924603779755122,0.11899858252870399,0.11514780048172513,-0.001806586401132293,-0.1040344444643434,-0.11243664965100564,-0.10222785806321111,-0.0027111508307194887,0.004517737231851782,0.10674559529506289,0.11514780048172513,0.00722888806257127,0.10945674612578238,0.11785895131244462,0.0011733171240909668,0.0,0.0,0.0,under_circular
148503568-148503580-002,light_dysplastic,baseline,4358.5,283.86500465869904,4372.0,277.42135310173035,4445.0,4464.0,0.486783015904898,0.6679618717027584,0.6700308140609063,0.7014681581804053,0.7039810942639585,0.18117885579786047,0.18324779815600828,0.21468514227550733,0.21719807835906052,-0.002390588634934576,-0.03338558323012286,-0.036079685246632076,-0.03081240364217186,0.18117885579786047,0.18324779815600828,0.21468514227550733,0.21719807835906052,0.002390588634934576,0.03338558323012286,0.036079685246632076,0.00012092242855821222,0.0,0.0,0.0,over_circular
148718455-148718461-001,light_dysplastic,baseline,8184.499999999999,382.46803629398346,8249.0,353.5218585729599,8353.0,8406.0,0.8681455917412837,0.7206022058669193,0.7269701999095749,0.84426159589993,0.851722373523648,0.14754338587436444,0.1411753918317088,0.0238839958413537,0.016423218217635704,0.006185176089842259,0.11362760204146471,0.12086712278585765,0.10744242595162246,-0.14754338587436444,-0.1411753918317088,-0.0238839958413537,-0.016423218217635704,0.006185176089842259,0.11362760204146471,0.12086712278585765,0.0010543446545506763,0.0,0.0,0.0,under_circular
148719308-148719348-004,light_dysplastic,baseline,2403.0,191.33809351921082,2404.5,190.75230753421783,2486.0,2487.0,0.8277155804917434,0.8062627212674002,0.8067978513921351,0.8113193610839152,0.8118578473855196,0.021452859224343257,0.020917729099608318,0.016396219407828205,0.015857733106223848,0.0005148707716378098,0.004698066326231931,0.005164651400438536,0.004234189071233518,-0.021452859224343257,-0.020917729099608318,-0.016396219407828205,-0.015857733106223848,0.0005148707716378098,0.005056639816515052,0.0055917550509339,3.167114335123067e-06,0.0,0.0,0.0,under_circular
148719308-148719357-001,light_dysplastic,baseline,2664.0,210.85281217098236,2677.5,205.5807341337204,2758.0,2767.0,0.7947701206833819,0.7447240340569417,0.7497165974137481,0.7920986248453475,0.7961126381469287,0.05004608662644028,0.045053523269633855,0.002671495838034388,0.007030749448441065,0.0042397703052898805,0.042518293327180934,0.04301533717799921,0.03827852302189105,-0.05004608662644028,-0.045053523269633855,-0.002671495838034388,0.001342517463546744,0.0042397703052898805,0.042518293327180934,0.04700383411413078,0.0002457704816599682,0.0,0.0,0.0,under_circular
148848523-148848559-002,moderate_dysplastic,baseline,4698.0,262.9360718727112,4699.5,262.35028517246246,4813.0,4814.0,0.8368765415310164,0.8550193030645109,0.8555167929615615,0.8623438576230178,0.8628456092857153,0.018142761533494478,0.01864025143054504,0.02546731609200137,0.02596906775469887,-0.0002746710519720974,-0.0038602753377687815,-0.004136178916987809,-0.003585604285796684,0.018142761533494478,0.01864025143054504,0.02546731609200137,0.02596906775469887,0.0002746710519720974,0.0038602753377687815,0.004136178916987809,1.2325272469304593e-06,0.0,0.0,0.0,over_circular
148881870-148882178-002,light_dysplastic,baseline,2480.5,203.5807341337204,2491.0,200.65180206298828,2572.0,2579.0,0.7491049286553086,0.7624092410682318,0.7646832793692904,0.784829601420617,0.7871705129380775,0.02331315536584022,0.020240866061450147,0.03572467276530833,0.03806558428276885,-0.001625622447312569,-0.015598567569363508,-0.01725526286043977,-0.01397294512205094,0.01330431241292318,0.015578350713981726,0.03572467276530833,0.03806558428276885,0.002274038301058545,0.02242036035238515,0.02476127186984567,6.687321640197474e-05,0.0,0.0,0.0,over_circular
148882307-148882323-001,light_dysplastic,baseline,5992.0,336.3675310611725,6073.0,304.73506140708923,6150.0,6204.0,0.6767676259161776,0.6732905581318978,0.6823292047401438,0.8148260080549328,0.8245964044620481,0.003477067784279808,0.00556157882396624,0.1380583821387552,0.1478287785458705,-0.002084511039686432,-0.13568801208223413,-0.14647439000226492,-0.13181258218555225,-0.003477067784279808,0.00556157882396624,0.1380583821387552,0.1478287785458705,0.00899635838377666,0.14264214765079375,0.15359570595427297,0.001914911695233168,0.0,0.0,0.0,under_circular
148882535-148882616-001,light_dysplastic,baseline,6387.5,521.5218590497971,6591.5,510.6589412689209,6842.0,6934.0,0.5064704898175538,0.2951180311439508,0.30358458981164754,0.30780728637387544,0.3176378439347789,0.21135245867360303,0.20288590000590628,0.19866320344367838,0.18883264588277493,0.006258373184382493,0.045693837382720204,0.050777732457435165,0.041524749367923997,-0.21135245867360303,-0.20288590000590628,-0.19866320344367838,-0.18883264588277493,0.006258373184382493,0.045693837382720204,0.050777732457435165,0.0009148070599187541,0.0,0.0,0.0,under_circular
148882671-148882687-001,light_dysplastic,baseline,7137.5,468.3919162750244,7200.5,435.0020874738693,7371.0,7413.0,0.7224768685049138,0.4586856422386657,0.46358294773459546,0.531803567540265,0.5374815401956962,0.26379122626624807,0.2588939207703183,0.19067330096464874,0.1849953283092176,0.0044110537964767715,0.06255372438567286,0.06744021920600285,0.05814267058919609,-0.26379122626624807,-0.2588939207703183,-0.19067330096464874,-0.1849953283092176,0.0044110537964767715,0.06255372438567286,0.06744021920600285,0.00047544102385321807,0.0,0.0,0.0,under_circular
149011613-149011656-001,light_dysplastic,baseline,4253.0,273.7401144504547,4310.0,251.48022890090942,4383.0,4421.0,0.8274828171539456,0.708975251717874,0.7181284995882974,0.8368599799179479,0.847664287699448,0.11850756543607155,0.10935431756564817,0.009377162764002356,0.020181470545502456,0.009558898072353328,0.1091304026720692,0.0983260948905691,0.09997715480164582,-0.11850756543607155,-0.10935431756564817,0.009377162764002356,0.020181470545502456,0.009558898072353328,0.13185151676494067,0.143177528981569,0.001767114144274995,0.0,0.0,0.0,under_circular
149013033-149013072-001,moderate_dysplastic,baseline,2449.0,200.40916097164154,2453.5,198.9949471950531,2534.0,2537.0,0.8156209451775746,0.7997400998852214,0.8012096100728424,0.8067716128119204,0.8072436851424132,0.01588084529235312,0.014411335104732137,0.008849332365654106,0.008377260035161371,0.0014031409177549525,0.010253674584300598,0.008744643746617653,0.008784164396679617,-0.01588084529235312,-0.014411335104732137,-0.008849332365654106,-0.008377260035161371,0.0014031409177549525,0.013062873796502616,0.014490906915013091,2.4892200755521898e-05,0.0,0.0,0.0,under_circular
149014929-149014984-001,moderate_dysplastic,baseline,4044.5,254.20815014839172,4044.5,253.03657746315002,4152.0,4152.0,0.7595941840419657,0.8140739111924375,0.8140739111924375,0.8140739111924375,0.8140739111924375,0.057041793078858816,0.0576251739411906,0.06462143482042071,0.065210230357172,0.0,0.0,0.0,0.0,0.05447972715047189,0.05447972715047189,0.05447972715047189,0.05447972715047189,0.0005833808623317838,0.007579641741561893,0.008168437278313179,5.414674419501608e-06,0.0,0.0,0.0,over_circular
149014929-149015008-003,moderate_dysplastic,baseline,4124.0,281.62236428260803,4134.5,272.3502856492996,4248.0,4255.0,0.8265633023698734,0.581172305396749,0.5842619618730949,0.6214175591772585,0.624721169429155,0.2453909969731244,0.24230134049677854,0.20514574319261492,0.2018421329407184,0.0022616318131231106,0.02921932403411953,0.0315976775144895,0.02695769222099642,-0.2453909969731244,-0.24230134049677854,-0.20514574319261492,-0.2018421329407184,0.0022616318131231106,0.02921932403411953,0.0315976775144895,0.00011672166724685518,0.0,0.0,0.0,under_circular
149014929-149015022-001,light_dysplastic,baseline,5521.999999999999,348.93607234954834,5552.0,337.2203427553177,5696.0,5726.0,0.6452805626878263,0.5658797951453856,0.5700428624769858,0.595019549501231,0.5993969923246767,0.07940076754244074,0.07523770021084053,0.05026101318659526,0.045883570363149606,0.0030962739728428446,0.029139754355845482,0.033517197179291136,0.02497668702424527,-0.07940076754244074,-0.07523770021084053,-0.05026101318659526,-0.045883570363149606,0.0030962739728428446,0.029139754355845482,0.033517197179291136,0.00021437549184544213,0.0,0.0,0.0,under_circular
149014929-149015022-002,light_dysplastic,baseline,5153.5,321.5807341337204,5185.5,307.86500430107117,5306.0,5328.0,0.5741328946073291,0.6262274488991313,0.630115928255835,0.6832686511222039,0.6875113205383115,0.09397313003379543,0.0892453321597525,0.10913575651487484,0.11337842593098246,-0.003888479356703667,-0.05704120222307263,-0.061283871639180254,-0.05315272286636896,0.05209455429180221,0.055983033648505875,0.10913575651487484,0.11337842593098246,0.004634942877560055,0.06087041104297908,0.0659109763841752,0.00040562246363606835,0.0,0.0,0.0,over_circular
149053341-149053350-001,moderate_dysplastic,baseline,4107.5,258.6101715564728,4131.5,249.23758745193481,4224.0,4242.0,0.8220467435065605,0.7717848183037109,0.77629433397974,0.8309221929458698,0.8357772465382498,0.050261925202849556,0.04575240952682047,0.013912866725497186,0.013730503031689323,0.004223771779888086,0.041386475763540265,0.03653142217116023,0.03687696008751118,-0.050261925202849556,-0.04575240952682047,0.00887544943930929,0.013730503031689323,0.004223771779888086,0.05737914766959329,0.0619257364964918,0.00032281704701042635,0.0,0.0,0.0,under_circular
149053945-149053969-001,moderate_dysplastic,baseline,2659.4999999999995,224.16652011871338,2671.5,220.5512956380844,2758.0,2766.0,0.8438635265559412,0.6999568409399757,0.7022075060233839,0.7224333875804994,0.7247563245180572,0.14390668561596553,0.14165602053255733,0.12143013897544186,0.11910720203788405,0.0022534267668079533,0.022476546640523676,0.024799483578081483,0.020225881557115466,-0.14390668561596553,-0.14165602053255733,-0.12143013897544186,-0.11910720203788405,0.0022534267668079533,0.022476546640523676,0.024799483578081483,7.227185414959703e-05,0.0,0.0,0.0,under_circular
149053945-149053976-001,moderate_dysplastic,baseline,2587.0,218.08326029777527,2614.0,207.53910374641418,3053.0,3085.0,0.8563425520740293,0.6835363742981132,0.7003484093897677,0.7547557301884533,0.7626329643264851,0.17280617777591611,0.1559941426842616,0.101586821885576,0.09370958774754423,0.008423836531250117,0.07121935589034012,0.08174546161812757,0.06408542388181704,-0.17280617777591611,-0.1559941426842616,-0.101586821885576,-0.09370958774754423,0.008423836531250117,0.07121935589034012,0.08174546161812757,0.0011232391176162482,0.0,0.0,0.0,under_circular
149054642-149054677-003,light_dysplastic,baseline,2092.0,184.02438509464264,2098.0,182.26702535152435,2174.0,2178.0,0.7642040720952874,0.7529606282675888,0.7551201711784902,0.7722062252526755,0.7744209658604748,0.017274986212277854,0.01669114377933123,0.012380874322754809,0.011793206372437526,0.0005838424329466241,0.003241290670310537,0.0010265500625111779,0.0010817477594091685,-0.011243443827698596,-0.009083900916797227,0.008002153157388059,0.010216893765187418,0.001669827570157545,0.015436980459346272,0.01713916313526387,3.2355105760051295e-05,0.0,0.0,0.0,under_circular
149056321-149056343-001,severe_dysplastic,baseline,5863.5,320.06601536273956,5890.5,308.93607234954834,6009.0,6027.0,0.7866110766073614,0.717545562519838,0.7210415961178918,0.7701784587859153,0.7739309309759141,0.06906551408752337,0.06556948048946964,0.016432617821446116,0.01268014563144726,0.003496033598053727,0.052632896266077256,0.05638536845607611,0.04913686266802353,-0.06906551408752337,-0.06556948048946964,-0.016432617821446116,-0.01268014563144726,0.003496033598053727,0.052632896266077256,0.05638536845607611,0.0002564385919451295,0.0,0.0,0.0,under_circular
149056321-149056360-001,severe_dysplastic,baseline,2854.0000000000005,227.7228696346283,2865.9999999999995,225.48022854328156,2956.0,2964.0,0.6317954842320207,0.7217622650078769,0.7247913159773578,0.7054185893614531,0.708384610059539,0.08996678077585618,0.0929958317453371,0.07362310512943238,0.07658912582751831,-0.002805928917191336,-0.0042669180337809864,-0.004684704759560843,-0.0038514261724869048,0.08996678077585618,0.0929958317453371,0.07362310512943238,0.07658912582751831,0.002805928917191336,0.0042669180337809864,0.004684704759560843,2.2948644857745393e-06,0.0,0.0,0.0,over_circular
149056410-149056458-001,severe_dysplastic,baseline,1413.0,144.9533176422119,1414.5,144.36753165721893,1476.0,1477.0,0.7819284432407766,0.8365100586377021,0.837462080707472,0.8435186723380356,0.8444786708270395,0.05458161539692552,0.055533637466695374,0.061590229097258975,0.06255022758626294,-0.0008971081527902047,-0.006879171587108379,-0.007783574725675035,-0.0059820634343181744,0.05458161539692552,0.055533637466695374,0.061590229097258975,0.06255022758626294,0.0008971081527902047,0.006879171587108379,0.007783574725675035,7.29498577645149e-06,0.0,0.0,0.0,over_circular
149056873-149056884-001,severe_dysplastic,baseline,1774.0000000000002,167.53910374641418,1780.0,164.85281240940094,1847.0,1851.0,0.7894526761464591,0.7974655496074466,0.8001627273400534,0.8202963104941009,0.8230707061327505,0.008012873460987557,0.010710051193594361,0.030843634347641813,0.033618029986291376,-0.0026156469851307262,-0.022650246097202786,-0.025605156525303818,-0.020133583154047452,0.008012873460987557,0.010710051193594361,0.030843634347641813,0.033618029986291376,0.0026971777326068036,0.022830760886654256,0.025605156525303818,7.721790604275913e-05,0.0,0.0,0.0,over_circular
149056873-149056884-002,severe_dysplastic,baseline,1403.5,155.09545278549194,1406.5,153.92387974262238,1469.0,1471.0,0.7495634305413496,0.733202861090087,0.7347700920008603,0.7450589963987879,0.7474351590379054,0.01636056945126252,0.014793338540489254,0.004504434142561631,0.003565543193933318,0.0016084461850067733,0.01120384697397181,0.0127950262573292,0.009636616063198544,-0.01636056945126252,-0.014793338540489254,-0.004504434142561631,-0.00212827150344419,0.0016084461850067733,0.01145951540828194,0.013092864560492523,2.4902967203810356e-05,0.0,0.0,0.0,under_circular
149056933-149056982-002,severe_dysplastic,baseline,1093.5,131.98275518417358,1095.0,131.39696860313416,1152.0,1153.0,0.757953907910004,0.7888497115564868,0.7899318099262487,0.7958990008837956,0.7969907690605909,0.0308958036464827,0.03197790201624462,0.03794509297379156,0.0390368611505868,-0.0011507956629184246,-0.007294302103112105,-0.008455705088526555,-0.00614350644019368,0.0308958036464827,0.03197790201624462,0.03794509297379156,0.0390368611505868,0.0011507956629184246,0.007294302103112105,0.008455705088526555,1.0607322496025695e-05,0.0,0.0,0.0,over_circular
149057756-149057766-002,moderate_dysplastic,baseline,5202.0,287.27921891212463,5212.5,284.35028529167175,5329.0,5336.0,0.8035814664033397,0.8093614412175438,0.8102987445657982,0.8229020855352124,0.8238550700002214,0.013018275580916394,0.013931868430423378,0.019320619131872663,0.020273603596881684,-0.0009135928495069834,-0.013485691414374945,-0.014414371742622611,-0.012572098564867962,0.005779974814204114,0.006717278162458484,0.019320619131872663,0.020273603596881684,0.0009373033482543702,0.013540644317668549,0.01449362878267757,1.5681116754651114e-05,0.0,0.0,0.0,over_circular
149057756-149057788-002,moderate_dysplastic,baseline,5520.5,302.89444231987,6050.5,381.0193325281143,6198.0,6221.0,0.8488737298905719,0.7561460168939476,0.7655666403843157,0.5372328988626343,0.5411713660983146,0.0927277129966243,0.0833070895062562,0.3116408310279376,0.30770236379225724,0.004749708428780197,0.05180568262647123,0.05574414986215159,0.048247004089655765,-0.0927277129966243,-0.0833070895062562,-0.3116408310279376,-0.30770236379225724,0.004749708428780197,0.05180568262647123,0.05574414986215159,0.0003797886988649024,0.0,0.0,0.0,under_circular
149057812-149057825-003,moderate_dysplastic,baseline,5478.5,299.23758828639984,5510.000000000001,286.93607199192047,5614.0,5635.0,0.8228527885226207,0.7688457858039993,0.7732664561066052,0.8361828048306552,0.8409906460923449,0.054007002718621355,0.04958633241601551,0.013330016308034542,0.01813785756972419,0.004689139937817832,0.04067698641058681,0.035869145148897164,0.03625631610798097,-0.054007002718621355,-0.04958633241601551,0.013330016308034542,0.01813785756972419,0.004689139937817832,0.07151215659868759,0.07664619229029757,0.0004448957537921405,0.0,0.0,0.0,under_circular
149057812-149057825-005,moderate_dysplastic,baseline,2101.5,177.19595766067505,2104.5,177.19595766067505,2180.0,2182.0,0.7933536332493831,0.8455558692172507,0.8461741162578676,0.8512579325083254,0.8518803487397475,0.05220223596786755,0.05282048300848452,0.05790429925894225,0.05852671549036437,-0.0006182470406169704,-0.005702063291074699,-0.0063244795224968176,-0.005083816250457729,0.05220223596786755,0.05282048300848452,0.05790429925894225,0.05852671549036437,0.0006182470406169704,0.005702063291074699,0.0063244795224968176,4.169190805147771e-06,0.0,0.0,0.0,over_circular
149057812-149057847-004,moderate_dysplastic,baseline,3021.0,214.16652047634125,3021.0,214.16652047634125,3115.0,3115.0,0.7914707391861505,0.8276704073125181,0.8276704073125181,0.8276704073125181,0.8276704073125181,0.036199668126367546,0.036199668126367546,0.036199668126367546,0.036199668126367546,0.0,0.0,0.0,0.0,0.036199668126367546,0.036199668126367546,0.036199668126367546,0.036199668126367546,0.0,0.0,0.0,0.0,0.0,0.0,0.0,over_circular
149057812-149057847-005,moderate_dysplastic,baseline,4524.5,267.03657734394073,4533.5,263.5218600034714,4641.0,4647.0,0.7902717685644771,0.7964501032392137,0.7985779895219411,0.818742174737965,0.8203707921703092,0.0061783346747366075,0.008306220957464028,0.02847040617348784,0.030099023605832054,-0.0015860280636380564,-0.02141062207902067,-0.023039239511364884,-0.019824594015382613,0.0061783346747366075,0.008306220957464028,0.02847040617348784,0.030099023605832054,0.0015860280636380564,0.02141062207902067,0.023039239511364884,4.258936870615848e-05,0.0,0.0,0.0,over_circular
149058262-149058272-003,moderate_dysplastic,baseline,4275.0,280.10764503479004,4290.0,277.76449978351593,4407.0,4419.0,0.7504251078212719,0.6953686372083506,0.6985535317299155,0.7351821043332925,0.7385493506126816,0.05505647061292129,0.0518715760913564,0.027795149058608803,0.028772403462392626,0.001994495511160932,0.02229801673851184,0.0243707509048956,0.020303521227350907,-0.05505647061292129,-0.0518715760913564,-0.015243003487979467,-0.011875757208590354,0.001994495511160932,0.02229801673851184,0.0243707509048956,7.823865522282869e-05,0.0,0.0,0.0,under_circular
149061666-149061699-003,moderate_dysplastic,baseline,2943.5,221.92387986183167,2953.9999999999995,217.8233743906021,3042.0,3049.0,0.7950647014263676,0.7529870336529237,0.7573160531843778,0.803440958386936,0.8057394226671274,0.042077667773443905,0.03774864824198987,0.010572518887540516,0.012696137648270156,0.0026791133600353456,0.02854285426759451,0.026873436643680693,0.025863740907559163,-0.042077667773443905,-0.03774864824198987,0.008376256960568318,0.010674721240759744,0.0026791133600353456,0.02854285426759451,0.03132378518149759,0.0001018175538677335,0.0,0.0,0.0,under_circular
149095913-149095926-001,light_dysplastic,baseline,3526.5,393.92387998104095,3612.5,354.1492748260498,3795.0,3890.0,0.8663259604853909,0.2855808845475098,0.29254528439752703,0.35333042719955726,0.3619470206319015,0.5807450759378812,0.5737806760878639,0.5129955332858336,0.5043789398534895,0.0073148063183675616,0.06774954265204758,0.07636613608439169,0.06078514280203029,-0.5807450759378812,-0.5737806760878639,-0.5129955332858336,-0.5043789398534895,0.007314806318367506,0.06774954265204747,0.07636613608439169,0.0016521935823269884,0.0,0.0,0.0,under_circular
149097324-149097373-001,moderate_dysplastic,baseline,3940.0,260.4091612100601,3958.0,253.37972354888916,4055.0,4067.0,0.7258621057656653,0.7218232045235828,0.7243633448327569,0.7538981199814264,0.7565511338933846,0.019740804873295104,0.01640523646598302,0.028036014215761074,0.03068902812771923,0.0025401403091740438,-0.02399711297367857,-0.026650126885636727,-0.026537253282852613,-0.004038901242082504,-0.0014987609329084606,0.028036014215761074,0.03068902812771923,0.003335568407312084,0.03972289434214371,0.04324610534180817,0.00018764259235237724,0.0,0.0,0.0,under_circular
149097594-149097637-001,moderate_dysplastic,baseline,4287.5,333.86500453948975,4318.0,318.04876959323883,4337.0,4379.0,0.7030739622501383,0.4833616595172881,0.48792752475587703,0.5326311446965932,0.5376624126523278,0.2197123027328502,0.21514643749426127,0.17044281755354507,0.16541154959781046,0.004034125877972139,0.04150189117648795,0.045443801093021596,0.03783572526240908,-0.2197123027328502,-0.21514643749426127,-0.17044281755354507,-0.16541154959781046,0.004034125877972139,0.04150189117648795,0.045443801093021596,0.000399799588398253,0.0,0.0,0.0,under_circular
149097594-149097637-002,moderate_dysplastic,baseline,3686.5,241.76450061798096,3686.5,241.17871415615082,3796.0,3803.0,0.737702668388009,0.8074837604104796,0.8074837604104796,0.8074837604104796,0.8074837604104796,0.07067190620635122,0.07099439606323721,0.07460351315344993,0.07492757147055429,0.0,0.0,0.0,0.0,0.06978109202247063,0.06978109202247063,0.06978109202247063,0.06978109202247063,0.00032248985688598797,0.003931606947098709,0.004255665264203068,1.5684602183707597e-06,0.0,0.0,0.0,over_circular
149098972-149098988-002,severe_dysplastic,baseline,2463.5000000000005,227.23758816719055,2469.5,224.65180158615112,2565.0,2569.0,0.4163435359353264,0.6494066459786169,0.6502584066160256,0.6644422797545422,0.6653137611032928,0.23306311004329044,0.23391487068069922,0.24809874381921576,0.24897022516796635,-0.0009989251250215325,-0.012043617218998826,-0.0134931897981867,-0.010623377582093974,0.23306311004329044,0.23391487068069922,0.24809874381921576,0.24897022516796635,0.0009989251250215325,0.012043617218998826,0.0134931897981867,1.972071134181963e-05,0.0,0.0,0.0,over_circular
149099096-149099104-001,severe_dysplastic,baseline,1996.0,184.85281193256378,1996.0,184.85281193256378,2077.0,2077.0,0.68348392848413,0.7369517023957076,0.7369517023957076,0.7369517023957076,0.7369517023957076,0.05346777391157764,0.05346777391157764,0.05346777391157764,0.05346777391157764,0.0,0.0,0.0,0.0,0.05346777391157764,0.05346777391157764,0.05346777391157764,0.05346777391157764,0.0,0.0,0.0,0.0,0.0,0.0,0.0,over_circular
149099276-149099290-001,light_dysplastic,baseline,4036.499999999999,323.8822498321533,4101.0,295.6223648786545,4158.0,4214.0,0.7575096535439083,0.5064716218399429,0.5145646280603507,0.5978549365329794,0.6074081740918491,0.25103803170396544,0.24294502548355756,0.15965471701092893,0.1501014794520592,0.008093006220407872,0.09138331469303651,0.10152905523171707,0.08329030847262864,-0.25103803170396544,-0.24294502548355756,-0.15965471701092893,-0.1501014794520592,0.008093006220407872,0.09138331469303651,0.10152905523171707,0.0015838712156184265,0.0,0.0,0.0,under_circular
149099276-149099290-002,light_dysplastic,baseline,3276.5,260.46803629398346,3329.0,239.96550977230072,3398.0,3433.0,0.6891730837378084,0.6129271491675281,0.6231680541953895,0.7294558851571827,0.7415384607151613,0.07624593457028028,0.06600502954241894,0.04028280141937435,0.052365376977352884,0.010235693452574135,0.03465402742931023,0.022444265013924047,0.024413122401448883,-0.07624593457028028,-0.06600502954241894,0.04028280141937435,0.052365376977352884,0.010235693452574135,0.1115009804419601,0.12358355599993864,0.0018468821054044016,0.0,0.0,0.0,under_circular
149099502-149099525-002,light_dysplastic,baseline,3540.0,251.39696860313416,3582.0,234.6518017053604,3658.0,3686.0,0.7891313505521539,0.713081947492833,0.7219707806333255,0.8235382548935024,0.8340700538315788,0.07604940305932084,0.06716056991882835,0.03440690434134852,0.04493870327942495,0.008888833140492491,0.04151376724882472,0.031020564509053217,0.032401829456005116,-0.07604940305932084,-0.06716056991882835,0.03440690434134852,0.04493870327942495,0.008888833140492491,0.11032757593152176,0.12085937486959819,0.001381264946951899,0.0,0.0,0.0,under_circular
149100006-149100028-002,severe_dysplastic,baseline,548.0,159.39696836471558,559.0,152.71067667007446,629.0,636.0,0.5743976296438177,0.48668151154175515,0.49410043702257456,0.5302322748290167,0.5383150838965322,0.23003029741927095,0.23003029741927095,0.23003029741927095,0.23003029741927095,0.004081800716475237,0.014778028128736742,0.019156468095971324,0.010696227412261505,-0.08771611810206253,-0.08029719262124313,-0.044165354814800994,-0.03608254574728553,0.004081800716475237,0.014778028128736742,0.019156468095971296,0.0002966392507593174,0.0,0.0,0.0,under_circular
149100064-149100072-001,moderate_dysplastic,baseline,7146.5,403.23758828639984,7223.000000000001,357.98989379405975,7348.0,7400.0,0.7982524479199146,0.5275771061261013,0.536039670122411,0.6693702796650108,0.6801072672315996,0.27067534179381325,0.2622127777975035,0.12888216825490373,0.11814518068831492,0.006583557677886653,0.1121636721722824,0.1199478904422322,0.10558011449439575,-0.27067534179381325,-0.2622127777975035,-0.12888216825490373,-0.11814518068831492,0.006583557677886653,0.1121636721722824,0.1199478904422322,0.0012006605920631408,0.0,0.0,0.0,under_circular
149101620-149101650-001,moderate_dysplastic,baseline,4231.5,268.26702558994293,4246.5,262.40916073322296,4354.0,4364.0,0.7494905215578076,0.7388727011379163,0.741491888309621,0.7722292095182774,0.7749666402503521,0.010617820419891344,0.007998633248186615,0.02273868796046985,0.025476118692544514,0.002619187171704729,-0.012120867540578506,-0.01485829827265317,-0.014740054712283235,-0.010617820419891344,-0.007998633248186615,0.02273868796046985,0.025476118692544514,0.0026566757629240545,0.03407935731962697,0.036856853304672144,0.00012082022212112076,0.0,0.0,0.0,under_circular
149102442-149102451-001,light_dysplastic,baseline,3213.0,233.48022854328156,3214.5,232.89444208145142,3315.0,3316.0,0.8430510660957607,0.740662522762134,0.7410083035850855,0.7443931031864538,0.7447406256435904,0.10238854333362679,0.10204276251067523,0.09865796290930695,0.0983104404521703,0.000345780822951558,0.0037305804243198404,0.004078102881456491,0.0033847996013682824,-0.10238854333362679,-0.10204276251067523,-0.09865796290930695,-0.0983104404521703,0.00037988898612728583,0.004543469526450017,0.00492536445938796,2.005946810657022e-06,0.0,0.0,0.0,under_circular
149102510-149102519-001,moderate_dysplastic,baseline,3757.0000000000005,249.48022854328156,3773.5,243.03657746315002,3867.0,3878.0,0.7136925390803774,0.7585405332482325,0.7618718930562164,0.7958593705063706,0.7983166746221756,0.04484799416785501,0.048179353975838946,0.08216683142599313,0.08462413554179815,-0.002912673996104398,-0.03365747153711174,-0.0367016961602431,-0.03074479754100734,0.04484799416785501,0.048179353975838946,0.08216683142599313,0.08462413554179815,0.002912673996104398,0.03365747153711174,0.0367016961602431,0.00013155062702696618,0.0,0.0,0.0,over_circular
149105003-149105050-001,light_dysplastic,baseline,2282.5,210.65180110931396,2288.5,208.7523066997528,2362.0,2376.0,0.6518780792811041,0.6732288440194713,0.6749985583958642,0.688778028357663,0.69058861682213,0.051636934094522635,0.049944922409711934,0.03808646276402372,0.038710537541025936,-0.0008495731240472093,-0.008303360001130966,-0.009162462612555156,-0.007453786877083757,0.021350764738367167,0.023120479114760117,0.03689994907655891,0.038710537541025936,0.0016920116848107014,0.013550471330498914,0.015280680256551271,3.8197241241655355e-05,0.0,0.0,0.0,over_circular
149105289-149105300-001,moderate_dysplastic,baseline,1831.9999999999998,165.88224983215332,1831.9999999999998,165.88224983215332,1906.0,1906.0,0.8141209525962322,0.836633979687907,0.836633979687907,0.836633979687907,0.836633979687907,0.06291308810410601,0.06291308810410601,0.061376243292063815,0.05963619542034826,0.0,0.0,0.0,0.0,0.022513027091674798,0.022513027091674798,0.022513027091674798,0.022513027091674798,0.0,0.0,0.0,0.0,0.0,0.0,0.0,over_circular
149105289-149105300-002,moderate_dysplastic,baseline,3862.0000000000005,291.62236416339874,3872.0,284.4507911205292,3981.0,3989.0,0.6754158428785813,0.5706640057656843,0.572141644309873,0.5998019060365655,0.6013549922769501,0.10475183711289693,0.10327419856870823,0.07561393684201578,0.07406085060163115,0.0009824180390137771,0.013094723742700543,0.014105524139815084,0.012112305703686765,-0.10475183711289693,-0.10327419856870823,-0.07561393684201578,-0.07406085060163115,0.0009824180390137771,0.013094723742700543,0.014105524139815084,2.8382358100764726e-05,0.0,0.0,0.0,under_circular
149105289-149105311-001,moderate_dysplastic,baseline,1961.4999999999998,218.65180110931396,1970.5000000000002,216.89444184303284,2202.0,2213.0,0.773597314941405,0.4967681641921967,0.4990474981089594,0.5128237697891065,0.5151767720466146,0.27682915074920833,0.27454981683244567,0.26077354515229856,0.25842054289479044,0.0022793339167626603,0.011542625682588348,0.01301180805095492,0.010096964781896589,-0.27682915074920833,-0.27454981683244567,-0.26077354515229856,-0.25842054289479044,0.0022793339167626603,0.011542625682588348,0.01301180805095492,2.352146767481411e-05,0.0,0.0,0.0,under_circular
149105289-149105311-003,moderate_dysplastic,baseline,1613.5,342.6345565319061,1633.0,334.190905213356,1769.0,1782.0,0.8033593862491398,0.18640134701774005,0.1907102541042627,0.22424901293275037,0.2294328175373366,0.6169580392313998,0.6126491321448772,0.5791103733163895,0.5739265687118033,0.004308907086522651,0.03784766591501032,0.04303147051959655,0.03353875882848767,-0.6169580392313998,-0.6126491321448772,-0.5791103733163895,-0.5739265687118033,0.004308907086522651,0.03784766591501032,0.04303147051959655,0.0008748975180635776,0.0,0.0,0.0,under_circular
149105289-149105311-004,moderate_dysplastic,baseline,2370.0,296.5929263830185,2379.0,293.07820749282837,2361.0,2381.0,0.7548017525645411,0.33856076854425915,0.33984644234885764,0.34672979010694516,0.34804648551241457,0.4162409840202819,0.41495531021568344,0.4080719624575959,0.4067552670521265,0.0011339040384794608,0.005860102458560168,0.0065687149059986405,0.005160224844200034,-0.4162409840202819,-0.41495531021568344,-0.4080719624575959,-0.4067552670521265,0.001133904038479433,0.005860102458560168,0.0065687149059986405,2.971412652255645e-05,0.0,0.0,0.0,under_circular
149140081-149140096-002,moderate_dysplastic,baseline,5037.5,350.8944424390793,5082.499999999999,333.3208487033844,5257.0,5292.0,0.7601378455590595,0.5141288131592638,0.5187215271229694,0.5697705071728656,0.5748602685272634,0.24600903239979566,0.24141631843609013,0.1903673383861939,0.18527757703179615,0.00459271396370553,0.05564169401360175,0.06073145536799951,0.05104898004989622,-0.24600903239979566,-0.24141631843609013,-0.1903673383861939,-0.18527757703179615,0.00459271396370553,0.05564169401360175,0.06073145536799951,0.0004956144095312753,0.0,0.0,0.0,under_circular
149140849-149140856-001,moderate_dysplastic,baseline,8670.5,453.52185904979706,8718.5,430.6761864423752,8871.0,8903.0,0.5353477853102027,0.5259456886229499,0.5295198098733933,0.5832243264374964,0.5871876909140711,0.032578050642361966,0.03572209540629978,0.08449715437820315,0.08581697671965266,0.0031682730308316143,-0.038474444440041,-0.04243780891661564,-0.04204856569048443,-0.009402096687252781,-0.005827975436809352,0.04787654112729378,0.05183990560386842,0.0031682730308316143,0.05191910373584119,0.05535057332871862,0.0003732761778914573,0.0,0.0,0.0,under_circular
149143028-149143108-002,severe_dysplastic,baseline,2400.0,202.50966620445251,2410.5,198.40916121006012,2489.0,2496.0,0.7720157811959211,0.7369138769691922,0.7392915298309986,0.7661215233359076,0.7694733050005022,0.035101904226728875,0.03272425136492252,0.005894257860013519,0.004151445464271486,0.0023776528618063564,0.022169776237015548,0.024618959889003644,0.019792123375209192,-0.035101904226728875,-0.03272425136492252,-0.005894257860013519,-0.002542476195418919,0.0023776528618063564,0.022169776237015548,0.024618959889003644,7.153079018173969e-05,0.0,0.0,0.0,under_circular
149143469-149143497-003,severe_dysplastic,baseline,1769.5,178.81118214130402,1774.0000000000002,177.0538227558136,1851.0,1854.0,0.642059414297659,0.6875645658886499,0.6905793184429702,0.7093324285873712,0.7111363256931318,0.04550515159099089,0.048519904145311155,0.06727301428971222,0.06907691139547278,-0.003014752554320266,-0.023358234096894526,-0.02647540509946189,-0.02034348154257426,0.04550515159099089,0.048519904145311155,0.06727301428971222,0.06907691139547278,0.003014752554320266,0.023358234096894526,0.02647540509946189,0.00010241844824709911,0.0,0.0,0.0,over_circular
149146837-149146854-001,carcinoma_in_situ,baseline,4178.5,257.3797231912613,4180.0,256.79393661022186,4291.0,4292.0,0.7555208120785485,0.7926502694590214,0.7929348154454252,0.7962707092143575,0.7965565548680182,0.03712945738047291,0.037414003366876725,0.04074989713580901,0.041035742789469754,-0.0002845459864038169,-0.0036244632286341893,-0.0039097694630942925,-0.0033404529881772005,0.03712945738047291,0.037414003366876725,0.04074989713580901,0.041035742789469754,0.0002845459864038169,0.0036244632286341893,0.0039097694630942925,1.29966725692654e-06,0.0,0.0,0.0,over_circular
149181904-149181927-001,carcinoma_in_situ,baseline,2181.0,180.85281217098236,2187.0,178.50966668128967,2260.0,2264.0,0.842023179349665,0.8379440030497669,0.8402492135120772,0.8600863425241082,0.8624524672628265,0.0040791762998980685,0.004476563900472907,0.01806316317444323,0.020429287913161565,0.0017468063453355276,-0.013983986874545162,-0.016350111613263496,-0.01486987573558829,-0.0040791762998980685,-0.001773965837587821,0.01806316317444323,0.020429287913161565,0.0017468063453355276,0.016583052638950435,0.0183381706499387,3.46294709512307e-05,0.0,0.0,0.0,under_circular
149181904-149181951-001,carcinoma_in_situ,baseline,2245.5,186.02438509464264,2248.5,185.09545278549194,2327.0,2329.0,0.8319086559219233,0.8314786776127516,0.8320388473933128,0.8368146550387505,0.8373784196839599,0.01860829747124404,0.017521723846059434,0.008280045794743174,0.00717967357012439,0.00029978683778220105,-0.004476020807655523,-0.0050397854528648756,-0.004775807645437724,-0.0004299783091716858,0.00013019147138948473,0.004905999116827209,0.005469763762036561,0.0005601697805611705,0.005397687351692992,0.005945839158269073,3.594864648182039e-06,0.0,0.0,0.0,under_circular
149182125-149182135-002,carcinoma_in_situ,baseline,3094.4999999999995,227.92387986183167,3096.0,226.99494791030884,3195.0,3196.0,0.6424089493585546,0.7508088167054109,0.7511727569946526,0.754688909897807,0.7550547309884023,0.10839986734685625,0.10876380763609794,0.11227996053925238,0.11264578162984762,-0.0003639402892416932,-0.003930316352937946,-0.004275799674775871,-0.0035865593779608185,0.10839986734685625,0.10876380763609794,0.11227996053925238,0.11264578162984762,0.0003639402892416932,0.003930316352937946,0.004275799674775871,1.8808013535487333e-06,0.0,0.0,0.0,over_circular
149182657-149182667-001,carcinoma_in_situ,baseline,2291.5,184.8528118133545,2296.0,182.99494683742523,2371.0,2374.0,0.721932568216953,0.8403185415605562,0.8430766986991576,0.8599070919546521,0.8615957596019556,0.11838597334360323,0.12114413048220463,0.13797452373769914,0.1396631913850026,-0.0027581571386013914,-0.027275678068818032,-0.03012336150305006,-0.02451752093021664,0.11838597334360323,0.12114413048220463,0.13797452373769914,0.1396631913850026,0.0027581571386013914,0.027275678068818032,0.03012336150305006,8.952629563063752e-05,0.0,0.0,0.0,over_circular
149182657-149182681-002,carcinoma_in_situ,baseline,1655.0,170.36753070354462,1662.5,167.43859827518463,1733.0,1738.0,0.739251147774987,0.7165297131873437,0.7197768266912138,0.741816865394457,0.7451785732436765,0.04113164066986941,0.04045734623287167,0.0362139592698415,0.035534914979591936,0.0006742944369977355,0.004917681400027907,0.005596725690277471,0.004243386963030171,-0.022721434587643308,-0.019474321083773227,0.002565717619469998,0.005927425468689518,0.0017067237456175333,0.015500693065725546,0.01724085550683485,3.343869549177203e-05,0.0,0.0,0.0,under_circular
149182657-149182698-003,carcinoma_in_situ,baseline,2809.5,208.40916109085083,2814.0,206.651801943779,2900.0,2903.0,0.6636744451679946,0.8285440665473182,0.8294381788493476,0.8380802528680935,0.8389846560186704,0.1648696213793236,0.165763733681353,0.17440580770009895,0.17531021085067588,-0.000894112302029404,-0.009536186320775353,-0.01044058947135229,-0.008642074018745949,0.1648696213793236,0.165763733681353,0.17440580770009895,0.17531021085067588,0.000894112302029404,0.009536186320775353,0.01044058947135229,1.0290848547533926e-05,0.0,0.0,0.0,over_circular
149185604-149185616-001,carcinoma_in_situ,baseline,3413.0,259.3797231912613,3416.0000000000005,257.03657722473145,3517.0,3519.0,0.7445658016648625,0.6557024350859977,0.656823134305629,0.6677116944307936,0.6688529193749853,0.08886336657886484,0.08774266735923353,0.07685410723406894,0.07571288228987727,0.001120699219631316,0.012009259344795908,0.013150484288987574,0.010888560125164592,-0.08886336657886484,-0.08774266735923353,-0.07685410723406894,-0.07571288228987727,0.001120699219631316,0.012009259344795908,0.013150484288987574,2.0525724560349623e-05,0.0,0.0,0.0,under_circular
149185604-149185645-003,carcinoma_in_situ,baseline,3987.5,245.58073353767395,3987.5,244.0660148859024,4090.0,4092.0,0.7378381065394313,0.8356411156231338,0.8364827168344748,0.8364827168344748,0.8364827168344748,0.09780300908370254,0.09864461029504357,0.09864461029504357,0.09864461029504357,0.0,0.0,0.0,0.0,0.09780300908370254,0.09864461029504357,0.09864461029504357,0.09864461029504357,0.0009376349632974623,0.012089194953037397,0.013040394653222598,1.356473688773896e-05,0.0,0.0,0.0,over_circular
149185604-149185657-001,carcinoma_in_situ,baseline,2321.5,190.26702558994293,2329.0,187.33809304237366,2405.0,2410.0,0.7064770881803053,0.7888136460508549,0.7918468965590615,0.8183330845809237,0.821479847136458,0.08233655787054961,0.08536980837875618,0.11185599640061838,0.11500275895615275,-0.002723525037504837,-0.025394902319238022,-0.028080363860268243,-0.02279148332285308,0.08233655787054961,0.08536980837875618,0.11185599640061838,0.11500275895615275,0.002723525037504837,0.025394902319238022,0.028080363860268243,8.78320485730999e-05,0.0,0.0,0.0,over_circular
149185698-149185709-002,carcinoma_in_situ,baseline,3272.5,228.9949473142624,3278.5,226.551295876503,3363.0,3376.0,0.7592806865383579,0.7699611097125195,0.7728367814574776,0.8012285533999924,0.8026975744299084,0.010680423174161624,0.013556094919119688,0.04194786686163454,0.043416887891550515,-0.0027859817694150246,-0.03156270703087749,-0.03446440908271542,-0.028776725261462466,0.010680423174161624,0.013556094919119688,0.04194786686163454,0.043416887891550515,0.0027859817694150246,0.03156270703087749,0.03446440908271542,0.00011572028242290422,0.0,0.0,0.0,over_circular
149185788-149185824-001,carcinoma_in_situ,baseline,2509.0000000000005,212.85281264781952,2515.0,210.50966668128967,2604.0,2608.0,0.7395850174162313,0.6959078551151464,0.697572042891428,0.711486129940039,0.7131875714624144,0.04367716230108487,0.04201297452480324,0.02809888747619227,0.026397445953816878,0.0016641877762816337,0.015578274824892602,0.017279716347267993,0.013914087048610968,-0.04367716230108487,-0.04201297452480324,-0.02809888747619227,-0.026397445953816878,0.0016641877762816337,0.015578274824892602,0.017279716347267993,3.72537460937572e-05,0.0,0.0,0.0,under_circular
149190861-149190868-001,moderate_dysplastic,baseline,7501.0,371.8822498321533,7573.0,343.07820773124695,8269.0,8335.0,0.7736160380386726,0.6815820274621068,0.6881243426170558,0.7976401001844279,0.8052964243029826,0.0920340105765658,0.08549169542161683,0.026458538177120516,0.03168038626431002,0.007024773426901887,0.06800994843081054,0.06035362431225577,0.06146763327586158,-0.0920340105765658,-0.08549169542161683,0.024024062145755254,0.03168038626431002,0.007024773426901887,0.1180988837702488,0.12662408637253109,0.0013027948376258536,0.0,0.0,0.0,under_circular
149314453-149314465-001,carcinoma_in_situ,baseline,2162.0,184.75230622291565,2166.5,183.58073353767395,2242.0,2245.0,0.8233403970442457,0.8034551245170923,0.804555496748798,0.8137235494407216,0.8148379847971801,0.01988527252715333,0.01878490029544766,0.009616847603524104,0.008502412247065605,0.0011044635359357402,0.010268424923629227,0.011382860280087725,0.009168052691923556,-0.01988527252715333,-0.01878490029544766,-0.009616847603524104,-0.008502412247065605,0.0011044635359357402,0.010268424923629227,0.011382860280087725,1.414187829296143e-05,0.0,0.0,0.0,under_circular
149314453-149314507-001,carcinoma_in_situ,baseline,1019.0,122.32590043544769,1019.0,122.32590043544769,1074.0,1074.0,0.8399616598406447,0.8645684287314683,0.8645684287314683,0.8645684287314683,0.8645684287314683,0.024606768890823583,0.024606768890823583,0.024606768890823583,0.024606768890823583,0.0,0.0,0.0,0.0,0.024606768890823583,0.024606768890823583,0.024606768890823583,0.024606768890823583,0.0,0.0,0.0,0.0,0.0,0.0,0.0,over_circular
149314453-149314507-002,carcinoma_in_situ,baseline,1262.0000000000002,144.22539520263672,1263.5,143.63960874080658,1326.0,1327.0,0.7411327551539647,0.7574752557473766,0.7584134992516054,0.7637753041872084,0.7651454556413175,0.016342500593411913,0.017280744097640688,0.022642549033243697,0.024012700487352823,-0.0009382435042287751,-0.006300048439831785,-0.007246095472268399,-0.0053618049356030095,0.016342500593411913,0.017280744097640688,0.022642549033243697,0.024012700487352823,0.0009382435042287751,0.006300048439831785,0.007246095472268399,7.80352820783925e-06,0.0,0.0,0.0,over_circular
149314679-149314698-001,carcinoma_in_situ,baseline,2643.0,227.96550953388214,2652.0,225.62236332893372,2740.0,2746.0,0.6003062970724475,0.646223684321573,0.648018750111355,0.6630665673139146,0.6649084188897866,0.04591738724912542,0.047712453038907476,0.06276027024146702,0.06460212181733904,-0.0017950657897820577,-0.0168428829923416,-0.018684734568213623,-0.015047817202559544,0.04591738724912542,0.047712453038907476,0.06276027024146702,0.06460212181733904,0.0017950657897820577,0.0168428829923416,0.018684734568213623,4.678578608996453e-05,0.0,0.0,0.0,over_circular
149315229-149315310-001,severe_dysplastic,baseline,6074.5,316.30865585803986,6088.0,314.2081506252289,6214.0,6223.0,0.8043236002719132,0.7649006031256433,0.8017967991409084,0.7680337004165415,0.7697520389905592,0.039422997146269845,0.0025268011310047855,0.03628989985537168,0.03457156128135397,0.0017779659639294287,-0.019414623293414923,-0.02125487028887363,-0.021192589257344352,-0.039422997146269845,-0.0025268011310047855,-0.03628989985537168,-0.03457156128135397,0.0017779659639294287,0.025139109301805407,0.026857447875823115,5.624427835160262e-05,0.0,0.0,0.0,under_circular
149315671-149315731-001,carcinoma_in_situ,baseline,2801.0,233.03657710552216,2808.5,231.27921736240387,2898.0,2903.0,0.6952355542889314,0.6973212091108886,0.6983625050926371,0.7079585673925926,0.7090157479312575,0.014784388326169906,0.016685548472408107,0.03383985282372959,0.03579203617015758,-0.0010412959817485135,-0.010637358281703979,-0.011694538820368972,-0.009596062299955466,0.002085654821957217,0.0031269508037057303,0.012723013103661196,0.013780193642326188,0.001901160146238201,0.019055464497559682,0.021007647843987676,5.102320018979256e-05,0.0,0.0,0.0,over_circular
149315671-149315740-001,carcinoma_in_situ,baseline,2341.5,212.85281193256378,2346.0,211.6812388896942,2434.0,2438.0,0.6076354559325337,0.6664150764989966,0.666819372804254,0.6700457212824535,0.670452220203353,0.05877962056646291,0.05918391687172031,0.06241026534991989,0.06281676427081939,-0.0008320938937330657,-0.007041001025893445,-0.007882331038156276,-0.0062089071321603795,0.05877962056646291,0.05918391687172031,0.06241026534991989,0.06281676427081939,0.0008320938937330657,0.007041001025893445,0.007882331038156276,9.236118529765136e-06,0.0,0.0,0.0,over_circular
149316426-149316462-004,carcinoma_in_situ,baseline,1381.0,159.8822500705719,1381.0,159.88224983215332,1452.0,1452.0,0.5549592337199534,0.6788956730819568,0.6788956730819568,0.6905515761088135,0.6928132079082964,0.12393643936200338,0.12393643936200338,0.1355923423888601,0.137853974188343,-0.002126965319372065,-0.015097085136624555,-0.017358716936107466,-0.012884897939117512,0.12393643936200338,0.12393643936200338,0.1355923423888601,0.137853974188343,0.002126965319372065,0.015097085136624555,0.017358716936107466,4.659997135092464e-05,0.0,0.0,0.0,over_circular
149316754-149316779-002,moderate_dysplastic,baseline,2809.5,235.58073377609253,2820.0,230.65180110931396,2916.0,2923.0,0.8266061390295746,0.6361497489342189,0.6385272439916347,0.6636287614172331,0.6661089543323003,0.19045639009535564,0.18807889503793984,0.16297737761234143,0.16049718469727425,0.0023774950574158016,0.02747901248301421,0.02995920539808139,0.025101517425598407,-0.19045639009535564,-0.18807889503793984,-0.16297737761234143,-0.16049718469727425,0.0023774950574158016,0.02747901248301421,0.02995920539808139,0.00010269785765137929,0.0,0.0,0.0,under_circular
149317002-149317010-002,severe_dysplastic,baseline,1608.5,158.61017155647278,1616.0,155.6812388896942,1681.0,1686.0,0.711533267618531,0.7964753104537883,0.8002216665706922,0.8267264444741025,0.8306150919081293,0.0849420428352573,0.08868839895216118,0.11519317685557151,0.11908182428959835,-0.0023157287289170547,-0.01904220356801667,-0.02141090906111054,-0.016726474839099614,0.0849420428352573,0.08868839895216118,0.11519317685557151,0.11908182428959835,0.0032640912989201354,0.024771371492602556,0.028150964989965055,0.0001155021984423632,0.0,0.0,0.0,over_circular
149317204-149317230-002,severe_dysplastic,baseline,2006.0,179.19595777988434,2007.5,178.6101713180542,2085.0,2086.0,0.5302104712353382,0.722479855783883,0.7244225861997942,0.7375967365077014,0.7395801158410057,0.1922693845485448,0.194212114964456,0.20738626527236326,0.20936964460566754,-0.0010597438358139755,-0.008936936542504603,-0.010009969503288807,-0.007877192706690628,0.1922693845485448,0.194212114964456,0.20738626527236326,0.20936964460566754,0.0010597438358139755,0.008936936542504603,0.010009969503288807,1.3289124970228272e-05,0.0,0.0,0.0,over_circular
149788987-149788996-003,light_dysplastic,baseline,5772.499999999999,322.06601536273956,5823.5,302.14927542209625,5919.0,5953.0,0.6880170194329345,0.6993329728412698,0.7055115751132325,0.7945673063289188,0.8008348751441576,0.037371745060021166,0.04204915783482799,0.10655028689598434,0.11281785571122316,-0.004677412774806822,-0.07031529457980312,-0.07544611065120199,-0.0656378818049963,0.011315953408335355,0.017494555680298007,0.10655028689598434,0.11281785571122316,0.004677412774806822,0.07122145400491753,0.076316031186351,0.0005120458225292834,0.0,0.0,0.0,over_circular
153268807-153268826-001,light_dysplastic,baseline,5501.500000000001,322.811182141304,5565.999999999999,297.62236428260803,5655.0,5698.0,0.85608265417581,0.6664204093004483,0.6737831785759316,0.7804765458879238,0.7896269116444938,0.18966224487536165,0.18229947559987836,0.07560610828788616,0.06645574253131614,0.007593011152717155,0.11098835443749688,0.11957734913252671,0.10362558516201359,-0.18966224487536165,-0.18229947559987836,-0.07560610828788616,-0.06645574253131614,0.007593011152717155,0.11098835443749688,0.11957734913252671,0.001251022104358901,0.0,0.0,0.0,under_circular
153276386-153276405-001,moderate_dysplastic,baseline,3846.5,244.20815002918243,3852.5,243.62236404418945,3959.0,3963.0,0.6656749822560413,0.8005962612762509,0.8012388803488472,0.808397869692746,0.809046750925944,0.13492127902020967,0.1355638980928059,0.1427228874367047,0.14337176866990275,-0.0006426190725962178,-0.007801608416495021,-0.008450489649693083,-0.007158989343898803,0.13492127902020967,0.1355638980928059,0.1427228874367047,0.14337176866990275,0.0006426190725962178,0.007801608416495021,0.008450489649693083,6.262160601844258e-06,0.0,0.0,0.0,over_circular
153276386-153276405-002,moderate_dysplastic,baseline,2958.0,276.3086556196213,2983.5000000000005,269.86500430107117,3113.0,3135.0,0.8381904303966909,0.4107097911749072,0.41303749150272473,0.42723349540292316,0.4296548439285065,0.42748063922178375,0.4251529388939662,0.4109569349937678,0.40853558646818444,0.0027158440531280803,0.028245288511321853,0.03136776957287696,0.025366301316243567,-0.42748063922178375,-0.4251529388939662,-0.4109569349937678,-0.40853558646818444,0.0027158440531280803,0.02824528851132191,0.03136776957287701,0.0001312424934939438,0.0,0.0,0.0,under_circular
153276386-153276414-001,moderate_dysplastic,baseline,4061.5,250.20815074443817,4064.5,249.0365777015686,4170.0,4172.0,0.8117653245226167,0.8152548955389188,0.8158570781528833,0.8229435438181687,0.8235514056011194,0.0167932001161184,0.0167932001161184,0.0167932001161184,0.0167932001161184,0.0,0.0,0.0,0.0,0.0034895710163020954,0.0040917536302665924,0.011178219295551961,0.011786081078502653,0.000602182613964497,0.007688648279249866,0.008296510062200557,5.679168986194583e-06,0.0,0.0,0.0,over_circular
153314466-153314473-003,light_dysplastic,baseline,2898.0000000000005,225.25483322143555,2946.0,206.50966596603394,3726.0,3779.0,0.8434247583778469,0.7177281972599399,0.7296160348957152,0.8527868499833056,0.8656652488634562,0.12569656111790706,0.11380872348213167,0.010515476803461876,0.022240490485609277,0.010991118893517005,0.11518108431444518,0.10103714667169061,0.10329324667866979,-0.12569656111790706,-0.11380872348213167,0.009362091605458644,0.022240490485609277,0.010991118893517005,0.12497264371260597,0.1378510425927566,0.0018872799866336276,0.0,0.0,0.0,under_circular
153654869-153654880-001,severe_dysplastic,baseline,4626.5,331.8061292171478,4655.0,302.9777021408081,4752.0,4769.0,0.486626550364364,0.5295341580587831,0.5377682012672038,0.6333460926837794,0.6344412550617045,0.04290760769441915,0.05114165090283984,0.14671954231941542,0.14781470469734048,-0.004280281414592801,-0.033614539397628485,-0.03816781382303036,-0.029334257983035683,0.04290760769441915,0.05114165090283984,0.14671954231941542,0.14781470469734048,0.004280281414592801,0.033614539397628485,0.03816781382303036,0.000272993010809075,0.0,0.0,0.0,over_circular
153655016-153655039-005,severe_dysplastic,baseline,1501.0,158.71067678928375,1505.5,157.53910374641418,1571.0,1574.0,0.8497108507549554,0.7488214386567168,0.751066406327573,0.7656839775199231,0.7679794991047596,0.10088941209823865,0.0986444444273824,0.08402687323503233,0.08173135165019585,0.0014966451116559254,0.010903389229463656,0.0124223773518356,0.00940674411780773,-0.10088941209823865,-0.0986444444273824,-0.08402687323503233,-0.08173135165019585,0.0014966451116559254,0.010903389229463656,0.0124223773518356,2.2343010716019407e-05,0.0,0.0,0.0,under_circular
153655087-153655101-002,severe_dysplastic,baseline,1245.0,168.36753058433533,1252.5,166.02438473701477,1301.0,1315.0,0.8013682896659621,0.5174216537569095,0.5216378555530273,0.5459949784286544,0.550444009488734,0.28394663590905256,0.27973043411293474,0.25537331123730767,0.2509242801772281,0.002870609494291909,0.02129566546569417,0.024031043502066307,0.018635893342217935,-0.28394663590905256,-0.27973043411293474,-0.25537331123730767,-0.2509242801772281,0.002870609494291909,0.02129566546569417,0.024031043502066307,9.51032926932438e-05,0.0,0.0,0.0,under_circular
153656862-153656873-001,light_dysplastic,baseline,3979.0,258.2670258283615,4005.0000000000005,247.48022842407227,4097.0,4114.0,0.851352925082507,0.746239147293389,0.7511153015606996,0.8117413383272651,0.8162841016931062,0.10511377778911801,0.10023762352180743,0.0396115867552419,0.03506882338940087,0.004876154267310584,0.0610499244478816,0.06633183081442895,0.05617054505571584,-0.10511377778911801,-0.10023762352180743,-0.0396115867552419,-0.03506882338940087,0.004876154267310584,0.0610499244478816,0.06633183081442895,0.0004025269743815896,0.0,0.0,0.0,under_circular
153657121-153657160-001,severe_dysplastic,baseline,3767.0,245.137082695961,3771.4999999999995,243.37972342967987,3874.0,3877.0,0.7668286068872979,0.7877482704125337,0.788689302325689,0.7991654482754055,0.8001201189728409,0.020919663525235777,0.021860695438391087,0.03233684138810755,0.03329151208554293,-0.0009410319113248855,-0.011417177862871775,-0.012371848560307153,-0.010476145949716464,0.020919663525235777,0.021860695438391087,0.03233684138810755,0.03329151208554293,0.0009410319113248855,0.011417177862871775,0.012371848560307153,1.3638783304847912e-05,0.0,0.0,0.0,over_circular
153659229-153659264-001,severe_dysplastic,baseline,3513.5,238.55129599571228,3516.5,237.3797229528427,3617.0,3619.0,0.8024525080479332,0.7838222533958831,0.7844993241589663,0.791663989938917,0.7923478344450549,0.01863025465205015,0.01795318388896694,0.010788518109016265,0.010104673602878367,0.000662472047221141,0.007677368832123221,0.008346396196406092,0.0070148967849020805,-0.01863025465205015,-0.01795318388896694,-0.010788518109016265,-0.010104673602878367,0.000662472047221141,0.007677368832123221,0.008346396196406092,6.555317061729404e-06,0.0,0.0,0.0,under_circular
153697342-153697375-001,moderate_dysplastic,baseline,2329.5,194.61017191410065,2334.0,192.85281252861023,2416.0,2419.0,0.7692689620841614,0.7729323887091964,0.774425496993889,0.7870831679838478,0.788603611965787,0.003663426625035049,0.0051565349097275615,0.01781420589968641,0.019334649881625587,-0.0014628857671760143,-0.01415077927465136,-0.01567122325659054,-0.012657670989958847,0.003663426625035049,0.0051565349097275615,0.01781420589968641,0.019334649881625587,0.0014628857671760143,0.01415077927465136,0.01567122325659054,2.6506249793945003e-05,0.0,0.0,0.0,over_circular
153697342-153697384-001,moderate_dysplastic,baseline,2306.0,192.85281193256378,2309.0,192.26702535152435,2392.0,2394.0,0.7767346439307108,0.7905715675782439,0.7910922513768683,0.7954621019918898,0.7959860067791512,0.013836923647533084,0.01435760744615755,0.018727458061179036,0.019251362848440423,-0.0005068146637793314,-0.004890534413645953,-0.005414439200907339,-0.004369850615021487,0.013836923647533084,0.01435760744615755,0.018727458061179036,0.019251362848440423,0.0005206837986244661,0.0049714241435662165,0.005481331771350129,3.220988636920552e-06,0.0,0.0,0.0,over_circular
153697726-153697736-001,light_dysplastic,baseline,7326.0,371.0538227558136,7395.0,344.1076455116272,7503.0,7549.0,0.7374453499442302,0.6556390149589094,0.6607654425133804,0.7484922973483538,0.7543447427487795,0.08180633498532075,0.07667990743084974,0.011046947404123597,0.01689939280454933,0.0062977459064752495,0.07075938758119715,0.06490694218077142,0.06563296002672614,-0.08180633498532075,-0.07667990743084974,0.011046947404123597,0.01689939280454933,0.0062977459064752495,0.10882171932615647,0.1161444036210435,0.001024938388411778,0.0,0.0,0.0,under_circular
153701009-153701019-002,light_dysplastic,baseline,4447.5,316.49242174625397,4462.5,309.22034192085266,4580.0,4590.0,0.7581589069831517,0.5871663359474316,0.5896073856331739,0.616442952999501,0.6190057155159684,0.17099257103572008,0.16855152134997775,0.14171595398365067,0.1391531914671833,0.002039546234966938,0.02750453373072148,0.029636843991761697,0.025464987495754543,-0.17099257103572008,-0.16855152134997775,-0.14171595398365067,-0.1391531914671833,0.002039546234966938,0.02750453373072148,0.029636843991761697,9.27640260732776e-05,0.0,0.0,0.0,under_circular
153701622-153701650-001,moderate_dysplastic,baseline,3846.5,252.45079028606415,3851.0000000000005,251.86500370502472,3955.0,3958.0,0.6664947946312209,0.762483705202728,0.7627794707982294,0.7660345926044394,0.7663317355806242,0.09598891057150716,0.09628467616700853,0.09953979797321855,0.09983694094940332,-0.000874093549964261,-0.010432506548573306,-0.011318805032755397,-0.009558412998609045,0.09598891057150716,0.09628467616700853,0.09953979797321855,0.09983694094940332,0.000874093549964261,0.010432506548573306,0.011318805032755397,1.2204934217829866e-05,0.0,0.0,0.0,over_circular
153701949-153701958-001,light_dysplastic,baseline,6257.5,343.37972354888916,6289.0,330.2497799396515,6413.0,6434.0,0.5946941176179306,0.6669010927149276,0.6702582456387023,0.7080622994394585,0.7107390727223675,0.07220697509699703,0.07556412802077173,0.11336818182152797,0.11604495510443691,-0.0033571529237746978,-0.05408294297703742,-0.05771234723181917,-0.05072579005326272,0.07220697509699703,0.07556412802077173,0.11336818182152797,0.11604495510443691,0.0033571529237746978,0.05408294297703742,0.05771234723181917,0.00027225133100705623,0.0,0.0,0.0,over_circular
153702037-153702051-003,light_dysplastic,baseline,5151.0,320.93607199192047,5167.499999999999,314.4924203157425,5293.0,5304.0,0.8003070683528971,0.6284407643034918,0.6304538244104627,0.6544568960210495,0.6565532926011983,0.17186630404940528,0.1698532439424344,0.1458501723318476,0.1437537757516988,0.0022891507640249165,0.02727476962396924,0.02967432163504513,0.024985618859944325,-0.17186630404940528,-0.1698532439424344,-0.1458501723318476,-0.1437537757516988,0.0022891507640249165,0.02727476962396924,0.02967432163504513,0.00011040124705097298,0.0,0.0,0.0,under_circular
153826963-153826970-001,severe_dysplastic,baseline,2926.0000000000005,238.69343149662018,2939.5000000000005,233.17871260643005,3026.0,3042.0,0.5102779682484269,0.657382372112432,0.6600291053670366,0.6888444914258152,0.6916178965246609,0.14710440386400514,0.14975113711860977,0.1785665231773883,0.18133992827623402,-0.0026467332546046274,-0.03146211931338316,-0.03423552441222888,-0.028815386058778536,0.14710440386400514,0.14975113711860977,0.1785665231773883,0.18133992827623402,0.0034799206858819876,0.03269394930429731,0.037021678594783725,0.0001723334107506247,0.0,0.0,0.0,over_circular
153826963-153826982-003,severe_dysplastic,baseline,5862.0,314.5929263830185,5868.0,311.6639941930771,5997.0,6001.0,0.7599525751167153,0.7466022312757511,0.7475545300401335,0.760700892481422,0.7616711742320361,0.01335034384096423,0.01239804507658182,0.021239240793533565,0.022038823000196994,0.0009163144355844866,0.008676767062234192,0.009611694512610736,0.007760452626649705,-0.01335034384096423,-0.01239804507658182,0.0007483173647067076,0.0017185991153207958,0.0009163144355844866,0.011786617603789629,0.012586199810453058,1.7982986231679376e-05,0.0,0.0,0.0,under_circular
153827595-153827657-002,carcinoma_in_situ,baseline,2162.0,193.3380937576294,2166.5,191.58073461055756,2246.0,2249.0,0.678051684887362,0.7664622607614763,0.7669647491317307,0.7711196923699103,0.7716252341262716,0.08841057587411427,0.08891306424436873,0.09306800748254829,0.09357354923890959,-0.0005545391922662235,-0.004971161763154597,-0.0055292416689273205,-0.004416622570888373,0.08841057587411427,0.08891306424436873,0.09306800748254829,0.09357354923890959,0.0005545391922662235,0.004971161763154597,0.0055292416689273205,3.5407135065002038e-06,0.0,0.0,0.0,over_circular
153828877-153828902-002,severe_dysplastic,baseline,3654.0,252.93607223033905,3657.0,251.76449918746948,3762.0,3764.0,0.6927503472728003,0.7177230046048497,0.7183122681554285,0.7244183201701959,0.7250130806957872,0.024972657332049453,0.02556192088262821,0.031667972897395646,0.03226273342298691,-0.0009186330821636668,-0.01044350871319144,-0.011375294828998905,-0.009524875631027774,0.024972657332049453,0.02556192088262821,0.031667972897395646,0.03226273342298691,0.0009186330821636668,0.01044350871319144,0.011375294828998905,1.315303364379794e-05,0.0,0.0,0.0,over_circular
153828952-153828970-001,severe_dysplastic,baseline,3662.5,241.58073377609253,3670.0,239.3797242641449,3770.0,3775.0,0.8281379430167808,0.7886111356467917,0.790226038996239,0.8080868903399939,0.8097416757809631,0.03952680736998904,0.03791190402054179,0.020051052676786862,0.018396267235817665,0.0016149033494472498,0.019475754693202174,0.02113054013417137,0.017860851343754924,-0.03952680736998904,-0.03791190402054179,-0.020051052676786862,-0.018396267235817665,0.0016149033494472498,0.019475754693202174,0.02113054013417137,3.988209152194777e-05,0.0,0.0,0.0,under_circular
153828952-153829005-001,severe_dysplastic,baseline,3738.4999999999995,273.86500453948975,3750.5,268.3502856492996,3858.0,3867.0,0.6422119389482304,0.6297255848783965,0.6317361494702658,0.6558738183679163,0.6579678680740264,0.06588386139640212,0.06820042344769317,0.0975163156896206,0.09993636450522969,0.0016570825997602734,-0.0011755253498519913,-0.0032695750559621484,-0.003186089941721315,-0.012486354069833894,-0.01047578947796457,0.013661879419685885,0.015755929125796042,0.002010564591869324,0.02614823348951978,0.028242283195629936,8.348511424083327e-05,0.0,0.0,0.0,under_circular
153828952-153829005-002,severe_dysplastic,baseline,3136.0,229.33809351921082,3142.0,226.99494743347168,3237.0,3242.0,0.7787022620966041,0.7492616808059328,0.7506952171850259,0.7544057797301778,0.7548171242120373,0.029440581290671286,0.02800704491157824,0.024296482366426342,0.02388513788456681,0.0006397412998148111,0.0066834343114052785,0.007329395652459159,0.0060436930115904675,-0.029440581290671286,-0.02800704491157824,-0.024296482366426342,-0.02388513788456681,0.0006397412998148111,0.0066834343114052785,0.007329395652459159,6.220041239068941e-06,0.0,0.0,0.0,under_circular
153829664-153829672-001,light_dysplastic,baseline,6161.0,343.0538227558136,6230.0,316.1076452732086,6324.0,6370.0,0.6852373980445065,0.6249669920171462,0.6327078527474462,0.7419977321473041,0.7511881392889875,0.060270406027360224,0.05252954529706022,0.05676033410279768,0.06595074124448108,0.007740860730300003,0.003510071924562541,-0.005680335217120858,-0.004230788805737462,-0.060270406027360224,-0.05252954529706022,0.05676033410279768,0.06595074124448108,0.007740860730300003,0.1170307401301579,0.1262211472718413,0.0014495464113833956,0.0,0.0,0.0,under_circular
153829745-153829768-001,severe_dysplastic,baseline,225.0,107.4558436870575,253.0,92.7695517539978,276.0,290.0,0.7955415136978499,0.3274641461769579,0.3518209834959051,0.36405050884115553,0.3911286458623984,0.46807736752089196,0.44372053020194474,0.43149100485669434,0.40441286783545144,0.024356837318947222,0.06471335248423371,0.07194733989057966,0.05319423148727259,-0.46807736752089196,-0.44372053020194474,-0.43149100485669434,-0.40441286783545144,0.024356837318947222,0.06471335248423371,0.07194733989057966,0.0027212997022956764,0.0,0.0,0.0,under_circular
153829745-153829768-003,severe_dysplastic,baseline,4880.0,289.8650050163269,4887.5,284.59292590618134,5007.0,5012.0,0.7683823761158967,0.7244935843752187,0.727029726016732,0.7628795411464112,0.7655623016811332,0.043888791740677946,0.04135265009916467,0.012738073765971025,0.014832646429275176,0.002019073175436037,0.014810624548205142,0.015946850279132563,0.013697161047628414,-0.043888791740677946,-0.04135265009916467,-0.005502834969485448,-0.0028200744347635087,0.002019073175436037,0.02815571642014547,0.030250289083449622,7.549948786811367e-05,0.0,0.0,0.0,under_circular
153830680-153830827-002,severe_dysplastic,baseline,2916.5,216.2670258283615,2922.5,213.92387986183167,3013.0,3017.0,0.8161565783967105,0.784272699913847,0.7858483356745981,0.8013478970314263,0.8029578375578581,0.03188387848286356,0.03030824272211241,0.015302647654141688,0.01365508256432324,0.0015756357607511484,0.01707519711757932,0.01868513764401114,0.015499561356828173,-0.03188387848286356,-0.03030824272211241,-0.014808681365284238,-0.013198740838852419,0.0016120573904154778,0.01725970088480011,0.01890726597461856,3.550769940297016e-05,0.0,0.0,0.0,under_circular
153831352-153831372-004,severe_dysplastic,baseline,3646.5,323.42135322093964,3666.0,315.3208477497101,3739.0,3759.0,0.6153439024314494,0.4270828078043227,0.4289449128735117,0.4493079448898538,0.4512669528070951,0.18826109462712676,0.1863989895579377,0.1660359575415956,0.16407694962435432,0.0024721618464284,0.022225137085531144,0.02418414500277244,0.020363032016342097,-0.18826109462712676,-0.1863989895579377,-0.1660359575415956,-0.16407694962435432,0.0024721618464284,0.022225137085531144,0.02418414500277244,9.690284805224936e-05,0.0,0.0,0.0,under_circular
153915432-153915441-002,severe_dysplastic,baseline,3722.0,280.93607223033905,3731.0000000000005,277.42135298252106,3876.0,3883.0,0.7483732712487057,0.5926130628438463,0.5940460337104758,0.607724103882722,0.6091936140748081,0.15576020840485938,0.15432723753822986,0.14064916736598365,0.13917965717389758,0.0009203474029095826,0.00990157580896256,0.010839004711254985,0.008981228406052977,-0.15576020840485938,-0.15432723753822986,-0.14064916736598365,-0.13917965717389758,0.001119474124066988,0.012283700862062652,0.013420889023584959,1.7714037455318632e-05,0.0,0.0,0.0,under_circular
153915432-153915472-001,severe_dysplastic,baseline,3792.5,316.8944420814514,3816.9999999999995,306.1076452732086,4164.0,4184.0,0.7490263148318534,0.5675521728786029,0.5706179932370036,0.6082563929128474,0.6115420905484696,0.1814741419532505,0.17840832159484987,0.14076992191900606,0.1374842242833838,0.0030658203584006394,0.03334320387622297,0.0365833932938045,0.03031841551202774,-0.1814741419532505,-0.17840832159484987,-0.14076992191900606,-0.1374842242833838,0.0030658203584006394,0.03934473982186115,0.04317551362629757,0.00021540105338629933,0.0,0.0,0.0,under_circular
153915726-153915736-001,severe_dysplastic,baseline,2875.5,238.89444196224213,2883.0,226.20814979076385,2972.0,2977.0,0.6624007338726607,0.5575895894429933,0.5610197372932919,0.5933466852214614,0.5969968015351955,0.10481114442966744,0.10138099657936883,0.08441602812051674,0.08636390699895491,0.003430147850298604,0.035757095778468084,0.039407212092202215,0.03232694792816948,-0.10481114442966744,-0.10138099657936883,-0.06905404865119935,-0.06540393233746522,0.003430147850298604,0.035757095778468084,0.039407212092202215,0.000219968463435527,0.0,0.0,0.0,under_circular
153916114-153916129-002,severe_dysplastic,baseline,4357.0,379.9655101299286,4408.0,360.04876959323883,4540.0,4574.0,0.7233159358397553,0.3792355744651456,0.3836746413225526,0.4223522009396474,0.42729596092310435,0.3440803613746097,0.3396412945172027,0.30096373490010786,0.29601997491665094,0.00443906685740697,0.045816688014614915,0.0502657381226409,0.041882250038706714,-0.3440803613746097,-0.3396412945172027,-0.30096373490010786,-0.29601997491665094,0.00443906685740697,0.045816688014614915,0.0502657381226409,0.0005146121321177866,0.0,0.0,0.0,under_circular
153916114-153916150-001,carcinoma_in_situ,baseline,2572.0,218.16652011871338,2581.0,214.65180134773254,2668.0,2674.0,0.6011181264762601,0.6790544809605874,0.6814306436078056,0.701474282393926,0.7039288969124116,0.07793635448432734,0.08031251713154552,0.10035615591766589,0.1028107704361515,-0.0023106520104846373,-0.022097517659006694,-0.024483373926980856,-0.019786865648522056,0.07793635448432734,0.08031251713154552,0.10035615591766589,0.1028107704361515,0.0023106520104846373,0.022097517659006694,0.024483373926980856,7.520425748952508e-05,0.0,0.0,0.0,over_circular
153916114-153916167-001,carcinoma_in_situ,baseline,2900.0,224.1665199995041,2904.5,222.4091603755951,2999.0,3002.0,0.372122265288049,0.7263433304375616,0.727487979356129,0.7379667010417146,0.7391296673014547,0.3542210651495126,0.35536571406808,0.3658444357536656,0.3670074020134057,-0.0011253325429010363,-0.011623370604152972,-0.012786336863893077,-0.010478721685585612,0.3542210651495126,0.35536571406808,0.3658444357536656,0.3670074020134057,0.0011253325429010363,0.011623370604152972,0.012786336863893077,1.7853824016644815e-05,0.0,0.0,0.0,over_circular
153916569-153916586-001,carcinoma_in_situ,baseline,2034.5,204.16652023792267,2048.0,198.89444160461426,2125.0,2134.0,0.43127483719473136,0.6035383670373974,0.6076081812007365,0.6359583070535366,0.6402467371960056,0.17226352984266602,0.1763333440060051,0.20468346985880526,0.2089719000012742,-0.0039686509656455815,-0.031709643109991914,-0.03588870458533755,-0.027740992144346333,0.17226352984266602,0.1763333440060051,0.20468346985880526,0.2089719000012742,0.0039686509656455815,0.031709643109991914,0.03588870458533755,0.00021041050970005415,0.0,0.0,0.0,over_circular
153956040-153956058-001,normal_columnar,baseline,2034.0,179.05382251739502,2047.5,173.7817441225052,2115.0,2124.0,0.8468810720979868,0.7972483309364187,0.8025398021594481,0.8463548931350091,0.8518099124024218,0.04963274116156813,0.04434126993853871,0.0005261789629776858,0.005091220770219285,0.004797234709212339,0.043618588747495024,0.04454152039134884,0.038821354038282685,-0.04963274116156813,-0.04434126993853871,-0.0005261789629776858,0.004928840304434967,0.004797234709212339,0.043618588747495024,0.048679845179264714,0.00026402172255735046,0.0,0.0,0.0,under_circular
153956040-153956058-003,normal_columnar,baseline,2160.5,189.53910374641418,2163.5,188.95331728458405,2615.0,2619.0,0.7953332654577427,0.7845876942566768,0.7851123850909992,0.7894599375733223,0.7899878867067864,0.010745571201065895,0.010220880366743512,0.0058733278844204095,0.005345378750956309,0.0005246908343223833,0.004872243316645486,0.005400192450109587,0.004347552482323103,-0.010745571201065895,-0.010220880366743512,-0.0058733278844204095,-0.005345378750956309,0.0005246908343223833,0.004872243316645486,0.005400192450109587,3.25829914171738e-06,0.0,0.0,0.0,under_circular
153956040-153956072-003,normal_columnar,baseline,1281.5,156.81118190288544,1292.0,152.71067655086517,1351.0,1358.0,0.6149109767985121,0.6660604522289991,0.6703761787013253,0.695952848625142,0.7004622623311364,0.05114947543048698,0.05546520190281312,0.08104187182662981,0.08555128553262425,-0.005365931283722203,-0.034613109292090494,-0.04027107564818477,-0.02924717800836829,0.05114947543048698,0.05546520190281312,0.08104187182662981,0.08555128553262425,0.005365931283722203,0.034613109292090494,0.04027107564818477,0.0002920350723720766,0.0,0.0,0.0,over_circular
153956444-153956458-004,normal_columnar,baseline,1711.5,163.2964631319046,1717.5,159.7817441225052,1785.0,1789.0,0.8446020426119935,0.8031744798877826,0.8059901660574155,0.8266793297943941,0.8311016864237541,0.04142756272421089,0.038611876554577984,0.017922712817599384,0.013500356188239304,0.004241298283160333,0.029625006253264807,0.026402936952341194,0.025383707970104474,-0.04142756272421089,-0.038611876554577984,-0.017922712817599384,-0.013500356188239304,0.004241298283160333,0.03610434724990963,0.040534289437423654,0.00018864390435369138,0.0,0.0,0.0,under_circular
153958154-153958211-001,normal_columnar,baseline,1458.0,169.53910374641418,1462.5,167.78174436092377,1533.0,1536.0,0.806013314998981,0.6374228416208756,0.6393901960703228,0.6508456064183138,0.6528543891541728,0.1685904733781054,0.16662311892865822,0.1551677085806672,0.15315892584480817,0.0019673544494471784,0.013422764797438202,0.01543154753329723,0.011455410347991024,-0.1685904733781054,-0.16662311892865822,-0.1551677085806672,-0.15315892584480817,0.0019673544494471784,0.013422764797438202,0.01543154753329723,4.14282864118487e-05,0.0,0.0,0.0,under_circular
153958547-153958572-002,normal_columnar,baseline,1026.5,136.71067667007446,1029.5,135.53910374641418,1085.0,1087.0,0.6415036618692044,0.7051283341911426,0.7061318375130465,0.7111948264941319,0.7122069633439813,0.06362467232193825,0.06462817564384216,0.06969116462492753,0.07070330147477688,-0.002017094535846753,-0.011848917772229406,-0.013901033739915247,-0.009831823236382653,0.06362467232193825,0.06462817564384216,0.06969116462492753,0.07070330147477688,0.002017094535846753,0.011848917772229406,0.013901033739915247,3.502143183908846e-05,0.0,0.0,0.0,over_circular
153958547-153958572-006,normal_columnar,baseline,1229.0,143.05382239818573,1229.0,142.46803629398346,1292.0,1292.0,0.7737719254968948,0.7546799528076907,0.7546799528076907,0.7619935303857391,0.7640005370504952,0.01909197268920404,0.01909197268920404,0.01684459461275789,0.01777327494178249,0.0,0.0,0.0,0.0,-0.01909197268920404,-0.01909197268920404,-0.011778395111155637,-0.009771388446399576,0.0009210902566624268,0.006461681604314928,0.007390361933339529,7.590072362173572e-06,0.0,0.0,0.0,under_circular
153958547-153958572-008,normal_columnar,baseline,1027.5,147.15432798862457,1029.0,146.56854140758514,1109.0,1110.0,0.41169879988369035,0.5883275894140327,0.5890828238035243,0.5927149130856151,0.5934757794695502,0.1766287895303424,0.17738402391983393,0.18101611320192473,0.18177697958585987,-0.0008704724762395033,-0.004775746479312004,-0.005653190848222023,-0.003905274003072501,0.1766287895303424,0.17738402391983393,0.18101611320192473,0.18177697958585987,0.0008704724762395033,0.004775746479312004,0.005653190848222023,6.971892670515345e-06,0.0,0.0,0.0,over_circular
153958547-153958572-009,normal_columnar,baseline,1143.5,137.88224959373474,1146.5,136.71067667007446,1204.0,1206.0,0.7908835541944905,0.7594744565841745,0.7614574186118094,0.772547207229364,0.774564301765211,0.03140909761031607,0.029426135582681145,0.018336346965126538,0.016319252429279563,0.001982962027634927,0.013072750645189535,0.01508984518103651,0.011089788617554608,-0.03140909761031607,-0.029426135582681145,-0.018336346965126538,-0.016319252429279563,0.001982962027634927,0.013072750645189535,0.01508984518103651,3.413250821204805e-05,0.0,0.0,0.0,under_circular
153958547-153958590-002,normal_columnar,baseline,1859.4999999999998,211.63960921764374,1957.0,211.8233743906021,2601.0,2676.0,0.840843072287363,0.17913352155585613,0.19302092847365546,0.1788228455163193,0.19268616713426417,0.6617095507315068,0.6478221438137075,0.6620202267710437,0.6481569051530989,0.007172744572167322,0.007826094502512704,0.013580138807777975,0.0024823993308829007,-0.6617095507315068,-0.6478221438137075,-0.6620202267710437,-0.6481569051530989,0.007172744572167322,0.007826094502512718,0.013580138807777947,0.00041034913363538483,0.0,0.0,0.0,under_circular
154519964-154519981-001,light_dysplastic,baseline,5478.5,346.16652059555054,5516.5,323.8650039434433,5641.0,5666.0,0.5297753717898009,0.5684173553416049,0.5725235106124583,0.6198104471340427,0.6242878578086339,0.03864198355180393,0.04274813882265738,0.09003507534424171,0.094512486018833,-0.004106155270853451,-0.05191493643497258,-0.05601384122222364,-0.048176124297996004,0.03864198355180393,0.04274813882265738,0.09003507534424171,0.094512486018833,0.004106155270853451,0.05191493643497258,0.05601384122222364,0.0003712554037378357,0.0,0.0,0.0,over_circular
157181481-157181497-004,normal_columnar,baseline,1149.0,134.56854140758514,1153.5,132.81118178367615,1209.0,1212.0,0.6148052473946776,0.7973386243215385,0.8026297586310375,0.8333011324177387,0.8343345773938665,0.1825333769268609,0.1878245112363599,0.21849588502306116,0.21952932999918895,-0.0031227361265857567,-0.021240397185663396,-0.02444632024639659,-0.01811766105907764,0.1825333769268609,0.1878245112363599,0.21849588502306116,0.21952932999918895,0.0031227361265857567,0.021240397185663396,0.02444632024639659,8.318693414743894e-05,0.0,0.0,0.0,over_circular
157181671-157181697-001,normal_superficiel,baseline,536.0000000000001,101.31370830535889,548.0,96.62741661071777,586.0,594.0,0.8394950393942657,0.608742520685179,0.6254628137253618,0.677841797678028,0.6964600362714223,0.23075251870908675,0.2140322256689039,0.16165324171623774,0.14303500312284345,0.014691112569712006,0.06789956049344448,0.08362294857310637,0.05237898395266616,-0.23075251870908675,-0.2140322256689039,-0.16165324171623774,-0.14303500312284345,0.014691112569712006,0.06789956049344448,0.08362294857310637,0.0016927868267064827,0.0,0.0,0.0,under_circular
157183193-157183279-001,normal_superficiel,baseline,522.0,98.14213538169861,537.0,92.28427076339722,570.0,580.0,0.8728765932811172,0.6720241817452727,0.6894041174800642,0.7545183705966971,0.7740317767328185,0.20085241153584454,0.18347247580105297,0.11835822268442009,0.09884481654829869,0.019569968056784792,0.08920321205636805,0.11133649080442787,0.06963324399958326,-0.20085241153584454,-0.18347247580105297,-0.11835822268442009,-0.09884481654829869,0.019569968056784792,0.08920321205636805,0.11133649080442787,0.0025633106912750225,0.0,0.0,0.0,under_circular
157183828-157183877-001,normal_intermediate,baseline,1339.5,158.04163014888763,1365.0,148.08326029777527,1416.0,1433.0,0.8496264571196582,0.6818020285403398,0.6963912302922729,0.776762204867015,0.793383364742914,0.16782442857931845,0.15323522682738533,0.07286425225264326,0.056243092376744186,0.01282942059661829,0.09368812342058608,0.10830108052129161,0.08037097457474207,-0.16782442857931845,-0.15323522682738533,-0.07286425225264326,-0.056243092376744186,0.01282942059661829,0.09368812342058608,0.10830108052129161,0.0017835365040872464,0.0,0.0,0.0,under_circular
157183964-157183980-001,normal_superficiel,baseline,486.0,96.97056245803833,504.0,89.94112467765808,533.0,545.0,0.84615028623421,0.6494807805929149,0.6735356243185784,0.7549696711752184,0.7829315108483748,0.19666950564129504,0.17261466191563157,0.09118061505899155,0.0632187753858352,0.024054843725663466,0.10765943980151682,0.13562127932642887,0.08360459607585335,-0.19666950564129504,-0.17261466191563157,-0.09118061505899155,-0.0632187753858352,0.024054843725663466,0.10765943980151682,0.13562127932642887,0.003906995947492886,0.0,0.0,0.0,under_circular
157184013-157184031-001,normal_superficiel,baseline,536.0,98.14213538169861,551.0,92.28427076339722,1058.0,1100.0,0.8084124590123131,0.6621336742044703,0.6885108072933103,0.7806107115315123,0.8117075631655561,0.14627878480784273,0.1199016517190028,0.027801747480800776,0.004616646999748064,0.019569968056784792,0.09159563536822468,0.10449562011678826,0.07202566731143989,-0.14627878480784273,-0.1199016517190028,-0.027801747480800776,0.003295104153243078,0.019569968056784792,0.09159563536822468,0.11372891411628439,0.0025633106912749115,0.0,0.0,0.0,under_circular
157184850-157184920-002,normal_columnar,baseline,1633.0,175.9238796234131,1637.5,172.9949473142624,1708.0,1711.0,0.3330778251167574,0.6165596117415869,0.6196048518390924,0.6376139682924798,0.6407631976386726,0.28348178662482953,0.28652702672233504,0.3045361431757225,0.30768537252191525,-0.001929458164001585,-0.014599354547831234,-0.01656904363373435,-0.012669896383829649,0.28348178662482953,0.28652702672233504,0.3045361431757225,0.30768537252191525,0.001929458164001585,0.014599354547831234,0.01656904363373435,4.023092190152955e-05,0.0,0.0,0.0,over_circular
157184850-157184942-001,normal_superficiel,baseline,310.25,94.1923879981041,320.0,90.38477599620819,339.0,346.0,0.5429951124363981,0.4392867334252617,0.4531033966560545,0.47693987828362816,0.49195439739766955,0.10370837901113639,0.08989171578034358,0.06605523415276993,0.051040715038728535,0.013816663230792808,0.03765314485836646,0.05266766397240785,0.023836481627573652,-0.10370837901113639,-0.08989171578034358,-0.06605523415276993,-0.051040715038728535,0.013816663230792808,0.03765314485836646,0.05266766397240785,0.001197855883248583,0.0,0.0,0.0,under_circular
157185208-157185238-001,normal_superficiel,baseline,632.0,111.31370830535889,644.0000000000001,106.62741661071777,687.0,695.0,0.886125815941052,0.6409580998718226,0.6531281903757181,0.6985366031508327,0.7117999563752156,0.24516771606922938,0.23299762556533388,0.18758921279021934,0.17432585956583635,0.012170090503895503,0.056785809303774526,0.06892864674253985,0.04540841277511454,-0.24516771606922938,-0.23299762556533388,-0.18758921279021934,-0.17432585956583635,0.012170090503895503,0.056785809303774526,0.06892864674253985,0.0010932627204874867,0.0,0.0,0.0,under_circular
157185433-157185479-002,normal_columnar,baseline,1209.0,131.7401144504547,1210.5,131.154327750206,1268.0,1269.0,0.8205425034913422,0.8542418159615439,0.8573645520881295,0.8769980607985083,0.880203983847731,0.03369931247020175,0.03682204859678728,0.056455557307166115,0.05966148035638885,-0.001105666164276431,-0.007837106574536068,-0.008932918119339939,-0.0067510184870206436,0.03369931247020175,0.03682204859678728,0.056455557307166115,0.05966148035638885,0.001105666164276431,0.007837106574536068,0.008932918119339939,9.988151338458096e-06,0.0,0.0,0.0,over_circular
157185433-157185479-003,normal_columnar,baseline,902.0,118.91168713569641,902.0,118.91168713569641,955.0,955.0,0.7616173258776492,0.8020759366752608,0.8034806230792455,0.8102498104081859,0.8116688118274646,0.040458610797611594,0.04186329720159632,0.0486324845305367,0.050051485949815455,-0.0012647039878274091,-0.007905274512131188,-0.009182203151265944,-0.006640570524303779,0.040458610797611594,0.04186329720159632,0.0486324845305367,0.050051485949815455,0.0012647039878274091,0.007905274512131188,0.009182203151265944,1.2224651307346512e-05,0.0,0.0,0.0,over_circular
157185433-157185479-004,normal_columnar,baseline,1195.9999999999998,143.0538227558136,1198.9999999999998,141.88224971294403,1444.0,1446.0,0.6817756974382022,0.7344159634215591,0.7362581439318139,0.7465947152290215,0.7484674444478234,0.07664772073467507,0.07664772073467507,0.07664772073467507,0.07664772073467507,0.0,0.0,0.0,0.0,0.052640265983356915,0.05448244649361167,0.06481901779081933,0.06669174700962122,0.001842180510254754,0.012178751807462418,0.0140514810262643,3.054870854712899e-05,0.0,0.0,0.0,over_circular
157185433-157185479-006,normal_columnar,baseline,1819.5,165.63960897922516,1819.5,165.63960897922516,2232.0,2235.0,0.7522328064506775,0.8221136130267855,0.8228268405684513,0.828070467034947,0.8287888624661514,0.0811288813642036,0.0811288813642036,0.0811288813642036,0.0811288813642036,0.0,0.0,0.0,0.0,0.06988080657610807,0.07059403411777387,0.07583766058426955,0.07655605601547388,0.0007132275416658063,0.005681947880546712,0.006594637384881696,5.167889538526538e-06,0.0,0.0,0.0,over_circular
157185433-157185508-001,normal_columnar,baseline,1399.5000000000002,149.63960874080658,1401.0,149.05382227897644,1466.0,1467.0,0.5447025847902661,0.7617299074801424,0.763479000264253,0.7829158436180811,0.7847135837871239,0.21702732268987623,0.21877641547398685,0.23821325882781497,0.24001099899685774,-0.0015970728753792462,-0.011674445937870925,-0.013296157109285112,-0.010077373062491679,0.21702732268987623,0.21877641547398685,0.23821325882781497,0.24001099899685774,0.0015970728753792462,0.011674445937870925,0.013296157109285112,2.4638296034940055e-05,0.0,0.0,0.0,over_circular
157185730-157185758-001,normal_columnar,baseline,2695.5,247.48022866249084,2707.5,246.308655500412,3583.0,3591.0,0.36519265220169467,0.4971351873485525,0.4980628706755558,0.5042885463498341,0.5052295782629894,0.13194253514685783,0.13287021847386116,0.13909589414813944,0.14003692606129475,-0.0009276833270033258,-0.007153359001281612,-0.008094390914436922,-0.0063985272491520195,0.13194253514685783,0.13287021847386116,0.13909589414813944,0.14003692606129475,0.0009276833270033258,0.007153359001281612,0.008094390914436922,1.334858615198442e-05,0.0,0.0,0.0,over_circular
157185781-157185793-003,normal_columnar,baseline,2751.5,213.72286880016327,2753.0,213.72286880016327,2979.0,2979.0,0.7530417839052961,0.7897059770361344,0.7897059770361344,0.7897059770361344,0.7897059770361344,0.03666419313083835,0.03666419313083835,0.03666419313083835,0.03666419313083835,0.0,0.0,0.0,0.0,0.03666419313083835,0.03666419313083835,0.03666419313083835,0.03666419313083835,0.0,0.0,0.0,0.0,0.0,0.0,0.0,over_circular
157222534-157222607-001,normal_superficiel,baseline,276.0,73.31370830535889,288.0,68.62741661071777,312.0,320.0,0.8839186531441205,0.7009697152637043,0.7227132367120616,0.7810299826429224,0.805256909726381,0.18294893788041622,0.161205416432059,0.1028886705011981,0.07866174341773957,0.024113368688579495,0.08006026737921812,0.10539135719745285,0.05831674593086089,-0.18294893788041622,-0.161205416432059,-0.1028886705011981,-0.07866174341773957,0.024113368688579495,0.08006026737921812,0.10539135719745285,0.0026794941266662375,0.0,0.0,0.0,under_circular
157222647-157222687-001,normal_intermediate,baseline,1571.0,169.4558436870575,1597.9999999999998,158.911687374115,1653.0,1671.0,0.8337957057490964,0.6875003900490796,0.6993161192224248,0.7817616658923389,0.795197416992971,0.14629531570001686,0.1344795865266717,0.052034039856757586,0.038598288756125476,0.01168911836933495,0.08932196874207354,0.10186083751594044,0.07855029825222815,-0.14629531570001686,-0.1344795865266717,-0.052034039856757586,-0.038598288756125476,0.01168911836933495,0.08932196874207354,0.10186083751594044,0.0015279076923025992,0.0,0.0,0.0,under_circular
157222801-157222811-001,normal_intermediate,baseline,779.0,121.11269783973694,804.4999999999999,111.15432810783386,967.0,992.0,0.7762440318218847,0.679419148142954,0.7001753339314353,0.814950316604151,0.8398469657875771,0.09682488367893072,0.07606869789044945,0.03870628478226623,0.06360293396569239,0.020756185788481263,0.058118598896664486,0.03322194971323833,0.03736241310818322,-0.09682488367893072,-0.07606869789044945,0.03870628478226623,0.06360293396569239,0.020756185788481263,0.1249369831961692,0.15087264227318709,0.004089721529528134,0.0,0.0,0.0,under_circular
157223549-157223570-001,normal_intermediate,baseline,919.4999999999999,146.5269113779068,954.0,133.05382227897644,989.0,1012.0,0.6793130942482016,0.559234372094489,0.5789488622975849,0.6675562623775448,0.6910893856105957,0.12007872215371262,0.10036423195061672,0.014570532934286118,0.011776291362394109,0.019714490203095902,0.10832189028305583,0.10830243079131852,0.08860740007995993,-0.12007872215371262,-0.10036423195061672,-0.011756831870656792,0.011776291362394109,0.019714490203095902,0.11330585399832305,0.13501027077275174,0.0038186330299549986,0.0,0.0,0.0,under_circular
157224412-157224429-001,normal_superficiel,baseline,647.0,115.31370830535889,659.0,110.62741661071777,1137.0,1151.0,0.8336189039963208,0.611437776869401,0.6227781993152013,0.6643372479897444,0.6766588043666792,0.22218112712691973,0.21084070468111948,0.1692816560065764,0.15696009962964153,0.011200759411559735,0.046476800038184884,0.05850422190101667,0.03527604062662515,-0.22218112712691973,-0.21084070468111948,-0.1692816560065764,-0.15696009962964153,0.011200759411559735,0.046476800038184884,0.05850422190101667,0.0008266624512720533,0.0,0.0,0.0,under_circular
157224458-157224464-001,normal_intermediate,baseline,1580.0,179.4558436870575,1607.0,168.911687374115,2679.0,2712.0,0.8439879908812762,0.6165264893424527,0.6270620685907097,0.6959011435542592,0.7077931251213256,0.2274615015388235,0.2169259222905665,0.14808684732701693,0.13619486575995055,0.010535579248256988,0.07592125798738258,0.08803472152911196,0.06504949726320397,-0.2274615015388235,-0.2169259222905665,-0.14808684732701693,-0.13619486575995055,0.010535579248256988,0.07592125798738258,0.08803472152911196,0.0012417028175507605,0.0,0.0,0.0,under_circular
157224458-157224483-001,normal_superficiel,baseline,460.00000000000006,88.48528122901917,468.99999999999994,84.97056245803833,504.0,510.0,0.8560014929038082,0.6491583649311493,0.6688298305351236,0.7193913148080658,0.7411910516204315,0.2068431279726589,0.18717166236868465,0.13661017809574239,0.1148104412833767,0.019569968056784792,0.07023294987691653,0.09203268668928222,0.05056148427294227,-0.2068431279726589,-0.18717166236868465,-0.13661017809574239,-0.1148104412833767,0.019569968056784792,0.07023294987691653,0.09203268668928222,0.00212827120839143,0.0,0.0,0.0,under_circular
157227058-157227087-001,normal_columnar,baseline,1527.5,246.55129623413086,1530.5,245.379723072052,1635.0,1637.0,0.4982362297140012,0.31577409753046815,0.31639427579075713,0.3187966425728542,0.3194227570918189,0.18246213218353308,0.1818419539232441,0.179439587141147,0.17881347262218233,0.0006201782602889838,0.0030225450423860822,0.003648659561350742,0.0024023667820970984,-0.18246213218353308,-0.1818419539232441,-0.179439587141147,-0.17881347262218233,0.001215482008598917,0.005448617770873909,0.006692601703296053,2.850192382322647e-05,0.0,0.0,0.0,under_circular
157227461-157227503-003,normal_columnar,baseline,2210.0,188.7523068189621,2213.0,188.16652059555054,2290.0,2292.0,0.7156288333642179,0.807383063927704,0.8088672239716888,0.8221195992522417,0.823630848515573,0.09175423056348608,0.09323839060747086,0.10649076588802375,0.1080020151513551,-0.001127529281597317,-0.01473653532453767,-0.01624778458786902,-0.013252375280552897,0.09175423056348608,0.09323839060747086,0.10649076588802375,0.1080020151513551,0.001127529281597317,0.01473653532453767,0.01624778458786902,2.5075949557806787e-05,0.0,0.0,0.0,over_circular
157266930-157266947-001,normal_columnar,baseline,2046.9999999999995,197.82337415218353,2051.5000000000005,196.99494802951813,2138.0,2139.0,0.4462534006026446,0.5963938714741952,0.5977049474007385,0.6532526042856027,0.6644958667280912,0.15014047087155058,0.15145154679809392,0.2069992036829581,0.21824246612544662,-0.001311075926543337,-0.010222712514123544,-0.011556261428607106,-0.008911636587580207,0.15014047087155058,0.15145154679809392,0.2069992036829581,0.21824246612544662,0.001311075926543337,0.010222712514123544,0.011556261428607106,2.247298794022523e-05,0.0,0.0,0.0,over_circular
157268504-157268544-001,normal_superficiel,baseline,661.5,109.31370830535889,672.0,104.62741661071777,716.0,723.0,0.8301149597150085,0.7193110153768361,0.7319305068746752,0.7813295759310329,0.798965633966468,0.11080394433817242,0.09818445284033328,0.04878538378397557,0.031149325748540457,0.012619491497839141,0.054383824392085556,0.07163440209010963,0.043459168374006985,-0.11080394433817242,-0.09818445284033328,-0.04878538378397557,-0.031149325748540457,0.012619491497839141,0.054383824392085556,0.07163440209010963,0.0011557780533067996,0.0,0.0,0.0,under_circular
158986766-158986776-001,normal_columnar,baseline,2372.4999999999995,194.61017155647278,2377.0,192.85281229019165,2459.0,2462.0,0.8036204370262843,0.7871998707672525,0.7886929790574327,0.7998965996350821,0.8004427284013327,0.016420566259031766,0.014927457968851532,0.0037238373912021894,0.003177708624951592,0.001493108290180234,0.014411986137146116,0.015932430122844732,0.012918877846965882,-0.016420566259031766,-0.014927457968851532,-0.0037238373912021894,-0.003177708624951592,0.001493108290180234,0.014411986137146116,0.015932430122844732,2.733569551838233e-05,0.0,0.0,0.0,under_circular
158986813-158986820-001,normal_columnar,baseline,1237.5000000000002,138.81118214130402,1237.5000000000002,138.81118214130402,1300.0,1300.0,0.8140986735175997,0.8070606374444669,0.8070606374444669,0.8070606374444669,0.8070606374444669,0.007038036073132803,0.007038036073132803,0.007038036073132803,0.007038036073132803,0.0,0.0,0.0,0.0,-0.007038036073132803,-0.007038036073132803,-0.007038036073132803,-0.007038036073132803,0.0,0.0,0.0,0.0,0.0,0.0,0.0,under_circular
158986920-158986928-004,normal_columnar,baseline,36.75,31.606601536273956,63.25000000000001,46.334523260593414,43.0,45.0,0.7421914042237112,0.4713322708432772,0.73109716250504,0.3544096044690209,0.4530737844502284,0.270859133380434,0.1399241140772241,0.3877817997546903,0.2891176197734828,0.13093501930320992,-0.11692266637425627,-0.018258486393048834,-0.2478576856774662,-0.270859133380434,-0.011094241718671183,-0.3877817997546903,-0.2891176197734828,0.25976489166176286,-0.11692266637425627,-0.018258486393048834,-0.16110071168055543,2.7755575615628914e-17,0.0,0.0,under_circular
204870858-204870872-001,light_dysplastic,baseline,2594.5,216.85281205177307,2599.0,214.50966680049896,2691.0,2694.0,0.6086759301292364,0.7360227562055752,0.7372993422155676,0.748469671795632,0.7497678462119282,0.12734682607633885,0.1286234120863312,0.13979374166639558,0.14109191608269178,-0.0012765860099923643,-0.012446915590056729,-0.013745090006352934,-0.011170329580064364,0.12734682607633885,0.1286234120863312,0.13979374166639558,0.14109191608269178,0.0016033598268392346,0.016365163849969333,0.01800374282426187,3.521914745330257e-05,0.0,0.0,0.0,over_circular
204870951-204870961-002,light_dysplastic,baseline,5929.999999999999,412.20815074443817,6003.5,372.5340510606766,6167.0,6220.0,0.6139264920454398,0.48822424406100456,0.4943996169882322,0.5638220708098879,0.5693986555810424,0.12570224798443524,0.1195268750572076,0.05010442123555192,0.0445278364643974,0.005338049025605196,0.06834126515786842,0.07452637708214205,0.06300321613226323,-0.12570224798443524,-0.1195268750572076,-0.05010442123555192,-0.0445278364643974,0.005338049025605196,0.06834126515786842,0.07452637708214205,0.000847062898668427,0.0,0.0,0.0,under_circular
204871030-204871038-001,light_dysplastic,baseline,7192.0,372.8944424390793,7239.999999999999,349.22034299373627,7360.0,7392.0,0.7538450846465652,0.6510009210630809,0.6550676999133396,0.7169882583440004,0.7229368713475193,0.10284416358348425,0.09877738473322561,0.036856826302564816,0.030908213299045917,0.004475016029007461,0.0740940711416912,0.07906359710045419,0.06961905511268374,-0.10284416358348425,-0.09877738473322561,-0.036856826302564816,-0.030908213299045917,0.004475016029007461,0.0740940711416912,0.07906359710045419,0.0004945099297555267,0.0,0.0,0.0,under_circular
204871030-204871038-002,light_dysplastic,baseline,10590.000000000002,451.4802289009094,10677.0,413.5046132802963,10798.0,10856.0,0.8320977650794457,0.6610102497505077,0.6666820407388536,0.7879976977441913,0.7947591030969673,0.17108751532893796,0.16541572434059204,0.0441000673352544,0.03733866198247837,0.005529539994662103,0.11597561387090727,0.12245792803051447,0.11044607387624517,-0.17108751532893796,-0.16541572434059204,-0.0441000673352544,-0.03733866198247837,0.005529539994662103,0.11597561387090727,0.12245792803051447,0.0009552142585930179,0.0,0.0,0.0,under_circular
209047342-209047443-001,normal_superficiel,baseline,892.0,128.62741661071777,915.9999999999999,119.25483322143555,980.0,991.0,0.8774679005501478,0.6654107206196648,0.6695266632214358,0.6858213854421326,0.6900635795788881,0.212057179930483,0.20794123732871195,0.19164651510801523,0.1874043209712597,0.01805180150058061,0.11067776678190966,0.13188427313599982,0.09244913756096507,-0.212057179930483,-0.20794123732871195,-0.19164651510801523,-0.1874043209712597,0.01805180150058061,0.11067776678190966,0.13188427313599982,0.002977877133145568,0.0,0.0,0.0,under_circular
209047526-209047626-001,normal_intermediate,baseline,1170.5,152.62741661071777,1193.0,143.25483322143555,1368.0,1387.0,0.7813152361055957,0.6413965386773107,0.6543431466909824,0.728070025947772,0.7427661408533621,0.139918697428285,0.12697208941461335,0.053245210157823686,0.0385490952522336,0.012044811232690855,0.07856280915850533,0.09211779826908295,0.06651799792581448,-0.139918697428285,-0.12697208941461335,-0.053245210157823686,-0.0385490952522336,0.012044811232690855,0.07856280915850533,0.09211779826908295,0.0015101778778867647,0.0,0.0,0.0,under_circular
209047526-209047798-001,normal_superficiel,baseline,520.5,99.89949476718903,531.0,95.79898953437805,570.0,577.0,0.860959813568483,0.655396343683875,0.6686175955737514,0.7127032534629338,0.7270805525241457,0.20556346988460794,0.1923422179947315,0.1482565601055491,0.13387926104433723,0.01322125188987644,0.057306909779058834,0.07168420884027071,0.044085657889182395,-0.20556346988460794,-0.1923422179947315,-0.1482565601055491,-0.13387926104433723,0.01322125188987644,0.057306909779058834,0.07168420884027071,0.0011560471713354392,0.0,0.0,0.0,under_circular
209307421-209307504-001,normal_intermediate,baseline,1552.0,167.11269783973694,1577.5,157.15432810783386,3201.0,3263.0,0.8320809450104341,0.6836908467212872,0.6988947024725902,0.7896759081662309,0.8026506089769518,0.14839009828914684,0.13318624253784384,0.04240503684420316,0.02943033603348222,0.015113287524499253,0.11750779420058777,0.13532477774385576,0.10230393844928476,-0.14839009828914684,-0.13318624253784384,-0.04240503684420316,-0.02943033603348222,0.015113287524499253,0.11750779420058777,0.13532477774385576,0.0026131277919649865,0.0,0.0,0.0,under_circular
209522474-209522522-001,normal_intermediate,baseline,1429.0,164.28427076339722,1459.0,152.56854152679443,2443.0,2471.0,0.8067760532426241,0.6653499432323065,0.6761663300460539,0.7183187594626643,0.7364502083615349,0.14142611001031768,0.13060972319657027,0.08845729377995981,0.07032584488108928,0.013968158360370353,0.10610773086263914,0.12230348329290397,0.09213957250226879,-0.14142611001031768,-0.13060972319657027,-0.08845729377995981,-0.07032584488108928,0.013968158360370353,0.10610773086263914,0.12230348329290397,0.0022275940698944785,0.0,0.0,0.0,under_circular
209522940-209522970-001,normal_intermediate,baseline,1362.0,155.94112491607666,1392.0,144.22539520263672,1436.0,1456.0,0.8663400878942388,0.7138121878593668,0.7256807990589287,0.8228174552628433,0.8409411877576196,0.15252790003487193,0.1406592888353101,0.04352263263139544,0.025398900136619162,0.015502787467240098,0.11899090425014358,0.13711463674491986,0.10348811678290348,-0.15252790003487193,-0.1406592888353101,-0.04352263263139544,-0.025398900136619162,0.015502787467240098,0.11899090425014358,0.13711463674491986,0.0026209449376553007,0.0,0.0,0.0,under_circular
209565409-209565503-001,normal_intermediate,baseline,1151.4999999999998,148.04163014888763,1176.9999999999998,138.08326029777527,1331.0,1348.0,0.8663564059089538,0.6835854701491582,0.6974474419096381,0.7827661372826877,0.7986393273428933,0.18277093575979564,0.16890896399931565,0.08359026862626606,0.06771707856606046,0.013861971760479985,0.09866608928542375,0.11505385719373518,0.08404491253577961,-0.18277093575979564,-0.16890896399931565,-0.08359026862626606,-0.06771707856606046,0.013861971760479985,0.09866608928542375,0.11505385719373518,0.0020112182997256145,0.0,0.0,0.0,under_circular
209565409-209565600-001,normal_intermediate,baseline,1324.0,159.79898953437805,1345.0,151.5979790687561,1594.0,1612.0,0.8447759096207856,0.6755931546272368,0.6831777763215966,0.7258668644382114,0.7354367446225608,0.16918275499354885,0.16159813329918904,0.11890904518257428,0.10933916499822482,0.00885150874306917,0.06694926462310224,0.07667024433530256,0.058097755880033075,-0.16918275499354885,-0.16159813329918904,-0.11890904518257428,-0.10933916499822482,0.00885150874306917,0.06694926462310224,0.07667024433530256,0.0008694709691311475,0.0,0.0,0.0,under_circular
209565864-209565890-001,normal_intermediate,baseline,1660.5,169.35533845424652,1698.0,154.71067690849304,1741.0,1766.0,0.8794543996327775,0.6961138402346352,0.7125096590944797,0.8401931942308608,0.8599825657727916,0.1833405593981423,0.16694474053829778,0.03926120540191669,0.019471833859985854,0.016430218897376947,0.14425245644373696,0.16386872553815646,0.12782223754636002,-0.1833405593981423,-0.16694474053829778,-0.03926120540191669,-0.019471833859985854,0.016430218897376947,0.14425245644373696,0.1639404092264738,0.0033935526820862982,0.0,0.0,0.0,under_circular
209565864-209565911-001,normal_intermediate,baseline,1257.5,152.04163014888763,1283.0,142.08326029777527,1331.0,1348.0,0.8680044406261597,0.6835854701491582,0.6974474419096381,0.7827661372826877,0.7986393273428933,0.1844189704770015,0.17055699871652152,0.08523830334347193,0.06936511328326633,0.013568890317964044,0.09341983502555729,0.1083178318733049,0.08040417813727996,-0.1844189704770015,-0.17055699871652152,-0.08523830334347193,-0.06936511328326633,0.013568890317964044,0.09341983502555729,0.1083178318733049,0.0018823399594702916,0.0,0.0,0.0,under_circular
209566047-209566095-001,normal_intermediate,baseline,1804.4999999999998,178.5269113779068,1839.0,165.0538227558136,1890.0,1913.0,0.8490317084788991,0.6838149558550634,0.6980482083298746,0.8030106905126974,0.8197249401794774,0.16521675262383573,0.1509835001490245,0.04602101796620173,0.029306768299421693,0.014049546853803885,0.12089383723368485,0.136807779729734,0.10729124823420655,-0.16521675262383573,-0.1509835001490245,-0.04602101796620173,-0.029306768299421693,0.014049546853803885,0.12089383723368485,0.136807779729734,0.0024809971919688145,0.0,0.0,0.0,under_circular
209566205-209566247-001,normal_intermediate,baseline,1214.5,148.87005722522736,1243.0,137.7401144504547,1286.0,1305.0,0.8653908671598961,0.6746793433930136,0.6905168866651501,0.7901204533322649,0.8086678818142431,0.1907115237668825,0.174873980494746,0.07527041382763122,0.05672298534565301,0.01615995002625792,0.11544110993925127,0.13405311589074098,0.09960356666711478,-0.1907115237668825,-0.174873980494746,-0.07527041382763122,-0.05672298534565301,0.01615995002625792,0.11544110993925127,0.13405311589074098,0.0027170877537129323,0.0,0.0,0.0,under_circular
209566205-209566289-001,normal_intermediate,baseline,1280.0,162.1421353816986,1295.0,156.28427076339722,1360.0,1370.0,0.7945066204241812,0.596821273111389,0.6042097070288615,0.6478286561957954,0.6558485432738725,0.1976853473127922,0.19029691339531973,0.14667796422838575,0.13865807715030865,0.007169838056784172,0.0467246354377987,0.05444202781611951,0.03955479738101453,-0.1976853473127922,-0.19029691339531973,-0.14667796422838575,-0.13865807715030865,0.007169838056784172,0.0467246354377987,0.05444202781611951,0.0005475543215366363,0.0,0.0,0.0,under_circular
209566399-209566485-001,normal_intermediate,baseline,1418.5,159.2132030725479,1441.0000000000002,150.42640614509583,1496.0,1511.0,0.8589758004718052,0.68298046918106,0.6941084605322788,0.7679312708280986,0.7804433892937296,0.17599533129074518,0.1648673399395264,0.09104452964370657,0.07853241117807563,0.01112799135121878,0.08455124081193233,0.09704646988635546,0.07339714879656345,-0.17599533129074518,-0.1648673399395264,-0.09104452964370657,-0.07853241117807563,0.01112799135121878,0.08455124081193233,0.09704646988635546,0.0013411370590542537,0.0,0.0,0.0,under_circular
