cell_id,class,model,seed,A_raw_canonical,P_raw,A_close_canonical,P_close,pixel_area_raw,pixel_area_close,C_gt,C_raw,C_area_only,C_perimeter_only,C_full,AE_raw,AE_area_only,AE_perimeter_only,AE_full,benefit_area,benefit_perimeter,benefit_full,benefit_perimeter_minus_area,bias_raw,bias_area_only,bias_perimeter_only,bias_full,delta_C_area,delta_C_perimeter,delta_C_full,interaction_C,identity_residual,roundness_group,raw_fallback_rate,closing_fallback_rate
148495842-148495854-001,light_dysplastic,baseline,20260803,2553.4999999999995,242.69343149662018,2558.0,240.93607211112976,2657.0,2660.0,0.4895700500621144,0.5447906954690341,0.5457507730604227,0.5527669573009693,0.5537410913553474,0.05522064540691973,0.05618072299830834,0.06319690723885485,0.06417104129323303,-0.0009600775913886084,-0.007976261831935116,-0.0089503958863133,-0.007016184240546508,0.05522064540691973,0.05618072299830834,0.06319690723885485,0.06417104129323303,0.0009600775913886084,0.007976261831935116,0.0089503958863133,1.4056462989575635e-05,0.0,over_circular,0.0,0.0
148495842-148495854-001,light_dysplastic,baseline,20260804,2516.5,220.06601476669312,2519.5,218.06601464748383,2606.0,2609.0,0.4895700500621144,0.652981445899589,0.6537598859304646,0.6650140573489645,0.6658068418401415,0.16341139583747455,0.16418983586835023,0.17544400728685006,0.1762367917780271,-0.0007784400308756823,-0.012032611449375508,-0.012825395940552542,-0.011254171418499825,0.16341139583747455,0.16418983586835023,0.17544400728685006,0.1762367917780271,0.0007784400308756823,0.012032611449375508,0.012825395940552542,1.4344460301352058e-05,0.0,over_circular,0.0,0.0
148495842-148495854-001,light_dysplastic,baseline,20260805,2577.5,225.3797231912613,2582.0,222.79393696784973,2674.0,2677.0,0.4895700500621144,0.6376448488904618,0.638758098869126,0.6525319818069137,0.6536712229002721,0.1480747988283474,0.14918804880701164,0.16296193174479934,0.16410117283815773,-0.0011132499786642436,-0.01488713291645194,-0.01602637400981033,-0.013773882937787696,0.1480747988283474,0.14918804880701164,0.16296193174479934,0.16410117283815773,0.0011132499786642436,0.01488713291645194,0.01602637400981033,2.5991114694146056e-05,0.0,over_circular,0.0,0.0
148497551-148497588-001,light_dysplastic,baseline,20260803,2636.0,201.6812388896942,2643.5,198.75230658054352,2725.0,2730.0,0.8205799088744168,0.8143746923911043,0.8166917675781047,0.8385537684426061,0.8409396384211036,0.0062052164833125145,0.0038881412963120976,0.01797385956818931,0.020359729546686856,0.002317075187000417,-0.011768643084876795,-0.014154513063374341,-0.014085718271877212,-0.0062052164833125145,-0.0038881412963120976,0.01797385956818931,0.020359729546686856,0.002317075187000417,0.024179076051501824,0.02656494602999937,6.879479149712875e-05,0.0,under_circular,0.0,0.0
148497551-148497588-001,light_dysplastic,baseline,20260804,2587.0,198.02438497543335,2593.0,195.6812391281128,2675.0,2679.0,0.8205799088744168,0.8290275181966573,0.830950272394253,0.8490004356617243,0.8509695128221304,0.008447609322240535,0.010370363519836223,0.028420526787307554,0.030389603947713617,-0.0019227541975956886,-0.01997291746506702,-0.021941994625473082,-0.01805016326747133,0.008447609322240535,0.010370363519836223,0.028420526787307554,0.030389603947713617,0.0019227541975956886,0.01997291746506702,0.021941994625473082,4.632296281037451e-05,0.0,over_circular,0.0,0.0
148497551-148497588-001,light_dysplastic,baseline,20260805,2658.0,198.16651952266693,2658.0,198.16651952266693,2744.0,2744.0,0.8205799088744168,0.8505586725047182,0.8505586725047182,0.8505586725047182,0.8505586725047182,0.029978763630301386,0.029978763630301386,0.029978763630301386,0.029978763630301386,0.0,0.0,0.0,0.0,0.029978763630301386,0.029978763630301386,0.029978763630301386,0.029978763630301386,0.0,0.0,0.0,0.0,0.0,over_circular,0.0,0.0
148497788-148497816-002,light_dysplastic,baseline,20260803,1853.9999999999998,185.39696860313416,1876.5,176.6101713180542,2109.0,2127.0,0.7463071823333276,0.6778199330767907,0.6860459031384022,0.7469442187050589,0.7560090757281785,0.06848724925653693,0.06026127919492541,0.0006370363717312921,0.009701893394850947,0.00822597006161152,0.06785021288480564,0.058785355861685984,0.05962424282319412,-0.06848724925653693,-0.06026127919492541,0.0006370363717312921,0.009701893394850947,0.00822597006161152,0.06912428562826822,0.07818914265138788,0.000838886961508134,0.0,under_circular,0.0,0.0
148497788-148497816-002,light_dysplastic,baseline,20260804,1771.0,192.56854152679443,1804.0,179.6812388896942,1889.0,1911.0,0.7463071823333276,0.6001471428708227,0.6113300088870491,0.6893233000802736,0.7021678336221421,0.1461600394625049,0.13497717344627846,0.05698388225305395,0.04413934871118552,0.011182866016226423,0.08917615720945093,0.10202069075131937,0.07799329119322451,-0.1461600394625049,-0.13497717344627846,-0.05698388225305395,-0.04413934871118552,0.011182866016226423,0.08917615720945093,0.10202069075131937,0.0016616675256420077,0.0,under_circular,0.0,0.0
148497788-148497816-002,light_dysplastic,baseline,20260805,1782.4999999999998,185.9827550649643,1814.0,173.6812380552292,1868.0,1889.0,0.7463071823333276,0.6475809265281439,0.6590248531400018,0.7425634862669303,0.7556859265572015,0.09872625580518368,0.08728232919332579,0.0037436960663973506,0.009378744223873858,0.01144392661185789,0.09498255973878633,0.08934751158130982,0.08353863312692844,-0.09872625580518368,-0.08728232919332579,-0.0037436960663973506,0.009378744223873858,0.01144392661185789,0.09498255973878633,0.10810500002905754,0.0016785136784133181,0.0,under_circular,0.0,0.0
148503209-148503222-001,light_dysplastic,baseline,20260803,6031.0,413.4802289009094,6074.5,395.6639943122864,6272.0,6303.0,0.7514627594679846,0.4432917986087102,0.44648914452804017,0.48411231504535934,0.4876040884999229,0.30817096085927437,0.3049736149399444,0.26735044442262523,0.26385867096806165,0.0031973459193299636,0.040820516436649135,0.04431228989121272,0.03762317051731917,-0.30817096085927437,-0.3049736149399444,-0.26735044442262523,-0.26385867096806165,0.0031973459193299636,0.040820516436649135,0.04431228989121272,0.0002944275352336212,0.0,under_circular,0.0,0.0
148503209-148503222-001,light_dysplastic,baseline,20260804,5467.999999999999,430.45079135894775,5522.5,403.4629827737808,5666.0,5701.0,0.7514627594679846,0.3708440785061204,0.37454031154902157,0.42211518940621284,0.42632244577465445,0.3806186809618642,0.376922447918963,0.32934757006177173,0.32514031369333013,0.003696233042901176,0.051271110900092454,0.05547836726853406,0.04757487785719128,-0.3806186809618642,-0.376922447918963,-0.32934757006177173,-0.32514031369333013,0.003696233042901176,0.051271110900092454,0.05547836726853406,0.0005110233255404273,0.0,under_circular,0.0,0.0
148503209-148503222-001,light_dysplastic,baseline,20260805,6048.499999999999,395.722869515419,6090.5,379.3208477497101,6231.0,6259.0,0.7514627594679846,0.4853725928786678,0.4887429572501491,0.528255617435015,0.5319237559705645,0.2660901665893168,0.2627198022178355,0.22320714203296954,0.21953900349742006,0.0033703643714813047,0.04288302455634724,0.04655116309189672,0.03951266018486593,-0.2660901665893168,-0.2627198022178355,-0.22320714203296954,-0.21953900349742006,0.0033703643714813047,0.04288302455634724,0.04655116309189672,0.00029777416406817636,0.0,under_circular,0.0,0.0
148503209-148503231-001,light_dysplastic,baseline,20260803,7813.5,512.9777027368546,7910.0,472.4163010120392,7993.0,8064.0,0.6544808862361308,0.3731285701169082,0.37773686435333,0.43995244025925406,0.445386037300915,0.28135231611922257,0.2767440218828008,0.2145284459768767,0.20909484893521574,0.004608294236421784,0.06682387014234586,0.07225746718400683,0.06221557590592408,-0.28135231611922257,-0.2767440218828008,-0.2145284459768767,-0.20909484893521574,0.004608294236421784,0.06682387014234586,0.07225746718400683,0.0008253028052391809,0.0,under_circular,0.0,0.0
148503209-148503231-001,light_dysplastic,baseline,20260804,5929.999999999999,358.6518018245697,5998.0,330.04877030849457,6095.0,6140.0,0.6544808862361308,0.5793200017814601,0.5859631316501177,0.6840822461027852,0.6919266968169487,0.07516088445467062,0.06851775458601306,0.029601359866654464,0.03744581058081797,0.00664312986865756,0.045559524588016154,0.037715073873852645,0.038916394719358594,-0.07516088445467062,-0.06851775458601306,0.029601359866654464,0.03744581058081797,0.00664312986865756,0.10476224432132508,0.11260669503548859,0.0012013208455059488,0.0,under_circular,0.0,0.0
148503209-148503231-001,light_dysplastic,baseline,20260805,5424.5,355.722869515419,5483.5,331.46298253536224,5598.0,5637.0,0.6544808862361308,0.5386987943730689,0.5445579940906485,0.6204396009305666,0.6271878609462185,0.11578209186306188,0.10992289214548223,0.03404128530556416,0.027293025289912287,0.005859199717579644,0.08174080655749771,0.08848906657314959,0.07588160683991807,-0.11578209186306188,-0.10992289214548223,-0.03404128530556416,-0.027293025289912287,0.005859199717579644,0.08174080655749771,0.08848906657314959,0.0008890602980722306,0.0,under_circular,0.0,0.0
148503400-148503432-001,light_dysplastic,baseline,20260803,6166.0,407.4802289009094,6245.0,373.3624781370163,6389.0,6443.0,0.6770817444156346,0.46665970429632175,0.4726386398525023,0.5558428755455718,0.5629644433639467,0.21042204011931287,0.2044431045631323,0.12123886887006285,0.11411730105168794,0.005978935556180565,0.08918317124925002,0.09630473906762493,0.08320423569306945,-0.21042204011931287,-0.2044431045631323,-0.12123886887006285,-0.11411730105168794,0.005978935556180565,0.08918317124925002,0.09630473906762493,0.001142632262194354,0.0,under_circular,0.0,0.0
148503400-148503432-001,light_dysplastic,baseline,20260804,5177.5,310.61017167568207,5233.0,288.10764467716217,5249.0,5313.0,0.6770817444156346,0.6743705935849151,0.6815994816474864,0.7838273397106975,0.7922295448973597,0.0027111508307194887,0.004517737231851782,0.10674559529506289,0.11514780048172513,-0.001806586401132293,-0.1040344444643434,-0.11243664965100564,-0.10222785806321111,-0.0027111508307194887,0.004517737231851782,0.10674559529506289,0.11514780048172513,0.00722888806257127,0.10945674612578238,0.11785895131244462,0.0011733171240909668,0.0,under_circular,0.0,0.0
148503400-148503432-001,light_dysplastic,baseline,20260805,5306.5,314.2670258283615,5367.999999999999,289.4213536977768,5429.0,5476.0,0.6770817444156346,0.6751812940944181,0.6830063481953897,0.7960803269443386,0.8053065476372767,0.0019004503212165513,0.005924603779755122,0.11899858252870399,0.1282248032216421,-0.004024153458538571,-0.11709813220748744,-0.12632435290042554,-0.11307397874894887,-0.0019004503212165513,0.005924603779755122,0.11899858252870399,0.1282248032216421,0.007825054100971673,0.12089903284992054,0.13012525354285864,0.0014011665919664296,0.0,under_circular,0.0,0.0
148503568-148503580-002,light_dysplastic,baseline,20260803,4555.5,283.86500465869904,4572.0,277.42135310173035,4680.0,4691.0,0.486783015904898,0.7104314916915524,0.7130046712795034,0.7438170749216753,0.7465111769381845,0.22364847578665442,0.22622165537460542,0.2570340590167773,0.2597281610332865,-0.002573179587951002,-0.03338558323012286,-0.036079685246632076,-0.03081240364217186,0.22364847578665442,0.22622165537460542,0.2570340590167773,0.2597281610332865,0.002573179587951002,0.03338558323012286,0.036079685246632076,0.00012092242855821222,0.0,over_circular,0.0,0.0
148503568-148503580-002,light_dysplastic,baseline,20260804,4358.5,286.3502856492996,4372.0,281.0782071352005,4445.0,4464.0,0.486783015904898,0.6679618717027584,0.6700308140609063,0.6932542886460101,0.695401571632524,0.18117885579786047,0.18324779815600828,0.20647127274111216,0.20861855572762605,-0.0020689423581478072,-0.025292416943251683,-0.027439699929765582,-0.023223474585103876,0.18117885579786047,0.18324779815600828,0.20647127274111216,0.20861855572762605,0.0020689423581478072,0.025292416943251683,0.027439699929765582,7.834062836609146e-05,0.0,over_circular,0.0,0.0
148503568-148503580-002,light_dysplastic,baseline,20260805,3908.0,271.279217839241,3922.0000000000005,264.59292578697205,4013.0,4023.0,0.486783015904898,0.6673157418088631,0.6697063304437977,0.7014681581804053,0.7039810942639585,0.18053272590396513,0.1829233145388997,0.21468514227550733,0.21719807835906052,-0.002390588634934576,-0.034152416371542205,-0.03666535245509539,-0.03176182773660763,0.18053272590396513,0.1829233145388997,0.21468514227550733,0.21719807835906052,0.002390588634934576,0.034152416371542205,0.03666535245509539,0.00012234744861860936,0.0,over_circular,0.0,0.0
148718455-148718461-001,light_dysplastic,baseline,20260803,8487.0,384.71067690849304,8562.0,355.42135310173035,8670.0,8720.0,0.8681455917412837,0.7206022058669193,0.7269701999095749,0.84426159589993,0.851722373523648,0.14754338587436444,0.1411753918317088,0.0238839958413537,0.016423218217635704,0.006367994042655645,0.12365939003301074,0.13112016765672874,0.1172913959903551,-0.14754338587436444,-0.1411753918317088,-0.0238839958413537,-0.016423218217635704,0.006367994042655645,0.12365939003301074,0.13112016765672874,0.001092783581062351,0.0,under_circular,0.0,0.0
148718455-148718461-001,light_dysplastic,baseline,20260804,8184.499999999999,372.811182141304,8249.0,347.62236404418945,8353.0,8406.0,0.8681455917412837,0.7399871134458295,0.7458187670370392,0.851111776339929,0.8578191756403046,0.12815847829545424,0.1223268247042445,0.017033815401354735,0.010326416100979063,0.00583165359120974,0.1111246628940995,0.11783206219447517,0.10529300930288976,-0.12815847829545424,-0.1223268247042445,-0.017033815401354735,-0.010326416100979063,0.00583165359120974,0.1111246628940995,0.11783206219447517,0.0008757457091659315,0.0,under_circular,0.0,0.0
148718455-148718461-001,light_dysplastic,baseline,20260805,7759.500000000001,382.46803629398346,7831.5,353.5218585729599,7802.0,7874.0,0.8681455917412837,0.6665815815157197,0.6727667576055619,0.7802091835571844,0.7874487043015773,0.20156401022556403,0.19537883413572177,0.08793640818409931,0.08069688743970638,0.006185176089842259,0.11362760204146471,0.12086712278585765,0.10744242595162246,-0.20156401022556403,-0.19537883413572177,-0.08793640818409931,-0.08069688743970638,0.006185176089842259,0.11362760204146471,0.12086712278585765,0.0010543446545506763,0.0,under_circular,0.0,0.0
148719308-148719348-004,light_dysplastic,baseline,20260803,2602.5,201.5807340145111,2604.0,200.99494755268097,2690.0,2691.0,0.8277155804917434,0.8048270374223572,0.8052909146773556,0.8095251037485891,0.8099916888227957,0.022888543069386258,0.022424665814387845,0.018190476743154327,0.017723891668947722,0.0004638772549984127,0.004698066326231931,0.005164651400438536,0.004234189071233518,-0.022888543069386258,-0.022424665814387845,-0.018190476743154327,-0.017723891668947722,0.0004638772549984127,0.004698066326231931,0.005164651400438536,2.707819208191964e-06,0.0,under_circular,0.0,0.0
148719308-148719348-004,light_dysplastic,baseline,20260804,2260.0,187.6812388896942,2261.5,187.09545242786407,2342.0,2343.0,0.8277155804917434,0.8062627212674002,0.8067978513921351,0.8113193610839152,0.8118578473855196,0.021452859224343257,0.020917729099608318,0.016396219407828205,0.015857733106223848,0.0005351301247349394,0.005056639816515052,0.005595126118119409,0.004521509691780112,-0.021452859224343257,-0.020917729099608318,-0.016396219407828205,-0.015857733106223848,0.0005351301247349394,0.005056639816515052,0.005595126118119409,3.356176869417915e-06,0.0,under_circular,0.0,0.0
148719308-148719348-004,light_dysplastic,baseline,20260805,2403.0,191.33809351921082,2404.5,190.75230753421783,2486.0,2487.0,0.8277155804917434,0.8248229761638036,0.8253378469354414,0.8298966933287646,0.8304147312147375,0.0028926043279398073,0.0023777335563019975,0.0021811128370211597,0.0026991507229940925,0.0005148707716378098,0.0007114914909186476,0.00019345360494571473,0.0001966207192808378,-0.0028926043279398073,-0.0023777335563019975,0.0021811128370211597,0.0026991507229940925,0.0005148707716378098,0.005073717164960967,0.0055917550509339,3.167114335123067e-06,0.0,under_circular,0.0,0.0
148719308-148719357-001,light_dysplastic,baseline,20260803,2664.0,210.85281217098236,2677.5,205.5807341337204,2758.0,2767.0,0.7947701206833819,0.7529832045166213,0.7567989977827528,0.7920986248453475,0.7961126381469287,0.04178691616676067,0.037971122900629095,0.002671495838034388,0.001342517463546744,0.003815793266131573,0.03911542032872628,0.040444398703213924,0.03529962706259471,-0.04178691616676067,-0.037971122900629095,-0.002671495838034388,0.001342517463546744,0.003815793266131573,0.03911542032872628,0.04312943363030741,0.0001982200354495589,0.0,under_circular,0.0,0.0
148719308-148719357-001,light_dysplastic,baseline,20260804,2595.0,210.85281193256378,2610.0,204.9949471950531,2689.0,2699.0,0.7947701206833819,0.7334802628151366,0.7377200331204264,0.7759985561423175,0.7804840969292673,0.06128985786824537,0.05705008756295549,0.018771564541064434,0.014286023754114585,0.0042397703052898805,0.042518293327180934,0.04700383411413078,0.03827852302189105,-0.06128985786824537,-0.05705008756295549,-0.018771564541064434,-0.014286023754114585,0.0042397703052898805,0.042518293327180934,0.04700383411413078,0.0002457704816599682,0.0,under_circular,0.0,0.0
148719308-148719357-001,light_dysplastic,baseline,20260805,2685.0,212.85281205177307,2703.0,205.82337403297424,2780.0,2792.0,0.7947701206833819,0.7447240340569417,0.7497165974137481,0.7964614636714556,0.801800870131823,0.05004608662644028,0.045053523269633855,0.0016913429880737185,0.007030749448441065,0.004992563356806423,0.04835474363836656,0.04301533717799921,0.043362180281560136,-0.05004608662644028,-0.045053523269633855,0.0016913429880737185,0.007030749448441065,0.004992563356806423,0.051737429614514,0.05707683607488134,0.0003468431035609232,0.0,under_circular,0.0,0.0
148848523-148848559-002,moderate_dysplastic,baseline,20260803,4567.0,262.9360718727112,4568.5,262.35028517246246,4680.0,4681.0,0.8368765415310164,0.830119344766647,0.8303919918034656,0.8338305338486535,0.8341043998002132,0.0067571967643694775,0.006484549727550859,0.003046007682362961,0.0027721417308032015,0.00027264703681861846,0.0037111890820065163,0.003985055033566276,0.003438542045187898,-0.0067571967643694775,-0.006484549727550859,-0.003046007682362961,-0.0027721417308032015,0.00027264703681861846,0.0037111890820065163,0.003985055033566276,1.2189147411412193e-06,0.0,under_circular,0.0,0.0
148848523-148848559-002,moderate_dysplastic,baseline,20260804,5156.0,275.2792184352875,5158.999999999999,274.1076455116272,5276.0,5278.0,0.8368765415310164,0.8550193030645109,0.8555167929615615,0.8623438576230178,0.8628456092857153,0.018142761533494478,0.01864025143054504,0.02546731609200137,0.02596906775469887,-0.0004974898970505626,-0.0073245545585068905,-0.007826306221204393,-0.006827064661456328,0.018142761533494478,0.01864025143054504,0.02546731609200137,0.02596906775469887,0.0004974898970505626,0.0073245545585068905,0.007826306221204393,4.261765646940141e-06,0.0,over_circular,0.0,0.0
148848523-148848559-002,moderate_dysplastic,baseline,20260805,4698.0,261.9655097723007,4699.5,261.37972354888916,4813.0,4814.0,0.8368765415310164,0.860269734776496,0.8605444058284681,0.8641300101142648,0.8644059136934839,0.023393193245479615,0.023667864297451713,0.027253468583248397,0.027529372162467425,-0.0002746710519720974,-0.0038602753377687815,-0.004136178916987809,-0.003585604285796684,0.023393193245479615,0.023667864297451713,0.027253468583248397,0.027529372162467425,0.0002746710519720974,0.0038602753377687815,0.004136178916987809,1.2325272469304593e-06,0.0,over_circular,0.0,0.0
148881870-148882178-002,light_dysplastic,baseline,20260803,2259.0,186.5096663236618,2263.5,184.7523069381714,2340.0,2343.0,0.7491049286553086,0.8160624685508615,0.8176880909981741,0.831661036120225,0.8333177314113013,0.06695753989555286,0.06858316234286543,0.08255610746491637,0.08421280275599263,-0.001625622447312569,-0.015598567569363508,-0.01725526286043977,-0.01397294512205094,0.06695753989555286,0.06858316234286543,0.08255610746491637,0.08421280275599263,0.001625622447312569,0.015598567569363508,0.01725526286043977,3.1072843763690905e-05,0.0,over_circular,0.0,0.0
148881870-148882178-002,light_dysplastic,baseline,20260804,2514.5,203.5807341337204,2522.0,200.65180206298828,2603.0,2608.0,0.7491049286553086,0.7624092410682318,0.7646832793692904,0.784829601420617,0.7871705129380775,0.01330431241292318,0.015578350713981726,0.03572467276530833,0.03806558428276885,-0.002274038301058545,-0.02242036035238515,-0.02476127186984567,-0.020146322051326604,0.01330431241292318,0.015578350713981726,0.03572467276530833,0.03806558428276885,0.002274038301058545,0.02242036035238515,0.02476127186984567,6.687321640197474e-05,0.0,over_circular,0.0,0.0
148881870-148882178-002,light_dysplastic,baseline,20260805,2480.5,207.23758709430695,2491.0,203.1370828151703,2572.0,2579.0,0.7491049286553086,0.7257917732894684,0.7288640625938585,0.7553890282930701,0.7585866032969311,0.02331315536584022,0.020240866061450147,0.006284099637761442,0.009481674641622417,0.0030722893043900745,0.01702905572807878,0.013831480724217804,0.013956766423688705,-0.02331315536584022,-0.020240866061450147,0.006284099637761442,0.009481674641622417,0.0030722893043900745,0.029597255003601664,0.03279483000746264,0.00012528569947090062,0.0,under_circular,0.0,0.0
148882307-148882323-001,light_dysplastic,baseline,20260803,5698.5,326.1248904466629,5775.0,296.2497806549072,5852.0,5903.0,0.6767676259161776,0.6732905581318978,0.6823292047401438,0.8159327057826915,0.8268862640861707,0.003477067784279808,0.00556157882396624,0.13916507986651394,0.15011863816999316,-0.002084511039686432,-0.13568801208223413,-0.14664157038571335,-0.1336035010425477,-0.003477067784279808,0.00556157882396624,0.13916507986651394,0.15011863816999316,0.009038646608246048,0.14264214765079375,0.15359570595427297,0.001914911695233168,0.0,under_circular,0.0,0.0
148882307-148882323-001,light_dysplastic,baseline,20260804,5992.0,336.3675310611725,6073.0,304.73506140708923,6150.0,6204.0,0.6767676259161776,0.6655083880937034,0.67450474647748,0.8108430875404273,0.8218040838840145,0.011259237822474177,0.002262879438697518,0.13407546162424977,0.14503645796783693,0.00899635838377666,-0.12281622380177559,-0.13377722014536275,-0.13181258218555225,-0.011259237822474177,-0.002262879438697518,0.13407546162424977,0.14503645796783693,0.00899635838377666,0.14533469944672395,0.1562956957903111,0.0019646379598105,0.0,under_circular,0.0,0.0
148882307-148882323-001,light_dysplastic,baseline,20260805,6505.0,347.1959581375122,6583.0,316.7350616455078,6668.0,6720.0,0.6767676259161776,0.6781220144597832,0.6862532238568413,0.8148260080549328,0.8245964044620481,0.0013543885436055891,0.009485597940663726,0.1380583821387552,0.1478287785458705,-0.008131209397058137,-0.13670399359514962,-0.14647439000226492,-0.12857278419809148,0.0013543885436055891,0.009485597940663726,0.1380583821387552,0.1478287785458705,0.008131209397058137,0.13670399359514962,0.14647439000226492,0.0016391870100571637,0.0,over_circular,0.0,0.0
148882535-148882616-001,light_dysplastic,baseline,20260803,6387.5,521.5218590497971,6591.5,510.6589412689209,6842.0,6934.0,0.5064704898175538,0.2951180311439508,0.3045433271679611,0.30780728637387544,0.3176378439347789,0.21135245867360303,0.2019271626495927,0.19866320344367838,0.18883264588277493,0.009425296024010321,0.012689255229924645,0.022519812790828098,0.003263959205914324,-0.21135245867360303,-0.2019271626495927,-0.19866320344367838,-0.18883264588277493,0.009425296024010321,0.012689255229924645,0.022519812790828098,0.00040526153689313116,0.0,under_circular,0.0,0.0
148882535-148882616-001,light_dysplastic,baseline,20260804,5558.5,484.69343197345734,5675.5,438.1736594438553,5803.0,5897.0,0.5064704898175538,0.29732621662726505,0.30358458981164754,0.36381025837626935,0.3714680437914036,0.20914427319028878,0.20288590000590628,0.14266023144128448,0.13500244602615025,0.006258373184382493,0.0664840417490043,0.07414182716413853,0.060225668564621804,-0.20914427319028878,-0.20288590000590628,-0.14266023144128448,-0.13500244602615025,0.006258373184382493,0.0664840417490043,0.07414182716413853,0.0013994122307517398,0.0,under_circular,0.0,0.0
148882535-148882616-001,light_dysplastic,baseline,20260805,7367.5,666.7766922712326,7514.999999999999,603.8132693767548,7809.0,7912.0,0.5064704898175538,0.20824241321363557,0.21241150122843178,0.2539362505963558,0.25902014567107073,0.29822807660391826,0.29405898858912205,0.25253423922119805,0.2474503441464831,0.004169088014796207,0.045693837382720204,0.050777732457435165,0.041524749367923997,-0.29822807660391826,-0.29405898858912205,-0.25253423922119805,-0.2474503441464831,0.004169088014796207,0.045693837382720204,0.050777732457435165,0.0009148070599187541,0.0,under_circular,0.0,0.0
148882671-148882687-001,light_dysplastic,baseline,20260803,8008.0,468.3919162750244,8093.5,435.0020874738693,8365.0,8428.0,0.7224768685049138,0.4586856422386657,0.46358294773459546,0.531803567540265,0.5374815401956962,0.26379122626624807,0.2588939207703183,0.19067330096464874,0.1849953283092176,0.00489730549592976,0.07311792530159933,0.07879589795703046,0.06822061980566957,-0.26379122626624807,-0.2588939207703183,-0.19067330096464874,-0.1849953283092176,0.00489730549592976,0.07311792530159933,0.07879589795703046,0.0007806671595013692,0.0,under_circular,0.0,0.0
148882671-148882687-001,light_dysplastic,baseline,20260804,6118.0,363.9655101299286,6164.5,345.8061295747757,6284.0,6315.0,0.7224768685049138,0.580361873695578,0.5847729274920548,0.6429155980812509,0.6478020929015809,0.14211499480933576,0.137703941012859,0.0795612704236629,0.07467477560333291,0.0044110537964767715,0.06255372438567286,0.06744021920600285,0.05814267058919609,-0.14211499480933576,-0.137703941012859,-0.0795612704236629,-0.07467477560333291,0.0044110537964767715,0.06255372438567286,0.06744021920600285,0.00047544102385321807,0.0,under_circular,0.0,0.0
148882671-148882687-001,light_dysplastic,baseline,20260805,7137.5,478.634556889534,7200.5,453.2030966281891,7371.0,7413.0,0.7224768685049138,0.3915145290378067,0.3949702789963891,0.43668698459016964,0.4405414546467974,0.33096233946710707,0.3275065895085247,0.28578988391474414,0.2819354138581164,0.003455749958582388,0.04517245555236293,0.04902692560899069,0.041716705593780545,-0.33096233946710707,-0.3275065895085247,-0.28578988391474414,-0.2819354138581164,0.003455749958582388,0.04517245555236293,0.04902692560899069,0.0003987200980453687,0.0,under_circular,0.0,0.0
149011613-149011656-001,light_dysplastic,baseline,20260803,4046.4999999999995,271.9827550649643,4108.0,247.9655101299286,4259.0,4303.0,0.8274828171539456,0.6873954789109377,0.6978427350466162,0.8270025562525468,0.8395716053590665,0.1400873382430079,0.12964008210732936,0.00048026090139874356,0.012088788205120937,0.01044725613567854,0.13960707734160915,0.12799855003788696,0.12915982120593061,-0.1400873382430079,-0.12964008210732936,-0.00048026090139874356,0.012088788205120937,0.01044725613567854,0.13960707734160915,0.15217612644812883,0.002121792970841141,0.0,under_circular,0.0,0.0
149011613-149011656-001,light_dysplastic,baseline,20260804,4253.0,273.7401144504547,4310.0,251.48022890090942,4383.0,4421.0,0.8274828171539456,0.713227956170496,0.7227868542428493,0.8450794729354366,0.8564054851520649,0.11425486098344961,0.10469596291109629,0.017596655781491055,0.028922667998119378,0.009558898072353328,0.09665820520195856,0.08533219298533024,0.08709930712960523,-0.11425486098344961,-0.10469596291109629,0.017596655781491055,0.028922667998119378,0.009558898072353328,0.13185151676494067,0.143177528981569,0.001767114144274995,0.0,under_circular,0.0,0.0
149011613-149011656-001,light_dysplastic,baseline,20260805,4415.0,279.7401144504547,4472.0,257.48022866249084,4548.0,4586.0,0.8274828171539456,0.708975251717874,0.7181284995882974,0.8368599799179479,0.847664287699448,0.11850756543607155,0.10935431756564817,0.009377162764002356,0.020181470545502456,0.009153247870423376,0.1091304026720692,0.0983260948905691,0.09997715480164582,-0.11850756543607155,-0.10935431756564817,0.009377162764002356,0.020181470545502456,0.009153247870423376,0.1278847282000739,0.138689035981574,0.0016510599110767243,0.0,under_circular,0.0,0.0
149013033-149013072-001,moderate_dysplastic,baseline,20260803,2449.0,196.16652023792267,2453.5,193.58073365688324,2534.0,2537.0,0.8156209451775746,0.7997400998852214,0.8012096100728424,0.8212481158856271,0.82275714672331,0.01588084529235312,0.014411335104732137,0.00562717070805252,0.0071362015457354655,0.0014695101876209815,0.010253674584300598,0.008744643746617653,0.008784164396679617,-0.01588084529235312,-0.014411335104732137,0.00562717070805252,0.0071362015457354655,0.0014695101876209815,0.02150801600040564,0.023017046838088584,3.9520650061963813e-05,0.0,under_circular,0.0,0.0
149013033-149013072-001,moderate_dysplastic,baseline,20260804,2361.5,200.7523066997528,2366.0,198.9949471950531,2448.0,2452.0,0.8156209451775746,0.7363371727285034,0.7377403136462584,0.749400046525006,0.7508280796435165,0.07928377244907114,0.07788063153131619,0.06622089865256853,0.06479286553405805,0.0014031409177549525,0.013062873796502616,0.014490906915013091,0.011659732878747664,-0.07928377244907114,-0.07788063153131619,-0.06622089865256853,-0.06479286553405805,0.0014031409177549525,0.013062873796502616,0.014490906915013091,2.4892200755521898e-05,0.0,under_circular,0.0,0.0
149013033-149013072-001,moderate_dysplastic,baseline,20260805,2563.5,200.40916097164154,2565.0000000000005,199.8233743906021,2650.0,2651.0,0.8156209451775746,0.8020621943950347,0.8025315110681741,0.8067716128119204,0.8072436851424132,0.013558750782539875,0.013089434109400444,0.008849332365654106,0.008377260035161371,0.0004693166731394305,0.004709418416885769,0.005181490747378503,0.004240101743746338,-0.013558750782539875,-0.013089434109400444,-0.008849332365654106,-0.008377260035161371,0.0004693166731394305,0.004709418416885769,0.005181490747378503,2.755657353303853e-06,0.0,under_circular,0.0,0.0
149014929-149014984-001,moderate_dysplastic,baseline,20260803,4199.5,254.20815014839172,4202.5,253.03657746315002,4319.0,4321.0,0.7595941840419657,0.8166359771208245,0.8172193579831563,0.8242156188623864,0.8248044143991377,0.057041793078858816,0.0576251739411906,0.06462143482042071,0.065210230357172,-0.0005833808623317838,-0.007579641741561893,-0.008168437278313179,-0.0069962608792301095,0.057041793078858816,0.0576251739411906,0.06462143482042071,0.065210230357172,0.0005833808623317838,0.007579641741561893,0.008168437278313179,5.414674419501608e-06,0.0,over_circular,0.0,0.0
149014929-149014984-001,moderate_dysplastic,baseline,20260804,4044.5,249.8650040626526,4044.5,249.8650040626526,4152.0,4152.0,0.7595941840419657,0.8140739111924375,0.8140739111924375,0.8140739111924375,0.8140739111924375,0.05447972715047189,0.05447972715047189,0.05447972715047189,0.05447972715047189,0.0,0.0,0.0,0.0,0.05447972715047189,0.05447972715047189,0.05447972715047189,0.05447972715047189,0.0,0.0,0.0,0.0,0.0,over_circular,0.0,0.0
149014929-149014984-001,moderate_dysplastic,baseline,20260805,3991.4999999999995,291.6639940738678,3999.0,288.7350617647171,4119.0,4124.0,0.7595941840419657,0.5896310699189845,0.5907389824892946,0.6016541943898891,0.6027846983252328,0.16996311412298115,0.16885520155267109,0.15793998965207656,0.1568094857167328,0.0011079125703100656,0.01202312447090459,0.013153628406248341,0.010915211900594524,-0.16996311412298115,-0.16885520155267109,-0.15793998965207656,-0.1568094857167328,0.0011079125703100656,0.01202312447090459,0.013153628406248341,2.2591365033686195e-05,0.0,under_circular,0.0,0.0
149014929-149015008-003,moderate_dysplastic,baseline,20260803,4124.0,268.9949473142624,4134.5,264.0660148859024,4248.0,4255.0,0.8265633023698734,0.7162098271262527,0.7180333487520592,0.7431962297870317,0.7450884607309609,0.11035347524362071,0.10852995361781426,0.0833670725828417,0.0814748416389125,0.0018235216258064568,0.026986402660779008,0.028878633604708215,0.02516288103497255,-0.11035347524362071,-0.10852995361781426,-0.0833670725828417,-0.0814748416389125,0.0018235216258064568,0.026986402660779008,0.028878633604708215,6.87093181227505e-05,0.0,under_circular,0.0,0.0
149014929-149015008-003,moderate_dysplastic,baseline,20260804,3668.000000000001,281.62236428260803,3687.500000000001,272.3502856492996,3801.0,3814.0,0.8265633023698734,0.581172305396749,0.5842619618730949,0.6214175591772585,0.624721169429155,0.2453909969731244,0.24230134049677854,0.20514574319261492,0.2018421329407184,0.003089656476345848,0.04024525378050947,0.04354886403240599,0.03715559730416362,-0.2453909969731244,-0.24230134049677854,-0.20514574319261492,-0.2018421329407184,0.003089656476345848,0.04024525378050947,0.04354886403240599,0.0002139537755506682,0.0,under_circular,0.0,0.0
149014929-149015008-003,moderate_dysplastic,baseline,20260805,4506.000000000001,316.24978017807007,4524.0,308.39191496372223,4690.0,4702.0,0.8265633023698734,0.5661618305518524,0.5684234623649755,0.595381154585972,0.5977595080663419,0.260401471818021,0.25813984000489787,0.23118214778390145,0.22880379430353148,0.0022616318131231106,0.02921932403411953,0.0315976775144895,0.02695769222099642,-0.260401471818021,-0.25813984000489787,-0.23118214778390145,-0.22880379430353148,0.0022616318131231106,0.02921932403411953,0.0315976775144895,0.00011672166724685518,0.0,under_circular,0.0,0.0
149014929-149015022-001,light_dysplastic,baseline,20260803,6744.000000000001,519.1614681482315,6803.5,507.1442220211029,6939.0,6994.0,0.6452805626878263,0.3144289473817617,0.3172030461909572,0.3295068610031581,0.33241398707517583,0.3308516153060646,0.3280775164968691,0.3157737016846682,0.31286657561265047,0.002774098809195491,0.015077913621396433,0.01798503969341414,0.012303814812200942,-0.3308516153060646,-0.3280775164968691,-0.3157737016846682,-0.31286657561265047,0.002774098809195491,0.015077913621396433,0.01798503969341414,0.00013302726282221622,0.0,under_circular,0.0,0.0
149014929-149015022-001,light_dysplastic,baseline,20260804,4757.499999999999,325.0365777015686,4792.499999999999,316.9777023792267,4943.0,4969.0,0.6452805626878263,0.5658797951453856,0.5700428624769858,0.595019549501231,0.5993969923246767,0.07940076754244074,0.07523770021084053,0.05026101318659526,0.045883570363149606,0.004163067331600212,0.029139754355845482,0.033517197179291136,0.02497668702424527,-0.07940076754244074,-0.07523770021084053,-0.05026101318659526,-0.045883570363149606,0.004163067331600212,0.029139754355845482,0.033517197179291136,0.00021437549184544213,0.0,under_circular,0.0,0.0
149014929-149015022-001,light_dysplastic,baseline,20260805,5521.999999999999,348.93607234954834,5552.0,337.2203427553177,5696.0,5726.0,0.6452805626878263,0.569920829267924,0.5730171032407668,0.6102091778621807,0.6135243309472704,0.07535973341990232,0.07226345944705947,0.035071384825645646,0.03175623174055586,0.0030962739728428446,0.04028834859425667,0.04360350167934646,0.03719207462141383,-0.07535973341990232,-0.07226345944705947,-0.035071384825645646,-0.03175623174055586,0.0030962739728428446,0.04028834859425667,0.04360350167934646,0.00021887911224693912,0.0,under_circular,0.0,0.0
149014929-149015022-002,light_dysplastic,baseline,20260803,6246.0,404.30865597724915,6307.499999999999,380.29141116142273,6423.0,6472.0,0.5741328946073291,0.48015976457353365,0.4848875624475766,0.5427237285136568,0.5480675500480131,0.09397313003379543,0.0892453321597525,0.03140916609367228,0.026065344559315973,0.004727797874042927,0.06256396394012315,0.06790778547447945,0.05783616606608022,-0.09397313003379543,-0.0892453321597525,-0.03140916609367228,-0.026065344559315973,0.004727797874042927,0.06256396394012315,0.06790778547447945,0.0006160236603133806,0.0,under_circular,0.0,0.0
149014929-149015022-002,light_dysplastic,baseline,20260804,4502.0,285.1959581375122,4532.0,273.4802290201187,4634.0,4654.0,0.5741328946073291,0.6955504278258482,0.7001853707034082,0.7564208388688273,0.7614614042100234,0.12141753321851911,0.12605247609607917,0.1822879442614982,0.18732850960269432,-0.004634942877560055,-0.06087041104297908,-0.0659109763841752,-0.05623546816541902,0.12141753321851911,0.12605247609607917,0.1822879442614982,0.18732850960269432,0.004634942877560055,0.06087041104297908,0.0659109763841752,0.00040562246363606835,0.0,over_circular,0.0,0.0
149014929-149015022-002,light_dysplastic,baseline,20260805,5153.5,321.5807341337204,5185.5,307.86500430107117,5306.0,5328.0,0.5741328946073291,0.6262274488991313,0.630115928255835,0.6832686511222039,0.6875113205383115,0.05209455429180221,0.055983033648505875,0.10913575651487484,0.11337842593098246,-0.003888479356703667,-0.05704120222307263,-0.061283871639180254,-0.05315272286636896,0.05209455429180221,0.055983033648505875,0.10913575651487484,0.11337842593098246,0.003888479356703667,0.05704120222307263,0.061283871639180254,0.0003541900594039582,0.0,over_circular,0.0,0.0
149053341-149053350-001,moderate_dysplastic,baseline,20260803,4532.5,275.4385986328125,4558.0,265.4802280664444,4661.0,4678.0,0.8220467435065605,0.75075472911147,0.7549785008913581,0.8081338767810633,0.8126804656079618,0.07129201439509047,0.06706824261520239,0.013912866725497186,0.009366277898598674,0.004223771779888086,0.05737914766959329,0.0619257364964918,0.0531553758897052,-0.07129201439509047,-0.06706824261520239,-0.013912866725497186,-0.009366277898598674,0.004223771779888086,0.05737914766959329,0.0619257364964918,0.00032281704701042635,0.0,under_circular,0.0,0.0
149053341-149053350-001,moderate_dysplastic,baseline,20260804,4107.5,258.6101715564728,4131.5,249.23758745193481,4224.0,4242.0,0.8220467435065605,0.7717848183037109,0.77629433397974,0.8309221929458698,0.8357772465382498,0.050261925202849556,0.04575240952682047,0.00887544943930929,0.013730503031689323,0.0045095156760290855,0.041386475763540265,0.03653142217116023,0.03687696008751118,-0.050261925202849556,-0.04575240952682047,0.00887544943930929,0.013730503031689323,0.0045095156760290855,0.059137374642158846,0.06399242823453888,0.00034553791635094644,0.0,under_circular,0.0,0.0
149053341-149053350-001,moderate_dysplastic,baseline,20260805,3922.9999999999995,249.1959581375122,3939.5,242.7523069381714,4007.0,4022.0,0.8220467435065605,0.7938641392117826,0.7972031038554213,0.8365683705929997,0.8400869477316142,0.028182604294777924,0.024843639651139227,0.014521627086439226,0.018040204225053702,0.0033389646436386977,0.013660977208338698,0.010142400069724222,0.0103220125647,-0.028182604294777924,-0.024843639651139227,0.014521627086439226,0.018040204225053702,0.0033389646436386977,0.04270423138121715,0.046222808519831626,0.00017961249497577825,0.0,under_circular,0.0,0.0
149053945-149053969-001,moderate_dysplastic,baseline,20260803,2659.4999999999995,226.89444208145142,2671.5,220.5512956380844,2758.0,2766.0,0.8438635265559412,0.6491755331184517,0.6521046951404187,0.6870536194806396,0.6901536922137728,0.19468799343748955,0.19175883141552252,0.15680990707530162,0.15370983434216845,0.0029291620219670245,0.037878086362187924,0.0409781590953211,0.0349489243402209,-0.19468799343748955,-0.19175883141552252,-0.15680990707530162,-0.15370983434216845,0.0029291620219670245,0.037878086362187924,0.0409781590953211,0.0001709107111661501,0.0,under_circular,0.0,0.0
149053945-149053969-001,moderate_dysplastic,baseline,20260804,2799.0000000000005,224.16652011871338,2808.0,220.65180110931396,2898.0,2904.0,0.8438635265559412,0.6999568409399757,0.7022075060233839,0.7224333875804994,0.7247563245180572,0.14390668561596553,0.14165602053255733,0.12143013897544186,0.11910720203788405,0.00225066508340821,0.022476546640523676,0.024799483578081483,0.020225881557115466,-0.14390668561596553,-0.14165602053255733,-0.12143013897544186,-0.11910720203788405,0.00225066508340821,0.022476546640523676,0.024799483578081483,7.227185414959703e-05,0.0,under_circular,0.0,0.0
149053945-149053969-001,moderate_dysplastic,baseline,20260805,2507.0,204.50966596603394,2514.5,201.58073377609253,2618.0,2623.0,0.8438635265559412,0.7532454539183332,0.7554988806851411,0.7752935206880696,0.7776129069685486,0.09061807263760802,0.08836464587080006,0.06857000586787165,0.06625061958739265,0.0022534267668079533,0.022048066769736363,0.02436745305021537,0.01979464000292841,-0.09061807263760802,-0.08836464587080006,-0.06857000586787165,-0.06625061958739265,0.0022534267668079533,0.022048066769736363,0.02436745305021537,6.595951367105446e-05,0.0,under_circular,0.0,0.0
149053945-149053976-001,moderate_dysplastic,baseline,20260803,24.5,21.41421353816986,26.000000000000004,20.82842707633972,36.0,37.0,0.8563425520740293,0.6713850868895057,0.7124902962909041,0.7096807091706543,0.7531305485076333,0.1849574651845236,0.14385225578312522,0.14666184290337503,0.10321200356639604,0.04110520940139839,0.03829562228114858,0.08174546161812757,-0.0028095871202498124,-0.1849574651845236,-0.14385225578312522,-0.14666184290337503,-0.10321200356639604,0.04110520940139839,0.03829562228114858,0.08174546161812757,0.0023446299355806,0.0,under_circular,0.0,0.0
149053945-149053976-001,moderate_dysplastic,baseline,20260804,2587.0,218.08326029777527,2614.0,207.53910374641418,3053.0,3085.0,0.8563425520740293,0.6835363742981132,0.6906703063066363,0.7547557301884533,0.7626329643264851,0.17280617777591611,0.16567224576739303,0.101586821885576,0.09370958774754423,0.007133932008523081,0.07121935589034012,0.07909659002837188,0.06408542388181704,-0.17280617777591611,-0.16567224576739303,-0.101586821885576,-0.09370958774754423,0.007133932008523081,0.07121935589034012,0.07909659002837188,0.0007433021295086828,0.0,under_circular,0.0,0.0
149053945-149053976-001,moderate_dysplastic,baseline,20260805,2957.0,231.7401144504547,2993.0,217.6812388896942,3341.0,3382.0,0.8563425520740293,0.6919245728585176,0.7003484093897677,0.7841861859360635,0.7937332615849299,0.1644179792155117,0.1559941426842616,0.07215636613796583,0.06260929048909947,0.008423836531250117,0.09226161307754588,0.10180868872641224,0.08383777654629576,-0.1644179792155117,-0.1559941426842616,-0.07215636613796583,-0.06260929048909947,0.008423836531250117,0.09226161307754588,0.10180868872641224,0.0011232391176162482,0.0,under_circular,0.0,0.0
149054642-149054677-003,light_dysplastic,baseline,20260803,2147.0,184.02438509464264,2151.5,182.26702535152435,2228.0,2231.0,0.7642040720952874,0.7966932873618441,0.7983631149320016,0.8121302678211904,0.813832450497108,0.03248921526655668,0.034159042836714226,0.047926195725902954,0.04962837840182055,-0.001669827570157545,-0.015436980459346272,-0.01713916313526387,-0.013767152889188727,0.03248921526655668,0.034159042836714226,0.047926195725902954,0.04962837840182055,0.001669827570157545,0.015436980459346272,0.01713916313526387,3.2355105760051295e-05,0.0,over_circular,0.0,0.0
149054642-149054677-003,light_dysplastic,baseline,20260804,1919.0,179.6812390089035,1920.5,179.09545242786407,1997.0,1998.0,0.7642040720952874,0.7469290858830095,0.7475129283159562,0.7518231977725326,0.7524108657228499,0.017274986212277854,0.01669114377933123,0.012380874322754809,0.011793206372437526,0.0005838424329466241,0.004894111889523045,0.005481779839840328,0.004310269456576421,-0.017274986212277854,-0.01669114377933123,-0.012380874322754809,-0.011793206372437526,0.0005838424329466241,0.004894111889523045,0.005481779839840328,3.8255173706591705e-06,0.0,under_circular,0.0,0.0
149054642-149054677-003,light_dysplastic,baseline,20260805,2092.0,186.85281205177307,2098.0,184.50966608524323,2174.0,2178.0,0.7642040720952874,0.7529606282675888,0.7551201711784902,0.7722062252526755,0.7744209658604748,0.011243443827698596,0.009083900916797227,0.008002153157388059,0.010216893765187418,0.0021595429109013686,0.003241290670310537,0.0010265500625111779,0.0010817477594091685,-0.011243443827698596,-0.009083900916797227,0.008002153157388059,0.010216893765187418,0.0021595429109013686,0.019245596985086655,0.021460337592886014,5.519769689799059e-05,0.0,under_circular,0.0,0.0
149056321-149056343-001,severe_dysplastic,baseline,20260803,5863.5,319.23758828639984,5890.5,308.6934313774109,6009.0,6027.0,0.7866110766073614,0.7230007554120054,0.7263299991053837,0.773235913367286,0.7767964778187088,0.06361032119535603,0.06028107750197775,0.013375163240075372,0.009814598788652651,0.003329243693378281,0.05023515795528066,0.05379572240670338,0.04690591426190238,-0.06361032119535603,-0.06028107750197775,-0.013375163240075372,-0.009814598788652651,0.003329243693378281,0.05023515795528066,0.05379572240670338,0.00023132075804443986,0.0,under_circular,0.0,0.0
149056321-149056343-001,severe_dysplastic,baseline,20260804,5849.5,320.06601536273956,5878.0,308.93607234954834,5995.0,6014.0,0.7866110766073614,0.717545562519838,0.7210415961178918,0.7701784587859153,0.7739309309759141,0.06906551408752337,0.06556948048946964,0.016432617821446116,0.01268014563144726,0.003496033598053727,0.052632896266077256,0.05638536845607611,0.04913686266802353,-0.06906551408752337,-0.06556948048946964,-0.016432617821446116,-0.01268014563144726,0.003496033598053727,0.052632896266077256,0.05638536845607611,0.0002564385919451295,0.0,under_circular,0.0,0.0
149056321-149056343-001,severe_dysplastic,baseline,20260805,5987.499999999999,336.8944424390793,6034.0,318.73506140708923,6141.0,6172.0,0.7866110766073614,0.6629300368238434,0.6680784705127468,0.7406204710519881,0.746372262601703,0.12368103978351797,0.11853260609461458,0.045990605555373265,0.04023881400565843,0.005148433688903387,0.0776904342281447,0.08344222577785954,0.07254200053924131,-0.12368103978351797,-0.11853260609461458,-0.045990605555373265,-0.04023881400565843,0.005148433688903387,0.0776904342281447,0.08344222577785954,0.0006033578608114487,0.0,under_circular,0.0,0.0
149056321-149056360-001,severe_dysplastic,baseline,20260803,2978.4999999999995,227.7228696346283,2991.0,234.45079123973846,3084.0,3091.0,0.6317954842320207,0.7217622650078769,0.7247913159773578,0.6809324999412224,0.6837901988666096,0.08996678077585618,0.0929958317453371,0.049137015709201703,0.051994714634588934,-0.0030290509694809176,0.04082976506665448,0.03797206614126725,0.043858816036135395,0.08996678077585618,0.0929958317453371,0.049137015709201703,0.051994714634588934,0.0030290509694809176,-0.04082976506665448,-0.03797206614126725,-0.00017135204409368665,0.0,over_circular,0.0,0.0
149056321-149056360-001,severe_dysplastic,baseline,20260804,2854.0000000000005,231.82337415218353,2865.9999999999995,225.48022854328156,2956.0,2964.0,0.6317954842320207,0.6673434274720225,0.6701493563892138,0.7054185893614531,0.708384610059539,0.03554794324000177,0.0383538721571931,0.07362310512943238,0.07658912582751831,-0.002805928917191336,-0.03807516188943061,-0.041041182587516545,-0.03526923297223927,0.03554794324000177,0.0383538721571931,0.07362310512943238,0.07658912582751831,0.002805928917191336,0.03807516188943061,0.041041182587516545,0.00016009178089460008,0.0,over_circular,0.0,0.0
149056321-149056360-001,severe_dysplastic,baseline,20260805,2788.9999999999995,212.9949471950531,2790.5,212.40916073322296,2877.0,2883.0,0.6317954842320207,0.7725378674325992,0.7729533592938933,0.7768047854663802,0.7772225721921601,0.14074238320057852,0.1411578750618726,0.1450093012343595,0.14542708796013937,-0.00041549186129408167,-0.0042669180337809864,-0.004684704759560843,-0.0038514261724869048,0.14074238320057852,0.1411578750618726,0.1450093012343595,0.14542708796013937,0.00041549186129408167,0.0042669180337809864,0.004684704759560843,2.2948644857745393e-06,0.0,over_circular,0.0,0.0
149056410-149056458-001,severe_dysplastic,baseline,20260803,1414.5,144.9533176422119,1416.0000000000002,144.36753165721893,1477.0,1478.0,0.7819284432407766,0.8459729880811533,0.8468700962339435,0.8528521596682617,0.8537565628068283,0.0640445448403767,0.0649416529931669,0.07092371642748507,0.07182811956605173,-0.0008971081527902047,-0.006879171587108379,-0.007783574725675035,-0.0059820634343181744,0.0640445448403767,0.0649416529931669,0.07092371642748507,0.07182811956605173,0.0008971081527902047,0.006879171587108379,0.007783574725675035,7.29498577645149e-06,0.0,over_circular,0.0,0.0
149056410-149056458-001,severe_dysplastic,baseline,20260804,1413.0,146.36753141880035,1414.5,145.78174495697021,1476.0,1477.0,0.7819284432407766,0.8288244028190724,0.8297042588730205,0.8354986207929531,0.8363855620039858,0.04689595957829584,0.04777581563224387,0.05357017755217652,0.054457118763209245,-0.0008798560539480249,-0.006674217973880681,-0.007561159184913402,-0.005794361919932656,0.04689595957829584,0.04777581563224387,0.05357017755217652,0.054457118763209245,0.0008798560539480249,0.006674217973880681,0.007561159184913402,7.08515708469637e-06,0.0,over_circular,0.0,0.0
149056410-149056458-001,severe_dysplastic,baseline,20260805,1318.0,140.7106772661209,1319.5,140.12489068508148,1379.0,1380.0,0.7819284432407766,0.8365100586377021,0.837462080707472,0.8435186723380356,0.8444786708270395,0.05458161539692552,0.055533637466695374,0.061590229097258975,0.06255022758626294,-0.0009520220697698534,-0.007008613700333455,-0.00796861218933742,-0.006056591630563601,0.05458161539692552,0.055533637466695374,0.061590229097258975,0.06255022758626294,0.0009520220697698534,0.007008613700333455,0.00796861218933742,7.97641923411252e-06,0.0,over_circular,0.0,0.0
149056873-149056884-001,severe_dysplastic,baseline,20260803,1843.5,169.78174471855164,1849.5,167.43859899044037,1918.0,1922.0,0.7894526761464591,0.8036575361814137,0.8062731831665444,0.8263077822786165,0.8289971485350155,0.01420486003495458,0.016820507020085307,0.03685510613215737,0.039544472388556406,-0.0026156469851307262,-0.022650246097202786,-0.025339612353601826,-0.02003459911207206,0.01420486003495458,0.016820507020085307,0.03685510613215737,0.039544472388556406,0.0026156469851307262,0.022650246097202786,0.025339612353601826,7.371927126831324e-05,0.0,over_circular,0.0,0.0
149056873-149056884-001,severe_dysplastic,baseline,20260804,1750.0,167.53910374641418,1759.0,164.0243854522705,1824.0,1830.0,0.7894526761464591,0.7834576706995361,0.7874868815774194,0.8173933011346226,0.8215970381118863,0.005995005446922996,0.0019657945690396694,0.02794062498816352,0.03214436196542725,0.004029210877883327,-0.021945619541240524,-0.026149356518504252,-0.02597483041912385,-0.005995005446922996,-0.0019657945690396694,0.02794062498816352,0.03214436196542725,0.004029210877883327,0.03393563043508652,0.038139367412350245,0.00017452609938040098,0.0,under_circular,0.0,0.0
149056873-149056884-001,severe_dysplastic,baseline,20260805,1774.0000000000002,167.1959581375122,1780.0,164.85281240940094,1847.0,1851.0,0.7894526761464591,0.7974655496074466,0.8001627273400534,0.8202963104941009,0.8230707061327505,0.008012873460987557,0.010710051193594361,0.030843634347641813,0.033618029986291376,-0.0026971777326068036,-0.022830760886654256,-0.025605156525303818,-0.020133583154047452,0.008012873460987557,0.010710051193594361,0.030843634347641813,0.033618029986291376,0.0026971777326068036,0.022830760886654256,0.025605156525303818,7.721790604275913e-05,0.0,over_circular,0.0,0.0
149056873-149056884-002,severe_dysplastic,baseline,20260803,1380.4999999999998,153.09545290470123,1383.4999999999998,151.92388010025024,1445.0,1447.0,0.7495634305413496,0.7401533194672939,0.7417617656523007,0.7516128348755758,0.7532461840277864,0.00941011107405565,0.007801664889048876,0.00204940433422629,0.003682753486436874,0.0016084461850067733,0.007360706739829359,0.0057273575876187754,0.005752260554822586,-0.00941011107405565,-0.007801664889048876,0.00204940433422629,0.003682753486436874,0.0016084461850067733,0.01145951540828194,0.013092864560492523,2.4902967203810356e-05,0.0,under_circular,0.0,0.0
149056873-149056884-002,severe_dysplastic,baseline,20260804,1403.5,155.09545278549194,1406.5,153.92387974262238,1469.0,1471.0,0.7495634305413496,0.733202861090087,0.7347700920008603,0.7444067080640588,0.7459978873474162,0.01636056945126252,0.014793338540489254,0.005156722477290709,0.003565543193933318,0.0015672309107732652,0.01120384697397181,0.0127950262573292,0.009636616063198544,-0.01636056945126252,-0.014793338540489254,-0.005156722477290709,-0.003565543193933318,0.0015672309107732652,0.01120384697397181,0.0127950262573292,2.3948372584126076e-05,0.0,under_circular,0.0,0.0
149056873-149056884-002,severe_dysplastic,baseline,20260805,1410.9999999999998,156.02438533306122,1415.5,154.2670260667801,1478.0,1481.0,0.7495634305413496,0.7283697774235742,0.7306927143466119,0.7450589963987879,0.7474351590379054,0.021193653117775324,0.01887071619473768,0.004504434142561631,0.00212827150344419,0.002322936923037644,0.016689218975213693,0.019065381614331134,0.01436628205217605,-0.021193653117775324,-0.01887071619473768,-0.004504434142561631,-0.00212827150344419,0.002322936923037644,0.016689218975213693,0.019065381614331134,5.322571607979665e-05,0.0,under_circular,0.0,0.0
149056933-149056982-002,severe_dysplastic,baseline,20260803,1093.5,131.98275518417358,1095.0,131.39696860313416,1152.0,1153.0,0.757953907910004,0.7888497115564868,0.7899318099262487,0.7958990008837956,0.7969907690605909,0.0308958036464827,0.03197790201624462,0.03794509297379156,0.0390368611505868,-0.001082098369761919,-0.007049289327308861,-0.008141057504104099,-0.005967190957546942,0.0308958036464827,0.03197790201624462,0.03794509297379156,0.0390368611505868,0.001082098369761919,0.007049289327308861,0.008141057504104099,9.669807033318989e-06,0.0,over_circular,0.0,0.0
149056933-149056982-002,severe_dysplastic,baseline,20260804,1031.5,127.98275458812714,1033.0,127.396968126297,1088.0,1089.0,0.757953907910004,0.7913638175335723,0.7925146131964907,0.7986581196366844,0.7998195226220989,0.03340990962356827,0.03456070528648669,0.04070421172668037,0.04186561471209482,-0.0011507956629184246,-0.007294302103112105,-0.008455705088526555,-0.00614350644019368,0.03340990962356827,0.03456070528648669,0.04070421172668037,0.04186561471209482,0.0011507956629184246,0.007294302103112105,0.008455705088526555,1.0607322496025695e-05,0.0,over_circular,0.0,0.0
149056933-149056982-002,severe_dysplastic,baseline,20260805,1149.0,136.225395321846,1152.0,135.05382239818573,1209.0,1211.0,0.757953907910004,0.7780611646699351,0.7800926559615016,0.7916188587013766,0.7936857486718762,0.02010725675993108,0.022138748051497514,0.03366495079137255,0.03573184076187219,-0.002031491291566434,-0.01355769403144147,-0.01562458400194111,-0.011526202739875036,0.02010725675993108,0.022138748051497514,0.03366495079137255,0.03573184076187219,0.002031491291566434,0.01355769403144147,0.01562458400194111,3.539867893320725e-05,0.0,over_circular,0.0,0.0
149057756-149057766-002,moderate_dysplastic,baseline,20260803,5362.999999999999,287.27921891212463,5369.0,284.9360727071762,5489.0,5493.0,0.8035814664033397,0.8165997419842561,0.8175133348337631,0.8300854333986311,0.8310141137268787,0.013018275580916394,0.013931868430423378,0.02650396699529134,0.027432647323539006,-0.0009135928495069834,-0.013485691414374945,-0.014414371742622611,-0.012572098564867962,0.013018275580916394,0.013931868430423378,0.02650396699529134,0.027432647323539006,0.0009135928495069834,0.013485691414374945,0.014414371742622611,1.5087478740682947e-05,0.0,over_circular,0.0,0.0
149057756-149057766-002,moderate_dysplastic,baseline,20260804,5202.0,288.4507905244827,5212.5,284.35028529167175,5329.0,5336.0,0.8035814664033397,0.7856638029991627,0.7872496295911449,0.8084866912414052,0.8101185847935072,0.017917663404176998,0.016331836812194855,0.004905224838065436,0.006537118390167462,0.0015858265919821424,0.013012438566111562,0.011380545014009535,0.01142661197412942,-0.017917663404176998,-0.016331836812194855,0.004905224838065436,0.006537118390167462,0.0015858265919821424,0.022822888242242434,0.02445478179434446,4.606696011988376e-05,0.0,under_circular,0.0,0.0
149057756-149057766-002,moderate_dysplastic,baseline,20260805,5181.0,283.62236428260803,5187.000000000001,281.2792184352875,5306.0,5310.0,0.8035814664033397,0.8093614412175438,0.8102987445657982,0.8229020855352124,0.8238550700002214,0.005779974814204114,0.006717278162458484,0.019320619131872663,0.020273603596881684,-0.0009373033482543702,-0.013540644317668549,-0.01449362878267757,-0.012603340969414178,0.005779974814204114,0.006717278162458484,0.019320619131872663,0.020273603596881684,0.0009373033482543702,0.013540644317668549,0.01449362878267757,1.5681116754651114e-05,0.0,over_circular,0.0,0.0
149057756-149057788-002,moderate_dysplastic,baseline,20260803,6206.5,400.83556735515594,6252.0,381.0193325281143,6387.0,6417.0,0.8488737298905719,0.48542721623616303,0.4889858947729785,0.5372328988626343,0.5411713660983146,0.36344651365440883,0.35988783511759337,0.3116408310279376,0.30770236379225724,0.0035586785368154628,0.05180568262647123,0.05574414986215159,0.048247004089655765,-0.36344651365440883,-0.35988783511759337,-0.3116408310279376,-0.30770236379225724,0.0035586785368154628,0.05180568262647123,0.05574414986215159,0.0003797886988649024,0.0,under_circular,0.0,0.0
149057756-149057788-002,moderate_dysplastic,baseline,20260804,5286.0,295.4802289009094,5318.999999999999,282.5929262638092,5807.0,5831.0,0.8488737298905719,0.7608169319555355,0.7655666403843157,0.8317914456129949,0.83698424124395,0.0880567979350364,0.0833070895062562,0.017082284277576965,0.01188948864662187,0.004749708428780197,0.07097451365745944,0.07616730928841453,0.06622480522867924,-0.0880567979350364,-0.0833070895062562,-0.017082284277576965,-0.01188948864662187,0.004749708428780197,0.07097451365745944,0.07616730928841453,0.0004430872021748966,0.0,under_circular,0.0,0.0
149057756-149057788-002,moderate_dysplastic,baseline,20260805,5520.5,302.89444231987,6050.5,389.94826424121857,6198.0,6221.0,0.8488737298905719,0.7561460168939476,0.8287404175739208,0.4562199737471186,0.5000197357407737,0.0927277129966243,0.020133312316651053,0.39265375614345327,0.3488539941497981,0.07259440067997325,-0.29992604314682897,-0.2561262811531738,-0.3725204438268022,-0.0927277129966243,-0.020133312316651053,-0.39265375614345327,-0.3488539941497981,0.07259440067997325,-0.29992604314682897,-0.2561262811531738,-0.028794638686318097,0.0,under_circular,0.0,0.0
149057812-149057825-003,moderate_dysplastic,baseline,20260803,5478.5,299.23758828639984,5510.000000000001,286.93607199192047,5614.0,5635.0,0.8228527885226207,0.7688457858039993,0.7732664561066052,0.8361828048306552,0.8409906460923449,0.054007002718621355,0.04958633241601551,0.013330016308034542,0.01813785756972419,0.004420670302605845,0.04067698641058681,0.035869145148897164,0.03625631610798097,-0.054007002718621355,-0.04958633241601551,0.013330016308034542,0.01813785756972419,0.004420670302605845,0.0673370190266559,0.07214486028834555,0.0003871709590838046,0.0,under_circular,0.0,0.0
149057812-149057825-003,moderate_dysplastic,baseline,20260804,5340.5,294.4091612100601,5376.499999999999,280.3502856492996,5474.0,5498.0,0.8228527885226207,0.7742641366994077,0.7794834062286986,0.8538661116224573,0.859621973436596,0.048588651823212925,0.043369382293922065,0.03101332309983662,0.036769184913975295,0.00521926952929086,0.017575328723376304,0.01181946690923763,0.012356059194085445,-0.048588651823212925,-0.043369382293922065,0.03101332309983662,0.036769184913975295,0.00521926952929086,0.07960197492304955,0.08535783673718822,0.0005365922848478144,0.0,under_circular,0.0,0.0
149057812-149057825-003,moderate_dysplastic,baseline,20260805,5545.500000000001,304.0660152435303,5580.0,290.59292590618134,5683.0,5706.0,0.8228527885226207,0.7537282760918554,0.7584174160296733,0.825240432690543,0.830374468382153,0.06912451243076523,0.0644353724929474,0.0023876441679223648,0.0075216798595323375,0.004689139937817832,0.06673686826284286,0.06160283257123289,0.06204772832502503,-0.06912451243076523,-0.0644353724929474,0.0023876441679223648,0.0075216798595323375,0.004689139937817832,0.07151215659868759,0.07664619229029757,0.0004448957537921405,0.0,under_circular,0.0,0.0
149057812-149057825-005,moderate_dysplastic,baseline,20260803,2101.5,178.6101713180542,2104.5,177.43859839439392,2180.0,2182.0,0.7933536332493831,0.827802787126382,0.828984518442765,0.8387703341033318,0.8399677221605814,0.03444915387699887,0.03563088519338187,0.045416700853948666,0.046614088911198226,-0.0011817313163829946,-0.010967546976949794,-0.012164935034199353,-0.009785815660566799,0.03444915387699887,0.03563088519338187,0.045416700853948666,0.046614088911198226,0.0011817313163829946,0.010967546976949794,0.012164935034199353,1.5656740866565322e-05,0.0,over_circular,0.0,0.0
149057812-149057825-005,moderate_dysplastic,baseline,20260804,2051.5,174.6101713180542,2053.0,174.02438461780548,2128.0,2129.0,0.7933536332493831,0.8455558692172507,0.8461741162578676,0.8512579325083254,0.8518803487397475,0.05220223596786755,0.05282048300848452,0.05790429925894225,0.05852671549036437,-0.0006182470406169704,-0.005702063291074699,-0.0063244795224968176,-0.005083816250457729,0.05220223596786755,0.05282048300848452,0.05790429925894225,0.05852671549036437,0.0006182470406169704,0.005702063291074699,0.0063244795224968176,4.169190805147771e-06,0.0,over_circular,0.0,0.0
149057812-149057825-005,moderate_dysplastic,baseline,20260805,2153.0,177.19595766067505,2153.0,177.19595766067505,2231.0,2231.0,0.7933536332493831,0.8616805170504386,0.8616805170504386,0.8616805170504386,0.8616805170504386,0.06832688380105545,0.06832688380105545,0.06832688380105545,0.06832688380105545,0.0,0.0,0.0,0.0,0.06832688380105545,0.06832688380105545,0.06832688380105545,0.06832688380105545,0.0,0.0,0.0,0.0,0.0,over_circular,0.0,0.0
149057812-149057847-004,moderate_dysplastic,baseline,20260803,3245.5,225.2375875711441,3245.5,225.2375875711441,3344.0,3344.0,0.7914707391861505,0.8039142801208282,0.8039142801208282,0.8039142801208282,0.8039142801208282,0.0124435409346777,0.0124435409346777,0.0124435409346777,0.0124435409346777,0.0,0.0,0.0,0.0,0.0124435409346777,0.0124435409346777,0.0124435409346777,0.0124435409346777,0.0,0.0,0.0,0.0,0.0,over_circular,0.0,0.0
149057812-149057847-004,moderate_dysplastic,baseline,20260804,3021.0,214.16652047634125,3021.0,214.16652047634125,3115.0,3115.0,0.7914707391861505,0.8276704073125181,0.8276704073125181,0.8276704073125181,0.8276704073125181,0.036199668126367546,0.036199668126367546,0.036199668126367546,0.036199668126367546,0.0,0.0,0.0,0.0,0.036199668126367546,0.036199668126367546,0.036199668126367546,0.036199668126367546,0.0,0.0,0.0,0.0,0.0,over_circular,0.0,0.0
149057812-149057847-004,moderate_dysplastic,baseline,20260805,3008.5,213.58073365688324,3011.4999999999995,212.40916073322296,3102.0,3104.0,0.7914707391861505,0.828773262963585,0.8295996946700469,0.8379409096721424,0.8387764831237017,0.03730252377743448,0.03812895548389639,0.04647017048599189,0.04730574393755116,-0.0008264317064619053,-0.009167646708557409,-0.010003220160116677,-0.008341215002095503,0.03730252377743448,0.03812895548389639,0.04647017048599189,0.04730574393755116,0.0008264317064619053,0.009167646708557409,0.010003220160116677,9.141745097362985e-06,0.0,over_circular,0.0,0.0
149057812-149057847-005,moderate_dysplastic,baseline,20260803,4651.5,271.37972378730774,4659.0,268.45079135894775,4771.0,4776.0,0.7902717685644771,0.7936848620981767,0.7949645861583157,0.8110983393483331,0.8124061406049412,0.0034130935336995627,0.00469281759383855,0.02082657078385597,0.02213437204046409,-0.001279724060138987,-0.017413477250156406,-0.018721278506764527,-0.01613375319001742,0.0034130935336995627,0.00469281759383855,0.02082657078385597,0.02213437204046409,0.001279724060138987,0.017413477250156406,0.018721278506764527,2.807719646913398e-05,0.0,over_circular,0.0,0.0
149057812-149057847-005,moderate_dysplastic,baseline,20260804,4524.5,267.03657734394073,4533.5,263.5218600034714,4641.0,4647.0,0.7902717685644771,0.7973315526589443,0.7989175807225823,0.818742174737965,0.8203707921703092,0.00705978409446717,0.008645812158105226,0.02847040617348784,0.030099023605832054,-0.0015860280636380564,-0.02141062207902067,-0.023039239511364884,-0.019824594015382613,0.00705978409446717,0.008645812158105226,0.02847040617348784,0.030099023605832054,0.0015860280636380564,0.02141062207902067,0.023039239511364884,4.258936870615848e-05,0.0,over_circular,0.0,0.0
149057812-149057847-005,moderate_dysplastic,baseline,20260805,4491.5,266.2081501483917,4503.5,261.5218585729599,4608.0,4616.0,0.7902717685644771,0.7964501032392137,0.7985779895219411,0.8252495192803926,0.8274543493441495,0.0061783346747366075,0.008306220957464028,0.03497775071591547,0.0371825807796724,-0.0021278862827274203,-0.02879941604117886,-0.031004246104935795,-0.02667152975845144,0.0061783346747366075,0.008306220957464028,0.03497775071591547,0.0371825807796724,0.0021278862827274203,0.02879941604117886,0.031004246104935795,7.694378102951482e-05,0.0,over_circular,0.0,0.0
149058262-149058272-003,moderate_dysplastic,baseline,20260803,4275.0,307.42135322093964,4290.0,301.56348836421967,4407.0,4419.0,0.7504251078212719,0.5684312206808383,0.5704257161919992,0.5907292374193501,0.5928019715857339,0.18199388714043363,0.1799993916292727,0.1596958704019218,0.15762313623553803,0.001994495511160932,0.02229801673851184,0.0243707509048956,0.020303521227350907,-0.18199388714043363,-0.1799993916292727,-0.1596958704019218,-0.15762313623553803,0.001994495511160932,0.02229801673851184,0.0243707509048956,7.823865522282869e-05,0.0,under_circular,0.0,0.0
149058262-149058272-003,moderate_dysplastic,baseline,20260804,4257.5,277.37972342967987,4277.0,269.76449954509735,4380.0,4393.0,0.7504251078212719,0.6953686372083506,0.6985535317299155,0.7351821043332925,0.7385493506126816,0.05505647061292129,0.0518715760913564,0.015243003487979467,0.011875757208590354,0.003184894521564896,0.039813467124941826,0.04318071340433094,0.03662857260337693,-0.05505647061292129,-0.0518715760913564,-0.015243003487979467,-0.011875757208590354,0.003184894521564896,0.039813467124941826,0.04318071340433094,0.0001823517578242173,0.0,under_circular,0.0,0.0
149058262-149058272-003,moderate_dysplastic,baseline,20260805,4778.0,280.10764503479004,4784.0,277.76449978351593,4900.0,4904.0,0.7504251078212719,0.7652548397079187,0.7662158127171794,0.7782202568798807,0.7791975112836645,0.014829731886646824,0.015790704895907504,0.027795149058608803,0.028772403462392626,-0.0009609730092606794,-0.01296541717196198,-0.013942671575745802,-0.0120044441627013,0.014829731886646824,0.015790704895907504,0.027795149058608803,0.028772403462392626,0.0009609730092606794,0.01296541717196198,0.013942671575745802,1.6281394523143256e-05,0.0,over_circular,0.0,0.0
149061666-149061699-003,moderate_dysplastic,baseline,20260803,2943.5,221.92387986183167,2953.9999999999995,217.8233743906021,3042.0,3049.0,0.7950647014263676,0.7510447785965999,0.7537238919566353,0.7795876328641944,0.7823685637780975,0.044019922829767744,0.0413408094697324,0.015477068562173235,0.012696137648270156,0.0026791133600353456,0.02854285426759451,0.03132378518149759,0.025863740907559163,-0.044019922829767744,-0.0413408094697324,-0.015477068562173235,-0.012696137648270156,0.0026791133600353456,0.02854285426759451,0.03132378518149759,0.0001018175538677335,0.0,under_circular,0.0,0.0
149061666-149061699-003,moderate_dysplastic,baseline,20260804,2870.0,218.85281217098236,2886.5,211.58073389530182,2968.0,2979.0,0.7950647014263676,0.7529870336529237,0.7573160531843778,0.8056372203139082,0.8102689325561309,0.042077667773443905,0.03774864824198987,0.010572518887540516,0.015204231129763213,0.004329019531454037,0.03150514888590339,0.026873436643680693,0.027176129354449352,-0.042077667773443905,-0.03774864824198987,0.010572518887540516,0.015204231129763213,0.004329019531454037,0.05265018666098442,0.05728189890320712,0.00030269271076865945,0.0,under_circular,0.0,0.0
149061666-149061699-003,moderate_dysplastic,baseline,20260805,3146.0000000000005,225.33809351921082,3155.0,221.82337427139282,3246.0,3252.0,0.7950647014263676,0.7785730219145969,0.7808003446092031,0.803440958386936,0.8057394226671274,0.016491679511770774,0.014264356817164536,0.008376256960568318,0.010674721240759744,0.0022273226946062374,0.008115422551202456,0.00581695827101103,0.005888099856596218,-0.016491679511770774,-0.014264356817164536,0.008376256960568318,0.010674721240759744,0.0022273226946062374,0.02486793647233909,0.027166400752530517,7.114158558518824e-05,0.0,under_circular,0.0,0.0
149095913-149095926-001,light_dysplastic,baseline,20260803,4128.0,439.62236428260803,4240.5,385.74725365638733,4104.0,4212.0,0.8663259604853909,0.26840462650863306,0.27571943282700057,0.34861323191241034,0.3581139558925814,0.5979213339767578,0.5906065276583903,0.5177127285729806,0.5082120045928096,0.0073148063183675616,0.08020860540377728,0.08970932938394827,0.07289379908540972,-0.5979213339767578,-0.5906065276583903,-0.5177127285729806,-0.5082120045928096,0.007314806318367506,0.08020860540377728,0.08970932938394832,0.002185917661803538,0.0,under_circular,0.0,0.0
149095913-149095926-001,light_dysplastic,baseline,20260804,3526.5,393.92387998104095,3612.5,354.1492748260498,3795.0,3890.0,0.8663259604853909,0.2855808845475098,0.29254528439752703,0.35333042719955726,0.3619470206319015,0.5807450759378812,0.5737806760878639,0.5129955332858336,0.5043789398534895,0.006964399850017289,0.06774954265204758,0.07636613608439169,0.06078514280203029,-0.5807450759378812,-0.5737806760878639,-0.5129955332858336,-0.5043789398534895,0.006964399850017233,0.06774954265204747,0.07636613608439169,0.0016521935823269884,0.0,under_circular,0.0,0.0
149095913-149095926-001,light_dysplastic,baseline,20260805,2771.0,305.3380935192108,2979.5,307.80612909793854,3198.0,3312.0,0.8663259604853909,0.373494671767571,0.4015977533495047,0.3675292117333011,0.39518343066018424,0.4928312887178199,0.4647282071358862,0.4987967487520898,0.47114252982520666,0.028103081581933698,-0.005965460034269898,0.021688758892613236,-0.034068541616203596,-0.4928312887178199,-0.4647282071358862,-0.4987967487520898,-0.47114252982520666,0.028103081581933698,-0.005965460034269898,0.021688758892613236,-0.00044886265505056366,0.0,under_circular,0.0,0.0
149097324-149097373-001,moderate_dysplastic,baseline,20260803,3940.0,253.68123924732208,3958.0,246.65180087089539,4055.0,4067.0,0.7258621057656653,0.7693596131974838,0.7728744540699597,0.813837138388274,0.8175551760763422,0.04349750743181846,0.04701234830429435,0.08797503262260864,0.09169307031067686,-0.0035148408724758884,-0.04447752519079018,-0.0481955628788584,-0.04096268431831429,0.04349750743181846,0.04701234830429435,0.08797503262260864,0.09169307031067686,0.0035148408724758884,0.04447752519079018,0.0481955628788584,0.0002031968155923325,0.0,over_circular,0.0,0.0
149097324-149097373-001,moderate_dysplastic,baseline,20260804,3810.5,260.4091612100601,3828.5,253.37972354888916,3927.0,3939.0,0.7258621057656653,0.7061213008923702,0.7094568692996823,0.745844195234514,0.7493674062341784,0.019740804873295104,0.01640523646598302,0.019982089468848607,0.02350530046851307,0.003335568407312084,-0.00024128459555350368,-0.003764495595217965,-0.0035768530028655876,-0.019740804873295104,-0.01640523646598302,0.019982089468848607,0.02350530046851307,0.003335568407312084,0.03972289434214371,0.04324610534180817,0.00018764259235237724,0.0,under_circular,0.0,0.0
149097324-149097373-001,moderate_dysplastic,baseline,20260805,4262.5,272.40916085243225,4277.5,266.5512956380844,4385.0,4395.0,0.7258621057656653,0.7218232045235828,0.7243633448327569,0.7538981199814264,0.7565511338933846,0.004038901242082504,0.0014987609329084606,0.028036014215761074,0.03068902812771923,0.0025401403091740438,-0.02399711297367857,-0.026650126885636727,-0.026537253282852613,-0.004038901242082504,-0.0014987609329084606,0.028036014215761074,0.03068902812771923,0.0025401403091740438,0.03207491545784358,0.034727929369801736,0.00011287360278411374,0.0,under_circular,0.0,0.0
149097594-149097637-001,moderate_dysplastic,baseline,20260803,4289.5,312.55129623413086,4318.0,301.4213526248932,4389.0,4414.0,0.7030739622501383,0.5517901294189843,0.5554562953330632,0.5932920205954723,0.5972339305120059,0.15128383283115399,0.14761766691707512,0.10978194165466604,0.10584003173813239,0.003666165914078867,0.04150189117648795,0.045443801093021596,0.03783572526240908,-0.15128383283115399,-0.14761766691707512,-0.10978194165466604,-0.10584003173813239,0.003666165914078867,0.04150189117648795,0.045443801093021596,0.0002757440024547808,0.0,under_circular,0.0,0.0
149097594-149097637-001,moderate_dysplastic,baseline,20260804,4287.5,333.86500453948975,4328.0,318.04876959323883,4337.0,4379.0,0.7030739622501383,0.4833616595172881,0.48792752475587703,0.5326311446965932,0.5376624126523278,0.2197123027328502,0.21514643749426127,0.17044281755354507,0.16541154959781046,0.004565865238588929,0.04926948517930513,0.05430075313503974,0.0447036199407162,-0.2197123027328502,-0.21514643749426127,-0.17044281755354507,-0.16541154959781046,0.004565865238588929,0.04926948517930513,0.05430075313503974,0.0004654027171456798,0.0,under_circular,0.0,0.0
149097594-149097637-001,moderate_dysplastic,baseline,20260805,4230.0,368.1076455116272,4273.5,351.11983704566956,4329.0,4365.0,0.7030739622501383,0.39228396468557036,0.3963180905635425,0.4311610281091241,0.4355949535754945,0.31078999756456793,0.3067558716865958,0.2719129341410142,0.2674790086746438,0.004034125877972139,0.03887706342355374,0.04331098888992413,0.0348429375455816,-0.31078999756456793,-0.3067558716865958,-0.2719129341410142,-0.2674790086746438,0.004034125877972139,0.03887706342355374,0.04331098888992413,0.000399799588398253,0.0,under_circular,0.0,0.0
149097594-149097637-002,moderate_dysplastic,baseline,20260803,3760.0,241.76450061798096,3761.5,241.17871415615082,3966.0,3969.0,0.737702668388009,0.8083745745943602,0.8086970644512462,0.812306181541459,0.8126302398585633,0.07067190620635122,0.07099439606323721,0.07460351315344993,0.07492757147055429,-0.00032248985688598797,-0.003931606947098709,-0.004255665264203068,-0.003609117090212721,0.07067190620635122,0.07099439606323721,0.07460351315344993,0.07492757147055429,0.00032248985688598797,0.003931606947098709,0.004255665264203068,1.5684602183707597e-06,0.0,over_circular,0.0,0.0
149097594-149097637-002,moderate_dysplastic,baseline,20260804,3663.0,271.0782071352005,3670.5,267.32084822654724,3796.0,3803.0,0.737702668388009,0.6264084007889683,0.6276909732721562,0.6441412647835953,0.6454601453421203,0.11129426759904071,0.11001169511585285,0.09356140360441367,0.09224252304588876,0.0012825724831878604,0.017732863994627035,0.01905174455315195,0.016450291511439175,-0.11129426759904071,-0.11001169511585285,-0.09356140360441367,-0.09224252304588876,0.0012825724831878604,0.017732863994627035,0.01905174455315195,3.6308075337054824e-05,0.0,under_circular,0.0,0.0
149097594-149097637-002,moderate_dysplastic,baseline,20260805,3686.5,239.5218584537506,3686.5,239.5218584537506,3788.0,3788.0,0.737702668388009,0.8074837604104796,0.8074837604104796,0.8074837604104796,0.8074837604104796,0.06978109202247063,0.06978109202247063,0.06978109202247063,0.06978109202247063,0.0,0.0,0.0,0.0,0.06978109202247063,0.06978109202247063,0.06978109202247063,0.06978109202247063,0.0,0.0,0.0,0.0,0.0,over_circular,0.0,0.0
149098972-149098988-002,severe_dysplastic,baseline,20260803,2668.5,227.23758816719055,2672.0,224.65180158615112,2765.0,2770.0,0.4163435359353264,0.6494066459786169,0.6502584066160256,0.6644422797545422,0.6653137611032928,0.23306311004329044,0.23391487068069922,0.24809874381921576,0.24897022516796635,-0.0008517606374087716,-0.015035633775925317,-0.015907115124675908,-0.014183873138516545,0.23306311004329044,0.23391487068069922,0.24809874381921576,0.24897022516796635,0.0008517606374087716,0.015035633775925317,0.015907115124675908,1.972071134181963e-05,0.0,over_circular,0.0,0.0
149098972-149098988-002,severe_dysplastic,baseline,20260804,2111.5,194.26702570915222,2114.5,193.09545266628265,2197.0,2199.0,0.4163435359353264,0.7030768004942948,0.7040757256193163,0.7116342746447122,0.712645358151193,0.28673326455896836,0.2877321896839899,0.29529073870938577,0.2963018222158666,-0.0009989251250215325,-0.00855747415041741,-0.009568557656898236,-0.007558549025395878,0.28673326455896836,0.2877321896839899,0.29529073870938577,0.2963018222158666,0.0009989251250215325,0.00855747415041741,0.009568557656898236,1.2158381459292933e-05,0.0,over_circular,0.0,0.0
149098972-149098988-002,severe_dysplastic,baseline,20260805,2463.5000000000005,230.40916109085083,2469.5,228.06601524353027,2565.0,2569.0,0.4163435359353264,0.5831267242525789,0.5845469638894838,0.5951703414715778,0.5966199140507656,0.16678318831725253,0.16820342795415738,0.17882680553625135,0.18027637811543923,-0.001420239636904852,-0.012043617218998826,-0.0134931897981867,-0.010623377582093974,0.16678318831725253,0.16820342795415738,0.17882680553625135,0.18027637811543923,0.001420239636904852,0.012043617218998826,0.0134931897981867,2.9332942283022412e-05,0.0,over_circular,0.0,0.0
149099096-149099104-001,severe_dysplastic,baseline,20260803,2147.0,191.33809292316437,2147.0,191.33809292316437,2230.0,2230.0,0.68348392848413,0.7369517023957076,0.7369517023957076,0.7369517023957076,0.7369517023957076,0.05346777391157764,0.05346777391157764,0.05346777391157764,0.05346777391157764,0.0,0.0,0.0,0.0,0.05346777391157764,0.05346777391157764,0.05346777391157764,0.05346777391157764,0.0,0.0,0.0,0.0,0.0,over_circular,0.0,0.0
149099096-149099104-001,severe_dysplastic,baseline,20260804,1996.0,184.85281193256378,1996.0,184.85281193256378,2077.0,2077.0,0.68348392848413,0.7340375522063728,0.7340375522063728,0.7340375522063728,0.7340375522063728,0.05055362372224281,0.05055362372224281,0.05055362372224281,0.05055362372224281,0.0,0.0,0.0,0.0,0.05055362372224281,0.05055362372224281,0.05055362372224281,0.05055362372224281,0.0,0.0,0.0,0.0,0.0,over_circular,0.0,0.0
149099096-149099104-001,severe_dysplastic,baseline,20260805,1939.0000000000002,179.1959582567215,1939.0000000000002,179.1959582567215,2018.0,2018.0,0.68348392848413,0.7588068681592037,0.7588068681592037,0.7588068681592037,0.7588068681592037,0.07532293967507375,0.07532293967507375,0.07532293967507375,0.07532293967507375,0.0,0.0,0.0,0.0,0.07532293967507375,0.07532293967507375,0.07532293967507375,0.07532293967507375,0.0,0.0,0.0,0.0,0.0,over_circular,0.0,0.0
149099276-149099290-001,light_dysplastic,baseline,20260803,4440.000000000001,323.8822498321533,4506.0,295.6223648786545,4585.0,4637.0,0.7575096535439083,0.5318859756007287,0.5397923887515503,0.638437311924153,0.647927596290593,0.2256236779431796,0.21771726479235798,0.11907234161975533,0.10958205725331527,0.007906413150821634,0.10655133632342428,0.11604162068986434,0.09864492317260265,-0.2256236779431796,-0.21771726479235798,-0.11907234161975533,-0.10958205725331527,0.007906413150821634,0.10655133632342428,0.11604162068986434,0.0015838712156184265,0.0,under_circular,0.0,0.0
149099276-149099290-001,light_dysplastic,baseline,20260804,3994.0000000000005,350.85281229019165,4078.0,317.22034335136414,4158.0,4214.0,0.7575096535439083,0.4077256188272672,0.4163007194736093,0.49876487694742117,0.5092546740589843,0.3497840347166411,0.341208934070299,0.25874477659648715,0.24825497948492403,0.008575100646342093,0.09103925812015395,0.10152905523171707,0.08246415747381186,-0.3497840347166411,-0.341208934070299,-0.25874477659648715,-0.24825497948492403,0.008575100646342093,0.09103925812015395,0.10152905523171707,0.0019146964652210219,0.0,under_circular,0.0,0.0
149099276-149099290-001,light_dysplastic,baseline,20260805,4036.499999999999,316.46803629398346,4101.0,291.2792184352875,4144.0,4204.0,0.7575096535439083,0.5064716218399429,0.5145646280603507,0.5978549365329794,0.6074081740918491,0.25103803170396544,0.24294502548355756,0.15965471701092893,0.1501014794520592,0.008093006220407872,0.09138331469303651,0.10093655225190623,0.08329030847262864,-0.25103803170396544,-0.24294502548355756,-0.15965471701092893,-0.1501014794520592,0.008093006220407872,0.09138331469303651,0.10093655225190623,0.0014602313384618482,0.0,under_circular,0.0,0.0
149099276-149099290-002,light_dysplastic,baseline,20260803,3276.5,260.46803629398346,3329.0,239.96550977230072,3398.0,3433.0,0.6891730837378084,0.6068916533571539,0.6166159969558874,0.7150269090104601,0.7264839249491291,0.0822814303806545,0.07255708678192097,0.025853825272651676,0.03731084121132067,0.009724343598733531,0.05642760510800282,0.04497058916933383,0.04670326150926929,-0.0822814303806545,-0.07255708678192097,0.025853825272651676,0.03731084121132067,0.009724343598733531,0.10813525565330617,0.11959227159197516,0.0017326723399354593,0.0,under_circular,0.0,0.0
149099276-149099290-002,light_dysplastic,baseline,20260804,3079.0,250.22539567947388,3129.9999999999995,230.30865561962128,3196.0,3230.0,0.6891730837378084,0.6179549047152226,0.6281905981677968,0.7294558851571827,0.7415384607151613,0.07121817902258576,0.060982485570011624,0.04028280141937435,0.052365376977352884,0.010235693452574135,0.03093537760321141,0.018852802045232875,0.020699684150637276,-0.07121817902258576,-0.060982485570011624,0.04028280141937435,0.052365376977352884,0.010235693452574135,0.1115009804419601,0.12358355599993864,0.0018468821054044016,0.0,under_circular,0.0,0.0
149099276-149099290-002,light_dysplastic,baseline,20260805,3411.5,264.46803629398346,3468.4999999999995,242.2081503868103,3535.0,3573.0,0.6891730837378084,0.6129271491675281,0.6231680541953895,0.7307649908787784,0.7429747532941646,0.07624593457028028,0.06600502954241894,0.04159190714097005,0.053801669556356235,0.010240905027861347,0.03465402742931023,0.022444265013924047,0.024413122401448883,-0.07624593457028028,-0.06600502954241894,0.04159190714097005,0.053801669556356235,0.010240905027861347,0.11783784171125034,0.13004760412663652,0.001968857387524836,0.0,under_circular,0.0,0.0
149099502-149099525-002,light_dysplastic,baseline,20260803,3540.0,251.39696860313416,3582.0,234.99494743347168,3658.0,3686.0,0.7891313505521539,0.7038709685408749,0.7122219800320377,0.8055566304146058,0.8151140819618976,0.08526038201127895,0.07690937052011615,0.016425279862451903,0.02598273140974372,0.008351011491162796,0.06883510214882704,0.059277650601535226,0.06048409065766425,-0.08526038201127895,-0.07690937052011615,0.016425279862451903,0.02598273140974372,0.008351011491162796,0.10168566187373085,0.11124311342102267,0.0012064400561290212,0.0,under_circular,0.0,0.0
149099502-149099525-002,light_dysplastic,baseline,20260804,3401.5,244.81118214130402,3445.0,227.82337474822998,3516.0,3545.0,0.7891313505521539,0.7132106789619806,0.7223315563792513,0.8235382548935024,0.8340700538315788,0.07592067159017324,0.0667997941729026,0.03440690434134852,0.04493870327942495,0.009120877417270634,0.04151376724882472,0.030981968310748287,0.032392889831554084,-0.07592067159017324,-0.0667997941729026,0.03440690434134852,0.04493870327942495,0.009120877417270634,0.11032757593152176,0.12085937486959819,0.0014109215208057968,0.0,under_circular,0.0,0.0
149099502-149099525-002,light_dysplastic,baseline,20260805,3610.0,252.22539567947388,3655.0,234.6518017053604,3728.0,3758.0,0.7891313505521539,0.713081947492833,0.7219707806333255,0.8238900910149771,0.8341601891024215,0.07604940305932084,0.06716056991882835,0.034758740462823234,0.045028838550267625,0.008888833140492491,0.04129066259649761,0.031020564509053217,0.032401829456005116,-0.07604940305932084,-0.06716056991882835,0.034758740462823234,0.045028838550267625,0.008888833140492491,0.11080814352214408,0.12107824160958847,0.001381264946951899,0.0,under_circular,0.0,0.0
149100006-149100028-002,severe_dysplastic,baseline,20260803,984.0,159.39696836471558,999.0,152.71067667007446,1024.0,1043.0,0.5743976296438177,0.48668151154175515,0.49410043702257456,0.5302322748290167,0.5383150838965322,0.08771611810206253,0.08029719262124313,0.044165354814800994,0.03608254574728553,0.007418925480819405,0.04355076328726154,0.051633572354777,0.036131837806442135,-0.08771611810206253,-0.08029719262124313,-0.044165354814800994,-0.03608254574728553,0.007418925480819405,0.04355076328726154,0.051633572354777,0.0006638835866960568,0.0,under_circular,0.0,0.0
149100006-149100028-002,severe_dysplastic,baseline,20260804,82.49999999999999,35.899494767189026,82.49999999999999,35.899494767189026,100.0,100.0,0.5743976296438177,0.8044279270630886,0.8044279270630886,0.8044279270630886,0.8044279270630886,0.23003029741927095,0.23003029741927095,0.23003029741927095,0.23003029741927095,0.0,0.0,0.0,0.0,0.23003029741927095,0.23003029741927095,0.23003029741927095,0.23003029741927095,0.0,0.0,0.0,0.0,0.0,over_circular,0.0,0.0
149100006-149100028-002,severe_dysplastic,baseline,20260805,548.0,184.02438533306122,559.0,177.68123936653137,629.0,636.0,0.5743976296438177,0.20334789023894745,0.20742969095542269,0.2181259183676842,0.22250435833491874,0.37104973940487024,0.366967938688395,0.3562717112761335,0.3518932713088989,0.004081800716475237,0.014778028128736742,0.019156468095971324,0.010696227412261505,-0.37104973940487024,-0.366967938688395,-0.3562717112761335,-0.3518932713088989,0.004081800716475237,0.014778028128736742,0.019156468095971296,0.0002966392507593174,0.0,under_circular,0.0,0.0
149100064-149100072-001,moderate_dysplastic,baseline,20260803,10415.0,529.4802289009094,10529.0,484.96045684814453,10679.0,10756.0,0.7982524479199146,0.46684170060134444,0.47195163376203125,0.5564888691360753,0.5625800579101043,0.3314107473185701,0.3263008141578833,0.24176357878383925,0.23567239000981022,0.005109933160686808,0.08964716853473087,0.0957383573087599,0.08453723537404406,-0.3314107473185701,-0.3263008141578833,-0.24176357878383925,-0.23567239000981022,0.005109933160686808,0.08964716853473087,0.0957383573087599,0.0009812556133422246,0.0,under_circular,0.0,0.0
149100064-149100072-001,moderate_dysplastic,baseline,20260804,6826.5,403.23758828639984,6936.0,357.98989379405975,7014.0,7087.0,0.7982524479199146,0.5275771061261013,0.536039670122411,0.6693702796650108,0.6801072672315996,0.27067534179381325,0.2622127777975035,0.12888216825490373,0.11814518068831492,0.008462563996309735,0.14179317353890952,0.15253016110549833,0.1333306095425998,-0.27067534179381325,-0.2622127777975035,-0.12888216825490373,-0.11814518068831492,0.008462563996309735,0.14179317353890952,0.15253016110549833,0.0022744235702790716,0.0,under_circular,0.0,0.0
149100064-149100072-001,moderate_dysplastic,baseline,20260805,7146.5,382.1248904466629,7223.000000000001,351.4213534593582,7348.0,7400.0,0.7982524479199146,0.6150247705230956,0.6216083282009822,0.727188442695378,0.7349726609653278,0.183227677396819,0.17664411971893235,0.0710640052245366,0.0632797869545868,0.006583557677886653,0.1121636721722824,0.1199478904422322,0.10558011449439575,-0.183227677396819,-0.17664411971893235,-0.0710640052245366,-0.0632797869545868,0.006583557677886653,0.1121636721722824,0.1199478904422322,0.0012006605920631408,0.0,under_circular,0.0,0.0
149101620-149101650-001,moderate_dysplastic,baseline,20260803,4510.0,278.02438497543335,4528.0,270.9949471950531,4638.0,4650.0,0.7494905215578076,0.7331969142001113,0.736123199001797,0.7717275761475011,0.7748076418616153,0.01629360735769625,0.013367322556010586,0.022237054589693495,0.025317120303807727,0.0029262848016856635,-0.005943447231997245,-0.009023512946111478,-0.008869732033682909,-0.01629360735769625,-0.013367322556010586,0.022237054589693495,0.025317120303807727,0.0029262848016856635,0.038530661947389744,0.04161072766150398,0.0001537809124285694,0.0,under_circular,0.0,0.0
149101620-149101650-001,moderate_dysplastic,baseline,20260804,4231.0,266.3675307035446,4246.0,260.50966572761536,4354.0,4364.0,0.7494905215578076,0.7493596768621152,0.7520163526250393,0.7834390341817422,0.7862165301667874,0.0001308446956923559,0.0025258310672316986,0.03394851262393461,0.03672600860897979,-0.0023949863715393427,-0.03381766792824226,-0.03659516391328743,-0.031422681556702914,-0.0001308446956923559,0.0025258310672316986,0.03394851262393461,0.03672600860897979,0.0026566757629240545,0.03407935731962697,0.036856853304672144,0.00012082022212112076,0.0,under_circular,0.0,0.0
149101620-149101650-001,moderate_dysplastic,baseline,20260805,4231.5,268.26702558994293,4246.5,262.40916073322296,4354.0,4364.0,0.7494905215578076,0.7388727011379163,0.741491888309621,0.7722292095182774,0.7749666402503521,0.010617820419891344,0.007998633248186615,0.02273868796046985,0.025476118692544514,0.002619187171704729,-0.012120867540578506,-0.01485829827265317,-0.014740054712283235,-0.010617820419891344,-0.007998633248186615,0.02273868796046985,0.025476118692544514,0.002619187171704729,0.033356508380361194,0.03609393911243586,0.000118243560369935,0.0,under_circular,0.0,0.0
149102442-149102451-001,light_dysplastic,baseline,20260803,3397.5,222.7523068189621,3399.0000000000005,222.16652059555054,3495.0,3497.0,0.8430510660957607,0.8604485535778681,0.8608284425639954,0.8649920231043181,0.865373918037256,0.017397487482107343,0.01777737646823463,0.02194095700855736,0.022322851941495303,-0.00037988898612728583,-0.004543469526450017,-0.00492536445938796,-0.004163580540322731,0.017397487482107343,0.01777737646823463,0.02194095700855736,0.022322851941495303,0.00037988898612728583,0.004543469526450017,0.00492536445938796,2.005946810657022e-06,0.0,over_circular,0.0,0.0
149102442-149102451-001,light_dysplastic,baseline,20260804,3107.0,240.651801943779,3110.0,239.4802290201187,3213.0,3215.0,0.8430510660957607,0.6741753688652423,0.6748263267366924,0.6807878364775938,0.6814451790940832,0.16887569723051843,0.16822473935906834,0.16226322961816697,0.16160588700167755,0.0006509578714500863,0.006612467612351458,0.007269810228840878,0.005961509740901372,-0.16887569723051843,-0.16822473935906834,-0.16226322961816697,-0.16160588700167755,0.0006509578714500863,0.006612467612351458,0.007269810228840878,6.38474503933395e-06,0.0,under_circular,0.0,0.0
149102442-149102451-001,light_dysplastic,baseline,20260805,3213.0,233.48022854328156,3214.5,232.89444208145142,3315.0,3316.0,0.8430510660957607,0.740662522762134,0.7410083035850855,0.7443931031864538,0.7447406256435904,0.10238854333362679,0.10204276251067523,0.09865796290930695,0.0983104404521703,0.000345780822951558,0.0037305804243198404,0.004078102881456491,0.0033847996013682824,-0.10238854333362679,-0.10204276251067523,-0.09865796290930695,-0.0983104404521703,0.000345780822951558,0.0037305804243198404,0.004078102881456491,1.7416341850928774e-06,0.0,under_circular,0.0,0.0
149102510-149102519-001,moderate_dysplastic,baseline,20260803,3757.0000000000005,249.48022854328156,3773.5,243.03657746315002,3867.0,3878.0,0.7136925390803774,0.7585405332482325,0.7618718930562164,0.7992962543197375,0.8028066051837981,0.04484799416785501,0.048179353975838946,0.08560371523936006,0.08911406610342065,-0.0033313598079839357,-0.04075572107150505,-0.04426607193556564,-0.03742436126352111,0.04484799416785501,0.048179353975838946,0.08560371523936006,0.08911406610342065,0.0033313598079839357,0.04075572107150505,0.04426607193556564,0.00017899105607666055,0.0,over_circular,0.0,0.0
149102510-149102519-001,moderate_dysplastic,baseline,20260804,3886.5000000000005,252.40916085243225,3898.5,247.72286891937256,3999.0,4007.0,0.7136925390803774,0.7665814574754266,0.7689483627860415,0.7958593705063706,0.7983166746221756,0.05288891839504917,0.055255823705664064,0.08216683142599313,0.08462413554179815,-0.0023669053106148974,-0.02927791303094396,-0.031735217146748984,-0.02691100772032906,0.05288891839504917,0.055255823705664064,0.08216683142599313,0.08462413554179815,0.0023669053106148974,0.02927791303094396,0.031735217146748984,9.039880519012833e-05,0.0,over_circular,0.0,0.0
149102510-149102519-001,moderate_dysplastic,baseline,20260805,3454.0,241.33809316158295,3467.5,236.06601512432098,3557.0,3571.0,0.7136925390803774,0.7452130357440536,0.748125709740158,0.7788705072811654,0.7819147319042967,0.03152049666367618,0.034433170659780576,0.06517796820078792,0.06822219282391928,-0.002912673996104398,-0.03365747153711174,-0.0367016961602431,-0.03074479754100734,0.03152049666367618,0.034433170659780576,0.06517796820078792,0.06822219282391928,0.002912673996104398,0.03365747153711174,0.0367016961602431,0.00013155062702696618,0.0,over_circular,0.0,0.0
149105003-149105050-001,light_dysplastic,baseline,20260803,2614.0,210.65180110931396,2617.0,209.48022890090942,2705.0,2707.0,0.6518780792811041,0.7402613820863803,0.7411109552104275,0.7485647420875112,0.7494238446989354,0.08838330280527618,0.08923287592932339,0.09668666280640714,0.09754576541783133,-0.0008495731240472093,-0.008303360001130966,-0.009162462612555156,-0.007453786877083757,0.08838330280527618,0.08923287592932339,0.09668666280640714,0.09754576541783133,0.0008495731240472093,0.008303360001130966,0.009162462612555156,9.529487376980228e-06,0.0,over_circular,0.0,0.0
149105003-149105050-001,light_dysplastic,baseline,20260804,2128.5,211.09545278549194,2134.5,208.7523066997528,2182.0,2188.0,0.6518780792811041,0.6002411451865814,0.6019331568713921,0.6137916165170804,0.6155218254431327,0.051636934094522635,0.049944922409711934,0.03808646276402372,0.036356253837971364,0.0016920116848107014,0.013550471330498914,0.015280680256551271,0.011858459645688213,-0.051636934094522635,-0.049944922409711934,-0.03808646276402372,-0.036356253837971364,0.0016920116848107014,0.013550471330498914,0.015280680256551271,3.8197241241655355e-05,0.0,under_circular,0.0,0.0
149105003-149105050-001,light_dysplastic,baseline,20260805,2282.5,206.40916061401367,2288.5,204.06601452827454,2362.0,2376.0,0.6518780792811041,0.6732288440194713,0.6749985583958642,0.688778028357663,0.69058861682213,0.021350764738367167,0.023120479114760117,0.03689994907655891,0.038710537541025936,-0.0017697143763929502,-0.015549184338191746,-0.01735977280265877,-0.013779469961798796,0.021350764738367167,0.023120479114760117,0.03689994907655891,0.038710537541025936,0.0017697143763929502,0.015549184338191746,0.01735977280265877,4.087408807407211e-05,0.0,over_circular,0.0,0.0
149105289-149105300-001,moderate_dysplastic,baseline,20260803,2163.0,194.02438509464264,2168.0,190.02438509464264,2249.0,2252.0,0.8141209525962322,0.7220275216880286,0.7236965635781997,0.7527447093041684,0.7544847571758839,0.09209343090820354,0.09042438901803251,0.061376243292063815,0.05963619542034826,0.0016690418901710302,0.03071718761613973,0.032457235487855285,0.0290481457259687,-0.09209343090820354,-0.09042438901803251,-0.061376243292063815,-0.05963619542034826,0.0016690418901710302,0.03071718761613973,0.032457235487855285,7.10059815445252e-05,0.0,under_circular,0.0,0.0
149105289-149105300-001,moderate_dysplastic,baseline,20260804,1758.0,158.7106763124466,1758.0,158.7106763124466,1828.0,1828.0,0.8141209525962322,0.8770340407003382,0.8770340407003382,0.8770340407003382,0.8770340407003382,0.06291308810410601,0.06291308810410601,0.06291308810410601,0.06291308810410601,0.0,0.0,0.0,0.0,0.06291308810410601,0.06291308810410601,0.06291308810410601,0.06291308810410601,0.0,0.0,0.0,0.0,0.0,over_circular,0.0,0.0
149105289-149105300-001,moderate_dysplastic,baseline,20260805,1831.9999999999998,165.88224983215332,1831.9999999999998,165.88224983215332,1906.0,1906.0,0.8141209525962322,0.836633979687907,0.836633979687907,0.836633979687907,0.836633979687907,0.022513027091674798,0.022513027091674798,0.022513027091674798,0.022513027091674798,0.0,0.0,0.0,0.0,0.022513027091674798,0.022513027091674798,0.022513027091674798,0.022513027091674798,0.0,0.0,0.0,0.0,0.0,over_circular,0.0,0.0
149105289-149105300-002,moderate_dysplastic,baseline,20260803,4383.0,348.5929266214371,4392.5,343.66399371623993,4544.0,4552.0,0.6754158428785813,0.4532566594733907,0.4542390775124045,0.46635138321609126,0.4673621836132058,0.22215918340519053,0.22117676536617675,0.20906445966249,0.20805365926537545,0.0009824180390137771,0.013094723742700543,0.014105524139815084,0.012112305703686765,-0.22215918340519053,-0.22117676536617675,-0.20906445966249,-0.20805365926537545,0.0009824180390137771,0.013094723742700543,0.014105524139815084,2.8382358100764726e-05,0.0,under_circular,0.0,0.0
149105289-149105300-002,moderate_dysplastic,baseline,20260804,3862.0000000000005,291.62236416339874,3872.0,284.4507911205292,3981.0,3989.0,0.6754158428785813,0.5706640057656843,0.572141644309873,0.5998019060365655,0.6013549922769501,0.10475183711289693,0.10327419856870823,0.07561393684201578,0.07406085060163115,0.0014776385441886974,0.029137900270881145,0.030690986511265783,0.027660261726692448,-0.10475183711289693,-0.10327419856870823,-0.07561393684201578,-0.07406085060163115,0.0014776385441886974,0.029137900270881145,0.030690986511265783,7.54476961959405e-05,0.0,under_circular,0.0,0.0
149105289-149105300-002,moderate_dysplastic,baseline,20260805,3802.5,267.58073377609253,3805.5,266.40916085243225,3913.0,3924.0,0.6754158428785813,0.6673741889029107,0.6679007168625973,0.6732568450178844,0.6737880141263797,0.008041653975670582,0.0075151260159839195,0.002158997860696843,0.0016278287522015766,0.0005265279596866623,0.005882656114973739,0.006413825223469005,0.0053561281552870765,-0.008041653975670582,-0.0075151260159839195,-0.002158997860696843,-0.0016278287522015766,0.0005265279596866623,0.005882656114973739,0.006413825223469005,4.641148808604001e-06,0.0,under_circular,0.0,0.0
149105289-149105311-001,moderate_dysplastic,baseline,20260803,2699.0,218.65180110931396,2704.5,216.89444184303284,2717.0,2733.0,0.773597314941405,0.7094252310850037,0.7108708919856954,0.720967856767592,0.7224370391359586,0.06417208385640139,0.06272642295570963,0.05262945817381304,0.051160275805446465,0.0014456609006917587,0.011542625682588348,0.01301180805095492,0.010096964781896589,-0.06417208385640139,-0.06272642295570963,-0.05262945817381304,-0.051160275805446465,0.0014456609006917587,0.011542625682588348,0.01301180805095492,2.352146767481411e-05,0.0,under_circular,0.0,0.0
149105289-149105311-001,moderate_dysplastic,baseline,20260804,1583.0,212.5096664428711,1596.5,216.06601524353027,1791.0,1801.0,0.773597314941405,0.4404873082812675,0.44424383302024223,0.42610620026525636,0.42974008131616026,0.33311000666013757,0.3293534819211628,0.3474911146761487,0.3438572336252448,0.0037565247389747536,-0.014381108016011113,-0.010747226965107215,-0.018137632754985866,-0.33311000666013757,-0.3293534819211628,-0.3474911146761487,-0.3438572336252448,0.0037565247389747536,-0.014381108016011113,-0.010747226965107215,-0.0001226436880708559,0.0,under_circular,0.0,0.0
149105289-149105311-001,moderate_dysplastic,baseline,20260805,1961.4999999999998,222.7523068189621,1970.5000000000002,219.2375876903534,2202.0,2213.0,0.773597314941405,0.4967681641921967,0.4990474981089594,0.5128237697891065,0.5151767720466146,0.27682915074920833,0.27454981683244567,0.26077354515229856,0.25842054289479044,0.0022793339167626603,0.016055605596909772,0.01840860785441789,0.013776271680147112,-0.27682915074920833,-0.27454981683244567,-0.26077354515229856,-0.25842054289479044,0.0022793339167626603,0.016055605596909772,0.01840860785441789,7.366834074545858e-05,0.0,under_circular,0.0,0.0
149105289-149105311-003,moderate_dysplastic,baseline,20260803,2833.5,437.0609619617462,2898.9999999999995,398.4751753807068,2882.0,2909.0,0.8033593862491398,0.18640134701774005,0.1907102541042627,0.22424901293275037,0.2294328175373366,0.6169580392313998,0.6126491321448772,0.5791103733163895,0.5739265687118033,0.004308907086522651,0.03784766591501032,0.04303147051959655,0.03353875882848767,-0.6169580392313998,-0.6126491321448772,-0.5791103733163895,-0.5739265687118033,0.004308907086522651,0.03784766591501032,0.04303147051959655,0.0008748975180635776,0.0,under_circular,0.0,0.0
149105289-149105311-003,moderate_dysplastic,baseline,20260804,922.5,152.12489020824432,942.0000000000001,140.36753058433533,1303.0,1318.0,0.8033593862491398,0.5009284330575523,0.5115171641628339,0.5883597022965857,0.6007965740524486,0.3024309531915875,0.29184222208630595,0.2149996839525541,0.20256281219669126,0.010588731105281579,0.08743126923903344,0.09986814099489627,0.07684253813375186,-0.3024309531915875,-0.29184222208630595,-0.2149996839525541,-0.20256281219669126,0.010588731105281579,0.08743126923903344,0.09986814099489627,0.0018481406505812537,0.0,under_circular,0.0,0.0
149105289-149105311-003,moderate_dysplastic,baseline,20260805,1613.5,342.6345565319061,1633.0,334.190905213356,1769.0,1782.0,0.8033593862491398,0.17270961268323284,0.1747968996044123,0.18154721054384643,0.18374130450455609,0.630649773565907,0.6285624866447275,0.6218121757052935,0.6196180817445838,0.002087286921179543,0.008837597860613555,0.011031691821323242,0.006750310939434012,-0.630649773565907,-0.6285624866447275,-0.6218121757052935,-0.6196180817445838,0.00208728692117946,0.008837597860613583,0.011031691821323242,0.00010680703953019899,0.0,under_circular,0.0,0.0
149105289-149105311-004,moderate_dysplastic,baseline,20260803,3019.0,284.24978017807007,3023.5,282.49242091178894,3092.0,3103.0,0.7548017525645411,0.4695401150563105,0.4702399926706706,0.47540021751487066,0.47610882996230913,0.2852616375082306,0.28456175989387045,0.2794015350496704,0.27869292260223194,0.0006998776143601337,0.005860102458560168,0.0065687149059986405,0.005160224844200034,-0.2852616375082306,-0.28456175989387045,-0.2794015350496704,-0.27869292260223194,0.0006998776143601337,0.005860102458560168,0.0065687149059986405,8.734833078338777e-06,0.0,under_circular,0.0,0.0
149105289-149105311-004,moderate_dysplastic,baseline,20260804,2370.0,296.5929263830185,2379.0,293.07820749282837,2361.0,2381.0,0.7548017525645411,0.33856076854425915,0.33984644234885764,0.34672979010694516,0.34804648551241457,0.4162409840202819,0.41495531021568344,0.4080719624575959,0.4067552670521265,0.0012856738045984861,0.008169021562686007,0.009485716968155422,0.006883347758087521,-0.4162409840202819,-0.41495531021568344,-0.4080719624575959,-0.4067552670521265,0.0012856738045984861,0.008169021562686007,0.009485716968155422,3.1021600870928534e-05,0.0,under_circular,0.0,0.0
149105289-149105311-004,moderate_dysplastic,baseline,20260805,1888.0,364.676185965538,1900.0,359.98989391326904,1999.0,2023.0,0.7548017525645411,0.17840090205409345,0.17953480609257289,0.18307592462697778,0.18423954279197977,0.5764008505104476,0.5752669464719682,0.5717258279375633,0.5705622097725613,0.0011339040384794608,0.004675022572884324,0.005838640737886314,0.0035411185344048635,-0.5764008505104476,-0.5752669464719682,-0.5717258279375633,-0.5705622097725613,0.001133904038479433,0.004675022572884324,0.005838640737886314,2.971412652255645e-05,0.0,under_circular,0.0,0.0
149140081-149140096-002,moderate_dysplastic,baseline,20260803,5294.5,335.23758828639984,5336.5,318.8355665206909,5514.0,5545.0,0.7601378455590595,0.5920104888592027,0.5967067662285646,0.6544874053178644,0.6596792970967575,0.1681273566998568,0.16343107933049494,0.10565044024119508,0.10045854846230196,0.004696277369361845,0.06247691645866171,0.06766880823755483,0.05778063908929987,-0.1681273566998568,-0.16343107933049494,-0.10565044024119508,-0.10045854846230196,0.004696277369361845,0.06247691645866171,0.06766880823755483,0.0004956144095312753,0.0,under_circular,0.0,0.0
149140081-149140096-002,moderate_dysplastic,baseline,20260804,5037.5,350.8944424390793,5082.499999999999,333.3208487033844,5230.0,5262.0,0.7601378455590595,0.5141288131592638,0.5187215271229694,0.5697705071728656,0.5748602685272634,0.24600903239979566,0.24141631843609013,0.1903673383861939,0.18527757703179615,0.00459271396370553,0.05564169401360175,0.06073145536799951,0.05104898004989622,-0.24600903239979566,-0.24141631843609013,-0.1903673383861939,-0.18527757703179615,0.00459271396370553,0.05564169401360175,0.06073145536799951,0.000497047390692229,0.0,under_circular,0.0,0.0
149140081-149140096-002,moderate_dysplastic,baseline,20260805,5010.5,367.37972366809845,5056.999999999999,348.3919152021408,5257.0,5292.0,0.7601378455590595,0.46650957737383864,0.47083902460423144,0.5187460396162903,0.5235602679053148,0.29362826818522086,0.28929882095482806,0.2413918059427692,0.23657757765374465,0.004329447230392802,0.05223646224245165,0.05705069053147621,0.04790701501205885,-0.29362826818522086,-0.28929882095482806,-0.2413918059427692,-0.23657757765374465,0.004329447230392802,0.05223646224245165,0.05705069053147621,0.0004847810586317558,0.0,under_circular,0.0,0.0
149140849-149140856-001,moderate_dysplastic,baseline,20260803,8608.5,453.52185904979706,8667.0,430.6761864423752,8817.0,8856.0,0.5353477853102027,0.5259456886229499,0.5295198098733933,0.5832243264374964,0.5871876909140711,0.009402096687252781,0.005827975436809352,0.04787654112729378,0.05183990560386842,0.0035741212504434294,-0.038474444440041,-0.04243780891661564,-0.04204856569048443,-0.009402096687252781,-0.005827975436809352,0.04787654112729378,0.05183990560386842,0.0035741212504434294,0.05727863781454656,0.0612420022911212,0.00038924322613120843,0.0,under_circular,0.0,0.0
149140849-149140856-001,moderate_dysplastic,baseline,20260804,9066.999999999998,534.3919162750244,9139.0,505.4457392692566,9333.0,9381.0,0.5353477853102027,0.39898238292430355,0.40215065595513516,0.44598925938182693,0.44953080859055,0.13636540238589911,0.1331971293550675,0.08935852592837573,0.08581697671965266,0.0031682730308316143,0.04700687645752338,0.050548425666246455,0.04383860342669177,-0.13636540238589911,-0.1331971293550675,-0.08935852592837573,-0.08581697671965266,0.0031682730308316143,0.04700687645752338,0.050548425666246455,0.0003732761778914573,0.0,under_circular,0.0,0.0
149140849-149140856-001,moderate_dysplastic,baseline,20260805,8670.5,438.0071402788162,8718.5,419.26197254657745,8871.0,8903.0,0.5353477853102027,0.5679258359525646,0.5710698807165024,0.6198449396884058,0.6232764092812833,0.032578050642361966,0.03572209540629978,0.08449715437820315,0.08792862397108059,-0.0031440447639378144,-0.05191910373584119,-0.05535057332871862,-0.04877505897190337,0.032578050642361966,0.03572209540629978,0.08449715437820315,0.08792862397108059,0.0031440447639378144,0.05191910373584119,0.05535057332871862,0.00028742482893961974,0.0,over_circular,0.0,0.0
149143028-149143108-002,severe_dysplastic,baseline,20260803,2624.0,209.33809328079224,2631.5000000000005,206.40916109085083,2716.0,2721.0,0.7720157811959211,0.7524491681628588,0.7545998422334463,0.773955083699922,0.7761672266601926,0.019566613033062286,0.01741593896247473,0.0019393025040009837,0.004151445464271486,0.002150674070587555,0.017627310529061302,0.0154151675687908,0.015476636458473747,-0.019566613033062286,-0.01741593896247473,0.0019393025040009837,0.004151445464271486,0.002150674070587555,0.02150591553706327,0.02371805849733377,6.146888968294739e-05,0.0,under_circular,0.0,0.0
149143028-149143108-002,severe_dysplastic,baseline,20260804,2324.5,199.0954521894455,2332.0,196.1665199995041,2412.0,2417.0,0.7720157811959211,0.7369138769691922,0.7392915298309986,0.7590836532062077,0.7615328368581958,0.035101904226728875,0.03272425136492252,0.012932127989713327,0.01048294433772523,0.0023776528618063564,0.022169776237015548,0.024618959889003644,0.019792123375209192,-0.035101904226728875,-0.03272425136492252,-0.012932127989713327,-0.01048294433772523,0.0023776528618063564,0.022169776237015548,0.024618959889003644,7.153079018173969e-05,0.0,under_circular,0.0,0.0
149143028-149143108-002,severe_dysplastic,baseline,20260805,2400.0,202.50966620445251,2410.5,198.40916121006012,2489.0,2496.0,0.7720157811959211,0.7354100999938664,0.7386275191813396,0.7661215233359076,0.7694733050005022,0.03660568120205465,0.03338826201458145,0.005894257860013519,0.002542476195418919,0.0032174191874732028,0.030711423342041133,0.03406320500663573,0.02749400415456793,-0.03660568120205465,-0.03338826201458145,-0.005894257860013519,-0.002542476195418919,0.0032174191874732028,0.030711423342041133,0.03406320500663573,0.00013436247712139693,0.0,under_circular,0.0,0.0
149143469-149143497-003,severe_dysplastic,baseline,20260803,1710.5,176.81118214130402,1718.0,173.88224947452545,1791.0,1796.0,0.642059414297659,0.6875645658886499,0.6905793184429702,0.7109227999855444,0.7140399709881118,0.04550515159099089,0.048519904145311155,0.06886338568788541,0.07198055669045278,-0.003014752554320266,-0.023358234096894526,-0.02647540509946189,-0.02034348154257426,0.04550515159099089,0.048519904145311155,0.06886338568788541,0.07198055669045278,0.003014752554320266,0.023358234096894526,0.02647540509946189,0.00010241844824709911,0.0,over_circular,0.0,0.0
149143469-149143497-003,severe_dysplastic,baseline,20260804,1769.5,178.81118214130402,1774.0000000000002,177.0538227558136,1851.0,1854.0,0.642059414297659,0.6954582802409122,0.6972268941211519,0.7093324285873712,0.7111363256931318,0.05339886594325316,0.055167479823492904,0.06727301428971222,0.06907691139547278,-0.0017686138802397444,-0.013874148346459059,-0.015678045452219624,-0.012105534466219314,0.05339886594325316,0.055167479823492904,0.06727301428971222,0.06907691139547278,0.0017686138802397444,0.013874148346459059,0.015678045452219624,3.5283225520821304e-05,0.0,over_circular,0.0,0.0
149143469-149143497-003,severe_dysplastic,baseline,20260805,2026.4999999999998,195.63960921764374,2036.9999999999998,191.53910398483276,2116.0,2123.0,0.642059414297659,0.6653388738470992,0.6687862255250634,0.6941312056437,0.6977277403879679,0.023279459549440218,0.02672681122740439,0.05207179134604101,0.05566832609030892,-0.003447351677964172,-0.02879233179660079,-0.0323888665408687,-0.025344980118636617,0.023279459549440218,0.02672681122740439,0.05207179134604101,0.05566832609030892,0.003447351677964172,0.02879233179660079,0.0323888665408687,0.00014918306630373745,0.0,over_circular,0.0,0.0
149146837-149146854-001,carcinoma_in_situ,baseline,20260803,3850.0,251.9655110836029,3856.0000000000005,248.79393815994263,3960.0,3964.0,0.7555208120785485,0.7620586479218969,0.7632462717887881,0.7816116146514244,0.7828297106742578,0.0065378358433484385,0.007725459710239635,0.026090802572875882,0.027308898595709286,-0.0011876238668911965,-0.019552966729527443,-0.020771062752360847,-0.018365342862636247,0.0065378358433484385,0.007725459710239635,0.026090802572875882,0.027308898595709286,0.0011876238668911965,0.019552966729527443,0.020771062752360847,3.0472155942207202e-05,0.0,over_circular,0.0,0.0
149146837-149146854-001,carcinoma_in_situ,baseline,20260804,4178.5,257.3797231912613,4180.0,256.79393661022186,4291.0,4292.0,0.7555208120785485,0.7926502694590214,0.7929348154454252,0.7962707092143575,0.7965565548680182,0.03712945738047291,0.037414003366876725,0.04074989713580901,0.041035742789469754,-0.0002845459864038169,-0.0036204397553361023,-0.003906285408996846,-0.0033358937689322854,0.03712945738047291,0.037414003366876725,0.04074989713580901,0.041035742789469754,0.0002845459864038169,0.0036204397553361023,0.003906285408996846,1.29966725692654e-06,0.0,over_circular,0.0,0.0
149146837-149146854-001,carcinoma_in_situ,baseline,20260805,4195.0,257.6223644018173,4196.5,257.0365779399872,4307.0,4308.0,0.7555208120785485,0.7942819724780203,0.7945659827184773,0.7979064357066545,0.7981917419411146,0.03876116039947186,0.03904517063992885,0.04238562362810605,0.042670929862566154,-0.00028401024045698886,-0.0036244632286341893,-0.0039097694630942925,-0.0033404529881772005,0.03876116039947186,0.03904517063992885,0.04238562362810605,0.042670929862566154,0.00028401024045698886,0.0036244632286341893,0.0039097694630942925,1.2959940031143091e-06,0.0,over_circular,0.0,0.0
149181904-149181927-001,carcinoma_in_situ,baseline,20260803,2219.0,181.68123924732208,2223.5,179.92388010025024,2298.0,2301.0,0.842023179349665,0.8447865663467757,0.8464997432501379,0.8613696189857262,0.8631164253333763,0.0027633869971107616,0.004476563900472907,0.019346439636061197,0.021093245983711317,-0.0017131769033621458,-0.016583052638950435,-0.018329858986600556,-0.01486987573558829,0.0027633869971107616,0.004476563900472907,0.019346439636061197,0.021093245983711317,0.0017131769033621458,0.016583052638950435,0.018329858986600556,3.3629444287974763e-05,0.0,over_circular,0.0,0.0
149181904-149181927-001,carcinoma_in_situ,baseline,20260804,2151.5,179.92388021945953,2156.0,178.16652071475983,2229.0,2232.0,0.842023179349665,0.8351675226642862,0.8369143290096217,0.8517242574979381,0.8535056933142249,0.006855656685378797,0.005108850340043269,0.009701078148273146,0.011482513964559904,0.0017468063453355276,-0.0028454214628943486,-0.004626857279181107,-0.004592227808229876,-0.006855656685378797,-0.005108850340043269,0.009701078148273146,0.011482513964559904,0.0017468063453355276,0.016556734833651943,0.0183381706499387,3.46294709512307e-05,0.0,under_circular,0.0,0.0
149181904-149181927-001,carcinoma_in_situ,baseline,20260805,2181.0,180.85281217098236,2187.0,178.50966668128967,2260.0,2264.0,0.842023179349665,0.8379440030497669,0.8402492135120772,0.8600863425241082,0.8624524672628265,0.0040791762998980685,0.001773965837587821,0.01806316317444323,0.020429287913161565,0.0023052104623102476,-0.013983986874545162,-0.016350111613263496,-0.01628919733685541,-0.0040791762998980685,-0.001773965837587821,0.01806316317444323,0.020429287913161565,0.0023052104623102476,0.0221423394743413,0.024508464213059633,6.091427640808611e-05,0.0,under_circular,0.0,0.0
149181904-149181951-001,carcinoma_in_situ,baseline,20260803,2349.0,186.02438509464264,2350.5,185.4385986328125,2431.0,2432.0,0.8319086559219233,0.853008041746524,0.8535527467540249,0.858405729098217,0.8589538809047931,0.02109938582460069,0.021644090832101615,0.026497073176293684,0.027045224982869764,-0.000544705007500923,-0.005397687351692992,-0.005945839158269073,-0.004852982344192069,0.02109938582460069,0.021644090832101615,0.026497073176293684,0.027045224982869764,0.000544705007500923,0.005397687351692992,0.005945839158269073,3.4467990751574362e-06,0.0,over_circular,0.0,0.0
149181904-149181951-001,carcinoma_in_situ,baseline,20260804,2245.5,186.26702570915222,2248.5,185.09545278549194,2327.0,2329.0,0.8319086559219233,0.8133003584506793,0.8143869320758639,0.8236286101271801,0.8247289823517989,0.01860829747124404,0.017521723846059434,0.008280045794743174,0.00717967357012439,0.0010865736251846059,0.010328251676500866,0.01142862390111965,0.00924167805131626,-0.01860829747124404,-0.017521723846059434,-0.008280045794743174,-0.00717967357012439,0.0010865736251846059,0.010328251676500866,0.01142862390111965,1.3798599434178271e-05,0.0,under_circular,0.0,0.0
149181904-149181951-001,carcinoma_in_situ,baseline,20260805,2226.4999999999995,183.43859839439392,2228.0,182.8528118133545,2307.0,2308.0,0.8319086559219233,0.8314786776127516,0.8320388473933128,0.8368146550387505,0.8373784196839599,0.0004299783091716858,0.00013019147138948473,0.004905999116827209,0.005469763762036561,0.00029978683778220105,-0.004476020807655523,-0.0050397854528648756,-0.004775807645437724,-0.0004299783091716858,0.00013019147138948473,0.004905999116827209,0.005469763762036561,0.0005601697805611705,0.005335977425998895,0.005899742071208247,3.594864648182039e-06,0.0,under_circular,0.0,0.0
149182125-149182135-002,carcinoma_in_situ,baseline,20260803,3415.0,234.16652011871338,3416.5,233.58073365688324,3519.0,3520.0,0.6424089493585546,0.7826200463647331,0.7829638033397103,0.7865503627176711,0.786895846039509,0.1402110970061785,0.14055485398115564,0.14414141335911645,0.14448689668095438,-0.00034375697497712743,-0.003930316352937946,-0.004275799674775871,-0.0035865593779608185,0.1402110970061785,0.14055485398115564,0.14414141335911645,0.14448689668095438,0.00034375697497712743,0.003930316352937946,0.004275799674775871,1.726346860797534e-06,0.0,over_circular,0.0,0.0
149182125-149182135-002,carcinoma_in_situ,baseline,20260804,2960.5,227.92387986183167,2968.0,224.99494767189026,3062.0,3067.0,0.6424089493585546,0.7161356125379372,0.717949838882823,0.7349019460670266,0.7367637142127799,0.07372666317938259,0.0755408895242684,0.092492996708472,0.09435476485422523,-0.0018142263448858165,-0.018766333529089407,-0.020628101674842636,-0.01695210718420359,0.07372666317938259,0.0755408895242684,0.092492996708472,0.09435476485422523,0.0018142263448858165,0.018766333529089407,0.020628101674842636,4.754180086741222e-05,0.0,over_circular,0.0,0.0
149182125-149182135-002,carcinoma_in_situ,baseline,20260805,3094.4999999999995,227.58073389530182,3096.0,226.99494791030884,3195.0,3196.0,0.6424089493585546,0.7508088167054109,0.7511727569946526,0.754688909897807,0.7550547309884023,0.10839986734685625,0.10876380763609794,0.11227996053925238,0.11264578162984762,-0.0003639402892416932,-0.003880093192396128,-0.00424591428299137,-0.0035161529031544347,0.10839986734685625,0.10876380763609794,0.11227996053925238,0.11264578162984762,0.0003639402892416932,0.003880093192396128,0.00424591428299137,1.8808013535487333e-06,0.0,over_circular,0.0,0.0
149182657-149182667-001,carcinoma_in_situ,baseline,20260803,2480.0,198.36753106117249,2493.5,193.09545290470123,2569.0,2578.0,0.721932568216953,0.7919912232876608,0.7963024658337832,0.8358290299600719,0.8403789057279998,0.07005865507070785,0.07436989761683022,0.11389646174311896,0.11844633751104683,-0.0043112425461223625,-0.043837806672411106,-0.048387682440338975,-0.039526564126288743,0.07005865507070785,0.07436989761683022,0.11389646174311896,0.11844633751104683,0.0043112425461223625,0.043837806672411106,0.048387682440338975,0.0002386332218055065,0.0,over_circular,0.0,0.0
149182657-149182667-001,carcinoma_in_situ,baseline,20260804,2291.5,184.75230622291565,2296.0,182.99494683742523,2371.0,2374.0,0.721932568216953,0.8436260641989657,0.8452827595028694,0.8599070919546521,0.8615957596019556,0.12169349598201273,0.1233501912859164,0.13797452373769914,0.1396631913850026,-0.0016566953039036658,-0.016281027755686406,-0.01796969540298987,-0.01462433245178274,0.12169349598201273,0.1233501912859164,0.13797452373769914,0.1396631913850026,0.0016566953039036658,0.016281027755686406,0.01796969540298987,3.197234339979982e-05,0.0,over_circular,0.0,0.0
149182657-149182667-001,carcinoma_in_situ,baseline,20260805,2285.0,184.8528118133545,2292.5,181.92387974262238,2366.0,2371.0,0.721932568216953,0.8403185415605562,0.8430766986991576,0.8675942196293742,0.8704419030636062,0.11838597334360323,0.12114413048220463,0.14566165141242127,0.1485093348466533,-0.0027581571386013914,-0.027275678068818032,-0.03012336150305006,-0.02451752093021664,0.11838597334360323,0.12114413048220463,0.14566165141242127,0.1485093348466533,0.0027581571386013914,0.027275678068818032,0.03012336150305006,8.952629563063752e-05,0.0,over_circular,0.0,0.0
149182657-149182681-002,carcinoma_in_situ,baseline,20260803,2086.0,182.0243854522705,2090.5,180.2670258283615,2166.0,2169.0,0.739251147774987,0.7911612740795667,0.7928679978251842,0.8066619671452923,0.8084021295864016,0.051910126304579696,0.05361685005019723,0.06741081937030524,0.06915098181141455,-0.0017067237456175333,-0.015500693065725546,-0.01724085550683485,-0.013793969320108013,0.051910126304579696,0.05361685005019723,0.06741081937030524,0.06915098181141455,0.0017067237456175333,0.015500693065725546,0.01724085550683485,3.343869549177203e-05,0.0,over_circular,0.0,0.0
149182657-149182681-002,carcinoma_in_situ,baseline,20260804,1553.0,167.19595766067505,1554.5,166.6101711988449,1626.0,1627.0,0.739251147774987,0.6981195071051176,0.6987938015421153,0.7030371885051455,0.7037162327953951,0.04113164066986941,0.04045734623287167,0.0362139592698415,0.035534914979591936,0.0006742944369977355,0.004917681400027907,0.005596725690277471,0.004243386963030171,-0.04113164066986941,-0.04045734623287167,-0.0362139592698415,-0.035534914979591936,0.0006742944369977355,0.004917681400027907,0.005596725690277471,4.74985325182864e-06,0.0,under_circular,0.0,0.0
149182657-149182681-002,carcinoma_in_situ,baseline,20260805,1655.0,170.36753070354462,1662.5,167.43859827518463,1733.0,1738.0,0.739251147774987,0.7165297131873437,0.7197768266912138,0.741816865394457,0.7451785732436765,0.022721434587643308,0.019474321083773227,0.002565717619469998,0.005927425468689518,0.0032471135038700805,0.02015571696817331,0.01679400911895379,0.01690860346430323,-0.022721434587643308,-0.019474321083773227,0.002565717619469998,0.005927425468689518,0.0032471135038700805,0.025287152207113306,0.028648860056332826,0.00011459434534943913,0.0,under_circular,0.0,0.0
149182657-149182698-003,carcinoma_in_situ,baseline,20260803,3030.0,212.65180265903473,3033.0,211.4802302122116,3122.0,3124.0,0.6636744451679946,0.8420043890628298,0.8428380567747732,0.8513594157288297,0.8522023458434126,0.17832994389483525,0.17916361160677863,0.1876849705608351,0.18852790067541803,-0.0008336677119433755,-0.009355026665999855,-0.010197956780582773,-0.00852135895405648,0.17832994389483525,0.17916361160677863,0.1876849705608351,0.18852790067541803,0.0008336677119433755,0.009355026665999855,0.010197956780582773,9.2624026395427e-06,0.0,over_circular,0.0,0.0
149182657-149182698-003,carcinoma_in_situ,baseline,20260804,2809.5,208.40916109085083,2814.0,206.651801943779,2900.0,2903.0,0.6636744451679946,0.8128404162778778,0.8141423496728772,0.8267239273867837,0.8280480981193841,0.14916597110988328,0.15046790450488268,0.16304948221878912,0.1643736529513895,-0.0013019333949993994,-0.013883511108905844,-0.015207681841506226,-0.012581577713906444,0.14916597110988328,0.15046790450488268,0.16304948221878912,0.1643736529513895,0.0013019333949993994,0.013883511108905844,0.015207681841506226,2.223733760098323e-05,0.0,over_circular,0.0,0.0
149182657-149182698-003,carcinoma_in_situ,baseline,20260805,2780.0,205.33809292316437,2782.9999999999995,204.1665198802948,2870.0,2872.0,0.6636744451679946,0.8285440665473182,0.8294381788493476,0.8380802528680935,0.8389846560186704,0.1648696213793236,0.165763733681353,0.17440580770009895,0.17531021085067588,-0.000894112302029404,-0.009536186320775353,-0.01044058947135229,-0.008642074018745949,0.1648696213793236,0.165763733681353,0.17440580770009895,0.17531021085067588,0.000894112302029404,0.009536186320775353,0.01044058947135229,1.0290848547533926e-05,0.0,over_circular,0.0,0.0
149185604-149185616-001,carcinoma_in_situ,baseline,20260803,3413.0,232.50966620445251,3416.0000000000005,231.33809328079224,3517.0,3519.0,0.7445658016648625,0.7933487228708191,0.7940460701220974,0.8014046330018111,0.8021090613343648,0.04878292120595662,0.049480268457234855,0.05683883133694856,0.057543259669502245,-0.0006973472512782353,-0.008055910130991939,-0.008760338463545625,-0.007358562879713704,0.04878292120595662,0.049480268457234855,0.05683883133694856,0.057543259669502245,0.0006973472512782353,0.008055910130991939,0.008760338463545625,7.081081275450707e-06,0.0,over_circular,0.0,0.0
149185604-149185616-001,carcinoma_in_situ,baseline,20260804,3510.5,259.3797231912613,3516.5,257.03657722473145,3624.0,3628.0,0.7445658016648625,0.6557024350859977,0.656823134305629,0.6677116944307936,0.6688529193749853,0.08886336657886484,0.08774266735923353,0.07685410723406894,0.07571288228987727,0.001120699219631316,0.012009259344795908,0.013150484288987574,0.010888560125164592,-0.08886336657886484,-0.08774266735923353,-0.07685410723406894,-0.07571288228987727,0.001120699219631316,0.012009259344795908,0.013150484288987574,2.0525724560349623e-05,0.0,under_circular,0.0,0.0
149185604-149185616-001,carcinoma_in_situ,baseline,20260805,2613.5,306.49242103099823,2624.5,300.1492749452591,2742.0,2753.0,0.7445658016648625,0.3496172794483874,0.3510887889467353,0.3645505613143726,0.3660849237304652,0.39494852221647514,0.39347701271812724,0.38001524035048995,0.37848087793439733,0.0014715094983479005,0.014933281865985193,0.01646764428207781,0.013461772367637292,-0.39494852221647514,-0.39347701271812724,-0.38001524035048995,-0.37848087793439733,0.0014715094983479005,0.014933281865985193,0.01646764428207781,6.285291774471569e-05,0.0,under_circular,0.0,0.0
149185604-149185645-003,carcinoma_in_situ,baseline,20260803,4010.5,245.58073353767395,4015.0,243.82337391376495,4120.0,4123.0,0.7378381065394313,0.8356411156231338,0.8365787505864313,0.8477303105761712,0.8486815102763564,0.09780300908370254,0.098740644047,0.10989220403673994,0.11084340373692514,-0.0009376349632974623,-0.012089194953037397,-0.013040394653222598,-0.011151559989739934,0.09780300908370254,0.098740644047,0.10989220403673994,0.11084340373692514,0.0009376349632974623,0.012089194953037397,0.013040394653222598,1.356473688773896e-05,0.0,over_circular,0.0,0.0
149185604-149185645-003,carcinoma_in_situ,baseline,20260804,3788.499999999999,266.8944419622421,3825.5,244.0660148859024,3907.0,3916.0,0.7378381065394313,0.6683409876006368,0.674868271892896,0.7992129926725026,0.8070184250940107,0.06949711893879451,0.06296983464653527,0.061374886133071294,0.0691803185545794,0.006527284292259239,0.008122232805723217,0.00031680038421511014,0.0015949485134639785,-0.06949711893879451,-0.06296983464653527,0.061374886133071294,0.0691803185545794,0.006527284292259239,0.1308720050718658,0.1386774374933739,0.0012781481292488683,0.0,under_circular,0.0,0.0
149185604-149185645-003,carcinoma_in_situ,baseline,20260805,3987.5,244.7523069381714,3987.5,244.7523069381714,4090.0,4092.0,0.7378381065394313,0.8364827168344748,0.8364827168344748,0.8364827168344748,0.8364827168344748,0.09864461029504357,0.09864461029504357,0.09864461029504357,0.09864461029504357,0.0,0.0,0.0,0.0,0.09864461029504357,0.09864461029504357,0.09864461029504357,0.09864461029504357,0.0,0.0,0.0,0.0,0.0,over_circular,0.0,0.0
149185604-149185657-001,carcinoma_in_situ,baseline,20260803,2321.5,190.26702558994293,2329.0,187.33809304237366,2405.0,2410.0,0.7064770881803053,0.8058449600143464,0.8084483790107313,0.8312398623335844,0.8339253238746146,0.09936787183404105,0.101971290830426,0.12476277415327908,0.1274482356943093,-0.002603418996384943,-0.025394902319238022,-0.028080363860268243,-0.02279148332285308,0.09936787183404105,0.101971290830426,0.12476277415327908,0.1274482356943093,0.002603418996384943,0.025394902319238022,0.028080363860268243,8.204254464527772e-05,0.0,over_circular,0.0,0.0
149185604-149185657-001,carcinoma_in_situ,baseline,20260804,2155.0,186.02438509464264,2162.5,183.09545254707336,2237.0,2242.0,0.7064770881803053,0.7825595274430648,0.7852830524805696,0.8077966027330736,0.8106079598191516,0.07608243926275948,0.07880596430026432,0.10131951455276833,0.10413087163884627,-0.002723525037504837,-0.025237075290008848,-0.028048432376086785,-0.02251355025250401,0.07608243926275948,0.07880596430026432,0.10131951455276833,0.10413087163884627,0.002723525037504837,0.025237075290008848,0.028048432376086785,8.78320485730999e-05,0.0,over_circular,0.0,0.0
149185604-149185657-001,carcinoma_in_situ,baseline,20260805,2340.5,193.09545302391052,2349.5,189.58073377609253,2425.0,2431.0,0.7064770881803053,0.7888136460508549,0.7918468965590615,0.8183330845809237,0.821479847136458,0.08233655787054961,0.08536980837875618,0.11185599640061838,0.11500275895615275,-0.0030332505082065753,-0.029519438530068776,-0.03266620108560314,-0.0264861880218622,0.08233655787054961,0.08536980837875618,0.11185599640061838,0.11500275895615275,0.0030332505082065753,0.029519438530068776,0.03266620108560314,0.00011351204732779063,0.0,over_circular,0.0,0.0
149185698-149185709-002,carcinoma_in_situ,baseline,20260803,3272.5,228.89444172382355,3278.5,226.551295876503,3363.0,3376.0,0.7592806865383579,0.7849084882523916,0.7863475870849399,0.8012285533999924,0.8026975744299084,0.02562780171403367,0.027066900546582007,0.04194786686163454,0.043416887891550515,-0.0014390988325483356,-0.01632006514760087,-0.017789086177516844,-0.014880966315052535,0.02562780171403367,0.027066900546582007,0.04194786686163454,0.043416887891550515,0.0014390988325483356,0.01632006514760087,0.017789086177516844,2.9922197367637793e-05,0.0,over_circular,0.0,0.0
149185698-149185709-002,carcinoma_in_situ,baseline,20260804,3213.0,228.9949473142624,3225.0,224.30865585803986,3312.0,3322.0,0.7592806865383579,0.7699611097125195,0.7728367814574776,0.8024694794355145,0.8054665643260299,0.010680423174161624,0.013556094919119688,0.0431887928971566,0.046185877787672025,-0.0028756717449580638,-0.03250836972299498,-0.0355054546135104,-0.029632697978036915,0.010680423174161624,0.013556094919119688,0.0431887928971566,0.046185877787672025,0.0028756717449580638,0.03250836972299498,0.0355054546135104,0.0001214131455573586,0.0,over_circular,0.0,0.0
149185698-149185709-002,carcinoma_in_situ,baseline,20260805,3272.9999999999995,232.65180158615112,3285.0,227.96551060676575,3375.0,3383.0,0.7592806865383579,0.7598765276079167,0.7626625093773317,0.7914392346387942,0.7943409366906321,0.000595841069558789,0.0033818228389738136,0.03215854810043628,0.03506025015227421,-0.0027859817694150246,-0.03156270703087749,-0.03446440908271542,-0.028776725261462466,0.000595841069558789,0.0033818228389738136,0.03215854810043628,0.03506025015227421,0.0027859817694150246,0.03156270703087749,0.03446440908271542,0.00011572028242290422,0.0,over_circular,0.0,0.0
149185788-149185824-001,carcinoma_in_situ,baseline,20260803,2509.0000000000005,212.85281264781952,2515.0,210.50966668128967,2604.0,2608.0,0.7395850174162313,0.6959078551151464,0.697572042891428,0.711486129940039,0.7131875714624144,0.04367716230108487,0.04201297452480324,0.02809888747619227,0.026397445953816878,0.0016641877762816337,0.015578274824892602,0.017279716347267993,0.013914087048610968,-0.04367716230108487,-0.04201297452480324,-0.02809888747619227,-0.026397445953816878,0.0016641877762816337,0.015578274824892602,0.017279716347267993,3.72537460937572e-05,0.0,under_circular,0.0,0.0
149185788-149185824-001,carcinoma_in_situ,baseline,20260804,2125.0,216.5096663236618,2135.5,210.7523069381714,2221.0,2228.0,0.7395850174162313,0.5696580212876655,0.572472802098734,0.601207132159266,0.6041778026946412,0.16992699612856577,0.16711221531749731,0.13837788525696526,0.13540721472159012,0.0028147808110684513,0.031549110871600505,0.03451978140697565,0.028734330060532054,-0.16992699612856577,-0.16711221531749731,-0.13837788525696526,-0.13540721472159012,0.0028147808110684513,0.031549110871600505,0.03451978140697565,0.00015588972430669035,0.0,under_circular,0.0,0.0
149185788-149185824-001,carcinoma_in_situ,baseline,20260805,2569.0,208.02438473701477,2570.5,207.43859827518463,2662.0,2663.0,0.7395850174162313,0.7460114202825605,0.7464470049966219,0.7502306969416235,0.750668745227109,0.006426402866329228,0.006861987580390583,0.010645679525392193,0.011083727810877742,-0.00043558471406135446,-0.004219276659062965,-0.004657324944548513,-0.0037836919450016104,0.006426402866329228,0.006861987580390583,0.010645679525392193,0.011083727810877742,0.00043558471406135446,0.004219276659062965,0.004657324944548513,2.4635714241938445e-06,0.0,over_circular,0.0,0.0
149190861-149190868-001,moderate_dysplastic,baseline,20260803,7501.0,371.8822498321533,7573.0,343.76449942588806,8360.0,8426.0,0.7736160380386726,0.6815820274621068,0.6881243426170558,0.7976401001844279,0.8052964243029826,0.0920340105765658,0.08549169542161683,0.024024062145755254,0.03168038626431002,0.006542315154948963,0.06800994843081054,0.06035362431225577,0.06146763327586158,-0.0920340105765658,-0.08549169542161683,0.024024062145755254,0.03168038626431002,0.006542315154948963,0.11605807272232105,0.12371439684087582,0.001114008963605806,0.0,under_circular,0.0,0.0
149190861-149190868-001,moderate_dysplastic,baseline,20260804,6836.0,369.53910398483276,6914.0,339.07820773124695,7375.0,7444.0,0.7736160380386726,0.6290586160913033,0.6362362890075002,0.7471574998615521,0.7556827024638344,0.1445574219473693,0.13737974903117245,0.026458538177120516,0.017933335574838227,0.007177672916196864,0.1180988837702488,0.12662408637253109,0.11092121085405193,-0.1445574219473693,-0.13737974903117245,-0.026458538177120516,-0.017933335574838227,0.007177672916196864,0.1180988837702488,0.12662408637253109,0.0013475296860854247,0.0,under_circular,0.0,0.0
149190861-149190868-001,moderate_dysplastic,baseline,20260805,7593.0,373.53910398483276,7671.0,343.07820773124695,8269.0,8335.0,0.7736160380386726,0.6838346747495679,0.6908594481764698,0.8106567414430598,0.8189843097075875,0.08978136328910469,0.0827565898622028,0.03704070340438714,0.045368271668914883,0.007024773426901887,0.052740659884717545,0.044413091620189804,0.04571588645781566,-0.08978136328910469,-0.0827565898622028,0.03704070340438714,0.045368271668914883,0.007024773426901887,0.12682206669349183,0.13514963495801957,0.0013027948376258536,0.0,under_circular,0.0,0.0
149314453-149314465-001,carcinoma_in_situ,baseline,20260803,2162.0,183.68123924732208,2166.5,181.9238795042038,2242.0,2245.0,0.8233403970442457,0.8052596760836681,0.8069357484899476,0.8208922134595927,0.8226008235246103,0.018080720960577557,0.016404648554298018,0.00244818358465293,0.0007395735196353836,0.0016760724062795385,0.015632537375924627,0.017341147440942173,0.013956464969645088,-0.018080720960577557,-0.016404648554298018,-0.00244818358465293,-0.0007395735196353836,0.0016760724062795385,0.015632537375924627,0.017341147440942173,3.2537658738007735e-05,0.0,under_circular,0.0,0.0
149314453-149314465-001,carcinoma_in_situ,baseline,20260804,2146.5,184.75230622291565,2149.5,183.58073353767395,2226.0,2228.0,0.8233403970442457,0.7902436599620684,0.7913481234980041,0.8003621738806178,0.8014807792948465,0.03309673708217731,0.03199227354624157,0.022978223163627853,0.02185961774939915,0.0011044635359357402,0.010118513918549454,0.011237119332778156,0.009014050382613714,-0.03309673708217731,-0.03199227354624157,-0.022978223163627853,-0.02185961774939915,0.0011044635359357402,0.010118513918549454,0.011237119332778156,1.414187829296143e-05,0.0,under_circular,0.0,0.0
149314453-149314465-001,carcinoma_in_situ,baseline,20260805,2190.5,185.0954521894455,2193.5,183.92387926578522,2271.0,2273.0,0.8233403970442457,0.8034551245170923,0.804555496748798,0.8137235494407216,0.8148379847971801,0.01988527252715333,0.01878490029544766,0.009616847603524104,0.008502412247065605,0.0011003722317056708,0.010268424923629227,0.011382860280087725,0.009168052691923556,-0.01988527252715333,-0.01878490029544766,-0.009616847603524104,-0.008502412247065605,0.0011003722317056708,0.010268424923629227,0.011382860280087725,1.4063124752827783e-05,0.0,under_circular,0.0,0.0
149314453-149314507-001,carcinoma_in_situ,baseline,20260803,1019.0,123.74011421203613,1019.0,123.74011421203613,1074.0,1074.0,0.8399616598406447,0.8363017834798756,0.8363017834798756,0.8363017834798756,0.8363017834798756,0.003659876360769143,0.003659876360769143,0.003659876360769143,0.003659876360769143,0.0,0.0,0.0,0.0,-0.003659876360769143,-0.003659876360769143,-0.003659876360769143,-0.003659876360769143,0.0,0.0,0.0,0.0,0.0,under_circular,0.0,0.0
149314453-149314507-001,carcinoma_in_situ,baseline,20260804,1029.5,122.32590043544769,1029.5,122.32590043544769,1084.0,1084.0,0.8399616598406447,0.8645684287314683,0.8645684287314683,0.8645684287314683,0.8645684287314683,0.024606768890823583,0.024606768890823583,0.024606768890823583,0.024606768890823583,0.0,0.0,0.0,0.0,0.024606768890823583,0.024606768890823583,0.024606768890823583,0.024606768890823583,0.0,0.0,0.0,0.0,0.0,over_circular,0.0,0.0
149314453-149314507-001,carcinoma_in_situ,baseline,20260805,1018.0,120.9116872549057,1018.0,120.9116872549057,1072.0,1072.0,0.8399616598406447,0.875026244493366,0.875026244493366,0.875026244493366,0.875026244493366,0.03506458465272122,0.03506458465272122,0.03506458465272122,0.03506458465272122,0.0,0.0,0.0,0.0,0.03506458465272122,0.03506458465272122,0.03506458465272122,0.03506458465272122,0.0,0.0,0.0,0.0,0.0,over_circular,0.0,0.0
149314453-149314507-002,carcinoma_in_situ,baseline,20260803,1211.0,141.74011421203613,1212.5,141.1543276309967,1275.0,1276.0,0.7411327551539647,0.7574752557473766,0.7584134992516054,0.7637753041872084,0.764721351219645,0.016342500593411913,0.017280744097640688,0.022642549033243697,0.023588596065680312,-0.0009382435042287751,-0.006300048439831785,-0.007246095472268399,-0.0053618049356030095,0.016342500593411913,0.017280744097640688,0.022642549033243697,0.023588596065680312,0.0009382435042287751,0.006300048439831785,0.007246095472268399,7.80352820783925e-06,0.0,over_circular,0.0,0.0
149314453-149314507-002,carcinoma_in_situ,baseline,20260804,1262.0000000000002,144.22539520263672,1263.5,143.63960874080658,1326.0,1327.0,0.7411327551539647,0.7624050136135893,0.7633112002383279,0.7686361250400157,0.7695497178986209,0.02127225845962455,0.022178445084363174,0.027503369886050955,0.028416962744656216,-0.0009061866247386252,-0.006231111426426406,-0.007144704285031667,-0.00532492480168778,0.02127225845962455,0.022178445084363174,0.027503369886050955,0.028416962744656216,0.0009061866247386252,0.006231111426426406,0.007144704285031667,7.4062338666358585e-06,0.0,over_circular,0.0,0.0
149314453-149314507-002,carcinoma_in_situ,baseline,20260805,1380.0,151.88224983215332,1383.0000000000002,150.71067690849304,1447.0,1449.0,0.7411327551539647,0.7517525448902911,0.753386789553096,0.7634857041106422,0.7651454556413175,0.01061978973632638,0.012254034399131308,0.0223529489566775,0.024012700487352823,-0.001634244662804929,-0.01173315922035112,-0.013392910751026443,-0.01009891455754619,0.01061978973632638,0.012254034399131308,0.0223529489566775,0.024012700487352823,0.001634244662804929,0.01173315922035112,0.013392910751026443,2.5506867870395133e-05,0.0,over_circular,0.0,0.0
149314679-149314698-001,carcinoma_in_situ,baseline,20260803,2643.0,224.30865502357483,2652.0,220.79393637180328,2740.0,2746.0,0.6003062970724475,0.6601079520474501,0.6623557657320611,0.6812911424032729,0.6836110895397199,0.05980165497500256,0.06204946865961358,0.0809848453308254,0.0833047924672724,-0.002247813684611022,-0.021183190355822834,-0.023503137492269843,-0.018935376671211812,0.05980165497500256,0.06204946865961358,0.0809848453308254,0.0833047924672724,0.002247813684611022,0.021183190355822834,0.023503137492269843,7.21334518359873e-05,0.0,over_circular,0.0,0.0
149314679-149314698-001,carcinoma_in_situ,baseline,20260804,2529.0,227.96550953388214,2535.0,225.62236332893372,2612.0,2626.0,0.6003062970724475,0.6115337131810162,0.6129845642205916,0.6243015386950435,0.6257826811356011,0.0112274161085687,0.012678267148144018,0.02399524162259592,0.025476384063153557,-0.0014508510395753182,-0.01276782551402722,-0.014248967954584857,-0.011316974474451902,0.0112274161085687,0.012678267148144018,0.02399524162259592,0.025476384063153557,0.0014508510395753182,0.01276782551402722,0.014248967954584857,3.0291400982318528e-05,0.0,over_circular,0.0,0.0
149314679-149314698-001,carcinoma_in_situ,baseline,20260805,2700.0000000000005,229.13708221912384,2707.5,226.2081503868103,2799.0,2804.0,0.6003062970724475,0.646223684321573,0.648018750111355,0.6630665673139146,0.6649084188897866,0.04591738724912542,0.047712453038907476,0.06276027024146702,0.06460212181733904,-0.0017950657897820577,-0.0168428829923416,-0.018684734568213623,-0.015047817202559544,0.04591738724912542,0.047712453038907476,0.06276027024146702,0.06460212181733904,0.0017950657897820577,0.0168428829923416,0.018684734568213623,4.678578608996453e-05,0.0,over_circular,0.0,0.0
149315229-149315310-001,severe_dysplastic,baseline,20260803,6090.0,316.30865585803986,6386.999999999999,384.0487699508667,6538.0,6556.0,0.8043236002719132,0.7649006031256433,0.8022036374652682,0.5188650278760527,0.5441692829301065,0.039422997146269845,0.0021199628066449483,0.2854585723958605,0.2601543173418067,0.037303034339624896,-0.24603557524959063,-0.22073132019553687,-0.28333860958921553,-0.039422997146269845,-0.0021199628066449483,-0.2854585723958605,-0.2601543173418067,0.037303034339624896,-0.24603557524959063,-0.22073132019553687,-0.011998779285571137,0.0,under_circular,0.0,0.0
149315229-149315310-001,severe_dysplastic,baseline,20260804,6034.0,319.48022878170013,6047.5,314.2081506252289,6179.0,6188.0,0.8043236002719132,0.7428945911147361,0.7445566854104022,0.7680337004165415,0.7697520389905592,0.061429009157177084,0.05976691486151098,0.03628989985537168,0.03457156128135397,0.0016620942956661056,0.025139109301805407,0.026857447875823115,0.0234770150061393,-0.061429009157177084,-0.05976691486151098,-0.03628989985537168,-0.03457156128135397,0.0016620942956661056,0.025139109301805407,0.026857447875823115,5.624427835160262e-05,0.0,under_circular,0.0,0.0
149315229-149315310-001,severe_dysplastic,baseline,20260805,6074.5,308.8944425582886,6088.0,303.62236416339874,6214.0,6223.0,0.8043236002719132,0.800018833176979,0.8017967991409084,0.8280429906602623,0.829883237655721,0.004304767094934214,0.0025268011310047855,0.023719390388349137,0.025559637383807843,0.0017779659639294287,-0.019414623293414923,-0.02125487028887363,-0.021192589257344352,-0.004304767094934214,-0.0025268011310047855,0.023719390388349137,0.025559637383807843,0.0017779659639294287,0.028024157483283352,0.029864404478742057,6.228103152927655e-05,0.0,under_circular,0.0,0.0
149315671-149315731-001,carcinoma_in_situ,baseline,20260803,2801.0,222.65180122852325,2808.5,219.72286939620972,2898.0,2903.0,0.6952355542889314,0.7100199426151013,0.7119211027613395,0.729075407112661,0.7310275904590889,0.014784388326169906,0.016685548472408107,0.03383985282372959,0.03579203617015758,-0.001901160146238201,-0.019055464497559682,-0.021007647843987676,-0.01715430435132148,0.014784388326169906,0.016685548472408107,0.03383985282372959,0.03579203617015758,0.001901160146238201,0.019055464497559682,0.021007647843987676,5.102320018979256e-05,0.0,over_circular,0.0,0.0
149315671-149315731-001,carcinoma_in_situ,baseline,20260804,3013.5,233.03657710552216,3018.0,231.27921736240387,3113.0,3116.0,0.6952355542889314,0.6973212091108886,0.6983625050926371,0.7079585673925926,0.7090157479312575,0.002085654821957217,0.0031269508037057303,0.012723013103661196,0.013780193642326188,-0.0010412959817485135,-0.010637358281703979,-0.011694538820368972,-0.009596062299955466,0.002085654821957217,0.0031269508037057303,0.012723013103661196,0.013780193642326188,0.0010412959817485135,0.010637358281703979,0.011694538820368972,1.5884556916478942e-05,0.0,over_circular,0.0,0.0
149315671-149315731-001,carcinoma_in_situ,baseline,20260805,2711.0000000000005,243.96550965309143,2723.0,239.27921736240387,2817.0,2825.0,0.6952355542889314,0.5723774507036634,0.5749110285009499,0.5950170665563103,0.597650856596397,0.12285810358526794,0.12032452578798147,0.1002184877326211,0.0975846976925343,0.002533577797286468,0.022639615852646844,0.025273405892733636,0.020106038055360376,-0.12285810358526794,-0.12032452578798147,-0.1002184877326211,-0.0975846976925343,0.002533577797286468,0.022639615852646844,0.025273405892733636,0.00010021224280032381,0.0,under_circular,0.0,0.0
149315671-149315740-001,carcinoma_in_situ,baseline,20260803,2472.4999999999995,215.92387986183167,2474.0,215.33809316158295,2568.0,2569.0,0.6076354559325337,0.6664150764989966,0.666819372804254,0.6700457212824535,0.670452220203353,0.05877962056646291,0.05918391687172031,0.06241026534991989,0.06281676427081939,-0.0004042963052574011,-0.003630644783456982,-0.004037143704356483,-0.003226348478199581,0.05877962056646291,0.05918391687172031,0.06241026534991989,0.06281676427081939,0.0004042963052574011,0.003630644783456982,0.004037143704356483,2.202615642099559e-06,0.0,over_circular,0.0,0.0
149315671-149315740-001,carcinoma_in_situ,baseline,20260804,2287.0,212.85281193256378,2290.0,211.6812388896942,2381.0,2384.0,0.6076354559325337,0.6343329116558581,0.6351650055495912,0.6413739126817516,0.6422152426940144,0.026697455723324492,0.027529549617057558,0.03373845674921794,0.03457978676148077,-0.0008320938937330657,-0.007041001025893445,-0.007882331038156276,-0.0062089071321603795,0.026697455723324492,0.027529549617057558,0.03373845674921794,0.03457978676148077,0.0008320938937330657,0.007041001025893445,0.007882331038156276,9.236118529765136e-06,0.0,over_circular,0.0,0.0
149315671-149315740-001,carcinoma_in_situ,baseline,20260805,2341.5,209.4385985136032,2346.0,207.68123877048492,2434.0,2438.0,0.6076354559325337,0.6707961788158133,0.6720853450787522,0.6821965125934416,0.6835075885305206,0.06316072288327967,0.06444988914621852,0.07456105666090795,0.07587213259798697,-0.0012891662629388456,-0.01140033377762828,-0.0127114097147073,-0.010111167514689434,0.06316072288327967,0.06444988914621852,0.07456105666090795,0.07587213259798697,0.0012891662629388456,0.01140033377762828,0.0127114097147073,2.190967414017475e-05,0.0,over_circular,0.0,0.0
149316426-149316462-004,carcinoma_in_situ,baseline,20260803,1469.0,163.05382251739502,1473.5,161.29646289348602,1542.0,1545.0,0.5549592337199534,0.6943360120349695,0.6964629773543416,0.7095483137937744,0.7117218790844974,0.13937677831501616,0.14150374363438822,0.154589080073821,0.15676264536454398,-0.002126965319372065,-0.015212301758804836,-0.017385867049527826,-0.013085336439432771,0.13937677831501616,0.14150374363438822,0.154589080073821,0.15676264536454398,0.002126965319372065,0.015212301758804836,0.017385867049527826,4.659997135092464e-05,0.0,over_circular,0.0,0.0
149316426-149316462-004,carcinoma_in_situ,baseline,20260804,1381.0,159.88224983215332,1381.0,159.88224983215332,1452.0,1452.0,0.5549592337199534,0.6788956730819568,0.6788956730819568,0.6788956730819568,0.6788956730819568,0.12393643936200338,0.12393643936200338,0.12393643936200338,0.12393643936200338,0.0,0.0,0.0,0.0,0.12393643936200338,0.12393643936200338,0.12393643936200338,0.12393643936200338,0.0,0.0,0.0,0.0,0.0,over_circular,0.0,0.0
149316426-149316462-004,carcinoma_in_situ,baseline,20260805,1374.0,159.8822500705719,1378.5,158.1248905658722,1445.0,1448.0,0.5549592337199534,0.6754544909721889,0.677666678169696,0.6905515761088135,0.6928132079082964,0.12049525725223553,0.12270744444974258,0.1355923423888601,0.137853974188343,-0.002212187197507043,-0.015097085136624555,-0.017358716936107466,-0.012884897939117512,0.12049525725223553,0.12270744444974258,0.1355923423888601,0.137853974188343,0.002212187197507043,0.015097085136624555,0.017358716936107466,4.944460197586764e-05,0.0,over_circular,0.0,0.0
149316754-149316779-002,moderate_dysplastic,baseline,20260803,4009.5,318.3502857685089,4038.0000000000005,300.2497798204422,4137.0,4157.0,0.8266061390295746,0.4971524611655201,0.5006862796324655,0.5589007425800319,0.5628734751311059,0.3294536778640545,0.3259198593971091,0.2677053964495427,0.2637326638984687,0.003533818466945393,0.061748281414511774,0.06572101396558577,0.05821446294756638,-0.3294536778640545,-0.3259198593971091,-0.2677053964495427,-0.2637326638984687,0.003533818466945393,0.061748281414511774,0.06572101396558577,0.00043891408412860544,0.0,under_circular,0.0,0.0
149316754-149316779-002,moderate_dysplastic,baseline,20260804,2659.0,206.85281217098236,2661.9999999999995,205.6812391281128,2757.0,2759.0,0.8266061390295746,0.7809178363177063,0.7817989019472485,0.789839485755267,0.7907306171795865,0.0456883027118683,0.044807237082326035,0.036766653274307615,0.0358755218499881,0.0008810656295422659,0.008921649437560686,0.0098127808618802,0.00804058380801842,-0.0456883027118683,-0.044807237082326035,-0.036766653274307615,-0.0358755218499881,0.0008810656295422659,0.008921649437560686,0.0098127808618802,1.0065794777247561e-05,0.0,under_circular,0.0,0.0
149316754-149316779-002,moderate_dysplastic,baseline,20260805,2809.5,235.58073377609253,2820.0,230.65180110931396,2916.0,2923.0,0.8266061390295746,0.6361497489342189,0.6385272439916347,0.6636287614172331,0.6661089543323003,0.19045639009535564,0.18807889503793984,0.16297737761234143,0.16049718469727425,0.0023774950574158016,0.02747901248301421,0.02995920539808139,0.025101517425598407,-0.19045639009535564,-0.18807889503793984,-0.16297737761234143,-0.16049718469727425,0.0023774950574158016,0.02747901248301421,0.02995920539808139,0.00010269785765137929,0.0,under_circular,0.0,0.0
149317002-149317010-002,severe_dysplastic,baseline,20260803,1617.5,156.2670260667801,1622.0,154.50966656208038,1684.0,1687.0,0.711533267618531,0.8323758264495636,0.8346915551784807,0.8514180300175803,0.8537867355106742,0.12084255883103268,0.12315828755994973,0.13988476239904934,0.14225346789214321,-0.0023157287289170547,-0.01904220356801667,-0.02141090906111054,-0.016726474839099614,0.12084255883103268,0.12315828755994973,0.13988476239904934,0.14225346789214321,0.0023157287289170547,0.01904220356801667,0.02141090906111054,5.2976764176815294e-05,0.0,over_circular,0.0,0.0
149317002-149317010-002,severe_dysplastic,baseline,20260804,1594.5,158.61017155647278,1602.0,155.6812388896942,1663.0,1668.0,0.711533267618531,0.7964753104537883,0.8002216665706922,0.8267264444741025,0.8306150919081293,0.0849420428352573,0.08868839895216118,0.11519317685557151,0.11908182428959835,-0.0037463561169038817,-0.030251134020314208,-0.034139781454341045,-0.026504777903410326,0.0849420428352573,0.08868839895216118,0.11519317685557151,0.11908182428959835,0.0037463561169038817,0.030251134020314208,0.034139781454341045,0.00014229131712295562,0.0,over_circular,0.0,0.0
149317002-149317010-002,severe_dysplastic,baseline,20260805,1608.5,169.9238795042038,1616.0,166.9949471950531,1681.0,1686.0,0.711533267618531,0.7000387805750673,0.7033028718739874,0.7248101520676699,0.7281897455650324,0.011494487043463675,0.00823039574454354,0.013276884449138882,0.01665647794650138,0.0032640912989201354,-0.0017823974056752068,-0.005161990903037705,-0.005046488704595342,-0.011494487043463675,-0.00823039574454354,0.013276884449138882,0.01665647794650138,0.0032640912989201354,0.024771371492602556,0.028150964989965055,0.0001155021984423632,0.0,under_circular,0.0,0.0
149317204-149317230-002,severe_dysplastic,baseline,20260803,2006.0,179.19595777988434,2007.5,178.6101713180542,2085.0,2086.0,0.5302104712353382,0.7850266042435675,0.785613613169971,0.790184340221519,0.7907752058797106,0.25481613300822936,0.25540314193463287,0.2599738689861808,0.26056473464437246,-0.0005870089264035094,-0.005157735977951439,-0.0057486016361431025,-0.004570727051547929,0.25481613300822936,0.25540314193463287,0.2599738689861808,0.26056473464437246,0.0005870089264035094,0.005157735977951439,0.0057486016361431025,3.856731788154377e-06,0.0,over_circular,0.0,0.0
149317204-149317230-002,severe_dysplastic,baseline,20260804,1673.5,170.6101713180542,1677.9999999999998,168.8528118133545,1748.0,1751.0,0.5302104712353382,0.722479855783883,0.7244225861997942,0.7375967365077014,0.7395801158410057,0.1922693845485448,0.194212114964456,0.20738626527236326,0.20936964460566754,-0.001942730415911198,-0.015116880723818449,-0.01710026005712273,-0.01317415030790725,0.1922693845485448,0.194212114964456,0.20738626527236326,0.20936964460566754,0.001942730415911198,0.015116880723818449,0.01710026005712273,4.0648917393082407e-05,0.0,over_circular,0.0,0.0
149317204-149317230-002,severe_dysplastic,baseline,20260805,2017.5,188.6101714372635,2020.5,187.43859839439392,2101.0,2103.0,0.5302104712353382,0.712677729584922,0.713737473420736,0.7216146661274266,0.7226876990882108,0.18246725834958388,0.18352700218539786,0.1914041948920885,0.1924772278528727,-0.0010597438358139755,-0.008936936542504603,-0.010009969503288807,-0.007877192706690628,0.18246725834958388,0.18352700218539786,0.1914041948920885,0.1924772278528727,0.0010597438358139755,0.008936936542504603,0.010009969503288807,1.3289124970228272e-05,0.0,over_circular,0.0,0.0
149788987-149788996-003,light_dysplastic,baseline,20260803,6050.5,345.37972366809845,6094.000000000001,327.56348836421967,6207.0,6236.0,0.6880170194329345,0.6373932410815867,0.6419757724404909,0.7086146950865042,0.7137092722679377,0.05062377835134779,0.04604124699244361,0.020597675653569736,0.025692252835003204,0.004582531358904185,0.030026102697778057,0.024931525516344588,0.02544357133887387,-0.05062377835134779,-0.04604124699244361,0.020597675653569736,0.025692252835003204,0.004582531358904185,0.07122145400491753,0.076316031186351,0.0005120458225292834,0.0,under_circular,0.0,0.0
149788987-149788996-003,light_dysplastic,baseline,20260804,5582.999999999999,310.99494767189026,5619.0,296.93607199192047,5725.0,5749.0,0.6880170194329345,0.7253887644929556,0.7300661772677625,0.7957040590727588,0.8008348751441576,0.037371745060021166,0.04204915783482799,0.10768703963982429,0.11281785571122316,-0.004677412774806822,-0.07031529457980312,-0.07544611065120199,-0.0656378818049963,0.037371745060021166,0.04204915783482799,0.10768703963982429,0.11281785571122316,0.004677412774806822,0.07031529457980312,0.07544611065120199,0.0004534032965920476,0.0,over_circular,0.0,0.0
149788987-149788996-003,light_dysplastic,baseline,20260805,5772.499999999999,322.06601536273956,5823.5,302.14927542209625,5919.0,5953.0,0.6880170194329345,0.6993329728412698,0.7055115751132325,0.7945673063289188,0.8015873033185724,0.011315953408335355,0.017494555680298007,0.10655028689598434,0.11357028388563795,-0.006178602271962652,-0.09523433348764898,-0.10225433047730259,-0.08905573121568633,0.011315953408335355,0.017494555680298007,0.10655028689598434,0.11357028388563795,0.006178602271962652,0.09523433348764898,0.10225433047730259,0.0008413947176909575,0.0,over_circular,0.0,0.0
153268807-153268826-001,light_dysplastic,baseline,20260803,5501.500000000001,322.811182141304,5565.999999999999,297.62236428260803,5655.0,5698.0,0.85608265417581,0.6634280670526158,0.6712061476351647,0.7804765458879238,0.7896269116444938,0.19265458712319417,0.18487650654064525,0.07560610828788616,0.06645574253131614,0.0077780805825489185,0.117048478835308,0.12619884459187802,0.10927039825275908,-0.19265458712319417,-0.18487650654064525,-0.07560610828788616,-0.06645574253131614,0.0077780805825489185,0.117048478835308,0.12619884459187802,0.001372285174021104,0.0,under_circular,0.0,0.0
153268807-153268826-001,light_dysplastic,baseline,20260804,5176.5,311.1543279886246,5235.0,288.30865597724915,5325.0,5364.0,0.85608265417581,0.6718841407186396,0.6794771518713567,0.7825835582094725,0.7914275914665485,0.18419851345717042,0.17660550230445327,0.07349909596633752,0.06465506270926147,0.007593011152717155,0.1106994174908329,0.11954345074790895,0.10310640633811574,-0.18419851345717042,-0.17660550230445327,-0.07349909596633752,-0.06465506270926147,0.007593011152717155,0.1106994174908329,0.11954345074790895,0.001251022104358901,0.0,under_circular,0.0,0.0
153268807-153268826-001,light_dysplastic,baseline,20260805,5566.5,323.9827550649643,5628.0,299.9655101299286,5721.0,5762.0,0.85608265417581,0.6664204093004483,0.6737831785759316,0.7774087637379452,0.785997758432975,0.18966224487536165,0.18229947559987836,0.07867389043786477,0.07008489574283494,0.007362769275483294,0.11098835443749688,0.11957734913252671,0.10362558516201359,-0.18966224487536165,-0.18229947559987836,-0.07867389043786477,-0.07008489574283494,0.007362769275483294,0.11098835443749688,0.11957734913252671,0.0012262254195465339,0.0,under_circular,0.0,0.0
153276386-153276405-001,moderate_dysplastic,baseline,20260803,3883.5,244.20815002918243,3885.0,243.62236404418945,4016.0,4017.0,0.6656749822560413,0.8183005934580994,0.8186166616672373,0.8222405052513018,0.8225580952494675,0.1526256112020581,0.15294167941119607,0.1565655229952605,0.15688311299342628,-0.0003160682091379874,-0.003939911793202411,-0.00425750179136819,-0.0036238435840644234,0.1526256112020581,0.15294167941119607,0.1565655229952605,0.15688311299342628,0.0003160682091379874,0.003939911793202411,0.00425750179136819,1.5217890277918755e-06,0.0,over_circular,0.0,0.0
153276386-153276405-001,moderate_dysplastic,baseline,20260804,3737.5,242.20815074443817,3740.5,241.0365777015686,3842.0,3844.0,0.6656749822560413,0.8005962612762509,0.8012388803488472,0.808397869692746,0.809046750925944,0.13492127902020967,0.1355638980928059,0.1427228874367047,0.14337176866990275,-0.0006426190725962178,-0.007801608416495021,-0.008450489649693083,-0.007158989343898803,0.13492127902020967,0.1355638980928059,0.1427228874367047,0.14337176866990275,0.0006426190725962178,0.007801608416495021,0.008450489649693083,6.262160601844258e-06,0.0,over_circular,0.0,0.0
153276386-153276405-001,moderate_dysplastic,baseline,20260805,3846.5,249.86500465869904,3852.5,246.69343185424805,3959.0,3963.0,0.6656749822560413,0.7742206167541782,0.7754282922255223,0.7942558595050166,0.7954947871423571,0.10854563449813692,0.10975330996948107,0.12858087724897538,0.12981980488631584,-0.0012076754713441495,-0.020035242750838456,-0.021274170388178915,-0.018827567279494306,0.10854563449813692,0.10975330996948107,0.12858087724897538,0.12981980488631584,0.0012076754713441495,0.020035242750838456,0.021274170388178915,3.125216599630942e-05,0.0,over_circular,0.0,0.0
153276386-153276405-002,moderate_dysplastic,baseline,20260803,2382.0,269.96550929546356,2395.5000000000005,264.693431019783,2489.0,2510.0,0.8381904303966909,0.4107097911749072,0.41303749150272473,0.42723349540292316,0.4296548439285065,0.42748063922178375,0.4251529388939662,0.4109569349937678,0.40853558646818444,0.002327700327817539,0.016523704228015967,0.018945052753599312,0.014196003900198428,-0.42748063922178375,-0.4251529388939662,-0.4109569349937678,-0.40853558646818444,0.002327700327817539,0.016523704228015967,0.018945052753599312,9.364819776580546e-05,0.0,under_circular,0.0,0.0
153276386-153276405-002,moderate_dysplastic,baseline,20260804,2958.0,333.62236416339874,2983.5000000000005,320.3502857685089,3113.0,3135.0,0.8381904303966909,0.3339625146290743,0.33684150182415257,0.3622078031403962,0.3653302842019513,0.5042279157676166,0.5013489285725383,0.47598262725629475,0.47286014619473965,0.0028789871950782864,0.028245288511321853,0.03136776957287696,0.025366301316243567,-0.5042279157676166,-0.5013489285725383,-0.47598262725629475,-0.47286014619473965,0.0028789871950782864,0.02824528851132191,0.03136776957287701,0.00024349386647681825,0.0,under_circular,0.0,0.0
153276386-153276405-002,moderate_dysplastic,baseline,20260805,4037.0,276.3086556196213,4053.5,269.86500430107117,4148.0,4160.0,0.8381904303966909,0.6644765116653484,0.6671923557184765,0.6965871750735274,0.6994342616201494,0.17371391873134256,0.17099807467821448,0.14160325532316353,0.1387561687765415,0.0027158440531280803,0.03211066340817903,0.034957749954801054,0.02939481935505095,-0.17371391873134256,-0.17099807467821448,-0.14160325532316353,-0.1387561687765415,0.0027158440531280803,0.03211066340817903,0.034957749954801054,0.0001312424934939438,0.0,under_circular,0.0,0.0
153276386-153276414-001,moderate_dysplastic,baseline,20260803,4234.5,301.6639941930771,4238.999999999999,299.07820761203766,4365.0,4368.0,0.8117653245226167,0.5847430210039628,0.5853644269773994,0.594897936832011,0.5955301344269439,0.22702230351865393,0.2264008975452173,0.21686738769060576,0.21623519009567282,0.0006214059734366284,0.010154915828048172,0.01078711342298111,0.009533509854611544,-0.22702230351865393,-0.2264008975452173,-0.21686738769060576,-0.21623519009567282,0.0006214059734366284,0.010154915828048172,0.01078711342298111,1.0791621496308856e-05,0.0,under_circular,0.0,0.0
153276386-153276414-001,moderate_dysplastic,baseline,20260804,3940.0,244.45079159736633,3940.0,244.45079159736633,4045.0,4045.0,0.8117653245226167,0.8285585246387351,0.8285585246387351,0.8285585246387351,0.8285585246387351,0.0167932001161184,0.0167932001161184,0.0167932001161184,0.0167932001161184,0.0,0.0,0.0,0.0,0.0167932001161184,0.0167932001161184,0.0167932001161184,0.0167932001161184,0.0,0.0,0.0,0.0,0.0,over_circular,0.0,0.0
153276386-153276414-001,moderate_dysplastic,baseline,20260805,4061.5,250.20815074443817,4064.5,249.0365777015686,4170.0,4172.0,0.8117653245226167,0.8152548955389188,0.8158570781528833,0.8229435438181687,0.8235514056011194,0.0034895710163020954,0.0040917536302665924,0.011178219295551961,0.011786081078502653,-0.000602182613964497,-0.007688648279249866,-0.008296510062200557,-0.007086465665285369,0.0034895710163020954,0.0040917536302665924,0.011178219295551961,0.011786081078502653,0.000602182613964497,0.007688648279249866,0.008296510062200557,5.679168986194583e-06,0.0,over_circular,0.0,0.0
153314466-153314473-003,light_dysplastic,baseline,20260803,2880.5,223.01219260692596,2924.0,206.02438402175903,3962.0,4019.0,0.8434247583778469,0.7278142062706996,0.7388053251642166,0.8527868499833056,0.8656652488634562,0.11561055210714732,0.10461943321363032,0.009362091605458644,0.022240490485609277,0.010991118893517005,0.10624846050168868,0.09337006162153805,0.09525734160817168,-0.11561055210714732,-0.10461943321363032,0.009362091605458644,0.022240490485609277,0.010991118893517005,0.12497264371260597,0.1378510425927566,0.0018872799866336276,0.0,under_circular,0.0,0.0
153314466-153314473-003,light_dysplastic,baseline,20260804,2898.0000000000005,225.25483322143555,2946.0,206.50966596603394,3005.0,3037.0,0.8434247583778469,0.7177281972599399,0.7296160348957152,0.8539402351813088,0.8680841728240634,0.12569656111790706,0.11380872348213167,0.010515476803461876,0.024659414446216443,0.011887837635775389,0.11518108431444518,0.10103714667169061,0.10329324667866979,-0.12569656111790706,-0.11380872348213167,0.010515476803461876,0.024659414446216443,0.011887837635775389,0.13621203792136893,0.1503559755641235,0.002256100006979178,0.0,under_circular,0.0,0.0
153314466-153314473-003,light_dysplastic,baseline,20260805,3142.0,239.25483322143555,3190.0000000000005,220.50966620445251,3726.0,3779.0,0.8434247583778469,0.6897545994797916,0.7002919071739451,0.8120088844892503,0.8244138578996528,0.15367015889805535,0.14313285120390185,0.03141587388859657,0.019010900478194093,0.010537307694153508,0.12225428500945879,0.13465925841986126,0.11171697731530528,-0.15367015889805535,-0.14313285120390185,-0.03141587388859657,-0.019010900478194093,0.010537307694153508,0.12225428500945879,0.13465925841986126,0.0018676657162489674,0.0,under_circular,0.0,0.0
153654869-153654880-001,severe_dysplastic,baseline,20260803,4626.5,308.9777023792267,4634.5,302.9777021408081,4752.0,4759.0,0.486626550364364,0.6089871822150522,0.6100402239221139,0.6333460926837794,0.6344412550617045,0.12236063185068824,0.1234136735577499,0.14671954231941542,0.14781470469734048,-0.0010530417070616638,-0.02435891046872718,-0.025454072846652243,-0.023305868761665516,0.12236063185068824,0.1234136735577499,0.14671954231941542,0.14781470469734048,0.0010530417070616638,0.02435891046872718,0.025454072846652243,4.212067086339921e-05,0.0,over_circular,0.0,0.0
153654869-153654880-001,severe_dysplastic,baseline,20260804,4662.5,332.63455617427826,4735.0,292.7350620031357,4806.0,4819.0,0.486626550364364,0.5295341580587831,0.5377682012672038,0.6837214791534786,0.6943530731992967,0.04290760769441915,0.05114165090283984,0.1970949287891146,0.20772652283493276,-0.008234043208420694,-0.15418732109469546,-0.1648189151405136,-0.14595327788627477,0.04290760769441915,0.05114165090283984,0.1970949287891146,0.20772652283493276,0.008234043208420694,0.15418732109469546,0.1648189151405136,0.0023975508373974552,0.0,over_circular,0.0,0.0
153654869-153654880-001,severe_dysplastic,baseline,20260805,4617.500000000001,331.8061292171478,4655.0,321.7056237459183,4742.0,4769.0,0.486626550364364,0.5270453181835343,0.5313255995981271,0.5606598575811628,0.5652131320065646,0.04041876781917031,0.04469904923376311,0.0740333072167988,0.07858658164220067,-0.004280281414592801,-0.033614539397628485,-0.03816781382303036,-0.029334257983035683,0.04041876781917031,0.04469904923376311,0.0740333072167988,0.07858658164220067,0.004280281414592801,0.033614539397628485,0.03816781382303036,0.000272993010809075,0.0,over_circular,0.0,0.0
153655016-153655039-005,severe_dysplastic,baseline,20260803,1756.0,159.88224911689758,1757.5000000000002,159.29646265506744,1827.0,1828.0,0.8497108507549554,0.8632446144810539,0.8639820102223533,0.8696051672749411,0.8703479962902672,0.013533763726098491,0.014271159467397876,0.019894316519985633,0.020637145535311707,-0.0007373957412993848,-0.006360552793887142,-0.007103381809213216,-0.005623157052587757,0.013533763726098491,0.014271159467397876,0.019894316519985633,0.020637145535311707,0.0007373957412993848,0.006360552793887142,0.007103381809213216,5.433274026689361e-06,0.0,over_circular,0.0,0.0
153655016-153655039-005,severe_dysplastic,baseline,20260804,1464.0,158.71067678928375,1467.0,157.53910374641418,1534.0,1536.0,0.8497108507549554,0.7303628144880655,0.7318594595997214,0.7412662037175292,0.7427851918399011,0.11934803626688995,0.11785139115523402,0.10844464703742629,0.10692565891505434,0.0014966451116559254,0.010903389229463656,0.0124223773518356,0.00940674411780773,-0.11934803626688995,-0.11785139115523402,-0.10844464703742629,-0.10692565891505434,0.0014966451116559254,0.010903389229463656,0.0124223773518356,2.2343010716019407e-05,0.0,under_circular,0.0,0.0
153655016-153655039-005,severe_dysplastic,baseline,20260805,1501.0,158.71067667007446,1505.5,156.95331704616547,1571.0,1574.0,0.8497108507549554,0.7488214386567168,0.751066406327573,0.7656839775199231,0.7679794991047596,0.10088941209823865,0.0986444444273824,0.08402687323503233,0.08173135165019585,0.002244967670856246,0.016862538863206322,0.019158060448042802,0.014617571192350076,-0.10088941209823865,-0.0986444444273824,-0.08402687323503233,-0.08173135165019585,0.002244967670856246,0.016862538863206322,0.019158060448042802,5.055391398023357e-05,0.0,under_circular,0.0,0.0
153655087-153655101-002,severe_dysplastic,baseline,20260803,1245.0,181.19595789909363,1252.5,178.2670258283615,1301.0,1315.0,0.8013682896659621,0.47652117605244715,0.47939178554673906,0.4923083226395354,0.49527403542652054,0.3248471136135149,0.321976504119223,0.3090599670264267,0.30609425423944153,0.002870609494291909,0.01578714658708824,0.018752859374073394,0.012916537092796332,-0.3248471136135149,-0.321976504119223,-0.3090599670264267,-0.30609425423944153,0.002870609494291909,0.01578714658708824,0.018752859374073394,9.51032926932438e-05,0.0,under_circular,0.0,0.0
153655087-153655101-002,severe_dysplastic,baseline,20260804,1104.5,163.78174436092377,1113.5,159.43859839439392,1104.0,1112.0,0.8013682896659621,0.5174216537569095,0.5216378555530273,0.5459949784286544,0.550444009488734,0.28394663590905256,0.27973043411293474,0.25537331123730767,0.2509242801772281,0.004216201796117813,0.028573324671744893,0.03302235573182444,0.02435712287562708,-0.28394663590905256,-0.27973043411293474,-0.25537331123730767,-0.2509242801772281,0.004216201796117813,0.028573324671744893,0.03302235573182444,0.00023282926396173131,0.0,under_circular,0.0,0.0
153655087-153655101-002,severe_dysplastic,baseline,20260805,1690.0,168.36753058433533,1696.0,166.02438473701477,1746.0,1754.0,0.8013682896659621,0.7491691481124676,0.7518289202359438,0.7704648135781618,0.7732001916145339,0.05219914155349448,0.04953936943001824,0.030903476087800308,0.02816809805142817,0.002659772123476234,0.02129566546569417,0.024031043502066307,0.018635893342217935,-0.05219914155349448,-0.04953936943001824,-0.030903476087800308,-0.02816809805142817,0.002659772123476234,0.02129566546569417,0.024031043502066307,7.560591289590413e-05,0.0,under_circular,0.0,0.0
153656862-153656873-001,light_dysplastic,baseline,20260803,3979.0,258.85281217098236,4005.0000000000005,247.48022842407227,4097.0,4114.0,0.851352925082507,0.746239147293389,0.7511153015606996,0.8163996065913702,0.821734210705815,0.10511377778911801,0.10023762352180743,0.03495331849113681,0.029618714376692057,0.004876154267310584,0.0701604592979812,0.07549506341242596,0.06528430503067062,-0.10511377778911801,-0.10023762352180743,-0.03495331849113681,-0.029618714376692057,0.004876154267310584,0.0701604592979812,0.07549506341242596,0.00045844984713416803,0.0,under_circular,0.0,0.0
153656862-153656873-001,light_dysplastic,baseline,20260804,3867.5,256.2670257091522,3893.0,246.3086552619934,3995.0,4012.0,0.851352925082507,0.7400392078118035,0.7449185872039693,0.8010891322596851,0.8063710386262325,0.1113137172707035,0.10643433787853773,0.050263792822821896,0.044981886456274545,0.004879379392165761,0.0610499244478816,0.06633183081442895,0.05617054505571584,-0.1113137172707035,-0.10643433787853773,-0.050263792822821896,-0.044981886456274545,0.004879379392165761,0.0610499244478816,0.06633183081442895,0.0004025269743815896,0.0,under_circular,0.0,0.0
153656862-153656873-001,light_dysplastic,baseline,20260805,4020.5,258.2670258283615,4043.0,249.48022878170013,4234.0,4249.0,0.851352925082507,0.7574465780632452,0.7616854906379059,0.8117413383272651,0.8162841016931062,0.09390634701926182,0.08966743444460112,0.0396115867552419,0.03506882338940087,0.0042389125746606915,0.054294760264019915,0.058837523629860944,0.05005584768935922,-0.09390634701926182,-0.08966743444460112,-0.0396115867552419,-0.03506882338940087,0.0042389125746606915,0.054294760264019915,0.058837523629860944,0.00030385079118033786,0.0,under_circular,0.0,0.0
153657121-153657160-001,severe_dysplastic,baseline,20260803,3850.0,245.137082695961,3854.5,243.37972342967987,3957.0,3960.0,0.7668286068872979,0.8051050796890988,0.8060461116004237,0.8167738165166194,0.8177284872112491,0.03827647280180091,0.039217504713125795,0.049945209629321474,0.05089988032395121,-0.0009410319113248855,-0.011668736827520565,-0.012623407522150298,-0.01072770491619568,0.03827647280180091,0.039217504713125795,0.049945209629321474,0.05089988032395121,0.0009410319113248855,0.011668736827520565,0.012623407522150298,1.3638783304847912e-05,0.0,over_circular,0.0,0.0
153657121-153657160-001,severe_dysplastic,baseline,20260804,3767.0,245.13708245754242,3771.4999999999995,243.379723072052,3874.0,3877.0,0.7668286068872979,0.7877482704125337,0.788689302325689,0.7991654482754055,0.8001201189728409,0.020919663525235777,0.021860695438391087,0.03233684138810755,0.03329151208554293,-0.0009410319131553102,-0.011417177862871775,-0.012371848560307153,-0.010476145949716464,0.020919663525235777,0.021860695438391087,0.03233684138810755,0.03329151208554293,0.0009410319131553102,0.011417177862871775,0.012371848560307153,1.3638784280067817e-05,0.0,over_circular,0.0,0.0
153657121-153657160-001,severe_dysplastic,baseline,20260805,3756.5,247.72286880016327,3761.0,245.96550929546356,3865.0,3868.0,0.7668286068872979,0.7692385766588287,0.7701600657031424,0.7802698627935454,0.7812045664758483,0.00240996977153074,0.0033314588158445124,0.013441255906247451,0.014375959588550424,-0.0009214890443137724,-0.011031286134716711,-0.011965989817019684,-0.010109797090402939,0.00240996977153074,0.0033314588158445124,0.013441255906247451,0.014375959588550424,0.0009214890443137724,0.011031286134716711,0.011965989817019684,1.321463798920064e-05,0.0,over_circular,0.0,0.0
153659229-153659264-001,severe_dysplastic,baseline,20260803,3655.5000000000005,239.72286891937256,3657.0,239.13708245754242,3760.0,3761.0,0.8024525080479332,0.7993513618144804,0.7996793681180563,0.8032723155130779,0.8036019307430791,0.0031011462334528117,0.0027731399298769333,0.0008198074651446507,0.0011494226951458408,0.00032800630357587846,0.002281338768308161,0.0019517235383069709,0.0019533324647322825,-0.0031011462334528117,-0.0027731399298769333,0.0008198074651446507,0.0011494226951458408,0.00032800630357587846,0.0039209536985974625,0.0042505689285986525,1.6089264253116298e-06,0.0,under_circular,0.0,0.0
153659229-153659264-001,severe_dysplastic,baseline,20260804,3473.0,235.9655101299286,3476.0,234.79393708705902,3575.0,3577.0,0.8024525080479332,0.7838222533958831,0.7844993241589663,0.791663989938917,0.7923478344450549,0.01863025465205015,0.01795318388896694,0.010788518109016265,0.010104673602878367,0.0006770707630832096,0.007841736543033884,0.008525581049171782,0.007164665779950674,-0.01863025465205015,-0.01795318388896694,-0.010788518109016265,-0.010104673602878367,0.0006770707630832096,0.007841736543033884,0.008525581049171782,6.773743054688808e-06,0.0,under_circular,0.0,0.0
153659229-153659264-001,severe_dysplastic,baseline,20260805,3513.5,238.55129599571228,3516.5,237.3797229528427,3617.0,3619.0,0.8024525080479332,0.7758651793036769,0.7765276513508981,0.7835425481358002,0.784211575500083,0.02658732874425629,0.025924856697035148,0.018909959912133067,0.018240932547850197,0.000662472047221141,0.007677368832123221,0.008346396196406092,0.0070148967849020805,-0.02658732874425629,-0.025924856697035148,-0.018909959912133067,-0.018240932547850197,0.000662472047221141,0.007677368832123221,0.008346396196406092,6.555317061729404e-06,0.0,under_circular,0.0,0.0
153697342-153697375-001,moderate_dysplastic,baseline,20260803,2479.5,196.6101713180542,2484.0,194.85281217098236,2567.0,2570.0,0.7692689620841614,0.8060500577139311,0.8075129434811071,0.8206550013504533,0.8221443933674233,0.03678109562976972,0.038243981396945737,0.05138603926629193,0.05287543128326189,-0.0014628857671760143,-0.014604943636522205,-0.016094335653492164,-0.013142057869346191,0.03678109562976972,0.038243981396945737,0.05138603926629193,0.05287543128326189,0.0014628857671760143,0.014604943636522205,0.016094335653492164,2.6506249793945003e-05,0.0,over_circular,0.0,0.0
153697342-153697375-001,moderate_dysplastic,baseline,20260804,2290.5,193.43859839439392,2291.9999999999995,192.8528116941452,2376.0,2377.0,0.7692689620841614,0.7692258788280164,0.7697296285849435,0.773905993504351,0.7744128081693832,4.308325614499342e-05,0.00046066650078213645,0.0046370314201895635,0.0051438460852217815,-0.000417583244637143,-0.00459394816404457,-0.005100762829076788,-0.004176364919407427,-4.308325614499342e-05,0.00046066650078213645,0.0046370314201895635,0.0051438460852217815,0.0005037497569271299,0.004680114676334557,0.005186929341366775,3.0649081050881932e-06,0.0,under_circular,0.0,0.0
153697342-153697375-001,moderate_dysplastic,baseline,20260805,2329.5,194.61017191410065,2334.0,192.85281252861023,2416.0,2419.0,0.7692689620841614,0.7729323887091964,0.774425496993889,0.7870831679838478,0.788603611965787,0.003663426625035049,0.0051565349097275615,0.01781420589968641,0.019334649881625587,-0.0014931082846925126,-0.01415077927465136,-0.01567122325659054,-0.012657670989958847,0.003663426625035049,0.0051565349097275615,0.01781420589968641,0.019334649881625587,0.0014931082846925126,0.01415077927465136,0.01567122325659054,2.7335697246666513e-05,0.0,over_circular,0.0,0.0
153697342-153697384-001,moderate_dysplastic,baseline,20260803,2411.0,192.85281193256378,2412.5,192.26702535152435,2496.0,2497.0,0.7767346439307108,0.8146201029144295,0.8151269175782089,0.8195915270579958,0.8201014346857797,0.037885458983718756,0.03839227364749809,0.04285688312728497,0.043366790755068885,-0.0005068146637793314,-0.0049714241435662165,-0.005481331771350129,-0.004464609479786885,0.037885458983718756,0.03839227364749809,0.04285688312728497,0.043366790755068885,0.0005068146637793314,0.0049714241435662165,0.005481331771350129,3.0929640045807005e-06,0.0,over_circular,0.0,0.0
153697342-153697384-001,moderate_dysplastic,baseline,20260804,2277.5,190.26702570915222,2279.0,189.6812391281128,2361.0,2362.0,0.7767346439307108,0.7905715675782439,0.7910922513768683,0.7954621019918898,0.7959860067791512,0.013836923647533084,0.01435760744615755,0.018727458061179036,0.019251362848440423,-0.0005206837986244661,-0.004890534413645953,-0.005414439200907339,-0.004369850615021487,0.013836923647533084,0.01435760744615755,0.018727458061179036,0.019251362848440423,0.0005206837986244661,0.004890534413645953,0.005414439200907339,3.220988636920552e-06,0.0,over_circular,0.0,0.0
153697342-153697384-001,moderate_dysplastic,baseline,20260805,2306.0,194.02438497543335,2309.0,192.85281217098236,2392.0,2394.0,0.7767346439307108,0.7697621206928121,0.7707635458281453,0.7791430745234198,0.780156703848472,0.0069725232378986535,0.005971098102565464,0.00240843059270901,0.003422059917761233,0.0010014251353331893,0.0045640926451896435,0.0035504633201374203,0.003562667509856454,-0.0069725232378986535,-0.005971098102565464,0.00240843059270901,0.003422059917761233,0.0010014251353331893,0.009380953830607663,0.010394583155659887,1.220418971903392e-05,0.0,under_circular,0.0,0.0
153697726-153697736-001,light_dysplastic,baseline,20260803,8440.999999999998,402.2253956794739,8507.0,376.45079135894775,8634.0,8678.0,0.7374453499442302,0.6556390149589094,0.6607654425133804,0.7484922973483538,0.7543447427487795,0.08180633498532075,0.07667990743084974,0.011046947404123597,0.01689939280454933,0.005126427554471014,0.07075938758119715,0.06490694218077142,0.06563296002672614,-0.08180633498532075,-0.07667990743084974,0.011046947404123597,0.01689939280454933,0.005126427554471014,0.09285328238944435,0.09870572778987008,0.0007260178459547184,0.0,under_circular,0.0,0.0
153697726-153697736-001,light_dysplastic,baseline,20260804,6804.5,370.1248904466629,6881.000000000001,340.2497808933258,6980.0,7031.0,0.7374453499442302,0.6241794967723836,0.6311968722596475,0.738601820936635,0.7469055962767265,0.11326585317184656,0.10624847768458268,0.00115647099240479,0.009460246332496314,0.007017375487263888,0.11210938217944177,0.10380560683935025,0.10509200669217789,-0.11326585317184656,-0.10624847768458268,0.00115647099240479,0.009460246332496314,0.007017375487263888,0.11442232416425135,0.12272609950434288,0.0012863998528276355,0.0,under_circular,0.0,0.0
153697726-153697736-001,light_dysplastic,baseline,20260805,7326.0,371.0538227558136,7395.0,344.1076455116272,7503.0,7549.0,0.7374453499442302,0.6686563262440224,0.6749540721504976,0.7774780455701789,0.7848007298650659,0.06878902370020779,0.062491277793732536,0.04003269562594869,0.047355379920835716,0.0062977459064752495,0.028756328074259097,0.02143364377937207,0.022458582167783847,-0.06878902370020779,-0.062491277793732536,0.04003269562594869,0.047355379920835716,0.0062977459064752495,0.10882171932615647,0.1161444036210435,0.001024938388411778,0.0,under_circular,0.0,0.0
153701009-153701019-002,light_dysplastic,baseline,20260803,4690.5,316.8355668783188,4710.0,309.22034192085266,4829.0,4842.0,0.7581589069831517,0.5871663359474316,0.5896073856331739,0.616442952999501,0.6190057155159684,0.17099257103572008,0.16855152134997775,0.14171595398365067,0.1391531914671833,0.0024410496857423247,0.02927661705206941,0.031839379568536774,0.026835567366327084,-0.17099257103572008,-0.16855152134997775,-0.14171595398365067,-0.1391531914671833,0.0024410496857423247,0.02927661705206941,0.031839379568536774,0.00012171283072504036,0.0,under_circular,0.0,0.0
153701009-153701019-002,light_dysplastic,baseline,20260804,4282.500000000001,316.49242174625397,4297.5,309.8061295747757,4420.0,4430.0,0.7581589069831517,0.5372551715350002,0.5391369759887129,0.5606956973574996,0.5626596052291545,0.22090373544815145,0.21902193099443878,0.19746320962565211,0.1954993017539972,0.0018818044537126655,0.023440525822499336,0.025404433694154238,0.02155872136878667,-0.22090373544815145,-0.21902193099443878,-0.19746320962565211,-0.1954993017539972,0.0018818044537126655,0.023440525822499336,0.025404433694154238,8.210341794223641e-05,0.0,under_circular,0.0,0.0
153701009-153701019-002,light_dysplastic,baseline,20260805,4447.5,304.0071402788162,4462.5,297.32084822654724,4580.0,4590.0,0.7581589069831517,0.6047254586677091,0.606765004902676,0.6322299923984306,0.6343623026594708,0.1534334483154426,0.15139390208047565,0.1259289145847211,0.12379660432368089,0.002039546234966938,0.02750453373072148,0.029636843991761697,0.025464987495754543,-0.1534334483154426,-0.15139390208047565,-0.1259289145847211,-0.12379660432368089,0.002039546234966938,0.02750453373072148,0.029636843991761697,9.27640260732776e-05,0.0,under_circular,0.0,0.0
153701622-153701650-001,moderate_dysplastic,baseline,20260803,3867.0000000000005,252.45079028606415,3868.5,251.86500370502472,3976.0,3977.0,0.6664947946312209,0.762483705202728,0.7627794707982294,0.7660345926044394,0.7663317355806242,0.09598891057150716,0.09628467616700853,0.09953979797321855,0.09983694094940332,-0.0002957655955013738,-0.003550887401711389,-0.003848030377896161,-0.003255121806210015,0.09598891057150716,0.09628467616700853,0.09953979797321855,0.09983694094940332,0.0002957655955013738,0.003550887401711389,0.003848030377896161,1.3773806833983215e-06,0.0,over_circular,0.0,0.0
153701622-153701650-001,moderate_dysplastic,baseline,20260804,3846.5,254.35028648376465,3851.0000000000005,252.59292709827423,3955.0,3958.0,0.6664947946312209,0.7471557422083787,0.7480298357583429,0.757588248756952,0.7584745472411341,0.0806609475771578,0.08153504112712207,0.09109345412573111,0.0919797526099132,-0.000874093549964261,-0.010432506548573306,-0.011318805032755397,-0.009558412998609045,0.0806609475771578,0.08153504112712207,0.09109345412573111,0.0919797526099132,0.000874093549964261,0.010432506548573306,0.011318805032755397,1.2204934217829866e-05,0.0,over_circular,0.0,0.0
153701622-153701650-001,moderate_dysplastic,baseline,20260805,3677.0,245.27921783924103,3684.5,242.35028529167175,3782.0,3787.0,0.6664947946312209,0.7680367278402421,0.7696032971790514,0.7867131749428068,0.7883178387481021,0.10154193320902127,0.10310850254783055,0.12021838031158594,0.12182304411688127,-0.001566569338809276,-0.018676447102564664,-0.02028111090786,-0.017109877763755388,0.10154193320902127,0.10310850254783055,0.12021838031158594,0.12182304411688127,0.001566569338809276,0.018676447102564664,0.02028111090786,3.809446648606052e-05,0.0,over_circular,0.0,0.0
153701949-153701958-001,light_dysplastic,baseline,20260803,6348.5,345.0365777015686,6372.5,335.66399443149567,6607.0,6624.0,0.5946941176179306,0.6701171192718111,0.6726504438150139,0.7080622994394585,0.7107390727223675,0.0754230016538805,0.07795632619708337,0.11336818182152797,0.11604495510443691,-0.002533324543202875,-0.037945180167647474,-0.040621953450556414,-0.0354118556244446,0.0754230016538805,0.07795632619708337,0.11336818182152797,0.11604495510443691,0.002533324543202875,0.037945180167647474,0.040621953450556414,0.00014344873970606464,0.0,over_circular,0.0,0.0
153701949-153701958-001,light_dysplastic,baseline,20260804,6257.5,343.37972354888916,6289.0,330.2497799396515,6413.0,6434.0,0.5946941176179306,0.6669010927149276,0.6702582456387023,0.720984035691965,0.7246134399467468,0.07220697509699703,0.07556412802077173,0.12628991807403445,0.1299193223288162,-0.0033571529237746978,-0.05408294297703742,-0.05771234723181917,-0.05072579005326272,0.07220697509699703,0.07556412802077173,0.12628991807403445,0.1299193223288162,0.0033571529237746978,0.05408294297703742,0.05771234723181917,0.00027225133100705623,0.0,over_circular,0.0,0.0
153701949-153701958-001,light_dysplastic,baseline,20260805,5583.5,333.23758828639984,5622.5,318.00713860988617,5736.0,5762.0,0.5946941176179306,0.6318418951894265,0.6362552262384795,0.6938133407420001,0.6986595340417114,0.0371477775714959,0.04156110862054896,0.09911922312406951,0.10396541642378088,-0.00441333104905306,-0.06197144555257361,-0.06681763885228498,-0.05755811450352055,0.0371477775714959,0.04156110862054896,0.09911922312406951,0.10396541642378088,0.00441333104905306,0.06197144555257361,0.06681763885228498,0.00043286225065830575,0.0,over_circular,0.0,0.0
153702037-153702051-003,light_dysplastic,baseline,20260803,5987.0,317.2792181968689,6008.0,309.0782072544098,6128.0,6142.0,0.8003070683528971,0.7473703575434361,0.7499918336597566,0.787557647588555,0.7903200846353828,0.05293671080946105,0.050315234693140476,0.012749420764342156,0.009986983717514275,0.0026214761163205758,0.040187290045118895,0.04294972709194678,0.03756581392879832,-0.05293671080946105,-0.050315234693140476,-0.012749420764342156,-0.009986983717514275,0.0026214761163205758,0.040187290045118895,0.04294972709194678,0.00014096093050730563,0.0,under_circular,0.0,0.0
153702037-153702051-003,light_dysplastic,baseline,20260804,4817.499999999999,327.17871284484863,4837.0,319.56348872184753,4952.0,4970.0,0.8003070683528971,0.5655376310610274,0.5678267818250523,0.5928124006849966,0.5952119526960725,0.23476943729186972,0.2324802865278448,0.20749466766790048,0.2050951156568246,0.0022891507640249165,0.02727476962396924,0.02967432163504513,0.024985618859944325,-0.23476943729186972,-0.2324802865278448,-0.20749466766790048,-0.2050951156568246,0.0022891507640249165,0.02727476962396924,0.02967432163504513,0.00011040124705097298,0.0,under_circular,0.0,0.0
153702037-153702051-003,light_dysplastic,baseline,20260805,5151.0,320.93607199192047,5167.499999999999,314.4924203157425,5293.0,5304.0,0.8003070683528971,0.6284407643034918,0.6304538244104627,0.6544568960210495,0.6565532926011983,0.17186630404940528,0.1698532439424344,0.1458501723318476,0.1437537757516988,0.0020130601069708876,0.026016131717557678,0.028112528297706496,0.02400307161058679,-0.17186630404940528,-0.1698532439424344,-0.1458501723318476,-0.1437537757516988,0.0020130601069708876,0.026016131717557678,0.028112528297706496,8.333647317793069e-05,0.0,under_circular,0.0,0.0
153826963-153826970-001,severe_dysplastic,baseline,20260803,2289.0,255.96550977230072,2310.0,246.93607223033905,2379.0,2403.0,0.5102779682484269,0.4390285433587188,0.443056328160175,0.47172249266301614,0.47605022195350255,0.07124942488970804,0.06722164008825188,0.038555475585410726,0.03422774629492431,0.004027784801456158,0.03269394930429731,0.037021678594783725,0.02866616450284115,-0.07124942488970804,-0.06722164008825188,-0.038555475585410726,-0.03422774629492431,0.004027784801456158,0.03269394930429731,0.037021678594783725,0.00029994448903025717,0.0,under_circular,0.0,0.0
153826963-153826970-001,severe_dysplastic,baseline,20260804,2926.0000000000005,220.79393696784973,2939.5000000000005,215.5218586921692,3026.0,3042.0,0.5102779682484269,0.7542405871770939,0.7577205078629758,0.7915922582775706,0.7952445123742032,0.243962618928667,0.24744253961454898,0.28131429002914377,0.2849665441257764,-0.0034799206858819876,-0.03735167110047677,-0.04100392519710938,-0.03387175041459478,0.243962618928667,0.24744253961454898,0.28131429002914377,0.2849665441257764,0.0034799206858819876,0.03735167110047677,0.04100392519710938,0.0001723334107506247,0.0,over_circular,0.0,0.0
153826963-153826970-001,severe_dysplastic,baseline,20260805,2980.5,238.69343149662018,2992.5,233.17871260643005,3078.0,3090.0,0.5102779682484269,0.657382372112432,0.6600291053670366,0.6888444914258152,0.6916178965246609,0.14710440386400514,0.14975113711860977,0.1785665231773883,0.18133992827623402,-0.0026467332546046274,-0.03146211931338316,-0.03423552441222888,-0.028815386058778536,0.14710440386400514,0.14975113711860977,0.1785665231773883,0.18133992827623402,0.0026467332546046274,0.03146211931338316,0.03423552441222888,0.00012667184424108857,0.0,over_circular,0.0,0.0
153826963-153826982-003,severe_dysplastic,baseline,20260803,4195.5,351.32084810733795,4204.5,347.8061292171478,4284.0,4292.0,0.7599525751167153,0.42715524605493954,0.42807156049052403,0.43583201311717373,0.4367669405675503,0.3327973290617758,0.3318810146261913,0.3241205619995416,0.32318563454916505,0.0009163144355844866,0.008676767062234192,0.009611694512610736,0.007760452626649705,-0.3327973290617758,-0.3318810146261913,-0.3241205619995416,-0.32318563454916505,0.0009163144355844866,0.008676767062234192,0.009611694512610736,1.8613014792057125e-05,0.0,under_circular,0.0,0.0
153826963-153826982-003,severe_dysplastic,baseline,20260804,5880.0,314.5929263830185,5887.500000000001,311.6639941930771,6018.0,6023.0,0.7599525751167153,0.7466022312757511,0.7475545300401335,0.760700892481422,0.7616711742320361,0.01335034384096423,0.01239804507658182,0.0007483173647067076,0.0017185991153207958,0.0009522987643824088,0.012602026476257522,0.011631744725643434,0.011649727711875113,-0.01335034384096423,-0.01239804507658182,0.0007483173647067076,0.0017185991153207958,0.0009522987643824088,0.014098661205670937,0.015068942956285025,1.7982986231679376e-05,0.0,under_circular,0.0,0.0
153826963-153826982-003,severe_dysplastic,baseline,20260805,5862.0,309.42135310173035,5868.0,307.0782073736191,5997.0,6001.0,0.7599525751167153,0.7694051983064593,0.7701927164214095,0.7811918159102489,0.7819913981169123,0.009452623189743936,0.010240141304694195,0.021239240793533565,0.022038823000196994,-0.0007875181149502586,-0.011786617603789629,-0.012586199810453058,-0.01099909948883937,0.009452623189743936,0.010240141304694195,0.021239240793533565,0.022038823000196994,0.0007875181149502586,0.011786617603789629,0.012586199810453058,1.206409171317091e-05,0.0,over_circular,0.0,0.0
153827595-153827657-002,carcinoma_in_situ,baseline,20260803,2288.0,193.68123877048492,2289.5,193.0954520702362,2373.0,2374.0,0.678051684887362,0.7664622607614763,0.7669647491317307,0.7711196923699103,0.7716252341262716,0.08841057587411427,0.08891306424436873,0.09306800748254829,0.09357354923890959,-0.0005024883702544614,-0.004657431608434015,-0.00516297336479532,-0.004154943238179554,0.08841057587411427,0.08891306424436873,0.09306800748254829,0.09357354923890959,0.0005024883702544614,0.004657431608434015,0.00516297336479532,3.053386106843803e-06,0.0,over_circular,0.0,0.0
153827595-153827657-002,carcinoma_in_situ,baseline,20260804,2106.0,184.36753058433533,2107.5,183.7817441225052,2188.0,2189.0,0.678051684887362,0.7785730259419062,0.7791275651341725,0.7835441877050608,0.7841022676108336,0.10052134105454424,0.10107588024681047,0.10549250281769884,0.10605058272347156,-0.0005545391922662235,-0.004971161763154597,-0.0055292416689273205,-0.004416622570888373,0.10052134105454424,0.10107588024681047,0.10549250281769884,0.10605058272347156,0.0005545391922662235,0.004971161763154597,0.0055292416689273205,3.5407135065002038e-06,0.0,over_circular,0.0,0.0
153827595-153827657-002,carcinoma_in_situ,baseline,20260805,2162.0,193.3380937576294,2166.5,191.58073461055756,2246.0,2249.0,0.678051684887362,0.7268263925652134,0.7283392134563066,0.74022182388596,0.7417625261095894,0.048774707677851414,0.050287528568944584,0.062170138998598024,0.06371084122222737,-0.0015128208910931695,-0.01339543132074661,-0.014936133544375951,-0.01188261042965344,0.048774707677851414,0.050287528568944584,0.062170138998598024,0.06371084122222737,0.0015128208910931695,0.01339543132074661,0.014936133544375951,2.7881332536172643e-05,0.0,over_circular,0.0,0.0
153828877-153828902-002,severe_dysplastic,baseline,20260803,3573.0,248.10764598846436,3577.5,246.35028636455536,3679.0,3682.0,0.6927503472728003,0.7293946672379159,0.7303133003200796,0.7398381759511073,0.7407699620669148,0.036644319965115635,0.0375629530472793,0.047087828678307075,0.04801961479411454,-0.0009186330821636668,-0.01044350871319144,-0.011375294828998905,-0.009524875631027774,0.036644319965115635,0.0375629530472793,0.047087828678307075,0.04801961479411454,0.0009186330821636668,0.01044350871319144,0.011375294828998905,1.315303364379794e-05,0.0,over_circular,0.0,0.0
153828877-153828902-002,severe_dysplastic,baseline,20260804,3654.0,252.93607223033905,3657.0,251.76449918746948,3762.0,3764.0,0.6927503472728003,0.7177230046048497,0.7183122681554285,0.7244183201701959,0.7250130806957872,0.024972657332049453,0.02556192088262821,0.031667972897395646,0.03226273342298691,-0.0005892635505787558,-0.006695315565346194,-0.0072900760909374585,-0.006106052014767438,0.024972657332049453,0.02556192088262821,0.031667972897395646,0.03226273342298691,0.0005892635505787558,0.006695315565346194,0.0072900760909374585,5.496975012508898e-06,0.0,over_circular,0.0,0.0
153828877-153828902-002,severe_dysplastic,baseline,20260805,3655.0,254.5929253101349,3661.0,252.24977922439575,3763.0,3767.0,0.6927503472728003,0.7086056044596746,0.7097688421140543,0.7218312097986795,0.723016158433096,0.015855257186874305,0.01701849484125406,0.02908086252587927,0.030265811160295697,-0.0011632376543797562,-0.013225605339004964,-0.014410553973421392,-0.012062367684625208,0.015855257186874305,0.01701849484125406,0.02908086252587927,0.030265811160295697,0.0011632376543797562,0.013225605339004964,0.014410553973421392,2.1710980036671046e-05,0.0,over_circular,0.0,0.0
153828952-153828970-001,severe_dysplastic,baseline,20260803,3660.5000000000005,244.55129635334015,3669.5,241.03657746315002,3767.0,3773.0,0.8281379430167808,0.7691487463976783,0.7710398374282968,0.7917432529402799,0.7936898966437255,0.05898919661910251,0.05709810558848394,0.03639469007650087,0.03444804637305532,0.0018910910306185746,0.022594506542601644,0.024541150246047194,0.02070341551198307,-0.05898919661910251,-0.05709810558848394,-0.03639469007650087,-0.03444804637305532,0.0018910910306185746,0.022594506542601644,0.024541150246047194,5.555267282697507e-05,0.0,under_circular,0.0,0.0
153828952-153828970-001,severe_dysplastic,baseline,20260804,3662.5,241.58073377609253,3670.0,238.65180206298828,3770.0,3775.0,0.8281379430167808,0.7886111356467917,0.790226038996239,0.8080868903399939,0.8097416757809631,0.03952680736998904,0.03791190402054179,0.020051052676786862,0.018396267235817665,0.0016149033494472498,0.019475754693202174,0.02113054013417137,0.017860851343754924,-0.03952680736998904,-0.03791190402054179,-0.020051052676786862,-0.018396267235817665,0.0016149033494472498,0.019475754693202174,0.02113054013417137,3.988209152194777e-05,0.0,under_circular,0.0,0.0
153828952-153828970-001,severe_dysplastic,baseline,20260805,3834.9999999999995,239.96551072597504,3836.5,239.3797242641449,3939.0,3940.0,0.8281379430167808,0.8369077290582955,0.8372350723682271,0.8410087368923465,0.8413376842470633,0.008769786041514682,0.009097129351446354,0.012870793875565667,0.013199741230282558,-0.0003273433099316714,-0.004101007834050985,-0.004429955188767876,-0.0037736645241193134,0.008769786041514682,0.009097129351446354,0.012870793875565667,0.013199741230282558,0.0003273433099316714,0.004101007834050985,0.004429955188767876,1.6040447852194717e-06,0.0,over_circular,0.0,0.0
153828952-153829005-001,severe_dysplastic,baseline,20260803,3668.0,255.13708317279816,3680.0000000000005,249.62236404418945,3774.0,3788.0,0.6422119389482304,0.7080958003446325,0.7104123623959235,0.739728254637851,0.7421483034534601,0.06588386139640212,0.06820042344769317,0.0975163156896206,0.09993636450522969,-0.002316562051291049,-0.03163245429321848,-0.03405250310882757,-0.029315892241927433,0.06588386139640212,0.06820042344769317,0.0975163156896206,0.09993636450522969,0.002316562051291049,0.03163245429321848,0.03405250310882757,0.00010348676431803927,0.0,over_circular,0.0,0.0
153828952-153829005-001,severe_dysplastic,baseline,20260804,3758.5,273.86500453948975,3770.5,268.3502856492996,3869.0,3881.0,0.6422119389482304,0.6297255848783965,0.6317361494702658,0.6558738183679163,0.6579678680740264,0.012486354069833894,0.01047578947796457,0.013661879419685885,0.015755929125796042,0.002010564591869324,-0.0011755253498519913,-0.0032695750559621484,-0.003186089941721315,-0.012486354069833894,-0.01047578947796457,0.013661879419685885,0.015755929125796042,0.002010564591869324,0.02614823348951978,0.028242283195629936,8.348511424083327e-05,0.0,under_circular,0.0,0.0
153828952-153829005-001,severe_dysplastic,baseline,20260805,3738.4999999999995,301.6639938354492,3750.5,295.3208478689194,3858.0,3867.0,0.6422119389482304,0.5162502749336505,0.5179073575334108,0.5386653445484301,0.5403943760141465,0.12596166401457987,0.12430458141481959,0.1035465943998003,0.10181756293408384,0.0016570825997602734,0.02241506961477957,0.024144101080496028,0.020757987015019297,-0.12596166401457987,-0.12430458141481959,-0.1035465943998003,-0.10181756293408384,0.0016570825997602734,0.02241506961477957,0.024144101080496028,7.1948865956184e-05,0.0,under_circular,0.0,0.0
153828952-153829005-002,severe_dysplastic,baseline,20260803,2751.0,214.65180122852325,2752.5000000000005,214.06601464748383,2844.0,2845.0,0.7787022620966041,0.7502938386505106,0.7507029410707128,0.7544057797301778,0.7548171242120373,0.02840842344609351,0.02799932102589131,0.024296482366426342,0.02388513788456681,0.0004091024202022009,0.00411194107966717,0.004523285561526702,0.0037028386594649687,-0.02840842344609351,-0.02799932102589131,-0.024296482366426342,-0.02388513788456681,0.0004091024202022009,0.00411194107966717,0.004523285561526702,2.24206165733154e-06,0.0,under_circular,0.0,0.0
153828952-153829005-002,severe_dysplastic,baseline,20260804,3136.0,229.33809351921082,3142.0,226.99494743347168,3237.0,3242.0,0.7787022620966041,0.7492616808059328,0.7506952171850259,0.7648099632841372,0.7662732476526655,0.029440581290671286,0.02800704491157824,0.013892298812466897,0.012429014443938624,0.0014335363790930478,0.01554828247820439,0.017011566846732662,0.014114746099111342,-0.029440581290671286,-0.02800704491157824,-0.013892298812466897,-0.012429014443938624,0.0014335363790930478,0.01554828247820439,0.017011566846732662,2.974798943522483e-05,0.0,under_circular,0.0,0.0
153828952-153829005-002,severe_dysplastic,baseline,20260805,3223.5,242.75230658054352,3226.4999999999995,241.58073353767395,3325.0,3329.0,0.7787022620966041,0.6874020266510685,0.6880417679508833,0.6940854609624738,0.6947314223035277,0.09130023544553556,0.09066049414572075,0.08461680113413028,0.0839708397930764,0.0006397412998148111,0.0066834343114052785,0.007329395652459159,0.0060436930115904675,-0.09130023544553556,-0.09066049414572075,-0.08461680113413028,-0.0839708397930764,0.0006397412998148111,0.0066834343114052785,0.007329395652459159,6.220041239068941e-06,0.0,under_circular,0.0,0.0
153829664-153829672-001,light_dysplastic,baseline,20260803,6258.5,358.9533175230026,6338.0,327.9066345691681,6694.0,6760.0,0.6852373980445065,0.6103854569006213,0.6181390150732823,0.7314416944148778,0.7407329965968675,0.07485194114388516,0.06709838297122417,0.04620429637037138,0.05549559855236108,0.00775355817266099,0.02864764477351378,0.01935634259152408,0.02089408660085279,-0.07485194114388516,-0.06709838297122417,0.04620429637037138,0.05549559855236108,0.00775355817266099,0.12105623751425654,0.13034753969624624,0.001537744009328712,0.0,under_circular,0.0,0.0
153829664-153829672-001,light_dysplastic,baseline,20260804,5813.000000000001,341.8822498321533,5885.0,313.76449966430664,5975.0,6023.0,0.6852373980445065,0.6249669920171462,0.6327078527474462,0.7419977321473041,0.7511881392889875,0.060270406027360224,0.05252954529706022,0.05676033410279768,0.06595074124448108,0.007740860730300003,0.003510071924562541,-0.005680335217120858,-0.004230788805737462,-0.060270406027360224,-0.05252954529706022,0.05676033410279768,0.06595074124448108,0.007740860730300003,0.1170307401301579,0.1262211472718413,0.0014495464113833956,0.0,under_circular,0.0,0.0
153829664-153829672-001,light_dysplastic,baseline,20260805,6161.0,343.0538227558136,6230.0,316.1076452732086,6324.0,6370.0,0.6852373980445065,0.657864643990811,0.6652323863111107,0.7748026072665216,0.7834799940383751,0.027372754053695436,0.02000501173339575,0.08956520922201516,0.09824259599386864,0.007367742320299686,-0.06219245516831973,-0.0708698419401732,-0.06956019748861941,-0.027372754053695436,-0.02000501173339575,0.08956520922201516,0.09824259599386864,0.007367742320299686,0.1169379632757106,0.12561535004756408,0.001309644451553793,0.0,under_circular,0.0,0.0
153829745-153829768-001,severe_dysplastic,baseline,20260803,225.0,107.4558436870575,253.0,92.7695517539978,276.0,290.0,0.7955415136978499,0.24486815297974757,0.2753406342394495,0.32853486572672214,0.36941920457271427,0.5506733607181022,0.5202008794584003,0.46700664797112773,0.4261223091251356,0.030472481259701922,0.08366671274697451,0.12455105159296664,0.05319423148727259,-0.5506733607181022,-0.5202008794584003,-0.46700664797112773,-0.4261223091251356,0.030472481259701922,0.08366671274697457,0.1245510515929667,0.010411857586290207,0.0,under_circular,0.0,0.0
153829745-153829768-001,severe_dysplastic,baseline,20260804,121.0,68.14213538169861,130.0,64.62741661071777,154.0,160.0,0.7955415136978499,0.3274641461769579,0.3518209834959051,0.36405050884115553,0.3911286458623984,0.46807736752089196,0.44372053020194474,0.43149100485669434,0.40441286783545144,0.024356837318947222,0.036586362664197625,0.06366449968544052,0.012229525345250403,-0.46807736752089196,-0.44372053020194474,-0.43149100485669434,-0.40441286783545144,0.024356837318947222,0.036586362664197625,0.06366449968544052,0.0027212997022956764,0.0,under_circular,0.0,0.0
153829745-153829768-001,severe_dysplastic,baseline,20260805,2583.0,220.42640614509583,2608.5,210.4680358171463,2688.0,2705.0,0.7955415136978499,0.6680470189115058,0.6746421404687042,0.7327603713957395,0.7399943588020854,0.12749449478634411,0.12089937322914568,0.0627811423021104,0.05554715489576445,0.006595121557198436,0.06471335248423371,0.07194733989057966,0.058118230927035275,-0.12749449478634411,-0.12089937322914568,-0.0627811423021104,-0.05554715489576445,0.006595121557198436,0.06471335248423371,0.07194733989057966,0.0006388658491475185,0.0,under_circular,0.0,0.0
153829745-153829768-003,severe_dysplastic,baseline,20260803,4880.0,290.93607199192047,4887.5,288.0071394443512,5007.0,5012.0,0.7683823761158967,0.7244935843752187,0.7256070478757954,0.7393042089234239,0.7404404346543513,0.043888791740677946,0.04277532824010122,0.029078167192472804,0.027941941461545383,0.001113463500576728,0.014810624548205142,0.015946850279132563,0.013697161047628414,-0.043888791740677946,-0.04277532824010122,-0.029078167192472804,-0.027941941461545383,0.001113463500576728,0.014810624548205142,0.015946850279132563,2.276223035069247e-05,0.0,under_circular,0.0,0.0
153829745-153829768-003,severe_dysplastic,baseline,20260804,4692.0,285.2792179584503,4708.5,278.00713980197906,4817.0,4828.0,0.7683823761158967,0.7244819952151442,0.727029726016732,0.7628795411464112,0.7655623016811332,0.043900380900752434,0.04135265009916467,0.005502834969485448,0.0028200744347635087,0.0025477308015877664,0.038397545931266985,0.041080306465988925,0.03584981512967922,-0.043900380900752434,-0.04135265009916467,-0.005502834969485448,-0.0028200744347635087,0.0025477308015877664,0.038397545931266985,0.041080306465988925,0.0001350297331341732,0.0,under_circular,0.0,0.0
153829745-153829768-003,severe_dysplastic,baseline,20260805,5034.5,289.8650050163269,5047.999999999999,284.59292590618134,5162.0,5171.0,0.7683823761158967,0.7529647334617222,0.7549838066371583,0.7811204498818677,0.7832150225451718,0.015417642654174446,0.013398569478738409,0.012738073765971025,0.014832646429275176,0.002019073175436037,0.0026795688882034208,0.0005849962248992702,0.0006604957127673838,-0.015417642654174446,-0.013398569478738409,0.012738073765971025,0.014832646429275176,0.002019073175436037,0.02815571642014547,0.030250289083449622,7.549948786811367e-05,0.0,under_circular,0.0,0.0
153830680-153830827-002,severe_dysplastic,baseline,20260803,2860.0000000000005,208.85281229019165,2867.5,205.92388010025024,2953.0,2958.0,0.8161565783967105,0.8239393450828951,0.826100025183637,0.8475444251301254,0.8497670066645575,0.007782766686184606,0.00994344678692649,0.03138784673341488,0.03361042826784699,-0.002160680100741885,-0.023605080047230276,-0.025827661581662387,-0.02144439994648839,0.007782766686184606,0.00994344678692649,0.03138784673341488,0.03361042826784699,0.002160680100741885,0.023605080047230276,0.025827661581662387,6.190143369022572e-05,0.0,over_circular,0.0,0.0
153830680-153830827-002,severe_dysplastic,baseline,20260804,2916.5,216.2670258283615,2922.5,213.92387986183167,3013.0,3017.0,0.8161565783967105,0.7835942298577687,0.7852062872481842,0.8008539307425688,0.8025014958323873,0.0325623485389418,0.03095029114852632,0.015302647654141688,0.01365508256432324,0.0016120573904154778,0.01725970088480011,0.01890726597461856,0.015647643494384633,-0.0325623485389418,-0.03095029114852632,-0.015302647654141688,-0.01365508256432324,0.0016120573904154778,0.01725970088480011,0.01890726597461856,3.550769940297016e-05,0.0,under_circular,0.0,0.0
153830680-153830827-002,severe_dysplastic,baseline,20260805,2986.5,218.75230741500854,2992.5,216.40916073322296,3083.0,3087.0,0.8161565783967105,0.784272699913847,0.7858483356745981,0.8013478970314263,0.8029578375578581,0.03188387848286356,0.03030824272211241,0.014808681365284238,0.013198740838852419,0.0015756357607511484,0.01707519711757932,0.01868513764401114,0.015499561356828173,-0.03188387848286356,-0.03030824272211241,-0.014808681365284238,-0.013198740838852419,0.0015756357607511484,0.01707519711757932,0.01868513764401114,3.4304765680670535e-05,0.0,under_circular,0.0,0.0
153831352-153831372-004,severe_dysplastic,baseline,20260803,3861.5,350.4924211502075,3898.5,350.29141068458557,4034.0,4061.0,0.6153439024314494,0.395010500231441,0.3987953994956035,0.3954639742469249,0.39925321859423457,0.2203334022000084,0.21654850293584593,0.2198799281845245,0.21609068383721486,0.003784899264162478,0.0004534740154839012,0.004242718362793552,-0.0033314252486785767,-0.2203334022000084,-0.21654850293584593,-0.2198799281845245,-0.21609068383721486,0.003784899264162478,0.0004534740154839012,0.004242718362793552,4.345083147172524e-06,0.0,under_circular,0.0,0.0
153831352-153831372-004,severe_dysplastic,baseline,20260804,3646.5,314.8355664014816,3666.0,304.73506104946136,3739.0,3759.0,0.6153439024314494,0.46229426528210527,0.46476642712853367,0.4934478180333859,0.49608657641859116,0.15304963714934416,0.15057747530291576,0.12189608439806354,0.11925732601285827,0.0024721618464284,0.031153552751280622,0.0337923111364859,0.028681390904852222,-0.15304963714934416,-0.15057747530291576,-0.12189608439806354,-0.11925732601285827,0.0024721618464284,0.031153552751280622,0.0337923111364859,0.0001665965387768753,0.0,under_circular,0.0,0.0
153831352-153831372-004,severe_dysplastic,baseline,20260805,3555.0,323.42135322093964,3570.5,315.3208477497101,3645.0,3664.0,0.6153439024314494,0.4270828078043227,0.4289449128735117,0.4493079448898538,0.4512669528070951,0.18826109462712676,0.1863989895579377,0.1660359575415956,0.16407694962435432,0.0018621050691890462,0.022225137085531144,0.02418414500277244,0.020363032016342097,-0.18826109462712676,-0.1863989895579377,-0.1660359575415956,-0.16407694962435432,0.0018621050691890462,0.022225137085531144,0.02418414500277244,9.690284805224936e-05,0.0,under_circular,0.0,0.0
153915432-153915441-002,severe_dysplastic,baseline,20260803,4347.499999999999,320.00713980197906,4355.0,317.0782072544098,4488.0,4493.0,0.7483732712487057,0.5334947112198228,0.5344150586227324,0.5433962870287854,0.5443337159310778,0.21487856002888284,0.21395821262597325,0.20497698421992028,0.20403955531762785,0.0009203474029095826,0.00990157580896256,0.010839004711254985,0.008981228406052977,-0.21487856002888284,-0.21395821262597325,-0.20497698421992028,-0.20403955531762785,0.0009203474029095826,0.00990157580896256,0.010839004711254985,1.7081499382842757e-05,0.0,under_circular,0.0,0.0
153915432-153915441-002,severe_dysplastic,baseline,20260804,3120.5,224.75230741500854,3125.0,222.99494791030884,3221.0,3224.0,0.7483732712487057,0.7762931120336628,0.7774125861577298,0.7885768128957255,0.7897140010572478,0.02791984078495713,0.029039314909024116,0.04020354164701978,0.04134072980854209,-0.001119474124066988,-0.012283700862062652,-0.013420889023584959,-0.011164226737995664,0.02791984078495713,0.029039314909024116,0.04020354164701978,0.04134072980854209,0.001119474124066988,0.012283700862062652,0.013420889023584959,1.7714037455318632e-05,0.0,over_circular,0.0,0.0
153915432-153915441-002,severe_dysplastic,baseline,20260805,3722.0,280.93607223033905,3731.0000000000005,277.42135298252106,3876.0,3883.0,0.7483732712487057,0.5926130628438463,0.5940460337104758,0.607724103882722,0.6091936140748081,0.15576020840485938,0.15432723753822986,0.14064916736598365,0.13917965717389758,0.0014329708666295238,0.015111041038875728,0.016580551230961804,0.013678070172246204,-0.15576020840485938,-0.15432723753822986,-0.14064916736598365,-0.13917965717389758,0.0014329708666295238,0.015111041038875728,0.016580551230961804,3.6539325456552696e-05,0.0,under_circular,0.0,0.0
153915432-153915472-001,severe_dysplastic,baseline,20260803,4535.5,316.8944420814514,4560.0,306.1076452732086,4575.0,4592.0,0.7490263148318534,0.5675521728786029,0.5706179932370036,0.6082563929128474,0.6115420905484696,0.1814741419532505,0.17840832159484987,0.14076992191900606,0.1374842242833838,0.0030658203584006394,0.040704220034244454,0.04398991766986671,0.037638399675843814,-0.1814741419532505,-0.17840832159484987,-0.14076992191900606,-0.1374842242833838,0.0030658203584006394,0.040704220034244454,0.04398991766986671,0.000219877277221614,0.0,under_circular,0.0,0.0
153915432-153915472-001,severe_dysplastic,baseline,20260804,3033.0,227.6812391281128,3048.0,221.82337415218353,3135.0,3145.0,0.7490263148318534,0.7352377234352017,0.7388739139566418,0.7745824632570628,0.7784132370614992,0.013788591396651784,0.010152400875211631,0.02555614842520937,0.029386922229645784,0.0036361905214401524,-0.011767557028557585,-0.015598330832994,-0.015403747549997737,-0.013788591396651784,-0.010152400875211631,0.02555614842520937,0.029386922229645784,0.0036361905214401524,0.03934473982186115,0.04317551362629757,0.00019458328299626348,0.0,under_circular,0.0,0.0
153915432-153915472-001,severe_dysplastic,baseline,20260805,3792.5,319.03657722473145,3816.9999999999995,308.24977946281433,4164.0,4184.0,0.7490263148318534,0.4682248927024723,0.47124968106666754,0.5015680965786953,0.5048082859962768,0.28080142212938114,0.2777766337651859,0.24745821825315817,0.24421802883557664,0.00302478836419523,0.03334320387622297,0.0365833932938045,0.03031841551202774,-0.28080142212938114,-0.2777766337651859,-0.24745821825315817,-0.24421802883557664,0.00302478836419523,0.03334320387622297,0.0365833932938045,0.00021540105338629933,0.0,under_circular,0.0,0.0
153915726-153915736-001,severe_dysplastic,baseline,20260803,2875.5,222.89444231987,2883.0,219.96550977230072,2972.0,2977.0,0.6624007338726607,0.7273187040760705,0.729215727300056,0.7468167619931775,0.7487646408716156,0.06491797020340973,0.06681499342739528,0.08441602812051674,0.08636390699895491,-0.00189702322398555,-0.019498057917107015,-0.021445936795545184,-0.017601034693121465,0.06491797020340973,0.06681499342739528,0.08441602812051674,0.08636390699895491,0.00189702322398555,0.019498057917107015,0.021445936795545184,5.0855654452619525e-05,0.0,over_circular,0.0,0.0
153915726-153915736-001,severe_dysplastic,baseline,20260804,2926.0000000000005,256.7939363718033,2944.0,248.93607211112976,3034.0,3050.0,0.6624007338726607,0.5575895894429933,0.5610197372932919,0.5933466852214614,0.5969968015351955,0.10481114442966744,0.10138099657936883,0.06905404865119935,0.06540393233746522,0.003430147850298604,0.035757095778468084,0.039407212092202215,0.03232694792816948,-0.10481114442966744,-0.10138099657936883,-0.06905404865119935,-0.06540393233746522,0.003430147850298604,0.035757095778468084,0.039407212092202215,0.000219968463435527,0.0,under_circular,0.0,0.0
153915726-153915736-001,severe_dysplastic,baseline,20260805,2258.5,238.89444196224213,2282.5,226.20814979076385,2365.0,2381.0,0.6624007338726607,0.49729932240339114,0.5025838846073678,0.5546429074704929,0.5605368325443436,0.1651014114692696,0.15981684926529294,0.1077578264021678,0.10186390132831713,0.0052845622039766615,0.0573435850671018,0.06323751014095247,0.05205902286312514,-0.1651014114692696,-0.15981684926529294,-0.1077578264021678,-0.10186390132831713,0.0052845622039766615,0.0573435850671018,0.06323751014095247,0.0006093628698740083,0.0,under_circular,0.0,0.0
153916114-153916129-002,severe_dysplastic,baseline,20260803,5653.5,450.3502861261368,5717.0,423.5046138763428,6111.0,6159.0,0.7233159358397553,0.35028889916215994,0.35422333713806814,0.39610558717677485,0.40055463728480084,0.37302703667759535,0.36909259870168715,0.32721034866298043,0.32276129855495445,0.0039344379759082004,0.045816688014614915,0.0502657381226409,0.041882250038706714,-0.37302703667759535,-0.36909259870168715,-0.32721034866298043,-0.32276129855495445,0.0039344379759082004,0.045816688014614915,0.0502657381226409,0.0005146121321177866,0.0,under_circular,0.0,0.0
153916114-153916129-002,severe_dysplastic,baseline,20260804,3549.5,304.7523070573807,3593.0,287.7644991874695,3740.0,3769.0,0.7233159358397553,0.48026732507251346,0.48615311987196524,0.5386449771898849,0.5452462045480367,0.24304861076724182,0.23716281596779004,0.18467095864987038,0.17806973129171855,0.005885794799451782,0.05837765211737145,0.06497887947552328,0.052491857317919666,-0.24304861076724182,-0.23716281596779004,-0.18467095864987038,-0.17806973129171855,0.005885794799451782,0.05837765211737145,0.06497887947552328,0.0007154325587000465,0.0,under_circular,0.0,0.0
153916114-153916129-002,severe_dysplastic,baseline,20260805,4357.0,379.9655101299286,4408.0,360.04876959323883,4540.0,4574.0,0.7233159358397553,0.3792355744651456,0.3836746413225526,0.4223522009396474,0.42729596092310435,0.3440803613746097,0.3396412945172027,0.30096373490010786,0.29601997491665094,0.00443906685740697,0.04311662647450182,0.04806038645795874,0.03867755961709485,-0.3440803613746097,-0.3396412945172027,-0.30096373490010786,-0.29601997491665094,0.00443906685740697,0.04311662647450182,0.04806038645795874,0.0005046931260499488,0.0,under_circular,0.0,0.0
153916114-153916150-001,carcinoma_in_situ,baseline,20260803,2555.5,208.7523066997528,2563.0,205.8233746290207,2647.0,2652.0,0.6011181264762601,0.7369248184211411,0.7390875795787065,0.7580473961355577,0.760272148814492,0.13580669194488104,0.13796945310244646,0.15692926965929765,0.15915402233823195,-0.002162761157565418,-0.021122577714416613,-0.023347330393350907,-0.018959816556851194,0.13580669194488104,0.13796945310244646,0.15692926965929765,0.15915402233823195,0.002162761157565418,0.021122577714416613,0.023347330393350907,6.199152136887598e-05,0.0,over_circular,0.0,0.0
153916114-153916150-001,carcinoma_in_situ,baseline,20260804,2644.5,221.2375876903534,2653.5000000000005,217.72286891937256,2741.0,2747.0,0.6011181264762601,0.678946582414055,0.6812572344245397,0.7010441000730617,0.7034299563410359,0.07782845593779497,0.08013910794827961,0.09992597359680166,0.10231182986477583,-0.0023106520104846373,-0.022097517659006694,-0.024483373926980856,-0.019786865648522056,0.07782845593779497,0.08013910794827961,0.09992597359680166,0.10231182986477583,0.0023106520104846373,0.022097517659006694,0.024483373926980856,7.520425748952508e-05,0.0,over_circular,0.0,0.0
153916114-153916150-001,carcinoma_in_situ,baseline,20260805,2572.0,218.16652011871338,2581.0,214.65180134773254,2668.0,2674.0,0.6011181264762601,0.6790544809605874,0.6814306436078056,0.701474282393926,0.7039288969124116,0.07793635448432734,0.08031251713154552,0.10035615591766589,0.1028107704361515,-0.002376162647218183,-0.02241980143333855,-0.024874415951824158,-0.020043638786120366,0.07793635448432734,0.08031251713154552,0.10035615591766589,0.1028107704361515,0.002376162647218183,0.02241980143333855,0.024874415951824158,7.845187126742648e-05,0.0,over_circular,0.0,0.0
153916114-153916167-001,carcinoma_in_situ,baseline,20260803,3225.0,230.50966620445251,3229.5,228.7523066997528,3328.0,3331.0,0.372122265288049,0.7627132644401112,0.7637775155067719,0.7744771674942224,0.7755578333093306,0.39059099915206225,0.3916552502187229,0.40235490220617337,0.4034355680212816,-0.0010642510666606375,-0.011763903054111124,-0.012844568869219364,-0.010699651987450487,0.39059099915206225,0.3916552502187229,0.40235490220617337,0.4034355680212816,0.0010642510666606375,0.011763903054111124,0.012844568869219364,1.6414748447601824e-05,0.0,over_circular,0.0,0.0
153916114-153916167-001,carcinoma_in_situ,baseline,20260804,2900.0,224.1665199995041,2904.5,222.4091603755951,2999.0,3002.0,0.372122265288049,0.7252143054251016,0.7263396379680026,0.7367201031246874,0.7378632894916051,0.3530920401370526,0.3542173726799536,0.3645978378366384,0.3657410242035561,-0.0011253325429010363,-0.011505797699585818,-0.0126489840665035,-0.010380465156684782,0.3530920401370526,0.3542173726799536,0.3645978378366384,0.3657410242035561,0.0011253325429010363,0.011505797699585818,0.0126489840665035,1.7853824016644815e-05,0.0,over_circular,0.0,0.0
153916114-153916167-001,carcinoma_in_situ,baseline,20260805,2855.5,222.26702558994293,2860.0000000000005,220.50966596603394,2955.0,2958.0,0.372122265288049,0.7263433304375616,0.727487979356129,0.7379667010417146,0.7391296673014547,0.3542210651495126,0.35536571406808,0.3658444357536656,0.3670074020134057,-0.0011446489185673592,-0.011623370604152972,-0.012786336863893077,-0.010478721685585612,0.3542210651495126,0.35536571406808,0.3658444357536656,0.3670074020134057,0.0011446489185673592,0.011623370604152972,0.012786336863893077,1.8317341172746637e-05,0.0,over_circular,0.0,0.0
153916569-153916586-001,carcinoma_in_situ,baseline,20260803,2158.4999999999995,197.58073365688324,2164.5,195.23758792877197,2244.0,2248.0,0.43127483719473136,0.6948206698657688,0.696752068531136,0.7115985426811924,0.7135765789360395,0.2635458326710375,0.26547723133640466,0.280323705486461,0.2823017417413082,-0.0019313986653671789,-0.016777872815423533,-0.018755909070270693,-0.014846474150056355,0.2635458326710375,0.26547723133640466,0.280323705486461,0.2823017417413082,0.0019313986653671789,0.016777872815423533,0.018755909070270693,4.663758947998087e-05,0.0,over_circular,0.0,0.0
153916569-153916586-001,carcinoma_in_situ,baseline,20260804,2002.0,204.16652023792267,2015.5,198.89444160461426,2091.0,2100.0,0.43127483719473136,0.6035383670373974,0.6076081812007365,0.6359583070535366,0.6402467371960056,0.17226352984266602,0.1763333440060051,0.20468346985880526,0.2089719000012742,-0.004069814163339069,-0.03241994001613924,-0.03670837015860817,-0.028350125852800168,0.17226352984266602,0.1763333440060051,0.20468346985880526,0.2089719000012742,0.004069814163339069,0.03241994001613924,0.03670837015860817,0.00021861597912986586,0.0,over_circular,0.0,0.0
153916569-153916586-001,carcinoma_in_situ,baseline,20260805,2034.5,206.7523066997528,2048.0,201.4802292585373,2125.0,2134.0,0.43127483719473136,0.5980903992300669,0.6020590501957125,0.6298000423400588,0.6339791038154045,0.16681556203533554,0.17078421300098112,0.19852520514532745,0.2027042666206731,-0.0039686509656455815,-0.031709643109991914,-0.03588870458533755,-0.027740992144346333,0.16681556203533554,0.17078421300098112,0.19852520514532745,0.2027042666206731,0.0039686509656455815,0.031709643109991914,0.03588870458533755,0.00021041050970005415,0.0,over_circular,0.0,0.0
153956040-153956058-001,normal_columnar,baseline,20260803,2082.5,180.46803605556488,2094.5,175.78174424171448,2164.0,2172.0,0.8468810720979868,0.8035155573259428,0.8081456589768006,0.8469296455373805,0.8518099124024218,0.04336551477204398,0.038735413121186224,4.8573439393684303e-05,0.004928840304434967,0.004630101650857754,0.043316941332650294,0.03843667446760901,0.03868683968179254,-0.04336551477204398,-0.038735413121186224,4.8573439393684303e-05,0.004928840304434967,0.004630101650857754,0.04341408821143766,0.048294355076478945,0.00025016521418352866,0.0,under_circular,0.0,0.0
153956040-153956058-001,normal_columnar,baseline,20260804,1982.5,177.29646289348602,1994.4999999999998,172.61017155647278,2062.0,2070.0,0.8468810720979868,0.7925431509178045,0.7973403856270168,0.8361617396652995,0.8412229960970692,0.054337921180182325,0.049540686470969986,0.0107193324326873,0.005658076000917611,0.004797234709212339,0.043618588747495024,0.048679845179264714,0.038821354038282685,-0.054337921180182325,-0.049540686470969986,-0.0107193324326873,-0.005658076000917611,0.004797234709212339,0.043618588747495024,0.048679845179264714,0.00026402172255735046,0.0,under_circular,0.0,0.0
153956040-153956058-001,normal_columnar,baseline,20260805,2034.0,179.05382251739502,2047.5,173.7817441225052,2115.0,2124.0,0.8468810720979868,0.7972483309364187,0.8025398021594481,0.8463548931350091,0.8519722928682061,0.04963274116156813,0.04434126993853871,0.0005261789629776858,0.005091220770219285,0.00529147122302942,0.04910656219859044,0.04454152039134884,0.04381509097556102,-0.04963274116156813,-0.04434126993853871,-0.0005261789629776858,0.005091220770219285,0.00529147122302942,0.04910656219859044,0.05472396193178741,0.0003259285101675502,0.0,under_circular,0.0,0.0
153956040-153956058-003,normal_columnar,baseline,20260803,2160.5,185.78174448013306,2163.5,184.61017167568207,2615.0,2619.0,0.7953332654577427,0.7866074612756137,0.7876997188011063,0.7966230755560628,0.7977292404376496,0.008725804182129093,0.007633546656636403,0.0012898100983200766,0.0023959749799068453,0.0010922575254926903,0.007435994083809017,0.006329829202222248,0.006343736558316326,-0.008725804182129093,-0.007633546656636403,0.0012898100983200766,0.0023959749799068453,0.0010922575254926903,0.01001561428044917,0.011121779162035939,1.3907356094078338e-05,0.0,under_circular,0.0,0.0
153956040-153956058-003,normal_columnar,baseline,20260804,2153.0,199.19595777988434,2154.5,198.6101711988449,2379.0,2381.0,0.7953332654577427,0.6818562905466845,0.682331341376141,0.6858843954173813,0.6863622526366688,0.11347697491105824,0.1130019240816017,0.10944887004036141,0.10897101282107391,0.00047505082945653587,0.004028104870696825,0.004505962089984328,0.003553054041240289,-0.11347697491105824,-0.1130019240816017,-0.10944887004036141,-0.10897101282107391,0.00047505082945653587,0.004028104870696825,0.004505962089984328,2.8063898309671487e-06,0.0,under_circular,0.0,0.0
153956040-153956058-003,normal_columnar,baseline,20260805,2243.0,189.53910374641418,2244.5,188.95331728458405,2718.0,2724.0,0.7953332654577427,0.7845876942566768,0.7851123850909992,0.7894599375733223,0.7899878867067864,0.010745571201065895,0.010220880366743512,0.0058733278844204095,0.005345378750956309,0.0005246908343223833,0.004872243316645486,0.005400192450109587,0.004347552482323103,-0.010745571201065895,-0.010220880366743512,-0.0058733278844204095,-0.005345378750956309,0.0005246908343223833,0.004872243316645486,0.005400192450109587,3.25829914171738e-06,0.0,under_circular,0.0,0.0
153956040-153956072-003,normal_columnar,baseline,20260803,1244.5,156.81118190288544,1254.9999999999998,152.71067655086517,1314.0,1322.0,0.6149109767985121,0.6359906173897545,0.6413565486734767,0.670603726681845,0.6762616930379393,0.021079640591242343,0.026445571874964546,0.05569274988333284,0.06135071623942712,-0.005365931283722203,-0.034613109292090494,-0.04027107564818477,-0.02924717800836829,0.021079640591242343,0.026445571874964546,0.05569274988333284,0.06135071623942712,0.005365931283722203,0.034613109292090494,0.04027107564818477,0.0002920350723720766,0.0,over_circular,0.0,0.0
153956040-153956072-003,normal_columnar,baseline,20260804,1388.9999999999998,161.88224959373474,1398.0,158.36753118038177,1470.0,1476.0,0.6149109767985121,0.6660604522289991,0.6703761787013253,0.695952848625142,0.7004622623311364,0.05114947543048698,0.05546520190281312,0.08104187182662981,0.08555128553262425,-0.004315726472326142,-0.02989239639614283,-0.034401810102137276,-0.025576669923816686,0.05114947543048698,0.05546520190281312,0.08104187182662981,0.08555128553262425,0.004315726472326142,0.02989239639614283,0.034401810102137276,0.00019368723366830487,0.0,over_circular,0.0,0.0
153956040-153956072-003,normal_columnar,baseline,20260805,1281.5,154.81118190288544,1292.0,150.7106761932373,1351.0,1358.0,0.6149109767985121,0.671929675593341,0.6774351469891506,0.7089905355830464,0.7147996659955489,0.057018698794828904,0.0625241701906385,0.09407955878453422,0.09988868919703675,-0.005505471395809591,-0.03706085998970532,-0.04286999040220785,-0.03155538859389573,0.057018698794828904,0.0625241701906385,0.09407955878453422,0.09988868919703675,0.005505471395809591,0.03706085998970532,0.04286999040220785,0.0003036590166929365,0.0,over_circular,0.0,0.0
153956444-153956458-004,normal_columnar,baseline,20260803,1565.5,158.46803629398346,1575.9999999999998,154.36753058433533,1636.0,1643.0,0.8446020426119935,0.7833928139407487,0.7886471253724816,0.8255645241728345,0.8311016864237541,0.061209228671244786,0.05595491723951185,0.019037518439158907,0.013500356188239304,0.005254311431732939,0.04217171023208588,0.04770887248300548,0.03691739880035294,-0.061209228671244786,-0.05595491723951185,-0.019037518439158907,-0.013500356188239304,0.005254311431732939,0.04217171023208588,0.04770887248300548,0.0002828508191866641,0.0,under_circular,0.0,0.0
153956444-153956458-004,normal_columnar,baseline,20260804,1711.5,163.63960909843445,1717.5,161.2964631319046,1785.0,1789.0,0.8446020426119935,0.8031744798877826,0.8059901660574155,0.8266793297943941,0.8295774168401238,0.04142756272421089,0.038611876554577984,0.017922712817599384,0.015024625771869693,0.0028156861696329027,0.023504849906611502,0.026402936952341194,0.0206891637369786,-0.04142756272421089,-0.038611876554577984,-0.017922712817599384,-0.015024625771869693,0.0028156861696329027,0.023504849906611502,0.026402936952341194,8.24008760967887e-05,0.0,under_circular,0.0,0.0
153956444-153956458-004,normal_columnar,baseline,20260805,1722.5,163.2964631319046,1731.5,159.7817441225052,1795.0,1801.0,0.8446020426119935,0.8117373658604062,0.8159786641435666,0.8478417131103159,0.8522716552978299,0.03286467675158722,0.028623378468426885,0.003239670498322411,0.0076696126858364355,0.004241298283160333,0.029625006253264807,0.025195064065750783,0.025383707970104474,-0.03286467675158722,-0.028623378468426885,0.003239670498322411,0.0076696126858364355,0.004241298283160333,0.03610434724990963,0.040534289437423654,0.00018864390435369138,0.0,under_circular,0.0,0.0
153958154-153958211-001,normal_columnar,baseline,20260803,1369.0,159.0538226366043,1372.0000000000002,157.88224971294403,1440.0,1442.0,0.806013314998981,0.6800253297193894,0.6815155240138805,0.6901550971631787,0.6916674896332222,0.12598798527959154,0.1244977909851005,0.1158582178358023,0.11434582536575877,0.001490194294491043,0.01012976744378924,0.011642159913832772,0.008639573149298196,-0.12598798527959154,-0.1244977909851005,-0.1158582178358023,-0.11434582536575877,0.001490194294491043,0.01012976744378924,0.011642159913832772,2.2198175552490262e-05,0.0,under_circular,0.0,0.0
153958154-153958211-001,normal_columnar,baseline,20260804,1458.0,169.53910374641418,1462.5,167.78174436092377,1533.0,1536.0,0.806013314998981,0.6374228416208756,0.6393901960703228,0.6508456064183138,0.6528543891541728,0.1685904733781054,0.16662311892865822,0.1551677085806672,0.15315892584480817,0.0019673544494471784,0.013422764797438202,0.01543154753329723,0.011455410347991024,-0.1685904733781054,-0.16662311892865822,-0.1551677085806672,-0.15315892584480817,0.0019673544494471784,0.013422764797438202,0.01543154753329723,4.14282864118487e-05,0.0,under_circular,0.0,0.0
153958154-153958211-001,normal_columnar,baseline,20260805,1592.4999999999998,185.09545230865479,1601.5,180.75230598449707,1673.0,1679.0,0.806013314998981,0.5841142589113729,0.5874153756022378,0.6125218870553469,0.6159835492113898,0.22189905608760807,0.2185979393967432,0.19349142794363405,0.19002976578759123,0.003301116690864858,0.028407628143974017,0.03186929030001684,0.02510651145310916,-0.22189905608760807,-0.2185979393967432,-0.19349142794363405,-0.19002976578759123,0.003301116690864858,0.028407628143974017,0.03186929030001684,0.00016054546517796364,0.0,under_circular,0.0,0.0
153958547-153958572-002,normal_columnar,baseline,20260803,1026.5,133.63960897922516,1029.5,132.46803629398346,1085.0,1087.0,0.6415036618692044,0.7222680853287855,0.7243789516278467,0.7351003355114545,0.7372487047336019,0.08076442345958113,0.08287528975864233,0.0935966736422501,0.09574504286439756,-0.0021108662990612093,-0.01283225018266898,-0.014980619404816431,-0.010721383883607771,0.08076442345958113,0.08287528975864233,0.0935966736422501,0.09574504286439756,0.0021108662990612093,0.01283225018266898,0.014980619404816431,3.750292308624115e-05,0.0,over_circular,0.0,0.0
153958547-153958572-002,normal_columnar,baseline,20260804,1015.0000000000002,136.71067667007446,1018.0,135.53910374641418,1074.0,1076.0,0.6415036618692044,0.6824503179615358,0.6844674124973825,0.6942992357337652,0.696351351701451,0.04094665609233139,0.04296375062817814,0.052795573864560796,0.05484768983224664,-0.002017094535846753,-0.011848917772229406,-0.013901033739915247,-0.009831823236382653,0.04094665609233139,0.04296375062817814,0.052795573864560796,0.05484768983224664,0.002017094535846753,0.011848917772229406,0.013901033739915247,3.502143183908846e-05,0.0,over_circular,0.0,0.0
153958547-153958572-002,normal_columnar,baseline,20260805,1054.0,137.05382299423218,1055.5,136.46803653240204,1114.0,1115.0,0.6415036618692044,0.7051283341911426,0.7061318375130465,0.7111948264941319,0.7122069633439813,0.06362467232193825,0.06462817564384216,0.06969116462492753,0.07070330147477688,-0.0010035033219039091,-0.006066492302989279,-0.007078629152838634,-0.00506298898108537,0.06362467232193825,0.06462817564384216,0.06969116462492753,0.07070330147477688,0.0010035033219039091,0.006066492302989279,0.007078629152838634,8.633527945445252e-06,0.0,over_circular,0.0,0.0
153958547-153958572-006,normal_columnar,baseline,20260803,1277.0,143.0538226366043,1278.5,142.46803629398346,1340.0,1341.0,0.7737719254968948,0.7841548385053377,0.7850759287620002,0.7906165201096527,0.7915452004386773,0.010382913008442962,0.011304003265105389,0.01684459461275789,0.01777327494178249,-0.0009210902566624268,-0.006461681604314928,-0.007390361933339529,-0.0055405913476525015,0.010382913008442962,0.011304003265105389,0.01684459461275789,0.01777327494178249,0.0009210902566624268,0.006461681604314928,0.007390361933339529,7.590072362173572e-06,0.0,over_circular,0.0,0.0
153958547-153958572-006,normal_columnar,baseline,20260804,1229.0,143.05382239818573,1229.0,143.05382239818573,1292.0,1292.0,0.7737719254968948,0.7546799528076907,0.7546799528076907,0.7546799528076907,0.7546799528076907,0.01909197268920404,0.01909197268920404,0.01909197268920404,0.01909197268920404,0.0,0.0,0.0,0.0,-0.01909197268920404,-0.01909197268920404,-0.01909197268920404,-0.01909197268920404,0.0,0.0,0.0,0.0,0.0,under_circular,0.0,0.0
153958547-153958572-006,normal_columnar,baseline,20260805,1139.0,138.22539520263672,1142.0,137.05382227897644,1200.0,1202.0,0.7737719254968948,0.7491312386859638,0.7511043674972525,0.7619935303857391,0.7640005370504952,0.024640686810931012,0.022667557999642263,0.011778395111155637,0.009771388446399576,0.001973128811288749,0.012862291699775374,0.014869298364531436,0.010889162888486625,-0.024640686810931012,-0.022667557999642263,-0.011778395111155637,-0.009771388446399576,0.001973128811288749,0.012862291699775374,0.014869298364531436,3.387785346731231e-05,0.0,under_circular,0.0,0.0
153958547-153958572-008,normal_columnar,baseline,20260803,1168.5000000000002,157.982754945755,1170.0,157.39696836471558,1240.0,1241.0,0.41169879988369035,0.5883275894140327,0.5890828238035243,0.5927149130856151,0.5934757794695502,0.1766287895303424,0.17738402391983393,0.18101611320192473,0.18177697958585987,-0.0007552343894915436,-0.004387323671582344,-0.0051481900555174764,-0.0036320892820908,0.1766287895303424,0.17738402391983393,0.18101611320192473,0.18177697958585987,0.0007552343894915436,0.004387323671582344,0.0051481900555174764,5.631994443588972e-06,0.0,over_circular,0.0,0.0
153958547-153958572-008,normal_columnar,baseline,20260804,893.5,139.15432798862457,895.0,138.56854152679443,956.0,957.0,0.41169879988369035,0.5798437550972741,0.580817191731461,0.5847565956206832,0.585738279888653,0.1681449552135838,0.1691183918477706,0.17305779573699281,0.17403948000496267,-0.0009734366341868084,-0.004912840523409012,-0.005894524791378863,-0.003939403889222204,0.1681449552135838,0.1691183918477706,0.17305779573699281,0.17403948000496267,0.0009734366341868084,0.004912840523409012,0.005894524791378863,8.24763378304283e-06,0.0,over_circular,0.0,0.0
153958547-153958572-008,normal_columnar,baseline,20260805,1027.5,147.15432798862457,1029.0,146.56854140758514,1109.0,1110.0,0.41169879988369035,0.5962736462240603,0.5971441187002998,0.6010493927033723,0.6019268370722823,0.18457484634036997,0.18544531881660947,0.18935059281968197,0.190228037188592,-0.0008704724762395033,-0.004775746479312004,-0.005653190848222023,-0.003905274003072501,0.18457484634036997,0.18544531881660947,0.18935059281968197,0.190228037188592,0.0008704724762395033,0.004775746479312004,0.005653190848222023,6.971892670515345e-06,0.0,over_circular,0.0,0.0
153958547-153958572-009,normal_columnar,baseline,20260803,1149.0,137.88224959373474,1152.0,136.71067667007446,1209.0,1211.0,0.7908835541944905,0.7594744565841745,0.7614574186118094,0.772547207229364,0.774564301765211,0.03140909761031607,0.029426135582681145,0.018336346965126538,0.016319252429279563,0.001982962027634927,0.013072750645189535,0.01508984518103651,0.011089788617554608,-0.03140909761031607,-0.029426135582681145,-0.018336346965126538,-0.016319252429279563,0.001982962027634927,0.013072750645189535,0.01508984518103651,3.413250821204805e-05,0.0,under_circular,0.0,0.0
153958547-153958572-009,normal_columnar,baseline,20260804,1130.5,137.982754945755,1130.5,137.982754945755,1192.0,1192.0,0.7908835541944905,0.7461580128861681,0.7461580128861681,0.7461580128861681,0.7461580128861681,0.0447255413083224,0.0447255413083224,0.0447255413083224,0.0447255413083224,0.0,0.0,0.0,0.0,-0.0447255413083224,-0.0447255413083224,-0.0447255413083224,-0.0447255413083224,0.0,0.0,0.0,0.0,0.0,under_circular,0.0,0.0
153958547-153958572-009,normal_columnar,baseline,20260805,1143.5,136.81118214130402,1146.5,135.63960897922516,1204.0,1206.0,0.7908835541944905,0.7677199775694239,0.7697341095612983,0.7810394576128888,0.783088533583889,0.02316357662506663,0.021149444633192238,0.00984409658160168,0.007795020610601555,0.0020141319918743905,0.013319480043464949,0.015368556014465073,0.011305348051590558,-0.02316357662506663,-0.021149444633192238,-0.00984409658160168,-0.007795020610601555,0.0020141319918743905,0.013319480043464949,0.015368556014465073,3.494397912573444e-05,0.0,under_circular,0.0,0.0
153958547-153958590-002,normal_columnar,baseline,20260803,1859.4999999999998,478.83556735515594,1957.0,461.4457379579544,2601.0,2676.0,0.840843072287363,0.10191385817072494,0.10725755334235479,0.10973995267323766,0.11549399697850289,0.738929214116638,0.7335855189450082,0.7311031196141253,0.7253490753088601,0.005343695171629803,0.007826094502512704,0.013580138807777975,0.0024823993308829007,-0.738929214116638,-0.7335855189450082,-0.7311031196141253,-0.7253490753088601,0.005343695171629845,0.007826094502512718,0.013580138807777947,0.00041034913363538483,0.0,under_circular,0.0,0.0
153958547-153958590-002,normal_columnar,baseline,20260804,2500.0,205.0538227558136,2524.0,195.68123877048492,3088.0,3122.0,0.840843072287363,0.7471608929340927,0.75433363750626,0.8204488198347487,0.8283251285051623,0.09368217935327028,0.08650943478110296,0.02039425245261428,0.012517943782200724,0.007172744572167322,0.073287926900656,0.08116423557106955,0.06611518232848868,-0.09368217935327028,-0.08650943478110296,-0.02039425245261428,-0.012517943782200724,0.007172744572167322,0.073287926900656,0.08116423557106955,0.0007035640982462343,0.0,under_circular,0.0,0.0
153958547-153958590-002,normal_columnar,baseline,20260805,638.5,211.63960921764374,688.0,211.8233743906021,1218.0,1256.0,0.840843072287363,0.17913352155585613,0.19302092847365546,0.1788228455163193,0.19268616713426417,0.6617095507315068,0.6478221438137075,0.6620202267710437,0.6481569051530989,0.013887406917799328,-0.000310676039536828,0.013552645578407962,-0.014198082957336156,-0.6617095507315068,-0.6478221438137075,-0.6620202267710437,-0.6481569051530989,0.013887406917799328,-0.000310676039536828,0.013552645578408046,-2.4085299854453845e-05,0.0,under_circular,0.0,0.0
154519964-154519981-001,light_dysplastic,baseline,20260803,5681.000000000001,346.16652059555054,5725.5,323.8650039434433,5841.0,5870.0,0.5297753717898009,0.5957506536387657,0.600417244747184,0.6806229825467505,0.6859543894686532,0.06597528184896473,0.07064187295738311,0.15084761075694952,0.15617901767885223,-0.004666591108418383,-0.0848723289079848,-0.0902037358298875,-0.08020573779956641,0.06597528184896473,0.07064187295738311,0.15084761075694952,0.15617901767885223,0.004666591108418383,0.0848723289079848,0.0902037358298875,0.0006648158134843207,0.0,over_circular,0.0,0.0
154519964-154519981-001,light_dysplastic,baseline,20260804,4983.5,331.92387998104095,5019.5,317.8650048971176,5137.0,5161.0,0.5297753717898009,0.5684173553416049,0.5725235106124583,0.6198104471340427,0.6242878578086339,0.03864198355180393,0.04274813882265738,0.09003507534424171,0.094512486018833,-0.004106155270853451,-0.051393091792437784,-0.05587050246702907,-0.04728693652158433,0.03864198355180393,0.04274813882265738,0.09003507534424171,0.094512486018833,0.004106155270853451,0.051393091792437784,0.05587050246702907,0.0003712554037378357,0.0,over_circular,0.0,0.0
154519964-154519981-001,light_dysplastic,baseline,20260805,5478.5,357.37972342967987,5516.5,341.3208473920822,5641.0,5666.0,0.5297753717898009,0.5390284813796168,0.5427672935165934,0.5909434178145894,0.5950423226018404,0.009253109589815844,0.012991921726792421,0.061168046024788425,0.06526695081203948,-0.003738812136976577,-0.05191493643497258,-0.05601384122222364,-0.048176124297996004,0.009253109589815844,0.012991921726792421,0.061168046024788425,0.06526695081203948,0.003738812136976577,0.05191493643497258,0.05601384122222364,0.00036009265027447945,0.0,over_circular,0.0,0.0
157181481-157181497-004,normal_columnar,baseline,20260803,1209.5,135.63960921764374,1211.0,135.05382299423218,1269.0,1270.0,0.6148052473946776,0.8261191260706938,0.8271436640525922,0.8333011324177387,0.8343345773938665,0.21131387867601625,0.21233841665791464,0.21849588502306116,0.21952932999918895,-0.001024537981898388,-0.007182006347044911,-0.008215451323172696,-0.006157468365146523,0.21131387867601625,0.21233841665791464,0.21849588502306116,0.21952932999918895,0.001024537981898388,0.007182006347044911,0.008215451323172696,8.906994229396226e-06,0.0,over_circular,0.0,0.0
157181481-157181497-004,normal_columnar,baseline,20260804,1149.0,134.56854140758514,1153.5,132.81118178367615,1209.0,1212.0,0.6148052473946776,0.7973386243215385,0.8004613604481242,0.8185790215072019,0.821784944567935,0.1825333769268609,0.18565611305344665,0.2037737741125243,0.20697969717325748,-0.0031227361265857567,-0.021240397185663396,-0.02444632024639659,-0.01811766105907764,0.1825333769268609,0.18565611305344665,0.2037737741125243,0.20697969717325748,0.0031227361265857567,0.021240397185663396,0.02444632024639659,8.318693414743894e-05,0.0,over_circular,0.0,0.0
157181481-157181497-004,normal_columnar,baseline,20260805,1115.0,132.56854140758514,1122.5,129.63960933685303,1174.0,1179.0,0.6148052473946776,0.7972669762793825,0.8026297586310375,0.8336990452336199,0.8393068863450568,0.1824617288847049,0.1878245112363599,0.21889379783894236,0.22450163895037922,-0.005362782351654993,-0.03643206895423745,-0.04203991006567431,-0.031069286602582458,0.1824617288847049,0.1878245112363599,0.21889379783894236,0.22450163895037922,0.005362782351654993,0.03643206895423745,0.04203991006567431,0.00024505875978186875,0.0,over_circular,0.0,0.0
157181671-157181697-001,normal_superficiel,baseline,20260803,491.5000000000001,100.72792184352875,505.0,95.4558436870575,541.0,550.0,0.8394950393942657,0.608742520685179,0.6254628137253618,0.677841797678028,0.6964600362714223,0.23075251870908675,0.2140322256689039,0.16165324171623774,0.14303500312284345,0.016720293040182854,0.06909927699284901,0.0877175155862433,0.05237898395266616,-0.23075251870908675,-0.2140322256689039,-0.16165324171623774,-0.14303500312284345,0.016720293040182854,0.06909927699284901,0.0877175155862433,0.001897945553211433,0.0,under_circular,0.0,0.0
157181671-157181697-001,normal_superficiel,baseline,20260804,536.0000000000001,101.31370830535889,548.0,96.62741661071777,586.0,594.0,0.8394950393942657,0.6562030281138067,0.6708941406835187,0.7213963100196994,0.7375469736768567,0.18329201128045902,0.16860089871074702,0.11809872937456634,0.101948065717409,0.014691112569712006,0.06519328190589269,0.08134394556305002,0.05050216933618068,-0.18329201128045902,-0.16860089871074702,-0.11809872937456634,-0.101948065717409,0.014691112569712006,0.06519328190589269,0.08134394556305002,0.0014595510874453321,0.0,under_circular,0.0,0.0
157181671-157181697-001,normal_superficiel,baseline,20260805,721.9999999999999,126.97056245803833,740.0,119.94112491607666,784.0,796.0,0.8394950393942657,0.5627830058129899,0.5768136070659453,0.6306825663064344,0.6464059543860963,0.27671203358127583,0.2626814323283204,0.20881247308783135,0.19308908500816946,0.01403060125295541,0.06789956049344448,0.08362294857310637,0.05386895924048907,-0.27671203358127583,-0.2626814323283204,-0.20881247308783135,-0.19308908500816946,0.01403060125295541,0.06789956049344448,0.08362294857310637,0.0016927868267064827,0.0,under_circular,0.0,0.0
157183193-157183279-001,normal_superficiel,baseline,20260803,580.0,104.14213538169861,595.0,98.28427076339722,676.0,688.0,0.8728765932811172,0.6720241817452727,0.6894041174800642,0.7545183705966971,0.7740317767328185,0.20085241153584454,0.18347247580105297,0.11835822268442009,0.09884481654829869,0.017379935734791574,0.08249418885142445,0.10200759498754586,0.06511425311663288,-0.20085241153584454,-0.18347247580105297,-0.11835822268442009,-0.09884481654829869,0.017379935734791574,0.08249418885142445,0.10200759498754586,0.002133470401329829,0.0,under_circular,0.0,0.0
157183193-157183279-001,normal_superficiel,baseline,20260804,460.00000000000006,96.97056245803833,477.99999999999994,89.94112491607666,507.0,519.0,0.8728765932811172,0.6147348952114009,0.6387897389370644,0.7145803434144206,0.7425421829393325,0.2581416980697163,0.23408685434405285,0.15829624986669666,0.13033441034178472,0.024054843725663466,0.09984544820301966,0.1278072877279316,0.0757906044773562,-0.2581416980697163,-0.23408685434405285,-0.15829624986669666,-0.13033441034178472,0.024054843725663466,0.09984544820301966,0.1278072877279316,0.003906995799248469,0.0,under_circular,0.0,0.0
157183193-157183279-001,normal_superficiel,baseline,20260805,522.0,98.14213538169861,537.0,92.28427076339722,570.0,580.0,0.8728765932811172,0.6810348883761109,0.7006048564328957,0.770238100432479,0.7923713791805388,0.1918417049050063,0.1722717368482215,0.10263849284863824,0.08050521410057843,0.019569968056784792,0.08920321205636805,0.11133649080442787,0.06963324399958326,-0.1918417049050063,-0.1722717368482215,-0.10263849284863824,-0.08050521410057843,0.019569968056784792,0.08920321205636805,0.11133649080442787,0.0025633106912750225,0.0,under_circular,0.0,0.0
157183828-157183877-001,normal_intermediate,baseline,20260803,1463.5,159.2132030725479,1486.0,150.42640614509583,1541.0,1556.0,0.8496264571196582,0.7255117184218807,0.7366658104372495,0.8127452333519215,0.8252404624263446,0.12411473869777756,0.11296064668240868,0.036881223767736726,0.024385994693313595,0.011154092015368877,0.08723351493004083,0.09972874400446397,0.07607942291467196,-0.12411473869777756,-0.11296064668240868,-0.036881223767736726,-0.024385994693313595,0.011154092015368877,0.08723351493004083,0.09972874400446397,0.0013411370590542537,0.0,under_circular,0.0,0.0
157183828-157183877-001,normal_intermediate,baseline,20260804,1051.5,139.2132030725479,1074.0,130.42640614509583,1119.0,1134.0,0.8496264571196582,0.6818020285403398,0.6963912302922729,0.776762204867015,0.793383364742914,0.16782442857931845,0.15323522682738533,0.07286425225264326,0.056243092376744186,0.014589201751933123,0.0949601763266752,0.11158133620257427,0.08037097457474207,-0.16782442857931845,-0.15323522682738533,-0.07286425225264326,-0.056243092376744186,0.014589201751933123,0.0949601763266752,0.11158133620257427,0.002031958123965949,0.0,under_circular,0.0,0.0
157183828-157183877-001,normal_intermediate,baseline,20260805,1339.5,158.04163014888763,1365.0,148.08326029777527,1416.0,1433.0,0.8496264571196582,0.6739219172223563,0.6867513378189746,0.7676100406429424,0.7822229977436479,0.17570453989730195,0.16287511930068366,0.08201641647671587,0.06740345937601033,0.01282942059661829,0.09368812342058608,0.10830108052129161,0.08085870282396779,-0.17570453989730195,-0.16287511930068366,-0.08201641647671587,-0.06740345937601033,0.01282942059661829,0.09368812342058608,0.10830108052129161,0.0017835365040872464,0.0,under_circular,0.0,0.0
157183964-157183980-001,normal_superficiel,baseline,20260803,306.5,80.38477599620819,326.0,72.7695517539978,345.0,358.0,0.84615028623421,0.596063777983152,0.6339862695677244,0.7273458133530922,0.7736206693412987,0.25008650825105794,0.21216401666648554,0.11880447288111773,0.07252961689291126,0.03792249158457239,0.1312820353699402,0.17755689135814667,0.09335954378536782,-0.25008650825105794,-0.21216401666648554,-0.11880447288111773,-0.07252961689291126,0.03792249158457239,0.1312820353699402,0.17755689135814667,0.008352364403634072,0.0,under_circular,0.0,0.0
157183964-157183980-001,normal_superficiel,baseline,20260804,486.0,96.97056245803833,504.0,89.94112467765808,533.0,545.0,0.84615028623421,0.6494807805929149,0.6735356243185784,0.7549696711752184,0.7829315108483748,0.19666950564129504,0.17261466191563157,0.09118061505899155,0.0632187753858352,0.024054843725663466,0.10548889058230349,0.13345073025545984,0.08143404685664002,-0.19666950564129504,-0.17261466191563157,-0.09118061505899155,-0.0632187753858352,0.024054843725663466,0.10548889058230349,0.13345073025545984,0.003906995947492886,0.0,under_circular,0.0,0.0
157183964-157183980-001,normal_superficiel,baseline,20260805,496.00000000000006,96.97056245803833,514.0,89.94112491607666,543.0,555.0,0.84615028623421,0.6628445826627279,0.6868994263883914,0.7705040224642448,0.7984658619891568,0.18330570357148201,0.15925085984581855,0.0756462637699652,0.04768442424505315,0.024054843725663466,0.10765943980151682,0.13562127932642887,0.08360459607585335,-0.18330570357148201,-0.15925085984581855,-0.0756462637699652,-0.04768442424505315,0.024054843725663466,0.10765943980151682,0.13562127932642887,0.00390699579924858,0.0,under_circular,0.0,0.0
157184013-157184031-001,normal_superficiel,baseline,20260803,1063.5,249.49747383594513,1114.5,229.58073389530182,2892.0,2981.0,0.8084124590123131,0.21469160007801127,0.22498710699289476,0.2535575101894749,0.2657168266160506,0.5937208589343018,0.5834253520194184,0.5548549488228381,0.5426956323962624,0.010295506914883457,0.038865910111463675,0.051025226538039425,0.02857040319658022,-0.5937208589343018,-0.5834253520194184,-0.5548549488228381,-0.5426956323962624,0.010295506914883484,0.03886591011146365,0.05102522653803934,0.0018638095116922104,0.0,under_circular,0.0,0.0
157184013-157184031-001,normal_superficiel,baseline,20260804,489.5,96.38477599620819,509.0,88.7695517539978,820.0,850.0,0.8084124590123131,0.6621336742044703,0.6885108072933103,0.7806107115315123,0.8117075631655561,0.14627878480784273,0.1199016517190028,0.027801747480800776,0.003295104153243078,0.026377133088839932,0.11847703732704196,0.14298368065459965,0.09209990423820202,-0.14627878480784273,-0.1199016517190028,-0.027801747480800776,0.003295104153243078,0.026377133088839932,0.11847703732704196,0.1495738889610858,0.004719718545203921,0.0,under_circular,0.0,0.0
157184013-157184031-001,normal_superficiel,baseline,20260805,536.0,98.14213538169861,551.0,92.28427076339722,1058.0,1100.0,0.8084124590123131,0.6993001918957767,0.7188701599525615,0.7908958272640014,0.8130291060120611,0.10911226711653632,0.08954229905975153,0.01751663174831164,0.004616646999748064,0.019569968056784792,0.09159563536822468,0.10449562011678826,0.07202566731143989,-0.10911226711653632,-0.08954229905975153,-0.01751663174831164,0.004616646999748064,0.019569968056784792,0.09159563536822468,0.11372891411628439,0.0025633106912749115,0.0,under_circular,0.0,0.0
157184850-157184920-002,normal_columnar,baseline,20260803,2284.5,251.37972331047058,2292.0,248.45079064369202,2397.0,2405.0,0.3330778251167574,0.45429770059450264,0.4557891572609324,0.46507207159660513,0.4665989004593648,0.12121987547774526,0.12271133214417501,0.13199424647984775,0.13352107534260743,-0.0014914566664297468,-0.01077437100210249,-0.012301199864862167,-0.009282914335672743,0.12121987547774526,0.12271133214417501,0.13199424647984775,0.13352107534260743,0.0014914566664297468,0.01077437100210249,0.012301199864862167,3.537219632993027e-05,0.0,over_circular,0.0,0.0
157184850-157184920-002,normal_columnar,baseline,20260804,1518.5,175.9238796234131,1526.0,172.9949473142624,1594.0,1599.0,0.3330778251167574,0.6165596117415869,0.6196048518390924,0.6376139682924798,0.6407631976386726,0.28348178662482953,0.28652702672233504,0.3045361431757225,0.30768537252191525,-0.0030452400975055083,-0.02105435655089294,-0.02420358589708571,-0.01800911645338743,0.28348178662482953,0.28652702672233504,0.3045361431757225,0.30768537252191525,0.0030452400975055083,0.02105435655089294,0.02420358589708571,0.000103989248687264,0.0,over_circular,0.0,0.0
157184850-157184920-002,normal_columnar,baseline,20260805,1633.0,171.19595766067505,1637.5,169.43859815597534,1708.0,1711.0,0.3330778251167574,0.7001789292921375,0.7021083874561391,0.7147782838399688,0.7167479729258719,0.36710110417538017,0.36903056233938175,0.3817004587232114,0.3836701478091145,-0.001929458164001585,-0.014599354547831234,-0.01656904363373435,-0.012669896383829649,0.36710110417538017,0.36903056233938175,0.3817004587232114,0.3836701478091145,0.001929458164001585,0.014599354547831234,0.01656904363373435,4.023092190152955e-05,0.0,over_circular,0.0,0.0
157184850-157184942-001,normal_superficiel,baseline,20260803,nan,nan,nan,nan,0.0,0.0,0.5429951124363981,nan,nan,nan,nan,nan,nan,nan,nan,nan,nan,nan,nan,nan,nan,nan,nan,nan,nan,nan,nan,nan,equal,0.0,1.0
157184850-157184942-001,normal_superficiel,baseline,20260804,292.5,93.89949476718903,303.0,89.79898953437805,339.0,346.0,0.5429951124363981,0.4168782368952836,0.4318430966812681,0.45581943122484686,0.47218218003804646,0.1261168755411145,0.11115201575513001,0.08717568121155123,0.07081293239835162,0.014964859785984497,0.03894119432956328,0.05530394314276288,0.02397633454357878,-0.1261168755411145,-0.11115201575513001,-0.08717568121155123,-0.07081293239835162,0.014964859785984497,0.03894119432956328,0.05530394314276288,0.0013978890272151046,0.0,under_circular,0.0,0.0
157184850-157184942-001,normal_superficiel,baseline,20260805,328.0,94.48528122901917,337.0,90.97056245803833,375.0,381.0,0.5429951124363981,0.4616952299552398,0.47436369663084094,0.49806032534240946,0.5117266147572926,0.08129988248115827,0.06863141580555715,0.044934787093988626,0.031268497679105445,0.01266846667560112,0.036365095387169644,0.050031384802052825,0.023696628711568524,-0.08129988248115827,-0.06863141580555715,-0.044934787093988626,-0.031268497679105445,0.01266846667560112,0.036365095387169644,0.050031384802052825,0.0009978227392820616,0.0,under_circular,0.0,0.0
157185208-157185238-001,normal_superficiel,baseline,20260803,1132.0000000000002,146.1421353816986,1147.0,140.28427076339722,1433.0,1445.0,0.886125815941052,0.6660477924629638,0.6748735140945401,0.7228336017667383,0.732411785535732,0.22007802347808825,0.2112523018465119,0.16329221417431372,0.15371403040531995,0.008825721631576355,0.056785809303774526,0.0663639930727683,0.04796008767219817,-0.22007802347808825,-0.2112523018465119,-0.16329221417431372,-0.15371403040531995,0.008825721631576355,0.056785809303774526,0.0663639930727683,0.0007524621374174201,0.0,under_circular,0.0,0.0
157185208-157185238-001,normal_superficiel,baseline,20260804,610.9999999999999,111.31370830535889,623.0000000000001,106.62741661071777,666.0,674.0,0.886125815941052,0.6196604414900057,0.6318305319939012,0.6753257350081624,0.6885890882325455,0.26646537445104634,0.25429528394715084,0.2108000809328896,0.1975367277085065,0.012170090503895503,0.055665293518156744,0.06892864674253985,0.04349520301426124,-0.26646537445104634,-0.25429528394715084,-0.2108000809328896,-0.1975367277085065,0.012170090503895503,0.055665293518156744,0.06892864674253985,0.0010932627204875978,0.0,under_circular,0.0,0.0
157185208-157185238-001,normal_superficiel,baseline,20260805,632.0,111.31370830535889,644.0000000000001,106.62741661071777,687.0,695.0,0.886125815941052,0.6409580998718226,0.6531281903757181,0.6985366031508327,0.7117999563752156,0.24516771606922938,0.23299762556533388,0.18758921279021934,0.17432585956583635,0.012170090503895503,0.05757850327901004,0.07084185650339303,0.04540841277511454,-0.24516771606922938,-0.23299762556533388,-0.18758921279021934,-0.17432585956583635,0.012170090503895503,0.05757850327901004,0.07084185650339303,0.0010932627204874867,0.0,under_circular,0.0,0.0
157185433-157185479-002,normal_columnar,baseline,20260803,1149.0,130.56854116916656,1150.5,129.98275470733643,1207.0,1208.0,0.8205425034913422,0.8469402818357664,0.8480459480000428,0.8545912057609728,0.8557068600765877,0.02639777834442425,0.02750344450870068,0.03404870226963064,0.035164356585245526,-0.001105666164276431,-0.007650923925206388,-0.008766578240821277,-0.006545257760929957,0.02639777834442425,0.02750344450870068,0.03404870226963064,0.035164356585245526,0.001105666164276431,0.007650923925206388,0.008766578240821277,9.988151338458096e-06,0.0,over_circular,0.0,0.0
157185433-157185479-002,normal_columnar,baseline,20260804,1231.0,134.56854140758514,1235.5,132.81118202209473,1291.0,1294.0,0.8205425034913422,0.8542418159615439,0.8573645520881295,0.8769980607985083,0.880203983847731,0.03369931247020175,0.03682204859678728,0.056455557307166115,0.05966148035638885,-0.0031227361265855347,-0.022756244836964368,-0.025962167886187104,-0.019633508710378833,0.03369931247020175,0.03682204859678728,0.056455557307166115,0.05966148035638885,0.0031227361265855347,0.022756244836964368,0.025962167886187104,8.318692263720173e-05,0.0,over_circular,0.0,0.0
157185433-157185479-002,normal_columnar,baseline,20260805,1209.0,131.7401144504547,1210.5,131.154327750206,1268.0,1269.0,0.8205425034913422,0.8753869985374831,0.8764730866249986,0.8832241051120192,0.8843199166568231,0.05484449504614097,0.0559305831336564,0.06268160162067704,0.06377741316548091,-0.0010860880875154244,-0.007837106574536068,-0.008932918119339939,-0.0067510184870206436,0.05484449504614097,0.0559305831336564,0.06268160162067704,0.06377741316548091,0.0010860880875154244,0.007837106574536068,0.008932918119339939,9.723457288446369e-06,0.0,over_circular,0.0,0.0
157185433-157185479-003,normal_columnar,baseline,20260803,970.0,122.0832599401474,971.5,121.49747371673584,1025.0,1026.0,0.7616173258776492,0.8178419121283751,0.8191066161162025,0.8257471866405063,0.827024115279641,0.056224586250725905,0.057489290238553314,0.0641298607628571,0.06540678940199185,-0.0012647039878274091,-0.007905274512131188,-0.009182203151265944,-0.006640570524303779,0.056224586250725905,0.057489290238553314,0.0641298607628571,0.06540678940199185,0.0012647039878274091,0.007905274512131188,0.009182203151265944,1.2224651307346512e-05,0.0,over_circular,0.0,0.0
157185433-157185479-003,normal_columnar,baseline,20260804,902.0,118.91168713569641,902.0,118.91168713569641,955.0,955.0,0.7616173258776492,0.8016177398468879,0.8016177398468879,0.8016177398468879,0.8016177398468879,0.0400004139692387,0.0400004139692387,0.0400004139692387,0.0400004139692387,0.0,0.0,0.0,0.0,0.0400004139692387,0.0400004139692387,0.0400004139692387,0.0400004139692387,0.0,0.0,0.0,0.0,0.0,over_circular,0.0,0.0
157185433-157185479-003,normal_columnar,baseline,20260805,856.5,115.84061968326569,858.0,115.25483322143555,909.0,910.0,0.7616173258776492,0.8020759366752608,0.8034806230792455,0.8102498104081859,0.8116688118274646,0.040458610797611594,0.04186329720159632,0.0486324845305367,0.050051485949815455,-0.0014046864039847229,-0.008173873732925108,-0.009592875152203861,-0.006769187328940385,0.040458610797611594,0.04186329720159632,0.0486324845305367,0.050051485949815455,0.0014046864039847229,0.008173873732925108,0.009592875152203861,1.4315015294030786e-05,0.0,over_circular,0.0,0.0
157185433-157185479-004,normal_columnar,baseline,20260803,1539.5,232.75230658054352,1551.5,227.23758804798126,1643.0,1651.0,0.6817756974382022,0.35710963692292835,0.35989321317695566,0.3746530007618642,0.37757332295032947,0.32466606051527386,0.32188248426124655,0.307122696676338,0.30420237448787274,0.002783576254027309,0.017543363838935844,0.020463686027401118,0.014759787584908535,-0.32466606051527386,-0.32188248426124655,-0.307122696676338,-0.30420237448787274,0.002783576254027309,0.017543363838935844,0.020463686027401118,0.00013674593443796512,0.0,under_circular,0.0,0.0
157185433-157185479-004,normal_columnar,baseline,20260804,1120.0,136.22539508342743,1120.0,136.22539508342743,1180.0,1180.0,0.6817756974382022,0.7584234181728773,0.7584234181728773,0.7584234181728773,0.7584234181728773,0.07664772073467507,0.07664772073467507,0.07664772073467507,0.07664772073467507,0.0,0.0,0.0,0.0,0.07664772073467507,0.07664772073467507,0.07664772073467507,0.07664772073467507,0.0,0.0,0.0,0.0,0.0,over_circular,0.0,0.0
157185433-157185479-004,normal_columnar,baseline,20260805,1195.9999999999998,143.0538227558136,1198.9999999999998,141.88224971294403,1444.0,1446.0,0.6817756974382022,0.7344159634215591,0.7362581439318139,0.7465947152290215,0.7484674444478234,0.052640265983356915,0.05448244649361167,0.06481901779081933,0.06669174700962122,-0.001842180510254754,-0.012178751807462418,-0.0140514810262643,-0.010336571297207664,0.052640265983356915,0.05448244649361167,0.06481901779081933,0.06669174700962122,0.001842180510254754,0.012178751807462418,0.0140514810262643,3.054870854712899e-05,0.0,over_circular,0.0,0.0
157185433-157185479-006,normal_columnar,baseline,20260803,2319.0,289.7644988298416,2325.0,287.4213527441025,2447.0,2451.0,0.7522328064506775,0.34707254554493205,0.34797053401982186,0.35275449342547877,0.35366718292981375,0.4051602609057454,0.4042622724308556,0.3994783130251987,0.3985656235208637,0.0008979884748898104,0.005681947880546712,0.006594637384881696,0.004783959405656901,-0.4051602609057454,-0.4042622724308556,-0.3994783130251987,-0.3985656235208637,0.0008979884748898104,0.005681947880546712,0.006594637384881696,1.4701029445174374e-05,0.0,under_circular,0.0,0.0
157185433-157185479-006,normal_columnar,baseline,20260804,1819.5,165.63960897922516,1819.5,165.63960897922516,2146.0,2147.0,0.7522328064506775,0.8333616878148811,0.8333616878148811,0.8333616878148811,0.8333616878148811,0.0811288813642036,0.0811288813642036,0.0811288813642036,0.0811288813642036,0.0,0.0,0.0,0.0,0.0811288813642036,0.0811288813642036,0.0811288813642036,0.0811288813642036,0.0,0.0,0.0,0.0,0.0,over_circular,0.0,0.0
157185433-157185479-006,normal_columnar,baseline,20260805,1729.0,162.56854128837585,1730.5,161.98275482654572,2232.0,2235.0,0.7522328064506775,0.8221136130267855,0.8228268405684513,0.828070467034947,0.8287888624661514,0.06988080657610807,0.07059403411777387,0.07583766058426955,0.07655605601547388,-0.0007132275416658063,-0.005956854008161483,-0.006675249439365816,-0.005243626466495677,0.06988080657610807,0.07059403411777387,0.07583766058426955,0.07655605601547388,0.0007132275416658063,0.005956854008161483,0.006675249439365816,5.167889538526538e-06,0.0,over_circular,0.0,0.0
157185433-157185508-001,normal_columnar,baseline,20260803,1421.5000000000002,153.63960874080658,1424.5000000000002,152.468035697937,1490.0,1492.0,0.5447025847902661,0.7567463641171857,0.7583434369925649,0.7684208100550566,0.7700425212264708,0.21204377932691953,0.21364085220229878,0.22371822526479046,0.22533993643620465,-0.0015970728753792462,-0.011674445937870925,-0.013296157109285112,-0.010077373062491679,0.21204377932691953,0.21364085220229878,0.22371822526479046,0.22533993643620465,0.0015970728753792462,0.011674445937870925,0.013296157109285112,2.4638296034940055e-05,0.0,over_circular,0.0,0.0
157185433-157185508-001,normal_columnar,baseline,20260804,1306.5,146.81118202209473,1309.5,144.81118190288544,1372.0,1374.0,0.5447025847902661,0.7617299074801424,0.763479000264253,0.7829158436180811,0.7847135837871239,0.21702732268987623,0.21877641547398685,0.23821325882781497,0.24001099899685774,-0.0017490927841106174,-0.021185936137938732,-0.022983676306981504,-0.019436843353828115,0.21702732268987623,0.21877641547398685,0.23821325882781497,0.24001099899685774,0.0017490927841106174,0.021185936137938732,0.022983676306981504,4.864738493215448e-05,0.0,over_circular,0.0,0.0
157185433-157185508-001,normal_columnar,baseline,20260805,1399.5000000000002,149.63960874080658,1401.0,149.05382227897644,1466.0,1467.0,0.5447025847902661,0.7853977248170175,0.7862395230215373,0.7915831335908082,0.7924315613867254,0.2406951400267514,0.2415369382312712,0.2468805488005421,0.24772897659645932,-0.0008417982045197947,-0.0061854087737907015,-0.0070338365697079075,-0.005343610569270907,0.2406951400267514,0.2415369382312712,0.2468805488005421,0.24772897659645932,0.0008417982045197947,0.0061854087737907015,0.0070338365697079075,6.629591397411261e-06,0.0,over_circular,0.0,0.0
157185730-157185758-001,normal_columnar,baseline,20260803,3585.0,247.48022866249084,3588.0,246.308655500412,4145.0,4148.0,0.36519265220169467,0.7355598351321463,0.7361753663749346,0.7425738936240867,0.7431952943718892,0.3703671829304516,0.37098271417323997,0.377381241422392,0.3780026421701946,-0.0006155312427883475,-0.007014058491940367,-0.007635459239742959,-0.0063985272491520195,0.3703671829304516,0.37098271417323997,0.377381241422392,0.3780026421701946,0.0006155312427883475,0.007014058491940367,0.007635459239742959,5.869505014244325e-06,0.0,over_circular,0.0,0.0
157185730-157185758-001,normal_columnar,baseline,20260804,2695.5,272.69343185424805,2707.5,267.17871284484863,3583.0,3591.0,0.36519265220169467,0.4555120236457726,0.4575399013247744,0.47451013581216384,0.47662259050693145,0.09031937144407792,0.09234724912307973,0.10931748361046917,0.11142993830523679,-0.0020278776790018105,-0.018998112166391246,-0.021110566861158864,-0.016970234487389435,0.09031937144407792,0.09234724912307973,0.10931748361046917,0.11142993830523679,0.0020278776790018105,0.018998112166391246,0.021110566861158864,8.457701576580767e-05,0.0,over_circular,0.0,0.0
157185730-157185758-001,normal_columnar,baseline,20260805,2411.5,246.89444196224213,2416.0,245.13708245754242,2996.0,2999.0,0.36519265220169467,0.4971351873485525,0.4980628706755558,0.5042885463498341,0.5052295782629894,0.13194253514685783,0.13287021847386116,0.13909589414813944,0.14003692606129475,-0.0009276833270033258,-0.007153359001281612,-0.008094390914436922,-0.006225675674278286,0.13194253514685783,0.13287021847386116,0.13909589414813944,0.14003692606129475,0.0009276833270033258,0.007153359001281612,0.008094390914436922,1.334858615198442e-05,0.0,over_circular,0.0,0.0
157185781-157185793-003,normal_columnar,baseline,20260803,2751.5,218.4091613292694,2753.0,217.82337486743927,3082.0,3083.0,0.7530417839052961,0.7248325346711059,0.7252276823367452,0.7287363215336969,0.7291335973768008,0.028209249234190215,0.02781410156855091,0.02430546237159914,0.023908186528495246,0.00039514766563930603,0.0039037868625910743,0.004301062705694969,0.0035086391969517683,-0.028209249234190215,-0.02781410156855091,-0.02430546237159914,-0.023908186528495246,0.00039514766563930603,0.0039037868625910743,0.004301062705694969,2.1281774645887097e-06,0.0,under_circular,0.0,0.0
157185781-157185793-003,normal_columnar,baseline,20260804,2870.5,213.72286880016327,2870.5,213.72286880016327,2979.0,2979.0,0.7530417839052961,0.7897059770361344,0.7897059770361344,0.7897059770361344,0.7897059770361344,0.03666419313083835,0.03666419313083835,0.03666419313083835,0.03666419313083835,0.0,0.0,0.0,0.0,0.03666419313083835,0.03666419313083835,0.03666419313083835,0.03666419313083835,0.0,0.0,0.0,0.0,0.0,over_circular,0.0,0.0
157185781-157185793-003,normal_columnar,baseline,20260805,2670.0,198.50966596603394,2670.0,198.50966596603394,2757.0,2757.0,0.7530417839052961,0.8514473697930733,0.8514473697930733,0.8514473697930733,0.8514473697930733,0.09840558588777726,0.09840558588777726,0.09840558588777726,0.09840558588777726,0.0,0.0,0.0,0.0,0.09840558588777726,0.09840558588777726,0.09840558588777726,0.09840558588777726,0.0,0.0,0.0,0.0,0.0,over_circular,0.0,0.0
157222534-157222607-001,normal_superficiel,baseline,20260803,264.0,68.48528122901917,273.0,64.97056245803833,298.0,304.0,0.8839186531441205,0.7073254815316672,0.7314388502202467,0.7859239759138743,0.81271683872912,0.17659317161245336,0.15247980292387386,0.09799467723024624,0.07120181441500051,0.024113368688579495,0.07859849438220712,0.10539135719745285,0.05448512569362762,-0.17659317161245336,-0.15247980292387386,-0.09799467723024624,-0.07120181441500051,0.024113368688579495,0.07859849438220712,0.10539135719745285,0.0026794941266662375,0.0,under_circular,0.0,0.0
157222534-157222607-001,normal_superficiel,baseline,20260804,276.0,73.31370830535889,288.0,68.62741661071777,312.0,320.0,0.8839186531441205,0.6452805451590534,0.6733362210355339,0.7364167270992128,0.7684348456687438,0.23863810798506713,0.21058243210858663,0.14750192604490775,0.11548380747537679,0.0280556758764805,0.09113618194015938,0.12315430050969034,0.06308050606367888,-0.23863810798506713,-0.21058243210858663,-0.14750192604490775,-0.11548380747537679,0.0280556758764805,0.09113618194015938,0.12315430050969034,0.003962442693050461,0.0,under_circular,0.0,0.0
157222534-157222607-001,normal_superficiel,baseline,20260805,338.5,77.89949476718903,349.0,73.79898953437805,377.0,384.0,0.8839186531441205,0.7009697152637043,0.7227132367120616,0.7810299826429224,0.805256909726381,0.18294893788041622,0.161205416432059,0.1028886705011981,0.07866174341773957,0.021743521448357228,0.08006026737921812,0.10428719446267665,0.05831674593086089,-0.18294893788041622,-0.161205416432059,-0.1028886705011981,-0.07866174341773957,0.021743521448357228,0.08006026737921812,0.10428719446267665,0.002483405635101299,0.0,under_circular,0.0,0.0
157222647-157222687-001,normal_intermediate,baseline,20260803,1841.5,191.69848430156708,1873.0000000000002,179.39696860313416,2758.0,2796.0,0.8337957057490964,0.6297152764142918,0.6404869469041372,0.7190372451563654,0.7313368233385134,0.20408042933480464,0.19330875884495924,0.11475846059273109,0.1024588824105831,0.010771670489845397,0.08932196874207354,0.10162154692422154,0.07855029825222815,-0.20408042933480464,-0.19330875884495924,-0.11475846059273109,-0.1024588824105831,0.010771670489845397,0.08932196874207354,0.10162154692422154,0.0015279076923025992,0.0,under_circular,0.0,0.0
157222647-157222687-001,normal_intermediate,baseline,20260804,1425.0,160.62741661071777,1449.0000000000002,151.25483322143555,1503.0,1519.0,0.8337957057490964,0.6940414031792522,0.7057305215485872,0.7827195948865765,0.7959022406951927,0.13975430256984422,0.12806518420050927,0.05107611086251995,0.037893465053903785,0.01168911836933495,0.08867819170732427,0.10186083751594044,0.07698907333798932,-0.13975430256984422,-0.12806518420050927,-0.05107611086251995,-0.037893465053903785,0.01168911836933495,0.08867819170732427,0.10186083751594044,0.001493527439281217,0.0,under_circular,0.0,0.0
157222647-157222687-001,normal_intermediate,baseline,20260805,1571.0,169.4558436870575,1597.9999999999998,158.911687374115,1653.0,1671.0,0.8337957057490964,0.6875003900490796,0.6993161192224248,0.7817616658923389,0.795197416992971,0.14629531570001686,0.1344795865266717,0.052034039856757586,0.038598288756125476,0.011815729173345169,0.09426127584325927,0.10769702694389138,0.0824455466699141,-0.14629531570001686,-0.1344795865266717,-0.052034039856757586,-0.038598288756125476,0.011815729173345169,0.09426127584325927,0.10769702694389138,0.001620021927286941,0.0,under_circular,0.0,0.0
157222801-157222811-001,normal_intermediate,baseline,20260803,729.0,113.4558436870575,750.0,105.2548336982727,906.0,929.0,0.7762440318218847,0.7116781838930851,0.7321792015360958,0.8269005742553377,0.8507207554067261,0.0645658479287996,0.04406483028578889,0.05065654243345297,0.07447672358484136,0.02050101764301071,0.013909305495346636,-0.009910875656041762,-0.006591712147664075,-0.0645658479287996,-0.04406483028578889,0.05065654243345297,0.07447672358484136,0.02050101764301071,0.11522239036225257,0.13904257151364097,0.003319163508377687,0.0,under_circular,0.0,0.0
157222801-157222811-001,normal_intermediate,baseline,20260804,779.0,121.11269783973694,804.4999999999999,111.15432810783386,967.0,992.0,0.7762440318218847,0.6673719744899853,0.6892179120374751,0.7923089576861545,0.8182446167631724,0.10887205733189942,0.08702611978440966,0.016064925864269775,0.042000584941287666,0.021845937547489758,0.09280713146762964,0.06687147239061175,0.07096119392013989,-0.10887205733189942,-0.08702611978440966,0.016064925864269775,0.042000584941287666,0.021845937547489758,0.1249369831961692,0.15087264227318709,0.004089721529528134,0.0,under_circular,0.0,0.0
157222801-157222811-001,normal_intermediate,baseline,20260805,982.0000000000001,134.76955199241638,1012.0,123.05382263660431,1049.0,1069.0,0.7762440318218847,0.679419148142954,0.7001753339314353,0.814950316604151,0.8398469657875771,0.09682488367893072,0.07606869789044945,0.03870628478226623,0.06360293396569239,0.020756185788481263,0.058118598896664486,0.03322194971323833,0.03736241310818322,-0.09682488367893072,-0.07606869789044945,0.03870628478226623,0.06360293396569239,0.020756185788481263,0.13553116846119695,0.1604278176446231,0.004140463394944893,0.0,under_circular,0.0,0.0
157223549-157223570-001,normal_intermediate,baseline,20260803,919.4999999999999,146.5269113779068,954.0,133.05382227897644,989.0,1012.0,0.6793130942482016,0.5381790739551006,0.5583717635162219,0.6526898924008425,0.6771790727029949,0.14113402029310107,0.12094133073197977,0.026623201847359113,0.002134021545206699,0.020192689561121302,0.11451081844574196,0.13899999874789437,0.09431812888462066,-0.14113402029310107,-0.12094133073197977,-0.026623201847359113,-0.002134021545206699,0.020192689561121302,0.11451081844574196,0.13899999874789437,0.0042964907410311115,0.0,under_circular,0.0,0.0
157223549-157223570-001,normal_intermediate,baseline,20260804,851.0,138.28427076339722,881.0,126.56854128837585,917.0,937.0,0.6793130942482016,0.559234372094489,0.5789488622975849,0.6675562623775448,0.6910893856105957,0.12007872215371262,0.10036423195061672,0.011756831870656792,0.011776291362394109,0.019714490203095902,0.10832189028305583,0.10830243079131852,0.08860740007995993,-0.12007872215371262,-0.10036423195061672,-0.011756831870656792,0.011776291362394109,0.019714490203095902,0.10832189028305583,0.13185501351610673,0.0038186330299549986,0.0,under_circular,0.0,0.0
157223549-157223570-001,normal_intermediate,baseline,20260805,1055.0,151.11269783973694,1088.0000000000002,138.22539567947388,1202.0,1227.0,0.6793130942482016,0.5805777731841647,0.5987380258050913,0.6938836271824877,0.7155880439569164,0.09873532106403693,0.08057506844311035,0.014570532934286118,0.03627494970871481,0.018160252620926576,0.08416478812975081,0.06246037135532212,0.06600453550882424,-0.09873532106403693,-0.08057506844311035,0.014570532934286118,0.03627494970871481,0.018160252620926576,0.11330585399832305,0.13501027077275174,0.0035441641535021162,0.0,under_circular,0.0,0.0
157224412-157224429-001,normal_superficiel,baseline,20260803,865.0000000000001,145.3137083053589,877.0,140.62741661071777,2661.0,2696.0,0.8336189039963208,0.5147694913993123,0.5219108022626553,0.5496496733220648,0.5572748711022553,0.3188494125970085,0.3117081017336655,0.28396923067425595,0.2763440328940655,0.00714131086334302,0.03488018192275255,0.04250537970294299,0.02773887105940953,-0.3188494125970085,-0.3117081017336655,-0.28396923067425595,-0.2763440328940655,0.00714131086334302,0.03488018192275255,0.04250537970294299,0.00048388691684742025,0.0,under_circular,0.0,0.0
157224412-157224429-001,normal_superficiel,baseline,20260804,506.0,100.48528122901917,515.0,96.97056245803833,769.0,779.0,0.8336189039963208,0.6297315846943561,0.6409323441059158,0.676208384732541,0.6882358065953728,0.2038873193019647,0.19268655989040495,0.1574105192637798,0.145383097400948,0.011200759411559735,0.046476800038184884,0.05850422190101667,0.03527604062662515,-0.2038873193019647,-0.19268655989040495,-0.1574105192637798,-0.145383097400948,0.011200759411559735,0.046476800038184884,0.05850422190101667,0.0008266624512720533,0.0,under_circular,0.0,0.0
157224412-157224429-001,normal_superficiel,baseline,20260805,647.0,115.31370830535889,659.0,110.62741661071777,1137.0,1151.0,0.8336189039963208,0.611437776869401,0.6227781993152013,0.6643372479897444,0.6766588043666792,0.22218112712691973,0.21084070468111948,0.1692816560065764,0.15696009962964153,0.011340422445800247,0.05289947112034332,0.0652210274972782,0.041559048674543075,-0.22218112712691973,-0.21084070468111948,-0.1692816560065764,-0.15696009962964153,0.011340422445800247,0.05289947112034332,0.0652210274972782,0.0009811339311346368,0.0,under_circular,0.0,0.0
157224458-157224464-001,normal_intermediate,baseline,20260803,7289.5,527.9827550649643,7351.0,503.9655101299286,8095.0,8172.0,0.8439879908812762,0.3286004308839295,0.33137276458299825,0.36066663920630704,0.36370950885596587,0.5153875599973468,0.5126152262982779,0.48332135167496915,0.4802784820253103,0.0027723336990688185,0.03206620832237761,0.03510907797203644,0.02929387462330879,-0.5153875599973468,-0.5126152262982779,-0.48332135167496915,-0.4802784820253103,0.002772333699068763,0.032066208322377554,0.035109077972036384,0.0002705359505900673,0.0,under_circular,0.0,0.0
157224458-157224464-001,normal_intermediate,baseline,20260804,1283.9999999999998,155.79898953437805,1305.0,147.5979790687561,1799.0,1823.0,0.8439879908812762,0.6647305128497757,0.6756022735739543,0.7406517708371583,0.7527652343788876,0.1792574780315005,0.16838571730732188,0.10333622004411791,0.09122275650238854,0.010871760724178614,0.07592125798738258,0.08803472152911196,0.06504949726320397,-0.1792574780315005,-0.16838571730732188,-0.10333622004411791,-0.09122275650238854,0.010871760724178614,0.07592125798738258,0.08803472152911196,0.0012417028175507605,0.0,under_circular,0.0,0.0
157224458-157224464-001,normal_intermediate,baseline,20260805,1580.0,179.4558436870575,1607.0,168.911687374115,2679.0,2712.0,0.8439879908812762,0.6165264893424527,0.6270620685907097,0.6959011435542592,0.7077931251213256,0.2274615015388235,0.2169259222905665,0.14808684732701693,0.13619486575995055,0.010535579248256988,0.07937465421180656,0.09126663577887295,0.06883907496354957,-0.2274615015388235,-0.2169259222905665,-0.14808684732701693,-0.13619486575995055,0.010535579248256988,0.07937465421180656,0.09126663577887295,0.001356402318809402,0.0,under_circular,0.0,0.0
157224458-157224483-001,normal_superficiel,baseline,20260803,465.0,98.14213538169861,479.99999999999994,92.28427076339722,513.0,523.0,0.8560014929038082,0.6066690097603287,0.6262389778171135,0.6861316411898519,0.7082649199379116,0.24933248314347956,0.22976251508669476,0.1698698517139563,0.1477365729658966,0.019569968056784792,0.07946263142952326,0.10159591017758296,0.059892663372738464,-0.24933248314347956,-0.22976251508669476,-0.1698698517139563,-0.1477365729658966,0.019569968056784792,0.07946263142952326,0.10159591017758296,0.0025633106912749115,0.0,under_circular,0.0,0.0
157224458-157224483-001,normal_superficiel,baseline,20260804,346.49999999999994,81.89949476718903,357.0,77.79898953437805,387.0,394.0,0.8560014929038082,0.6491583649311493,0.6688298305351236,0.7193913148080658,0.7411910516204315,0.2068431279726589,0.18717166236868465,0.13661017809574239,0.1148104412833767,0.01967146560397426,0.07023294987691653,0.09203268668928222,0.05056148427294227,-0.2068431279726589,-0.18717166236868465,-0.13661017809574239,-0.1148104412833767,0.01967146560397426,0.07023294987691653,0.09203268668928222,0.00212827120839143,0.0,under_circular,0.0,0.0
157224458-157224483-001,normal_superficiel,baseline,20260805,460.00000000000006,88.48528122901917,468.99999999999994,84.97056245803833,504.0,510.0,0.8560014929038082,0.7382876857000642,0.7527324447681089,0.8006278805075152,0.8162923390391839,0.11771380720374403,0.10326904813569937,0.055373612396293015,0.03970915386462437,0.014444759068044655,0.06234019480745101,0.07800465333911966,0.047895435739406356,-0.11771380720374403,-0.10326904813569937,-0.055373612396293015,-0.03970915386462437,0.014444759068044655,0.06234019480745101,0.07800465333911966,0.001219699463623991,0.0,under_circular,0.0,0.0
157227058-157227087-001,normal_columnar,baseline,20260803,827.5,133.15432786941528,832.0000000000001,131.3969682455063,887.0,890.0,0.4982362297140012,0.5864990230204103,0.5896884436894035,0.6022921141439842,0.6055674186921992,0.08826279330640913,0.09145221397540232,0.10405588442998298,0.10733118897819799,-0.0031894206689931925,-0.015793091123573855,-0.019068395671788863,-0.012603670454580662,0.08826279330640913,0.09145221397540232,0.10405588442998298,0.10733118897819799,0.0031894206689931925,0.015793091123573855,0.019068395671788863,8.588387922181528e-05,0.0,over_circular,0.0,0.0
157227058-157227087-001,normal_columnar,baseline,20260804,1720.5,305.03657734394073,1729.5,301.5218584537506,1856.0,1862.0,0.4982362297140012,0.23235964397715586,0.23357512598575478,0.23780826174802977,0.2390522456804519,0.26587658573684536,0.26466110372824647,0.26042796796597145,0.2591839840335493,0.0012154820085988893,0.005448617770873909,0.006692601703296053,0.00423313576227502,-0.26587658573684536,-0.26466110372824647,-0.26042796796597145,-0.2591839840335493,0.001215482008598917,0.005448617770873909,0.006692601703296053,2.850192382322647e-05,0.0,under_circular,0.0,0.0
157227058-157227087-001,normal_columnar,baseline,20260805,1527.5,246.55129623413086,1530.5,245.379723072052,1635.0,1637.0,0.4982362297140012,0.31577409753046815,0.31639427579075713,0.3187966425728542,0.3194227570918189,0.18246213218353308,0.1818419539232441,0.179439587141147,0.17881347262218233,0.0006201782602889838,0.0030225450423860822,0.003648659561350742,0.0024023667820970984,-0.18246213218353308,-0.1818419539232441,-0.179439587141147,-0.17881347262218233,0.0006201782602889838,0.0030225450423860822,0.003648659561350742,5.936258675676154e-06,0.0,under_circular,0.0,0.0
157227461-157227503-003,normal_columnar,baseline,20260803,2117.5,188.7523068189621,2119.0,188.16652059555054,2199.0,2200.0,0.7156288333642179,0.7468764176701981,0.7474054918739785,0.7515338979337506,0.7520662714151676,0.03124758430598018,0.031776658509760636,0.035905064569532685,0.03643743805094968,-0.0005290742037804552,-0.004657480263552505,-0.005189853744969497,-0.0041284060597720496,0.03124758430598018,0.031776658509760636,0.035905064569532685,0.03643743805094968,0.0005290742037804552,0.004657480263552505,0.005189853744969497,3.2992776365370347e-06,0.0,over_circular,0.0,0.0
157227461-157227503-003,normal_columnar,baseline,20260804,2210.0,182.85281252861023,2213.0,180.85281217098236,2290.0,2292.0,0.7156288333642179,0.8306132374433178,0.8317407667249151,0.8490858536175997,0.8502384588487548,0.11498440407909993,0.11611193336069725,0.1334570202533818,0.13460962548453692,-0.001127529281597317,-0.018472616174281864,-0.019625221405436988,-0.017345086892684547,0.11498440407909993,0.11611193336069725,0.1334570202533818,0.13460962548453692,0.001127529281597317,0.018472616174281864,0.019625221405436988,2.5075949557806787e-05,0.0,over_circular,0.0,0.0
157227461-157227503-003,normal_columnar,baseline,20260805,2448.0,195.1959583759308,2452.5,193.43859887123108,2535.0,2538.0,0.7156288333642179,0.807383063927704,0.8088672239716888,0.8221195992522417,0.823630848515573,0.09175423056348608,0.09323839060747086,0.10649076588802375,0.1080020151513551,-0.0014841600439847724,-0.01473653532453767,-0.01624778458786902,-0.013252375280552897,0.09175423056348608,0.09323839060747086,0.10649076588802375,0.1080020151513551,0.0014841600439847724,0.01473653532453767,0.01624778458786902,2.70892193465766e-05,0.0,over_circular,0.0,0.0
157266930-157266947-001,normal_columnar,baseline,20260803,1714.0,197.82337415218353,1743.5,181.58073341846466,1799.0,1803.0,0.4462534006026446,0.5503835833540215,0.5598563463113982,0.6532526042856027,0.6644958667280912,0.10413018275137687,0.11360294570875362,0.2069992036829581,0.21824246612544662,-0.009472762957376757,-0.10286902093158123,-0.11411228337406976,-0.09339625797420448,0.10413018275137687,0.11360294570875362,0.2069992036829581,0.21824246612544662,0.009472762957376757,0.10286902093158123,0.11411228337406976,0.001770499485111765,0.0,over_circular,0.0,0.0
157266930-157266947-001,normal_columnar,baseline,20260804,2046.9999999999995,207.68123960494995,2051.5000000000005,205.9238805770874,2138.0,2142.0,0.4462534006026446,0.5963938714741952,0.5977049474007385,0.6066165839883187,0.6079501329028023,0.15014047087155058,0.15145154679809392,0.16036318338567412,0.1616967323001577,-0.001311075926543337,-0.010222712514123544,-0.011556261428607106,-0.008911636587580207,0.15014047087155058,0.15145154679809392,0.16036318338567412,0.1616967323001577,0.001311075926543337,0.010222712514123544,0.011556261428607106,2.247298794022523e-05,0.0,over_circular,0.0,0.0
157266930-157266947-001,normal_columnar,baseline,20260805,2052.5,197.58073449134827,2054.0,196.99494802951813,2138.0,2139.0,0.4462534006026446,0.660699287863474,0.6611821375257372,0.664634456136171,0.6651201816826774,0.21444588726082936,0.21492873692309256,0.21838105553352638,0.21886678108003277,-0.00048284966226319614,-0.0039351682726970205,-0.004420893819203409,-0.0034523186104338244,0.21444588726082936,0.21492873692309256,0.21838105553352638,0.21886678108003277,0.00048284966226319614,0.0039351682726970205,0.004420893819203409,2.8758842431919618e-06,0.0,over_circular,0.0,0.0
157268504-157268544-001,normal_superficiel,baseline,20260803,260.5,67.0710676908493,266.5,64.72792184352875,539.0,549.0,0.8301149597150085,0.7276912485264748,0.7444518914867775,0.7813295759310329,0.7993256506165844,0.10242371118853366,0.085663068228231,0.04878538378397557,0.030789309098424034,0.016760642960302663,0.053638327404558095,0.07163440209010963,0.03687768444425543,-0.10242371118853366,-0.085663068228231,-0.04878538378397557,-0.030789309098424034,0.016760642960302663,0.053638327404558095,0.07163440209010963,0.00123543172524887,0.0,under_circular,0.0,0.0
157268504-157268544-001,normal_superficiel,baseline,20260804,661.5,109.89949476718903,672.0,105.79898953437805,716.0,723.0,0.8301149597150085,0.6882533291389381,0.6991779851570167,0.7426371535310237,0.754425044856913,0.14186163057607037,0.1309369745579918,0.08747780618398482,0.07568991485809551,0.010924656018078571,0.054383824392085556,0.06617171571797487,0.043459168374006985,-0.14186163057607037,-0.1309369745579918,-0.08747780618398482,-0.07568991485809551,0.010924656018078571,0.054383824392085556,0.06617171571797487,0.0008632353078107391,0.0,under_circular,0.0,0.0
157268504-157268544-001,normal_superficiel,baseline,20260805,684.0,109.31370830535889,696.0,104.62741661071777,738.0,746.0,0.8301149597150085,0.7193110153768361,0.7319305068746752,0.7851903644153221,0.798965633966468,0.11080394433817242,0.09818445284033328,0.0449245952996864,0.031149325748540457,0.012619491497839141,0.06587934903848602,0.07965461858963196,0.05325985754064688,-0.11080394433817242,-0.09818445284033328,-0.0449245952996864,-0.031149325748540457,0.012619491497839141,0.06587934903848602,0.07965461858963196,0.0011557780533067996,0.0,under_circular,0.0,0.0
158986766-158986776-001,normal_columnar,baseline,20260803,2372.4999999999995,194.61017155647278,2377.0,192.85281229019165,2459.0,2462.0,0.8036204370262843,0.7871998707672525,0.7886929790574327,0.8016118569043986,0.8031323008900972,0.016420566259031766,0.014927457968851532,0.0020085801218856503,0.000488136136187034,0.001493108290180234,0.014411986137146116,0.015932430122844732,0.012918877846965882,-0.016420566259031766,-0.014927457968851532,-0.0020085801218856503,-0.000488136136187034,0.001493108290180234,0.014411986137146116,0.015932430122844732,2.733569551838233e-05,0.0,under_circular,0.0,0.0
158986766-158986776-001,normal_columnar,baseline,20260804,2197.0,186.36753058433533,2198.5,185.7817438840866,2280.0,2281.0,0.8036204370262843,0.794876064243079,0.7954187652427898,0.7998965996350821,0.8004427284013327,0.008744372783205279,0.008201671783494513,0.0037238373912021894,0.003177708624951592,0.0005427009997107657,0.005020535392003089,0.005566664158253687,0.004477834392292324,-0.008744372783205279,-0.008201671783494513,-0.0037238373912021894,-0.003177708624951592,0.0005427009997107657,0.005020535392003089,0.005566664158253687,3.4277665398319e-06,0.0,under_circular,0.0,0.0
158986766-158986776-001,normal_columnar,baseline,20260805,2380.5,196.2670258283615,2386.5,193.9238795042038,2467.0,2471.0,0.8036204370262843,0.7765749316501511,0.7785322723726468,0.7954547294295168,0.7974596562837815,0.02704550537613315,0.0250881646536375,0.00816570759676749,0.006160780742502814,0.0019573407224956485,0.01887979777936566,0.020884724633630336,0.01692245705687001,-0.02704550537613315,-0.0250881646536375,-0.00816570759676749,-0.006160780742502814,0.0019573407224956485,0.01887979777936566,0.020884724633630336,4.7586131769028484e-05,0.0,under_circular,0.0,0.0
158986813-158986820-001,normal_columnar,baseline,20260803,1255.5,138.81118214130402,1255.5,138.81118214130402,1317.0,1317.0,0.8140986735175997,0.8187997012618409,0.8187997012618409,0.8187997012618409,0.8187997012618409,0.004701027744241193,0.004701027744241193,0.004701027744241193,0.004701027744241193,0.0,0.0,0.0,0.0,0.004701027744241193,0.004701027744241193,0.004701027744241193,0.004701027744241193,0.0,0.0,0.0,0.0,0.0,over_circular,0.0,0.0
158986813-158986820-001,normal_columnar,baseline,20260804,1181.0,137.39696860313416,1182.5,136.81118214130402,1242.0,1243.0,0.8140986735175997,0.7861500741175186,0.7871485712480658,0.7928966274678528,0.79390369346379,0.027948599400081098,0.02695010226953387,0.021202046049746848,0.020194980053809708,0.0009984971305472268,0.00674655335033425,0.00775361934627139,0.005748056219787023,-0.027948599400081098,-0.02695010226953387,-0.021202046049746848,-0.020194980053809708,0.0009984971305472268,0.00674655335033425,0.00775361934627139,8.568865389912972e-06,0.0,under_circular,0.0,0.0
158986813-158986820-001,normal_columnar,baseline,20260805,1237.5000000000002,138.81118214130402,1237.5000000000002,138.81118214130402,1300.0,1300.0,0.8140986735175997,0.8070606374444669,0.8070606374444669,0.8070606374444669,0.8070606374444669,0.007038036073132803,0.007038036073132803,0.007038036073132803,0.007038036073132803,0.0,0.0,0.0,0.0,-0.007038036073132803,-0.007038036073132803,-0.007038036073132803,-0.007038036073132803,0.0,0.0,0.0,0.0,0.0,under_circular,0.0,0.0
158986920-158986928-004,normal_columnar,baseline,20260803,nan,nan,nan,nan,0.0,0.0,0.7421914042237112,nan,nan,nan,nan,nan,nan,nan,nan,nan,nan,nan,nan,nan,nan,nan,nan,nan,nan,nan,nan,nan,equal,0.0,1.0
158986920-158986928-004,normal_columnar,baseline,20260804,29.999999999999996,26.485281229019165,33.0,25.313708305358887,43.0,45.0,0.7421914042237112,0.5374300440252872,0.5911730484278159,0.588328078609793,0.6471608864707723,0.20476136019842406,0.1510183557958953,0.15386332561391824,0.09503051775293891,0.05374300440252877,0.050898034584505814,0.10973084244548514,-0.0028449698180229577,-0.20476136019842406,-0.1510183557958953,-0.15386332561391824,-0.09503051775293891,0.05374300440252877,0.050898034584505814,0.10973084244548514,0.005089803458450559,0.0,under_circular,0.0,0.0
158986920-158986928-004,normal_columnar,baseline,20260805,43.5,36.72792184352875,93.50000000000001,67.35533821582794,116.0,123.0,0.7421914042237112,0.40523449766126723,0.8710212765822641,0.12049113032824887,0.2589866824296844,0.336956906562444,0.12882987235855292,0.6217002738954623,0.4832047217940268,0.20812703420389106,-0.28474336733301836,-0.1462478152315828,-0.4928704015369094,-0.336956906562444,0.12882987235855292,-0.6217002738954623,-0.4832047217940268,0.4657867789209969,-0.28474336733301836,-0.1462478152315828,-0.3272912268195614,5.551115123125783e-17,under_circular,0.0,0.0
204870858-204870872-001,light_dysplastic,baseline,20260803,2788.0000000000005,216.85281205177307,2793.9999999999995,214.50966680049896,2870.0,2877.0,0.6086759301292364,0.7450278662047067,0.746631226031546,0.7613930300546761,0.7630316090289686,0.13635193607547036,0.1379552959023096,0.1527170999254397,0.15435567889973223,-0.0016033598268392346,-0.016365163849969333,-0.01800374282426187,-0.014761804023130098,0.13635193607547036,0.1379552959023096,0.1527170999254397,0.15435567889973223,0.0016033598268392346,0.016365163849969333,0.01800374282426187,3.521914745330257e-05,0.0,over_circular,0.0,0.0
204870858-204870872-001,light_dysplastic,baseline,20260804,2246.5,229.4385985136032,2257.0,225.33809304237366,2350.0,2357.0,0.6086759301292364,0.5362697804915184,0.5387762717869383,0.5559644949566178,0.5585630381113227,0.07240614963771796,0.06989965834229805,0.05271143517261856,0.05011289201791369,0.0025064912954199103,0.019694714465099405,0.022293257619804274,0.017188223169679495,-0.07240614963771796,-0.06989965834229805,-0.05271143517261856,-0.05011289201791369,0.0025064912954199103,0.019694714465099405,0.022293257619804274,9.20518592849584e-05,0.0,under_circular,0.0,0.0
204870858-204870872-001,light_dysplastic,baseline,20260805,2594.5,210.46803605556488,2599.0,208.71067655086517,2691.0,2694.0,0.6086759301292364,0.7360227562055752,0.7372993422155676,0.748469671795632,0.7497678462119282,0.12734682607633885,0.1286234120863312,0.13979374166639558,0.14109191608269178,-0.0012765860099923643,-0.012446915590056729,-0.013745090006352934,-0.011170329580064364,0.12734682607633885,0.1286234120863312,0.13979374166639558,0.14109191608269178,0.0012765860099923643,0.012446915590056729,0.013745090006352934,2.1588406303840735e-05,0.0,over_circular,0.0,0.0
204870951-204870961-002,light_dysplastic,baseline,20260803,5763.0,380.6518018245697,5819.999999999999,358.391916513443,5939.0,5977.0,0.6139264920454398,0.49980742528972855,0.5047508615627659,0.5638220708098879,0.5693986555810424,0.11411906675571126,0.10917563048267387,0.05010442123555192,0.0445278364643974,0.004943436273037394,0.06401464552015934,0.06959123029131387,0.05907120924712195,-0.11411906675571126,-0.10917563048267387,-0.05010442123555192,-0.0445278364643974,0.004943436273037394,0.06401464552015934,0.06959123029131387,0.0006331484981171309,0.0,under_circular,0.0,0.0
204870951-204870961-002,light_dysplastic,baseline,20260804,5929.999999999999,415.9655101299286,6003.5,386.4335459470749,6167.0,6220.0,0.6139264920454398,0.43067524791617473,0.4360132969417799,0.49901651307404316,0.5052016249983168,0.18325124412926508,0.17791319510365988,0.11490997897139665,0.10872486704712303,0.005338049025605196,0.06834126515786842,0.07452637708214205,0.06300321613226323,-0.18325124412926508,-0.17791319510365988,-0.11490997897139665,-0.10872486704712303,0.005338049025605196,0.06834126515786842,0.07452637708214205,0.000847062898668427,0.0,under_circular,0.0,0.0
204870951-204870961-002,light_dysplastic,baseline,20260805,6601.5,412.20815074443817,6685.0,372.5340510606766,6841.0,6890.0,0.6139264920454398,0.48822424406100456,0.4943996169882322,0.5977513167023497,0.605312058192109,0.12570224798443524,0.1195268750572076,0.016175175343090098,0.008614433853330827,0.00617537292722764,0.10952707264134515,0.11708781413110442,0.1033516997141175,-0.12570224798443524,-0.1195268750572076,-0.016175175343090098,-0.008614433853330827,0.00617537292722764,0.10952707264134515,0.11708781413110442,0.0013853685625316303,0.0,under_circular,0.0,0.0
204871030-204871038-001,light_dysplastic,baseline,20260803,6956.0,373.4802289009094,7016.0,349.22034299373627,7128.0,7168.0,0.7538450846465652,0.6266632182957571,0.6320685939567325,0.7167544009540113,0.7229368713475193,0.12718186635080808,0.12177649068983265,0.03709068369255386,0.030908213299045917,0.005405375660975431,0.09009118265825422,0.09627365305176216,0.08468580699727879,-0.12718186635080808,-0.12177649068983265,-0.03709068369255386,-0.030908213299045917,0.005405375660975431,0.09009118265825422,0.09627365305176216,0.0007770947325325128,0.0,under_circular,0.0,0.0
204871030-204871038-001,light_dysplastic,baseline,20260804,7203.5,372.8944424390793,7248.499999999999,355.3208484649658,7375.0,7405.0,0.7538450846465652,0.6510009210630809,0.6550676999133396,0.7169882583440004,0.7214672576673127,0.10284416358348425,0.09877738473322561,0.036856826302564816,0.03237782697925251,0.004066778850258634,0.06598733728091943,0.07046633660423174,0.0619205584306608,-0.10284416358348425,-0.09877738473322561,-0.036856826302564816,-0.03237782697925251,0.004066778850258634,0.06598733728091943,0.07046633660423174,0.0004122204730536705,0.0,under_circular,0.0,0.0
204871030-204871038-001,light_dysplastic,baseline,20260805,7192.0,367.13708305358887,7239.999999999999,348.39191579818726,7360.0,7392.0,0.7538450846465652,0.6705065683463051,0.6749815843753125,0.7446006394879963,0.7495701654467593,0.08333851630026012,0.07886350027125266,0.009244445158568926,0.004274919199805938,0.004475016029007461,0.0740940711416912,0.07906359710045419,0.06961905511268374,-0.08333851630026012,-0.07886350027125266,-0.009244445158568926,-0.004274919199805938,0.004475016029007461,0.0740940711416912,0.07906359710045419,0.0004945099297555267,0.0,under_circular,0.0,0.0
204871030-204871038-002,light_dysplastic,baseline,20260803,10590.000000000002,444.6518018245697,10677.0,410.67618680000305,10798.0,10856.0,0.8320977650794457,0.6730784890054181,0.6786080290000802,0.7890541028763254,0.7955364170359326,0.15901927607402755,0.15348973607936545,0.04304366220312028,0.036561348043513076,0.005529539994662103,0.11597561387090727,0.12245792803051447,0.11044607387624517,-0.15901927607402755,-0.15348973607936545,-0.04304366220312028,-0.036561348043513076,0.005529539994662103,0.11597561387090727,0.12245792803051447,0.0009527741649451027,0.0,under_circular,0.0,0.0
204871030-204871038-002,light_dysplastic,baseline,20260804,10471.0,454.6518018245697,10561.0,419.5046133995056,10684.0,10744.0,0.8320977650794457,0.6365612391520687,0.6420325896939162,0.7476951113934747,0.7541216761939151,0.19553652592737691,0.19006517538552947,0.084402653685971,0.07797608888553054,0.005471350541847442,0.11113387224140592,0.11756043704184638,0.10566252169955848,-0.19553652592737691,-0.19006517538552947,-0.084402653685971,-0.07797608888553054,0.005471350541847442,0.11113387224140592,0.11756043704184638,0.0009552142585930179,0.0,under_circular,0.0,0.0
204871030-204871038-002,light_dysplastic,baseline,20260805,10722.0,451.4802289009094,10813.999999999998,413.5046132802963,10933.0,10994.0,0.8320977650794457,0.6610102497505077,0.6666820407388536,0.7879976977441913,0.7947591030969673,0.17108751532893796,0.16541572434059204,0.0441000673352544,0.03733866198247837,0.005671790988345915,0.12698744799368356,0.13374885334645958,0.12131565700533764,-0.17108751532893796,-0.16541572434059204,-0.0441000673352544,-0.03733866198247837,0.005671790988345915,0.12698744799368356,0.13374885334645958,0.0010896143644301137,0.0,under_circular,0.0,0.0
209047342-209047443-001,normal_superficiel,baseline,20260803,727.4999999999999,117.21320307254791,732.0,115.4558436870575,980.0,991.0,0.8774679005501478,0.6654107206196648,0.6695266632214358,0.6858213854421326,0.6900635795788881,0.212057179930483,0.20794123732871195,0.19164651510801523,0.1874043209712597,0.004115942601771061,0.020410664822467783,0.02465285895922331,0.016294722220696722,-0.212057179930483,-0.20794123732871195,-0.19164651510801523,-0.1874043209712597,0.004115942601771061,0.020410664822467783,0.02465285895922331,0.00012625153498446728,0.0,under_circular,0.0,0.0
209047342-209047443-001,normal_superficiel,baseline,20260804,1171.0000000000002,164.76955199241638,1210.0,149.53910398483276,1249.0,1275.0,0.8774679005501478,0.542016911722566,0.5600687132231467,0.6580474505743596,0.679963633812959,0.33545098882758173,0.3173991873270011,0.21942044997578813,0.1975042667371888,0.01805180150058061,0.1160305388517936,0.13794672209039294,0.09797873735121299,-0.33545098882758173,-0.3173991873270011,-0.21942044997578813,-0.1975042667371888,0.01805180150058061,0.1160305388517936,0.13794672209039294,0.0038643817380187295,0.0,under_circular,0.0,0.0
209047342-209047443-001,normal_superficiel,baseline,20260805,892.0,128.62741661071777,915.9999999999999,119.25483322143555,954.0,970.0,0.8774679005501478,0.6774973860451101,0.6957260152660547,0.7881751528270198,0.8093816591811099,0.19997051450503767,0.18174188528409307,0.08929274772312801,0.06808624136903785,0.018228629220944592,0.11067776678190966,0.13188427313599982,0.09244913756096507,-0.19997051450503767,-0.18174188528409307,-0.08929274772312801,-0.06808624136903785,0.018228629220944592,0.11067776678190966,0.13188427313599982,0.002977877133145568,0.0,under_circular,0.0,0.0
209047526-209047626-001,normal_intermediate,baseline,20260803,1160.5000000000002,148.3847759962082,1180.0,140.76955199241638,1368.0,1387.0,0.7813152361055957,0.6623328843336469,0.6734621314206836,0.7359317703453883,0.7482977070293477,0.11898235177194882,0.10785310468491216,0.045383465760207464,0.033017529076248,0.011129247087036664,0.07359888601174136,0.08596482269570083,0.062469638924704696,-0.11898235177194882,-0.10785310468491216,-0.045383465760207464,-0.033017529076248,0.011129247087036664,0.07359888601174136,0.08596482269570083,0.001236689596922802,0.0,under_circular,0.0,0.0
209047526-209047626-001,normal_intermediate,baseline,20260804,1170.5,153.2132030725479,1193.0,144.42640614509583,1245.0,1260.0,0.7813152361055957,0.6265978465717642,0.6386426578044551,0.7051606557302695,0.7187156448408472,0.15471738953383152,0.14267257830114066,0.07615458037532619,0.06259959126474857,0.012044811232690855,0.07856280915850533,0.09211779826908295,0.06651799792581448,-0.15471738953383152,-0.14267257830114066,-0.07615458037532619,-0.06259959126474857,0.012044811232690855,0.07856280915850533,0.09211779826908295,0.0015101778778867647,0.0,under_circular,0.0,0.0
209047526-209047626-001,normal_intermediate,baseline,20260805,1189.0,152.62741661071777,1213.0000000000002,143.25483322143555,2103.0,2138.0,0.7813152361055957,0.6413965386773107,0.6543431466909824,0.728070025947772,0.7427661408533621,0.139918697428285,0.12697208941461335,0.053245210157823686,0.0385490952522336,0.012946608013671645,0.08667348727046131,0.1013696021760514,0.07372687925678967,-0.139918697428285,-0.12697208941461335,-0.053245210157823686,-0.0385490952522336,0.012946608013671645,0.08667348727046131,0.1013696021760514,0.0017495068919184398,0.0,under_circular,0.0,0.0
209047526-209047798-001,normal_superficiel,baseline,20260803,2685.5,388.811182141304,2754.5,360.20815074443817,5306.0,5398.0,0.860959813568483,0.22323255367009642,0.2289681880783022,0.2600925719361183,0.2667752706751211,0.6377272598983865,0.6319916254901807,0.6008672416323646,0.5941845428933619,0.005735634408205792,0.03686001826602192,0.043542717005024656,0.03112438385781613,-0.6377272598983865,-0.6319916254901807,-0.6008672416323646,-0.5941845428933619,0.005735634408205764,0.036860018266021866,0.043542717005024656,0.0009470643307970261,0.0,under_circular,0.0,0.0
209047526-209047798-001,normal_superficiel,baseline,20260804,517.5,98.72792184352875,531.0,93.4558436870575,566.0,575.0,0.860959813568483,0.6671757110353821,0.6845802948015225,0.7445730163530555,0.7639966602579178,0.19378410253310085,0.17637951876696045,0.11638679721542744,0.09696315331056515,0.017404583766140402,0.07739730531767341,0.0968209492225357,0.05999272155153301,-0.19378410253310085,-0.17637951876696045,-0.11638679721542744,-0.09696315331056515,0.017404583766140402,0.07739730531767341,0.0968209492225357,0.0020190601387218843,0.0,under_circular,0.0,0.0
209047526-209047798-001,normal_superficiel,baseline,20260805,520.5,99.89949476718903,531.0,95.79898953437805,570.0,577.0,0.860959813568483,0.655396343683875,0.6686175955737514,0.7127032534629338,0.7270805525241457,0.20556346988460794,0.1923422179947315,0.1482565601055491,0.13387926104433723,0.01322125188987644,0.057306909779058834,0.07168420884027071,0.044085657889182395,-0.20556346988460794,-0.1923422179947315,-0.1482565601055491,-0.13387926104433723,0.01322125188987644,0.057306909779058834,0.07168420884027071,0.0011560471713354392,0.0,under_circular,0.0,0.0
209307421-209307504-001,normal_intermediate,baseline,20260803,1552.0,167.11269783973694,1577.5,157.15432810783386,3195.0,3251.0,0.8320809450104341,0.6983653447216401,0.709839775321126,0.7896759081662309,0.8026506089769518,0.13371560028879392,0.1222411696893081,0.04240503684420316,0.02943033603348222,0.01147443059948583,0.09131056344459076,0.1042852642553117,0.07983613284510493,-0.13371560028879392,-0.1222411696893081,-0.04240503684420316,-0.02943033603348222,0.01147443059948583,0.09131056344459076,0.1042852642553117,0.0015002702112351107,0.0,under_circular,0.0,0.0
209307421-209307504-001,normal_intermediate,baseline,20260804,1552.5,173.01219260692596,1588.5,158.95331752300262,3417.0,3490.0,0.8320809450104341,0.6517605244940325,0.6668738120185318,0.7721510739349415,0.7900560263740127,0.18032042051640151,0.16520713299190226,0.059929871075492525,0.04202491863642133,0.015113287524499253,0.12039054944090899,0.1382955018799802,0.10527726191640974,-0.18032042051640151,-0.16520713299190226,-0.059929871075492525,-0.04202491863642133,0.015113287524499253,0.12039054944090899,0.1382955018799802,0.002791664914571945,0.0,under_circular,0.0,0.0
209307421-209307504-001,normal_intermediate,baseline,20260805,1416.4999999999998,161.35533845424652,1448.0,149.05382299423218,3201.0,3263.0,0.8320809450104341,0.6836908467212872,0.6988947024725902,0.801198640921875,0.819015624465143,0.14839009828914684,0.13318624253784384,0.030882304088559076,0.013065320545291081,0.015203855751303008,0.11750779420058777,0.13532477774385576,0.10230393844928476,-0.14839009828914684,-0.13318624253784384,-0.030882304088559076,-0.013065320545291081,0.015203855751303008,0.11750779420058777,0.13532477774385576,0.0026131277919649865,0.0,under_circular,0.0,0.0
209522474-209522522-001,normal_intermediate,baseline,20260803,1192.5,148.87005722522736,1192.5,148.87005722522736,1264.0,1264.0,0.8067760532426241,0.6761663300460539,0.6761663300460539,0.6761663300460539,0.6761663300460539,0.13060972319657027,0.13060972319657027,0.13060972319657027,0.13060972319657027,0.0,0.0,0.0,0.0,-0.13060972319657027,-0.13060972319657027,-0.13060972319657027,-0.13060972319657027,0.0,0.0,0.0,0.0,0.0,under_circular,0.0,0.0
209522474-209522522-001,normal_intermediate,baseline,20260804,1604.5,184.18376553058624,1644.9999999999998,167.53910398483276,2443.0,2471.0,0.8067760532426241,0.594356327024188,0.609358777160978,0.7183187594626643,0.7364502083615349,0.2124197262184362,0.19741727608164616,0.08845729377995981,0.07032584488108928,0.015002450136790024,0.12396243243847638,0.1420938813373469,0.10895998230168635,-0.2124197262184362,-0.19741727608164616,-0.08845729377995981,-0.07032584488108928,0.015002450136790024,0.12396243243847638,0.1420938813373469,0.0031289987620805038,0.0,under_circular,0.0,0.0
209522474-209522522-001,normal_intermediate,baseline,20260805,1429.0,164.28427076339722,1459.0,152.56854152679443,2952.0,2990.0,0.8067760532426241,0.6653499432323065,0.6793181015926768,0.7714576740949456,0.7876534265252104,0.14142611001031768,0.12745795164994733,0.03531837914767855,0.019122626717413715,0.013968158360370353,0.10610773086263914,0.12230348329290397,0.09213957250226879,-0.14142611001031768,-0.12745795164994733,-0.03531837914767855,-0.019122626717413715,0.013968158360370353,0.10610773086263914,0.12230348329290397,0.0022275940698944785,0.0,under_circular,0.0,0.0
209522940-209522970-001,normal_intermediate,baseline,20260803,1263.0,149.11269783973694,1283.9999999999998,140.911687374115,1334.0,1348.0,0.8663400878942388,0.7138121878593668,0.7256807990589287,0.799317246464495,0.8126075569757811,0.15252790003487193,0.1406592888353101,0.0670228414297438,0.053732530918457644,0.01186861119956184,0.08550505860512814,0.09879536911641429,0.0736364474055663,-0.15252790003487193,-0.1406592888353101,-0.0670228414297438,-0.053732530918457644,0.01186861119956184,0.08550505860512814,0.09879536911641429,0.0014216993117243115,0.0,under_circular,0.0,0.0
209522940-209522970-001,normal_intermediate,baseline,20260804,1362.0,155.94112491607666,1392.0,144.22539520263672,1436.0,1456.0,0.8663400878942388,0.7038265510126998,0.7193293384799399,0.8228174552628433,0.8409411877576196,0.16251353688153902,0.14701074941429892,0.04352263263139544,0.025398900136619162,0.015502787467240098,0.11899090425014358,0.13711463674491986,0.10348811678290348,-0.16251353688153902,-0.14701074941429892,-0.04352263263139544,-0.025398900136619162,0.015502787467240098,0.11899090425014358,0.13711463674491986,0.002620945027536181,0.0,under_circular,0.0,0.0
209522940-209522970-001,normal_intermediate,baseline,20260805,1384.0,155.94112491607666,1414.0,144.2253955602646,1584.0,1614.0,0.8663400878942388,0.7151952618220092,0.7306980492892493,0.8361081882791752,0.8542319206840706,0.15114482607222957,0.13564203860498947,0.030231899615063562,0.012108167210168164,0.015502787467240098,0.120912926457166,0.1390366588620614,0.1054101389899259,-0.15114482607222957,-0.13564203860498947,-0.030231899615063562,-0.012108167210168164,0.015502787467240098,0.120912926457166,0.1390366588620614,0.0026209449376553007,0.0,under_circular,0.0,0.0
209565409-209565503-001,normal_intermediate,baseline,20260803,1148.5,143.2132030725479,1171.0,134.42640614509583,1218.0,1233.0,0.8663564059089538,0.7036792538933283,0.7174648727114388,0.7986779370067477,0.8143246532302146,0.1626771520156255,0.14889153319751502,0.06767846890220608,0.05203175267873916,0.013785618818110468,0.09499868311341941,0.11064539933688633,0.08121306429530895,-0.1626771520156255,-0.14889153319751502,-0.06767846890220608,-0.05203175267873916,0.013785618818110468,0.09499868311341941,0.11064539933688633,0.0018610974053564489,0.0,under_circular,0.0,0.0
209565409-209565503-001,normal_intermediate,baseline,20260804,1257.5,152.04163014888763,1283.0,142.08326029777527,1331.0,1348.0,0.8663564059089538,0.6835854701491582,0.6974474419096381,0.7827661372826877,0.7986393273428933,0.18277093575979564,0.16890896399931565,0.08359026862626606,0.06771707856606046,0.013861971760479985,0.09918066713352958,0.11505385719373518,0.08531869537304959,-0.18277093575979564,-0.16890896399931565,-0.08359026862626606,-0.06771707856606046,0.013861971760479985,0.09918066713352958,0.11505385719373518,0.0020112182997256145,0.0,under_circular,0.0,0.0
209565409-209565503-001,normal_intermediate,baseline,20260805,1151.4999999999998,148.04163014888763,1176.9999999999998,138.08326029777527,1348.0,1370.0,0.8663564059089538,0.6602464716555013,0.6748676484051455,0.7589125609409251,0.7757187010225521,0.20610993425345248,0.19148875750380834,0.10744384496802872,0.09063770488640166,0.014621176749644138,0.09866608928542375,0.11547222936705082,0.08404491253577961,-0.20610993425345248,-0.19148875750380834,-0.10744384496802872,-0.09063770488640166,0.014621176749644138,0.09866608928542375,0.11547222936705082,0.0021849633319829254,0.0,under_circular,0.0,0.0
209565409-209565600-001,normal_intermediate,baseline,20260803,1202.5,149.55634891986847,1216.0,144.28427076339722,1276.0,1285.0,0.8447759096207856,0.6755931546272368,0.6831777763215966,0.7258668644382114,0.7340158895275385,0.16918275499354885,0.16159813329918904,0.11890904518257428,0.11076002009324715,0.0075846216943598055,0.050273709810974565,0.0584227349003017,0.04268908811661476,-0.16918275499354885,-0.16159813329918904,-0.11890904518257428,-0.11076002009324715,0.0075846216943598055,0.050273709810974565,0.0584227349003017,0.0005644033949673277,0.0,under_circular,0.0,0.0
209565409-209565600-001,normal_intermediate,baseline,20260804,1501.5000000000002,166.3847759962082,1520.9999999999998,158.76955199241638,1730.0,1747.0,0.8447759096207856,0.6815661732163327,0.6904176819594019,0.748515437839435,0.7582364175516353,0.1632097364044529,0.15435822766138374,0.09626047178135066,0.08653949206915035,0.00885150874306917,0.06694926462310224,0.07667024433530256,0.058097755880033075,-0.1632097364044529,-0.15435822766138374,-0.09626047178135066,-0.08653949206915035,0.00885150874306917,0.06694926462310224,0.07667024433530256,0.0008694709691311475,0.0,under_circular,0.0,0.0
209565409-209565600-001,normal_intermediate,baseline,20260805,1324.0,159.79898953437805,1345.0,151.5979790687561,1594.0,1612.0,0.8447759096207856,0.6515530641567212,0.6618873650232553,0.7239540891303127,0.7354367446225608,0.19322284546406443,0.18288854459753034,0.12082182049047296,0.10933916499822482,0.010334300866534085,0.07240102497359147,0.0838836804658396,0.06206672410705738,-0.19322284546406443,-0.18288854459753034,-0.12082182049047296,-0.10933916499822482,0.010334300866534085,0.07240102497359147,0.0838836804658396,0.0011483546257140542,0.0,under_circular,0.0,0.0
209565864-209565890-001,normal_intermediate,baseline,20260803,1513.5,168.18376553058624,1553.9999999999998,152.3675308227539,1593.0,1620.0,0.8794543996327775,0.6723944895726435,0.6903872063401969,0.8192329846943568,0.8411549773472284,0.20705991006013402,0.1890671932925806,0.0602214149384207,0.038299422285549056,0.01799271676755343,0.14683849512171332,0.16876048777458497,0.1288457783541599,-0.20705991006013402,-0.1890671932925806,-0.0602214149384207,-0.038299422285549056,0.01799271676755343,0.14683849512171332,0.16876048777458497,0.0039292758853182175,0.0,under_circular,0.0,0.0
209565864-209565890-001,normal_intermediate,baseline,20260804,1719.5,176.18376553058624,1760.0,160.3675308227539,1803.0,1830.0,0.8794543996327775,0.6961138402346352,0.7125096590944797,0.8401931942308608,0.8599825657727916,0.1833405593981423,0.16694474053829778,0.03926120540191669,0.019471833859985854,0.016395818859844535,0.14407935399622562,0.16386872553815646,0.1276835351363811,-0.1833405593981423,-0.16694474053829778,-0.03926120540191669,-0.019471833859985854,0.016395818859844535,0.14407935399622562,0.16386872553815646,0.0033935526820862982,0.0,under_circular,0.0,0.0
209565864-209565890-001,normal_intermediate,baseline,20260805,1660.5,169.35533845424652,1698.0,154.71067690849304,1741.0,1766.0,0.8794543996327775,0.7275300927758535,0.7439603116732304,0.8717825492195904,0.8914705020023272,0.15192430685692404,0.1354940879595471,0.007671850413187076,0.012016102369549753,0.016430218897376947,0.14425245644373696,0.1399082044873743,0.12782223754636002,-0.15192430685692404,-0.1354940879595471,-0.007671850413187076,0.012016102369549753,0.016430218897376947,0.14425245644373696,0.1639404092264738,0.0032577338853598814,0.0,under_circular,0.0,0.0
209565864-209565911-001,normal_intermediate,baseline,20260803,1022.5,134.3847759962082,1042.0,126.76955199241638,1088.0,1101.0,0.8680044406261597,0.7114969410317039,0.725065831349668,0.7995456589446677,0.8147937179661063,0.15650749959445576,0.1429386092764917,0.068458781681492,0.05321072266005333,0.013568890317964044,0.08804871791296376,0.10329677693440242,0.07447982759499971,-0.15650749959445576,-0.1429386092764917,-0.068458781681492,-0.05321072266005333,0.013568890317964044,0.08804871791296376,0.10329677693440242,0.0016791687034746205,0.0,under_circular,0.0,0.0
209565864-209565911-001,normal_intermediate,baseline,20260804,1340.0,161.4558436870575,1366.9999999999998,150.911687374115,1418.0,1436.0,0.8680044406261597,0.6459622307515469,0.6589778876398242,0.7393820657771042,0.7542800626248518,0.22204220987461276,0.20902655298633543,0.12862237484905548,0.11372437800130786,0.013015656888277327,0.09341983502555729,0.1083178318733049,0.08040417813727996,-0.22204220987461276,-0.20902655298633543,-0.12862237484905548,-0.11372437800130786,0.013015656888277327,0.09341983502555729,0.1083178318733049,0.0018823399594702916,0.0,under_circular,0.0,0.0
209565864-209565911-001,normal_intermediate,baseline,20260805,1257.5,152.04163014888763,1283.0,142.08326029777527,1331.0,1348.0,0.8680044406261597,0.6835854701491582,0.6974474419096381,0.7827661372826877,0.7986393273428933,0.1844189704770015,0.17055699871652152,0.08523830334347193,0.06936511328326633,0.013861971760479985,0.09918066713352958,0.11505385719373518,0.08531869537304959,-0.1844189704770015,-0.17055699871652152,-0.08523830334347193,-0.06936511328326633,0.013861971760479985,0.09918066713352958,0.11505385719373518,0.0020112182997256145,0.0,under_circular,0.0,0.0
209566047-209566095-001,normal_intermediate,baseline,20260803,1657.5,174.5269113779068,1692.0,161.05382251739502,1741.0,1764.0,0.8490317084788991,0.6838149558550634,0.6980482083298746,0.8030106905126974,0.8197249401794774,0.16521675262383573,0.1509835001490245,0.04602101796620173,0.029306768299421693,0.01423325247481122,0.119195734657634,0.13590998432441403,0.10496248218282278,-0.16521675262383573,-0.1509835001490245,-0.04602101796620173,-0.029306768299421693,0.01423325247481122,0.119195734657634,0.13590998432441403,0.0024809971919688145,0.0,under_circular,0.0,0.0
209566047-209566095-001,normal_intermediate,baseline,20260804,1804.4999999999998,178.5269113779068,1839.0,165.0538227558136,1890.0,1913.0,0.8490317084788991,0.7114745463640141,0.7250771353634924,0.8323683835976989,0.8482823260937481,0.137557162114885,0.1239545731154067,0.016663324881200148,0.0007493823851509873,0.013602588999478304,0.12089383723368485,0.136807779729734,0.10729124823420655,-0.137557162114885,-0.1239545731154067,-0.016663324881200148,-0.0007493823851509873,0.013602588999478304,0.12089383723368485,0.136807779729734,0.002311353496570856,0.0,under_circular,0.0,0.0
209566047-209566095-001,normal_intermediate,baseline,20260805,1856.0,186.76955199241638,1895.0000000000002,171.53910398483276,1945.0,1971.0,0.8490317084788991,0.6686143323246138,0.6826638791784176,0.7926136757682795,0.8092688122741862,0.18041737615428532,0.16636782930048144,0.056418032710619626,0.03976289620471285,0.014049546853803885,0.1239993434436657,0.14065447994957248,0.10994979658986181,-0.18041737615428532,-0.16636782930048144,-0.056418032710619626,-0.03976289620471285,0.014049546853803885,0.1239993434436657,0.14065447994957248,0.002605589652102891,0.0,under_circular,0.0,0.0
209566205-209566247-001,normal_intermediate,baseline,20260803,1098.5,144.87005722522736,1127.0,133.7401144504547,1168.0,1187.0,0.8653908671598961,0.6577375888527465,0.6748022418179748,0.7717676035143931,0.7917907047434875,0.20765327830714964,0.19058862534192134,0.093623263645503,0.07360016241640865,0.0170646529652283,0.11403001466164664,0.13405311589074098,0.09696536169641834,-0.20765327830714964,-0.19058862534192134,-0.093623263645503,-0.07360016241640865,0.0170646529652283,0.11403001466164664,0.13405311589074098,0.0029584482638660425,0.0,under_circular,0.0,0.0
209566205-209566247-001,normal_intermediate,baseline,20260804,1278.0,154.28427076339722,1308.0,142.56854152679443,1352.0,1372.0,0.8653908671598961,0.6746793433930136,0.6905168866651501,0.7901204533322649,0.8086678818142431,0.1907115237668825,0.174873980494746,0.07527041382763122,0.05672298534565301,0.01583754327213649,0.11544110993925127,0.13398853842122949,0.09960356666711478,-0.1907115237668825,-0.174873980494746,-0.07527041382763122,-0.05672298534565301,0.01583754327213649,0.11544110993925127,0.13398853842122949,0.0027098852098417225,0.0,under_circular,0.0,0.0
209566205-209566247-001,normal_intermediate,baseline,20260805,1214.5,148.87005722522736,1243.0,137.7401144504547,1286.0,1305.0,0.8653908671598961,0.6886406774347441,0.704800627461002,0.8044267503078799,0.8233037880878508,0.176750189725152,0.16059023969889408,0.06096411685201619,0.04208707907204534,0.01615995002625792,0.1157860728731358,0.13466311065310665,0.09962612284687788,-0.176750189725152,-0.16059023969889408,-0.06096411685201619,-0.04208707907204534,0.01615995002625792,0.1157860728731358,0.13466311065310665,0.0027170877537129323,0.0,under_circular,0.0,0.0
209566205-209566289-001,normal_intermediate,baseline,20260803,1454.0,174.97056245803833,1472.0,167.94112491607666,1540.0,1552.0,0.7945066204241812,0.596821273111389,0.6042097070288615,0.6478286561957954,0.6558485432738725,0.1976853473127922,0.19029691339531973,0.14667796422838575,0.13865807715030865,0.007388433917472459,0.051007383084406444,0.05902727016248355,0.043618949166933985,-0.1976853473127922,-0.19029691339531973,-0.14667796422838575,-0.13865807715030865,0.007388433917472459,0.051007383084406444,0.05902727016248355,0.0006314531606046447,0.0,under_circular,0.0,0.0
209566205-209566289-001,normal_intermediate,baseline,20260804,1280.0,162.1421353816986,1295.0,156.28427076339722,1360.0,1370.0,0.7945066204241812,0.6118261808455809,0.6189960189023651,0.6585508162833796,0.6662682086617004,0.18268043957860025,0.17551060152181608,0.13595580414080155,0.12823841176248074,0.007169838056784172,0.0467246354377987,0.05444202781611951,0.03955479738101453,-0.18268043957860025,-0.17551060152181608,-0.13595580414080155,-0.12823841176248074,0.007169838056784172,0.0467246354377987,0.05444202781611951,0.0005475543215366363,0.0,under_circular,0.0,0.0
209566205-209566289-001,normal_intermediate,baseline,20260805,1231.0,162.1421353816986,1246.0,156.28427076339722,1311.0,1321.0,0.7945066204241812,0.5884047098600861,0.5955745479168703,0.6333406678475315,0.6410580602258523,0.2061019105640951,0.19893207250731093,0.16116595257664967,0.15344856019832886,0.007169838056784172,0.04493595798744543,0.05265335036576624,0.03776611993066126,-0.2061019105640951,-0.19893207250731093,-0.16116595257664967,-0.15344856019832886,0.007169838056784172,0.04493595798744543,0.05265335036576624,0.0005475543215366363,0.0,under_circular,0.0,0.0
209566399-209566485-001,normal_intermediate,baseline,20260803,233.0,74.48528122901917,233.0,74.48528122901917,270.0,270.0,0.8589758004718052,0.5277458919293067,0.5277458919293067,0.5277458919293067,0.5277458919293067,0.33122990854249856,0.33122990854249856,0.33122990854249856,0.33122990854249856,0.0,0.0,0.0,0.0,-0.33122990854249856,-0.33122990854249856,-0.33122990854249856,-0.33122990854249856,0.0,0.0,0.0,0.0,0.0,under_circular,0.0,0.0
209566399-209566485-001,normal_intermediate,baseline,20260804,1473.0,164.62741661071777,1497.0,155.25483322143555,1553.0,1569.0,0.8589758004718052,0.68298046918106,0.6941084605322788,0.7679312708280986,0.7804433892937296,0.17599533129074518,0.1648673399395264,0.09104452964370657,0.07853241117807563,0.01112799135121878,0.08495080164703861,0.09746292011266955,0.07382281029581983,-0.17599533129074518,-0.1648673399395264,-0.09104452964370657,-0.07853241117807563,0.01112799135121878,0.08495080164703861,0.09746292011266955,0.0013841271144121592,0.0,under_circular,0.0,0.0
209566399-209566485-001,normal_intermediate,baseline,20260805,1418.5,159.2132030725479,1441.0000000000002,150.42640614509583,1496.0,1511.0,0.8589758004718052,0.703203534391143,0.7143576264065119,0.7877547752030754,0.8002500042774985,0.1557722660806622,0.14461817406529331,0.07122102526872987,0.058725796194306734,0.011154092015368877,0.08455124081193233,0.09704646988635546,0.07339714879656345,-0.1557722660806622,-0.14461817406529331,-0.07122102526872987,-0.058725796194306734,0.011154092015368877,0.08455124081193233,0.09704646988635546,0.0013411370590542537,0.0,under_circular,0.0,0.0
