cell_id,model,seed,severity_corr,degradation_corr,raw_direct_circularity_clean,raw_direct_circularity_corr,delta_log_circularity,area_contribution,perimeter_contribution,abs_area_contribution,abs_perimeter_contribution,dominant_component,identity_residual
148495842-148495854-001,baseline,20260803,10,gaussian_noise,0.5668724800709709,0.5689586296844326,0.0036733488655673304,-0.06250821627049519,0.06618156513606265,0.06250821627049519,0.06618156513606265,perimeter,-1.2750217548429532e-16
148495842-148495854-001,baseline,20260803,20,gaussian_noise,0.5668724800709709,0.30552736934076075,-0.6180950122846224,-0.3728816999243469,-0.24521331236027552,0.3728816999243469,0.24521331236027552,area,0.0
148495842-148495854-001,baseline,20260803,30,gaussian_noise,0.5668724800709709,0.272148940108214,-0.7337848852008841,-0.49107465565205766,-0.24271022954882643,0.49107465565205766,0.24271022954882643,area,0.0
148497551-148497588-001,baseline,20260803,10,gaussian_noise,0.8418706512768434,0.8463750025415272,0.005336145178556302,-0.0550667012159997,0.06040284639455626,0.0550667012159997,0.06040284639455626,perimeter,-2.5673907444456745e-16
148497551-148497588-001,baseline,20260803,20,gaussian_noise,0.8418706512768434,0.5897278186626859,-0.3559652754736514,-0.14762765855727492,-0.20833761691637667,0.14762765855727492,0.20833761691637667,perimeter,1.6653345369377348e-16
148497551-148497588-001,baseline,20260803,30,gaussian_noise,0.8418706512768434,0.09970270179865935,-2.1334336057450307,-0.6302154542131566,-1.5032181515318743,0.6302154542131566,1.5032181515318743,perimeter,4.440892098500626e-16
148497788-148497816-002,baseline,20260803,10,gaussian_noise,0.7710475937750548,0.7894507748384906,0.023587380372097753,0.0018948371372820376,0.021692543234815658,0.0018948371372820376,0.021692543234815658,perimeter,5.898059818321144e-17
148497788-148497816-002,baseline,20260803,20,gaussian_noise,0.7710475937750548,0.7332147461909502,-0.050311473724596587,-0.11228608059666341,0.061974606872066886,0.11228608059666341,0.061974606872066886,area,-6.245004513516506e-17
148497788-148497816-002,baseline,20260803,30,gaussian_noise,0.7710475937750548,0.46711759354079646,-0.5011690693186297,-0.33079846253530504,-0.17037060678332439,0.33079846253530504,0.17037060678332439,area,-2.220446049250313e-16
148503209-148503222-001,baseline,20260803,10,gaussian_noise,0.4610058300238485,0.49447770486939413,0.07009137444759785,-0.024860037319394977,0.09495141176699291,0.024860037319394977,0.09495141176699291,perimeter,-9.71445146547012e-17
148503209-148503222-001,baseline,20260803,20,gaussian_noise,0.4610058300238485,0.4032162383786171,-0.1339376996865552,-0.05894196620941385,-0.07499573347714134,0.05894196620941385,0.07499573347714134,perimeter,0.0
148503209-148503222-001,baseline,20260803,30,gaussian_noise,0.4610058300238485,0.278914352840849,-0.502505933760649,-0.21492644773830766,-0.2875794860223414,0.21492644773830766,0.2875794860223414,perimeter,0.0
148503209-148503231-001,baseline,20260803,10,gaussian_noise,0.3817004749400969,0.45661036971574215,0.17919424053370628,-0.03475179460719721,0.2139460351409033,0.03475179460719721,0.2139460351409033,perimeter,1.942890293094024e-16
148503209-148503231-001,baseline,20260803,20,gaussian_noise,0.3817004749400969,0.4652767917663664,0.19799627557987898,-0.18154617875833404,0.37954245433821304,0.18154617875833404,0.37954245433821304,perimeter,-2.7755575615628914e-17
148503209-148503231-001,baseline,20260803,30,gaussian_noise,0.3817004749400969,0.5285713846724864,0.3255416624986734,-0.2464648101324491,0.5720064726311227,0.2464648101324491,0.5720064726311227,perimeter,-1.6653345369377348e-16
148503400-148503432-001,baseline,20260803,10,gaussian_noise,0.483536952765034,0.5297849964337793,0.09134351751976236,-0.0075412769023116884,0.09888479442207389,0.0075412769023116884,0.09888479442207389,perimeter,1.5265566588595902e-16
148503400-148503432-001,baseline,20260803,20,gaussian_noise,0.483536952765034,0.521833913895028,0.07622162502493587,-0.04645293830588689,0.12267456333082251,0.04645293830588689,0.12267456333082251,perimeter,2.498001805406602e-16
148503400-148503432-001,baseline,20260803,30,gaussian_noise,0.483536952765034,0.3556389422886484,-0.30721173047347866,-0.07404777434370007,-0.2331639561297789,0.07404777434370007,0.2331639561297789,perimeter,2.7755575615628914e-16
148503568-148503580-002,baseline,20260803,10,gaussian_noise,0.7298473013097279,0.6974151177779591,-0.04545452462588547,-0.04033244200597174,-0.00512208261991347,0.04033244200597174,0.00512208261991347,area,-2.636779683484747e-16
148503568-148503580-002,baseline,20260803,20,gaussian_noise,0.7298473013097279,0.581115761252863,-0.22788535412727118,-0.15301172754012735,-0.07487362658714389,0.15301172754012735,0.07487362658714389,area,5.551115123125783e-17
148503568-148503580-002,baseline,20260803,30,gaussian_noise,0.7298473013097279,0.238994187974467,-1.1163961024366253,-0.5816516763346031,-0.5347444261020219,0.5816516763346031,0.5347444261020219,area,-4.440892098500626e-16
148718455-148718461-001,baseline,20260803,10,gaussian_noise,0.7361401113309993,0.7672341243650809,0.04137153241217832,-0.0032347532827090336,0.044606285694887476,0.0032347532827090336,0.044606285694887476,perimeter,-1.1796119636642288e-16
148718455-148718461-001,baseline,20260803,20,gaussian_noise,0.7361401113309993,0.7526783844325889,0.022217554986820983,-0.007409156376042629,0.029626711362863763,0.007409156376042629,0.029626711362863763,perimeter,-1.491862189340054e-16
148718455-148718461-001,baseline,20260803,30,gaussian_noise,0.7361401113309993,0.7545782975403732,0.024738577632476073,-0.02298415357612342,0.04772273120859931,0.02298415357612342,0.04772273120859931,perimeter,1.8388068845354155e-16
148719308-148719348-004,baseline,20260803,10,gaussian_noise,0.8318865439639348,0.8158109907692488,-0.019513366919912765,-0.05266382813120432,0.033150461211291574,0.05266382813120432,0.033150461211291574,area,-1.734723475976807e-17
148719308-148719348-004,baseline,20260803,20,gaussian_noise,0.8318865439639348,0.7704525649706041,-0.07671797718728758,-0.17594785997793527,0.09922988279064761,0.17594785997793527,0.09922988279064761,area,8.326672684688674e-17
148719308-148719348-004,baseline,20260803,30,gaussian_noise,0.8318865439639348,0.3330607239189743,-0.9153712386276474,-0.5995281900645051,-0.31584304856314266,0.5995281900645051,0.31584304856314266,area,4.440892098500626e-16
148719308-148719357-001,baseline,20260803,10,gaussian_noise,0.7795524317030184,0.7533026879191078,-0.03425282646792113,-0.03655566711022728,0.0023028406423061427,0.03655566711022728,0.0023028406423061427,area,0.0
148719308-148719357-001,baseline,20260803,20,gaussian_noise,0.7795524317030184,0.7159759680666525,-0.08507334724066587,-0.09621704483428198,0.011143697593616157,0.09621704483428198,0.011143697593616157,area,-5.551115123125783e-17
148719308-148719357-001,baseline,20260803,30,gaussian_noise,0.7795524317030184,0.3512228546048204,-0.7972990140876318,-0.36165989558469047,-0.43563911850294124,0.36165989558469047,0.43563911850294124,perimeter,-1.1102230246251565e-16
148848523-148848559-002,baseline,20260803,10,gaussian_noise,0.8506587548736387,0.5006686200365446,-0.5300666098701211,-0.19444604428553489,-0.33562056558458625,0.19444604428553489,0.33562056558458625,perimeter,0.0
148848523-148848559-002,baseline,20260803,20,gaussian_noise,0.8506587548736387,0.2463442596988647,-1.2392810677427508,-1.5021561665983802,0.2628750988556292,1.5021561665983802,0.2628750988556292,area,2.220446049250313e-16
148881870-148882178-002,baseline,20260803,10,gaussian_noise,0.8453236726024861,0.7035337548132885,-0.18360374185539832,-0.12890231869878996,-0.05470142315660829,0.12890231869878996,0.05470142315660829,area,-8.326672684688674e-17
148881870-148882178-002,baseline,20260803,20,gaussian_noise,0.8453236726024861,0.2200734526274061,-1.3457582323069095,-0.42031846481315127,-0.9254397674937581,0.42031846481315127,0.9254397674937581,perimeter,-2.220446049250313e-16
148881870-148882178-002,baseline,20260803,30,gaussian_noise,0.8453236726024861,0.1871698620390096,-1.507703040813034,-2.2404533118870393,0.7327502710740055,2.2404533118870393,0.7327502710740055,area,-2.220446049250313e-16
148882307-148882323-001,baseline,20260803,10,gaussian_noise,0.6914269274700124,0.6841014883888195,-0.01065119157297416,-0.01065119157297405,-0.0,0.01065119157297405,0.0,area,-1.1102230246251565e-16
148882307-148882323-001,baseline,20260803,20,gaussian_noise,0.6914269274700124,0.6440595636984497,-0.07096626098414104,-0.08688710707521613,0.015920846091075143,0.08688710707521613,0.015920846091075143,area,-4.163336342344337e-17
148882307-148882323-001,baseline,20260803,30,gaussian_noise,0.6914269274700124,0.509612600873895,-0.3051066420846859,-0.194839775151358,-0.11026686693332809,0.194839775151358,0.11026686693332809,area,1.6653345369377348e-16
148882535-148882616-001,baseline,20260803,10,gaussian_noise,0.3161170362562679,0.32777944870610565,0.03622845681485997,-0.02801220579566251,0.06424066261052236,0.02801220579566251,0.06424066261052236,perimeter,1.1796119636642288e-16
148882535-148882616-001,baseline,20260803,20,gaussian_noise,0.3161170362562679,0.33339650029561513,0.053219960330614095,-0.0884207830121371,0.14164074334275112,0.0884207830121371,0.14164074334275112,perimeter,7.632783294297951e-17
148882535-148882616-001,baseline,20260803,30,gaussian_noise,0.3161170362562679,0.3479121208622504,0.09583740870921512,-0.24804171703736372,0.3438791257465787,0.24804171703736372,0.3438791257465787,perimeter,1.3877787807814457e-16
148882671-148882687-001,baseline,20260803,10,gaussian_noise,0.4791340406251796,0.30322864564908497,-0.4574932655152403,-0.022364183824131627,-0.4351290816911084,0.022364183824131627,0.4351290816911084,perimeter,-2.220446049250313e-16
148882671-148882687-001,baseline,20260803,20,gaussian_noise,0.4791340406251796,0.3911172008625099,-0.20297313103336045,-0.12514720365087198,-0.07782592738248854,0.12514720365087198,0.07782592738248854,area,5.551115123125783e-17
148882671-148882687-001,baseline,20260803,30,gaussian_noise,0.4791340406251796,0.443356168276415,-0.0776069539435264,-0.2873234995680011,0.20971654562447478,0.2873234995680011,0.20971654562447478,area,-1.1102230246251565e-16
149011613-149011656-001,baseline,20260803,10,gaussian_noise,0.723493721656168,0.722415786031831,-0.0014910142277980403,-0.013711798753831472,0.012220784526033276,0.013711798753831472,0.012220784526033276,area,1.5547459153442134e-16
149011613-149011656-001,baseline,20260803,20,gaussian_noise,0.723493721656168,0.7262900419013862,0.0038575734990936436,-0.017049903904070168,0.020907477403164027,0.017049903904070168,0.020907477403164027,perimeter,-2.1597307275911248e-16
149011613-149011656-001,baseline,20260803,30,gaussian_noise,0.723493721656168,0.7322315872646985,0.012004971674284912,-0.03003085541148111,0.04203582708576608,0.03003085541148111,0.04203582708576608,perimeter,-5.551115123125783e-17
149013033-149013072-001,baseline,20260803,10,gaussian_noise,0.8274975145402822,0.7495230266622566,-0.09896906390114814,-0.024771542303503005,-0.07419752159764542,0.024771542303503005,0.07419752159764542,perimeter,2.914335439641036e-16
149013033-149013072-001,baseline,20260803,20,gaussian_noise,0.8274975145402822,0.7283533173279625,-0.12761984720594674,-0.09168613108881624,-0.035933716117130456,0.09168613108881624,0.035933716117130456,area,-5.551115123125783e-17
149013033-149013072-001,baseline,20260803,30,gaussian_noise,0.8274975145402822,0.42489538691177176,-0.6665631134879823,-0.3070743656355478,-0.3594887478524344,0.3070743656355478,0.3594887478524344,perimeter,-1.1102230246251565e-16
149014929-149014984-001,baseline,20260803,10,gaussian_noise,0.8398739814703755,0.7927046734366089,-0.057801123105068936,-0.06975391912224824,0.011952796017179242,0.06975391912224824,0.011952796017179242,area,5.551115123125783e-17
149014929-149014984-001,baseline,20260803,20,gaussian_noise,0.8398739814703755,0.3799695432597709,-0.7931607583319369,-0.28436889763691786,-0.508791860695019,0.28436889763691786,0.508791860695019,perimeter,0.0
149014929-149014984-001,baseline,20260803,30,gaussian_noise,0.8398739814703755,0.25856024447383114,-1.1781231376708683,-0.7683778372948828,-0.40974530037598544,0.7683778372948828,0.40974530037598544,area,0.0
149014929-149015008-003,baseline,20260803,10,gaussian_noise,0.737744749183395,0.7161825755011187,-0.029662768287129014,-0.09267711452530716,0.06301434623817803,0.09267711452530716,0.06301434623817803,area,1.1796119636642288e-16
149014929-149015008-003,baseline,20260803,20,gaussian_noise,0.737744749183395,0.6668661006736271,-0.10100861931137725,-0.20489071928643046,0.10388209997505327,0.20489071928643046,0.10388209997505327,area,-5.551115123125783e-17
149014929-149015008-003,baseline,20260803,30,gaussian_noise,0.737744749183395,0.6722755595989559,-0.09292958106006691,-0.31763015321446214,0.22470057215439518,0.31763015321446214,0.22470057215439518,area,5.551115123125783e-17
149014929-149015022-001,baseline,20260803,10,gaussian_noise,0.3235205317144193,0.3261604408132864,0.008126830675254501,-0.03729146136350538,0.04541829203875983,0.03729146136350538,0.04541829203875983,perimeter,5.0306980803327406e-17
149014929-149015022-001,baseline,20260803,20,gaussian_noise,0.3235205317144193,0.3340108335083318,0.03191084874486382,-0.13842258895293155,0.17033343769779535,0.13842258895293155,0.17033343769779535,perimeter,2.0816681711721685e-17
149014929-149015022-001,baseline,20260803,30,gaussian_noise,0.3235205317144193,0.6217030252352586,0.6531999479732118,-0.3148035342167651,0.968003482189977,0.3148035342167651,0.968003482189977,perimeter,-1.1102230246251565e-16
149014929-149015022-002,baseline,20260803,10,gaussian_noise,0.4937665974793156,0.45859718767683505,-0.07389069280320229,-0.03921448555318042,-0.03467620725002204,0.03921448555318042,0.03467620725002204,area,1.6653345369377348e-16
149014929-149015022-002,baseline,20260803,20,gaussian_noise,0.4937665974793156,0.46133449718159675,-0.06793956049953476,-0.109642509250534,0.04170294875099942,0.109642509250534,0.04170294875099942,area,-1.8041124150158794e-16
149014929-149015022-002,baseline,20260803,30,gaussian_noise,0.4937665974793156,0.41615639908727575,-0.17100178184766593,-0.22283221880858176,0.05183043696091579,0.22283221880858176,0.05183043696091579,area,2.7755575615628914e-17
149053341-149053350-001,baseline,20260803,10,gaussian_noise,0.7720392261199254,0.7929008479975813,0.026662819996358063,-0.038491521879844504,0.06515434187620259,0.038491521879844504,0.06515434187620259,perimeter,-2.0816681711721685e-17
149053341-149053350-001,baseline,20260803,20,gaussian_noise,0.7720392261199254,0.7643038564444169,-0.010069931813190778,-0.09655532283460562,0.08648539102141496,0.09655532283460562,0.08648539102141496,area,-1.196959198423997e-16
149053341-149053350-001,baseline,20260803,30,gaussian_noise,0.7720392261199254,0.4111056083620657,-0.6301852236288419,-0.28048497721768845,-0.34970024641115355,0.28048497721768845,0.34970024641115355,perimeter,1.1102230246251565e-16
149053945-149053969-001,baseline,20260803,10,gaussian_noise,0.6732190713820979,0.8210175437932058,0.19847368667438722,-0.11556468583206807,0.3140383725064552,0.11556468583206807,0.3140383725064552,perimeter,8.326672684688674e-17
149053945-149053969-001,baseline,20260803,20,gaussian_noise,0.6732190713820979,0.4808159613571967,-0.33658621119166743,-0.6470887389004757,0.3105025277088083,0.6470887389004757,0.3105025277088083,area,-5.551115123125783e-17
149053945-149053969-001,baseline,20260803,30,gaussian_noise,0.6732190713820979,0.8001649174144166,0.17274706183065325,-3.0022801325251223,3.1750271943557755,3.0022801325251223,3.1750271943557755,perimeter,0.0
149053945-149053976-001,baseline,20260803,10,gaussian_noise,0.9865250256335595,0.994519663904186,0.008071177508477818,-0.40546510810816444,0.41353628561664224,0.40546510810816444,0.41353628561664224,perimeter,1.734723475976807e-17
149054642-149054677-003,baseline,20260803,10,gaussian_noise,0.8267501836246803,0.7174938749182269,-0.1417381630681143,-0.004498433136862257,-0.13723972993125202,0.004498433136862257,0.13723972993125202,perimeter,0.0
149054642-149054677-003,baseline,20260803,20,gaussian_noise,0.8267501836246803,0.5796197218819387,-0.3551303373870662,-0.028683960610584452,-0.3264463767764816,0.028683960610584452,0.3264463767764816,perimeter,-1.6653345369377348e-16
149054642-149054677-003,baseline,20260803,30,gaussian_noise,0.8267501836246803,0.46290025046946126,-0.5799909848414148,-0.1291807779567189,-0.45081020688469586,0.1291807779567189,0.45081020688469586,perimeter,0.0
149056321-149056343-001,baseline,20260803,10,gaussian_noise,0.7409416797596555,0.7322825348229419,-0.011755501395305993,-0.01542878165723387,0.0036732802619281746,0.01542878165723387,0.0036732802619281746,area,-2.96637714392034e-16
149056321-149056343-001,baseline,20260803,20,gaussian_noise,0.7409416797596555,0.7238718975020448,-0.02330747784229048,-0.04110633071851533,0.017798852876224746,0.04110633071851533,0.017798852876224746,area,1.0061396160665481e-16
149056321-149056343-001,baseline,20260803,30,gaussian_noise,0.7409416797596555,0.7143388357297313,-0.03656450780367552,-0.07013466851387405,0.03357016071019872,0.07013466851387405,0.03357016071019872,area,-1.8735013540549517e-16
149056321-149056360-001,baseline,20260803,10,gaussian_noise,0.7473274551902946,0.7021189390579621,-0.06240063091096417,-0.06843716155322849,0.006036530642264241,0.06843716155322849,0.006036530642264241,area,7.632783294297951e-17
149056321-149056360-001,baseline,20260803,20,gaussian_noise,0.7473274551902946,0.6445799301764618,-0.14790461586040743,-0.22606610575681155,0.07816148989640412,0.22606610575681155,0.07816148989640412,area,0.0
149056321-149056360-001,baseline,20260803,30,gaussian_noise,0.7473274551902946,0.48876248002453465,-0.4246268038921965,-0.398195873287636,-0.026430930604560445,0.398195873287636,0.026430930604560445,area,-5.551115123125783e-17
149056410-149056458-001,baseline,20260803,10,gaussian_noise,0.8833524944474113,0.6427460398488013,-0.3179746370392087,-0.15890128258585606,-0.1590733544533527,0.15890128258585606,0.1590733544533527,perimeter,5.551115123125783e-17
149056410-149056458-001,baseline,20260803,20,gaussian_noise,0.8833524944474113,0.2560833767704958,-1.2382212399404815,-0.6069260051128165,-0.631295234827665,0.6069260051128165,0.631295234827665,perimeter,0.0
149056410-149056458-001,baseline,20260803,30,gaussian_noise,0.8833524944474113,0.7212536311938019,-0.20273346951038862,-2.953962860677696,2.751229391167307,2.953962860677696,2.751229391167307,area,4.440892098500626e-16
149056873-149056884-001,baseline,20260803,10,gaussian_noise,0.8361351529134535,0.7457276633805983,-0.11442979512282195,-0.015764908737937514,-0.09866488638488417,0.015764908737937514,0.09866488638488417,perimeter,-2.636779683484747e-16
149056873-149056884-001,baseline,20260803,20,gaussian_noise,0.8361351529134535,0.49782835973550443,-0.5185349077321755,-0.195124754037564,-0.32341015369461135,0.195124754037564,0.32341015369461135,perimeter,-1.1102230246251565e-16
149056873-149056884-001,baseline,20260803,30,gaussian_noise,0.8361351529134535,0.25219234023153664,-1.1985982149149628,-0.4908662550553417,-0.707731959859621,0.4908662550553417,0.707731959859621,perimeter,0.0
149056873-149056884-002,baseline,20260803,10,gaussian_noise,0.7747349124449401,0.7404516214788652,-0.04526062304618716,-0.060624621816434854,0.015363998770247607,0.060624621816434854,0.015363998770247607,area,9.020562075079397e-17
149056873-149056884-002,baseline,20260803,20,gaussian_noise,0.7747349124449401,0.47439049391405524,-0.49049011302436807,-0.15947045645306748,-0.3310196565713008,0.15947045645306748,0.3310196565713008,perimeter,2.220446049250313e-16
149056873-149056884-002,baseline,20260803,30,gaussian_noise,0.7747349124449401,0.2957428469572613,-0.9630306059296688,-0.4396053232694655,-0.5234252826602034,0.4396053232694655,0.5234252826602034,perimeter,1.1102230246251565e-16
149056933-149056982-002,baseline,20260803,10,gaussian_noise,0.8310515479772042,0.8086105244272332,-0.02737445145362672,-0.04892038098060633,0.021545929526979608,0.04892038098060633,0.021545929526979608,area,3.469446951953614e-18
149056933-149056982-002,baseline,20260803,20,gaussian_noise,0.8310515479772042,0.5977076710829493,-0.3295900341073746,-0.1535721435079688,-0.17601789059940603,0.1535721435079688,0.17601789059940603,perimeter,2.7755575615628914e-16
149056933-149056982-002,baseline,20260803,30,gaussian_noise,0.8310515479772042,0.24797353083089793,-1.2093698142434606,-0.4493843420429998,-0.7599854722004608,0.4493843420429998,0.7599854722004608,perimeter,0.0
149057756-149057766-002,baseline,20260803,10,gaussian_noise,0.8357851918239012,0.8005725656480823,-0.043044453757080596,-0.008048333182828372,-0.03499612057425244,0.008048333182828372,0.03499612057425244,perimeter,2.1510571102112408e-16
149057756-149057766-002,baseline,20260803,20,gaussian_noise,0.8357851918239012,0.7419587328698588,-0.1190780069465594,-0.02135967782106778,-0.09771832912549196,0.02135967782106778,0.09771832912549196,perimeter,3.3306690738754696e-16
149057756-149057766-002,baseline,20260803,30,gaussian_noise,0.8357851918239012,0.5499748273138209,-0.4184991238301708,-0.06666624618723065,-0.35183287764294024,0.06666624618723065,0.35183287764294024,perimeter,1.1102230246251565e-16
149057756-149057788-002,baseline,20260803,10,gaussian_noise,0.49954461131078265,0.4941985772774721,-0.010759491323263055,-0.011970531977349624,0.001211040654086741,0.011970531977349624,0.001211040654086741,area,-1.717376241217039e-16
149057756-149057788-002,baseline,20260803,20,gaussian_noise,0.49954461131078265,0.8482664455192436,0.5294978850276841,-0.060673550522427115,0.5901714355501111,0.060673550522427115,0.5901714355501111,perimeter,1.1102230246251565e-16
149057756-149057788-002,baseline,20260803,30,gaussian_noise,0.49954461131078265,0.7555985643445643,0.41381332957108735,-0.10350082605491685,0.5173141556260041,0.10350082605491685,0.5173141556260041,perimeter,5.551115123125783e-17
149057812-149057825-003,baseline,20260803,10,gaussian_noise,0.7878616850421926,0.7777965443963105,-0.012857568935395644,-0.00894620387849429,-0.003911365056901479,0.00894620387849429,0.003911365056901479,area,1.231653667943533e-16
149057812-149057825-003,baseline,20260803,20,gaussian_noise,0.7878616850421926,0.7293774860066802,-0.0771311364133097,-0.028181055653543986,-0.04895008075976575,0.028181055653543986,0.04895008075976575,perimeter,4.163336342344337e-17
149057812-149057825-003,baseline,20260803,30,gaussian_noise,0.7878616850421926,0.6730660772849646,-0.15747903984283793,-0.05022510842164161,-0.1072539314211966,0.05022510842164161,0.1072539314211966,perimeter,2.7755575615628914e-16
149057812-149057825-005,baseline,20260803,10,gaussian_noise,0.8587247565717404,0.8626425959625076,0.004552016337567948,0.0018331810816609117,0.0027188352559069915,0.0018331810816609117,0.0027188352559069915,perimeter,4.5102810375396984e-17
149057812-149057825-005,baseline,20260803,20,gaussian_noise,0.8587247565717404,0.6970460870331825,-0.20859691698146615,-0.017584904775440644,-0.19101201220602546,0.017584904775440644,0.19101201220602546,perimeter,-5.551115123125783e-17
149057812-149057825-005,baseline,20260803,30,gaussian_noise,0.8587247565717404,0.551206088213052,-0.4433396825371382,-0.016185324421017305,-0.42715435811612085,0.016185324421017305,0.42715435811612085,perimeter,0.0
149057812-149057847-004,baseline,20260803,10,gaussian_noise,0.8283128493988753,0.8070105426949246,-0.026054188218163386,-0.026054185042601756,-3.1755615889408804e-09,0.026054185042601756,3.1755615889408804e-09,area,-4.163336342344337e-17
149057812-149057847-004,baseline,20260803,20,gaussian_noise,0.8283128493988753,0.7653364983476422,-0.07907531622647092,-0.0799679497024329,0.0008926334759622995,0.0799679497024329,0.0008926334759622995,area,-3.191891195797325e-16
149057812-149057847-004,baseline,20260803,30,gaussian_noise,0.8283128493988753,0.5742353568615917,-0.36635157880483626,-0.2683329989134057,-0.0980185798914305,0.2683329989134057,0.0980185798914305,area,-1.1102230246251565e-16
149057812-149057847-005,baseline,20260803,10,gaussian_noise,0.8140751321230573,0.7978579213804073,-0.02012212343338594,-0.02697986269832492,0.006857739264939099,0.02697986269832492,0.006857739264939099,area,-1.214306433183765e-16
149057812-149057847-005,baseline,20260803,20,gaussian_noise,0.8140751321230573,0.6827739036978445,-0.17588889099909816,-0.07528564807407709,-0.10060324292502115,0.07528564807407709,0.10060324292502115,perimeter,8.326672684688674e-17
149057812-149057847-005,baseline,20260803,30,gaussian_noise,0.8140751321230573,0.5645851118326956,-0.3659615155841307,-0.1787646956321978,-0.1871968199519328,0.1787646956321978,0.1871968199519328,perimeter,-1.1102230246251565e-16
149058262-149058272-003,baseline,20260803,10,gaussian_noise,0.5859827811790537,0.4604891962502302,-0.24100101098321478,0.029292200497799993,-0.2702932114810148,0.029292200497799993,0.2702932114810148,perimeter,5.551115123125783e-17
149058262-149058272-003,baseline,20260803,20,gaussian_noise,0.5859827811790537,0.4378900600626987,-0.2913225310453113,0.02796915730591002,-0.3192916883512214,0.02796915730591002,0.3192916883512214,perimeter,5.551115123125783e-17
149058262-149058272-003,baseline,20260803,30,gaussian_noise,0.5859827811790537,0.4305692367100204,-0.3081822659608543,-0.03651052472717544,-0.2716717412336786,0.03651052472717544,0.2716717412336786,perimeter,-2.7755575615628914e-16
149061666-149061699-003,baseline,20260803,10,gaussian_noise,0.7761774134502654,0.7834882212398282,0.009374908533966265,0.0009857073247591282,0.00838920120920683,0.0009857073247591282,0.00838920120920683,perimeter,3.0704605524789486e-16
149061666-149061699-003,baseline,20260803,20,gaussian_noise,0.7761774134502654,0.7210773657985772,-0.07363468463883537,-0.01390290516899138,-0.05973177946984401,0.01390290516899138,0.05973177946984401,perimeter,2.7755575615628914e-17
149061666-149061699-003,baseline,20260803,30,gaussian_noise,0.7761774134502654,0.6786922807008419,-0.1342132896418577,-0.09330692795625972,-0.04090636168559806,0.09330692795625972,0.04090636168559806,area,8.326672684688674e-17
149095913-149095926-001,baseline,20260803,10,gaussian_noise,0.26684413449404804,0.33251299664381406,0.22001422497989834,-0.021675725479040394,0.2416899504589387,0.021675725479040394,0.2416899504589387,perimeter,2.7755575615628914e-17
149095913-149095926-001,baseline,20260803,20,gaussian_noise,0.26684413449404804,0.22812616713983014,-0.1567658814496163,-0.04332268198729852,-0.1134431994623176,0.04332268198729852,0.1134431994623176,perimeter,-1.942890293094024e-16
149095913-149095926-001,baseline,20260803,30,gaussian_noise,0.26684413449404804,0.24883886322862706,-0.06985917064861412,-0.13297459973708672,0.0631154290884728,0.13297459973708672,0.0631154290884728,area,-1.942890293094024e-16
149097324-149097373-001,baseline,20260803,10,gaussian_noise,0.7918155409938571,0.7112882603595712,-0.10725068478490643,-0.06127218038914888,-0.04597850439575761,0.06127218038914888,0.04597850439575761,area,5.551115123125783e-17
149097324-149097373-001,baseline,20260803,20,gaussian_noise,0.7918155409938571,0.5181715799887024,-0.4240220389902846,-0.20360691040593132,-0.22041512858435336,0.20360691040593132,0.22041512858435336,perimeter,5.551115123125783e-17
149097324-149097373-001,baseline,20260803,30,gaussian_noise,0.7918155409938571,0.3827737115944524,-0.7268844786778772,-0.5527956945280834,-0.1740887841497937,0.5527956945280834,0.1740887841497937,area,-1.1102230246251565e-16
149097594-149097637-001,baseline,20260803,10,gaussian_noise,0.5645895507681367,0.5743851278268286,0.01720111740252178,-0.04330285468311727,0.06050397208563911,0.04330285468311727,0.06050397208563911,perimeter,-5.551115123125783e-17
149097594-149097637-001,baseline,20260803,20,gaussian_noise,0.5645895507681367,0.46652155178599974,-0.19079479021147333,-0.16753059578214283,-0.02326419442933038,0.16753059578214283,0.02326419442933038,area,-1.1102230246251565e-16
149097594-149097637-001,baseline,20260803,30,gaussian_noise,0.5645895507681367,0.4491664627649004,-0.22870544817066824,-0.4381182348746236,0.2094127867039553,0.4381182348746236,0.2094127867039553,area,5.551115123125783e-17
149097594-149097637-002,baseline,20260803,10,gaussian_noise,0.8526631816067108,0.7760901310389893,-0.09409594452987372,-0.11476188532220717,0.020665940792333495,0.11476188532220717,0.020665940792333495,area,-4.163336342344337e-17
149097594-149097637-002,baseline,20260803,20,gaussian_noise,0.8526631816067108,0.34896461852541627,-0.8933940687346921,-0.8530295011626221,-0.0403645675720696,0.8530295011626221,0.0403645675720696,area,-3.3306690738754696e-16
149097594-149097637-002,baseline,20260803,30,gaussian_noise,0.8526631816067108,1.557146043829194,0.602245359441113,-2.9479752293784234,3.550220588819536,2.9479752293784234,3.550220588819536,perimeter,2.220446049250313e-16
149098972-149098988-002,baseline,20260803,10,gaussian_noise,0.6728909035528859,0.6346875541961751,-0.05845037466306778,-0.08566426568210214,0.027213891019034427,0.08566426568210214,0.027213891019034427,area,-6.938893903907228e-17
149098972-149098988-002,baseline,20260803,20,gaussian_noise,0.6728909035528859,0.5590974227656501,-0.18525947341862467,-0.28515362609842226,0.09989415267979777,0.28515362609842226,0.09989415267979777,area,-1.942890293094024e-16
149098972-149098988-002,baseline,20260803,30,gaussian_noise,0.6728909035528859,0.26849721737286386,-0.9187426615348778,-0.5872081704178392,-0.33153449111703864,0.5872081704178392,0.33153449111703864,area,1.1102230246251565e-16
149099096-149099104-001,baseline,20260803,10,gaussian_noise,0.7654412186038322,0.744547060633761,-0.027676362725618995,-0.07252247566469183,0.044846112939072834,0.07252247566469183,0.044846112939072834,area,3.469446951953614e-18
149099096-149099104-001,baseline,20260803,20,gaussian_noise,0.7654412186038322,0.5189779885408617,-0.3885909529341776,-0.2242652564234099,-0.16432569651076806,0.2242652564234099,0.16432569651076806,area,3.3306690738754696e-16
149099096-149099104-001,baseline,20260803,30,gaussian_noise,0.7654412186038322,1.9524301256509193,0.9363776700434611,-4.618714411095849,5.55509208113931,4.618714411095849,5.55509208113931,perimeter,1.1102230246251565e-16
149099276-149099290-001,baseline,20260803,10,gaussian_noise,0.5492561257048064,0.5299219270623771,-0.03583517579018095,-0.0041525576008244,-0.03168261818935649,0.0041525576008244,0.03168261818935649,perimeter,-6.245004513516506e-17
149099276-149099290-001,baseline,20260803,20,gaussian_noise,0.5492561257048064,0.44783490306713253,-0.20414021950067734,-0.056991643475938575,-0.1471485760247389,0.056991643475938575,0.1471485760247389,perimeter,1.3877787807814457e-16
149099276-149099290-001,baseline,20260803,30,gaussian_noise,0.5492561257048064,0.454497346919538,-0.18937278781632252,-0.11865582646020659,-0.07071696135611619,0.11865582646020659,0.07071696135611619,area,2.498001805406602e-16
149099276-149099290-002,baseline,20260803,10,gaussian_noise,0.6293965628285088,0.643564507398686,0.022260743023178663,-0.004128581505763468,0.026389324528942163,0.004128581505763468,0.026389324528942163,perimeter,-3.122502256758253e-17
149099276-149099290-002,baseline,20260803,20,gaussian_noise,0.6293965628285088,0.6531683987731,0.03707345724122002,-0.033820371313166446,0.07089382855438651,0.033820371313166446,0.07089382855438651,perimeter,-4.85722573273506e-17
149099276-149099290-002,baseline,20260803,30,gaussian_noise,0.6293965628285088,0.5993187839523089,-0.048967873459503514,-0.07992009404119922,0.030952220581695732,0.07992009404119922,0.030952220581695732,area,-2.7755575615628914e-17
149099502-149099525-002,baseline,20260803,10,gaussian_noise,0.7273333341589041,0.7213153385990613,-0.008308474362164676,-0.017650761607306626,0.009342287245142142,0.017650761607306626,0.009342287245142142,area,-1.9255430583342559e-16
149099502-149099525-002,baseline,20260803,20,gaussian_noise,0.7273333341589041,0.714731603687666,-0.01747778609627906,-0.07255305599500393,0.055075269898725035,0.07255305599500393,0.055075269898725035,area,-1.6306400674181987e-16
149099502-149099525-002,baseline,20260803,30,gaussian_noise,0.7273333341589041,0.641155194266799,-0.12611333850314524,-0.13158062925765607,0.005467290754511043,0.13158062925765607,0.005467290754511043,area,-2.220446049250313e-16
149100006-149100028-002,baseline,20260803,10,gaussian_noise,0.5064653128239403,0.9216157980852052,0.5986725945299912,-0.37044113970288034,0.9691137342328714,0.37044113970288034,0.9691137342328714,perimeter,1.1102230246251565e-16
149100006-149100028-002,baseline,20260803,20,gaussian_noise,0.5064653128239403,0.30342332730158517,-0.5123268870314651,-1.0706855821335872,0.5583586951021221,1.0706855821335872,0.5583586951021221,area,0.0
149100006-149100028-002,baseline,20260803,30,gaussian_noise,0.5064653128239403,1.4637475012050174,1.06129937050753,-2.8043374205543614,3.865636791061892,2.8043374205543614,3.865636791061892,perimeter,-4.440892098500626e-16
149100064-149100072-001,baseline,20260803,10,gaussian_noise,0.4786752300260928,0.5450800578585254,0.1299103282217738,-0.02340119100511097,0.15331151922688493,0.02340119100511097,0.15331151922688493,perimeter,-1.3877787807814457e-16
149100064-149100072-001,baseline,20260803,20,gaussian_noise,0.4786752300260928,0.37563862897099,-0.24239476272522492,-0.13708269928301545,-0.10531206344220953,0.13708269928301545,0.10531206344220953,area,5.551115123125783e-17
149100064-149100072-001,baseline,20260803,30,gaussian_noise,0.4786752300260928,0.4492004373756627,-0.06355315426597918,-0.3359292620434227,0.2723761077774437,0.3359292620434227,0.2723761077774437,area,-1.6653345369377348e-16
149101620-149101650-001,baseline,20260803,10,gaussian_noise,0.7540060505676537,0.7592850936974563,0.0069769317874404085,-0.011711259420901515,0.018688191208342194,0.011711259420901515,0.018688191208342194,perimeter,-2.706168622523819e-16
149101620-149101650-001,baseline,20260803,20,gaussian_noise,0.7540060505676537,0.691277578524738,-0.08685894396061522,-0.06733097469599489,-0.019527969264620203,0.06733097469599489,0.019527969264620203,area,-1.249000902703301e-16
149101620-149101650-001,baseline,20260803,30,gaussian_noise,0.7540060505676537,0.6479902070316421,-0.1515248089687068,-0.15224793463383277,0.0007231256651260553,0.15224793463383277,0.0007231256651260553,area,-8.326672684688674e-17
149102442-149102451-001,baseline,20260803,10,gaussian_noise,0.8851413376761292,0.719339002813422,-0.20741459715094865,-0.0913124588890204,-0.11610213826192832,0.0913124588890204,0.11610213826192832,perimeter,8.326672684688674e-17
149102442-149102451-001,baseline,20260803,20,gaussian_noise,0.8851413376761292,0.5500256963337027,-0.4757823381036404,-0.3675658355171785,-0.10821650258646193,0.3675658355171785,0.10821650258646193,area,0.0
149102442-149102451-001,baseline,20260803,30,gaussian_noise,0.8851413376761292,0.35676809591303627,-0.9086613564217161,-0.9759769529246295,0.0673155965029131,0.9759769529246295,0.0673155965029131,area,3.3306690738754696e-16
149102510-149102519-001,baseline,20260803,10,gaussian_noise,0.780749598634792,0.7618670221153588,-0.02448245328849987,-0.01511232512869302,-0.009370128159806859,0.01511232512869302,0.009370128159806859,area,6.938893903907228e-18
149102510-149102519-001,baseline,20260803,20,gaussian_noise,0.780749598634792,0.6709384256988609,-0.15157711430490514,-0.10515940379585816,-0.046417710509046965,0.10515940379585816,0.046417710509046965,area,-2.7755575615628914e-17
149102510-149102519-001,baseline,20260803,30,gaussian_noise,0.780749598634792,0.3730352845463626,-0.7385814702777032,-0.38473499916208925,-0.35384647111561385,0.38473499916208925,0.35384647111561385,area,0.0
149105003-149105050-001,baseline,20260803,10,gaussian_noise,0.7660317668491423,0.7437545892342078,-0.029512512723383483,-0.06688260955901602,0.037370096835632534,0.06688260955901602,0.037370096835632534,area,6.938893903907228e-18
149105003-149105050-001,baseline,20260803,20,gaussian_noise,0.7660317668491423,0.590463561254465,-0.26031571452023006,-0.22175818974422284,-0.03855752477600705,0.22175818974422284,0.03855752477600705,area,-1.6653345369377348e-16
149105003-149105050-001,baseline,20260803,30,gaussian_noise,0.7660317668491423,0.44058624765179627,-0.55311741885596,-0.6493868085960545,0.09626938974009427,0.6493868085960545,0.09626938974009427,area,2.220446049250313e-16
149105289-149105300-001,baseline,20260803,10,gaussian_noise,0.750735042198972,0.8149296148853185,0.08204896455347288,-0.11934049508790641,0.20138945964137955,0.11934049508790641,0.20138945964137955,perimeter,-2.636779683484747e-16
149105289-149105300-001,baseline,20260803,20,gaussian_noise,0.750735042198972,0.6994655163992883,-0.07073628746292097,-0.3006605495447715,0.2299242620818506,0.3006605495447715,0.2299242620818506,area,-6.938893903907228e-17
149105289-149105300-001,baseline,20260803,30,gaussian_noise,0.750735042198972,0.47027803433735205,-0.4677287006341366,-0.5404585357641185,0.07272983512998196,0.5404585357641185,0.07272983512998196,area,-5.551115123125783e-17
149105289-149105300-002,baseline,20260803,10,gaussian_noise,0.4699060599240446,0.6122820569385249,0.2646602514666098,-0.048240139404451786,0.31290039087106153,0.048240139404451786,0.31290039087106153,perimeter,5.551115123125783e-17
149105289-149105300-002,baseline,20260803,20,gaussian_noise,0.4699060599240446,0.5328672603240068,0.12573954838062212,-0.14186582652336013,0.26760537490398223,0.14186582652336013,0.26760537490398223,perimeter,2.7755575615628914e-17
149105289-149105300-002,baseline,20260803,30,gaussian_noise,0.4699060599240446,0.24259326392544475,-0.6611465722775007,-0.381438295952607,-0.27970827632489365,0.381438295952607,0.27970827632489365,area,-1.1102230246251565e-16
149105289-149105311-001,baseline,20260803,10,gaussian_noise,0.7141564849418133,0.36391808463669767,-0.6741733048072006,-0.21107097007994055,-0.46310233472726026,0.21107097007994055,0.46310233472726026,perimeter,2.220446049250313e-16
149105289-149105311-001,baseline,20260803,20,gaussian_noise,0.7141564849418133,0.2979976778681728,-0.8740164108249079,-1.0850862188058574,0.21106980798094926,1.0850862188058574,0.21106980798094926,area,3.3306690738754696e-16
149105289-149105311-001,baseline,20260803,30,gaussian_noise,0.7141564849418133,0.3089542183522858,-0.8379089996626149,-1.4536586105336562,0.6157496108710412,1.4536586105336562,0.6157496108710412,area,1.1102230246251565e-16
149105289-149105311-003,baseline,20260803,10,gaussian_noise,0.1895919118069973,0.21822996366954286,0.14067545634786818,-0.20918863452745362,0.349864090875322,0.20918863452745362,0.349864090875322,perimeter,-1.942890293094024e-16
149105289-149105311-003,baseline,20260803,20,gaussian_noise,0.1895919118069973,0.19907836018825517,0.04882458734254628,-0.995509698415942,1.0443342857584885,0.995509698415942,1.0443342857584885,perimeter,-2.983724378680108e-16
149105289-149105311-003,baseline,20260803,30,gaussian_noise,0.1895919118069973,0.7082092765661961,1.3178657087212227,-2.7900900439856384,4.107955752706861,2.7900900439856384,4.107955752706861,perimeter,2.220446049250313e-16
149105289-149105311-004,baseline,20260803,10,gaussian_noise,0.48089368524482007,0.32210738597315497,-0.40076123032054545,-0.05552365004135577,-0.3452375802791899,0.05552365004135577,0.3452375802791899,perimeter,2.220446049250313e-16
149105289-149105311-004,baseline,20260803,20,gaussian_noise,0.48089368524482007,0.3098954125407017,-0.4394113554251289,-0.2409268733727184,-0.1984844820524107,0.2409268733727184,0.1984844820524107,area,2.220446049250313e-16
149105289-149105311-004,baseline,20260803,30,gaussian_noise,0.48089368524482007,0.2118423015550196,-0.8198040797973756,-0.33627820628719546,-0.4835258735101804,0.33627820628719546,0.4835258735101804,perimeter,2.220446049250313e-16
149140081-149140096-002,baseline,20260803,10,gaussian_noise,0.6165541289205106,0.6482094590666213,0.050067764314193894,-0.05230558521153424,0.1023733495257283,0.05230558521153424,0.1023733495257283,perimeter,-1.5959455978986625e-16
149140081-149140096-002,baseline,20260803,20,gaussian_noise,0.6165541289205106,0.4969501109274188,-0.21565647847740704,-0.14055115470061988,-0.0751053237767872,0.14055115470061988,0.0751053237767872,area,5.551115123125783e-17
149140081-149140096-002,baseline,20260803,30,gaussian_noise,0.6165541289205106,0.5843547922212392,-0.05363779981897887,-0.4101004265645353,0.35646262674555645,0.4101004265645353,0.35646262674555645,area,0.0
149140849-149140856-001,baseline,20260803,10,gaussian_noise,0.5386842233360689,0.5551046970431607,0.030027196567873803,-0.04559690127321558,0.07562409784108953,0.04559690127321558,0.07562409784108953,perimeter,-1.5265566588595902e-16
149140849-149140856-001,baseline,20260803,20,gaussian_noise,0.5386842233360689,0.446821263591536,-0.18697088579656593,-0.281463498508605,0.09449261271203918,0.281463498508605,0.09449261271203918,area,-8.326672684688674e-17
149140849-149140856-001,baseline,20260803,30,gaussian_noise,0.5386842233360689,0.3937896912504344,-0.31331255447340645,-0.8317302785193817,0.5184177240459753,0.8317302785193817,0.5184177240459753,area,0.0
149143028-149143108-002,baseline,20260803,10,gaussian_noise,0.7788307700953981,0.7748909242238643,-0.0050715058306702015,-0.007391016646389067,0.002319510815718861,0.007391016646389067,0.002319510815718861,area,4.336808689942018e-18
149143028-149143108-002,baseline,20260803,20,gaussian_noise,0.7788307700953981,0.7588911964538455,-0.025935366402688148,-0.04982162377609433,0.023886257373406015,0.04982162377609433,0.023886257373406015,area,1.6653345369377348e-16
149143028-149143108-002,baseline,20260803,30,gaussian_noise,0.7788307700953981,0.6828057369466968,-0.13158338936738345,-0.09372822115717055,-0.037855168210213105,0.09372822115717055,0.037855168210213105,area,2.220446049250313e-16
149143469-149143497-003,baseline,20260803,10,gaussian_noise,0.7199229099716877,0.7077219814726852,-0.017092801755607102,-0.02372992704210966,0.006637125286502351,0.02372992704210966,0.006637125286502351,area,2.0816681711721685e-16
149143469-149143497-003,baseline,20260803,20,gaussian_noise,0.7199229099716877,0.6989487421963012,-0.029566727440238784,-0.06576764023750295,0.036200912797263854,0.06576764023750295,0.036200912797263854,area,3.122502256758253e-16
149143469-149143497-003,baseline,20260803,30,gaussian_noise,0.7199229099716877,0.6150664720177299,-0.15741379024651259,-0.188032978333386,0.030619188086873146,0.188032978333386,0.030619188086873146,area,2.7755575615628914e-16
149146837-149146854-001,baseline,20260803,10,gaussian_noise,0.7838317521482367,0.771633785970927,-0.01568432849688337,-0.012962438455571476,-0.002721890041312019,0.012962438455571476,0.002721890041312019,area,1.2836953722228372e-16
149146837-149146854-001,baseline,20260803,20,gaussian_noise,0.7838317521482367,0.6232206423677148,-0.2292937782773076,-0.009897301956194626,-0.21939647632111314,0.009897301956194626,0.21939647632111314,perimeter,1.6653345369377348e-16
149146837-149146854-001,baseline,20260803,30,gaussian_noise,0.7838317521482367,0.411929954839136,-0.643341073099007,-0.20966161015901233,-0.43367946293999465,0.20966161015901233,0.43367946293999465,perimeter,0.0
149181904-149181927-001,baseline,20260803,10,gaussian_noise,0.8748623386502437,0.8161094051817076,-0.06951812576907566,-0.03228226380836043,-0.037235861960715474,0.03228226380836043,0.037235861960715474,perimeter,2.3592239273284576e-16
149181904-149181927-001,baseline,20260803,20,gaussian_noise,0.8748623386502437,0.5142810045789323,-0.5312967291397506,-0.18913321530336535,-0.3421635138363852,0.18913321530336535,0.3421635138363852,perimeter,0.0
149181904-149181927-001,baseline,20260803,30,gaussian_noise,0.8748623386502437,0.12493745216465212,-1.9462533173371936,-0.7240820379214716,-1.2221712794157222,0.7240820379214716,1.2221712794157222,perimeter,2.220446049250313e-16
149181904-149181951-001,baseline,20260803,10,gaussian_noise,0.8827852488232439,0.8059082032508321,-0.0911121204366926,-0.039862630368005685,-0.051249490068686544,0.039862630368005685,0.051249490068686544,perimeter,-3.7470027081099033e-16
149181904-149181951-001,baseline,20260803,20,gaussian_noise,0.8827852488232439,0.3873069369975045,-0.8238644671749921,-0.26129531727858607,-0.5625691498964057,0.26129531727858607,0.5625691498964057,perimeter,-3.3306690738754696e-16
149181904-149181951-001,baseline,20260803,30,gaussian_noise,0.8827852488232439,0.3527391611290299,-0.9173531012260564,-1.9969653198555974,1.0796122186295412,1.9969653198555974,1.0796122186295412,area,-1.1102230246251565e-16
149182125-149182135-002,baseline,20260803,10,gaussian_noise,0.8064538632964852,0.7467994809514538,-0.0768499732118042,-0.041781534014955,-0.035068439196849134,0.041781534014955,0.035068439196849134,area,-6.938893903907228e-17
149182125-149182135-002,baseline,20260803,20,gaussian_noise,0.8064538632964852,0.6559984670385509,-0.2064882377390583,-0.11970303624620779,-0.08678520149285053,0.11970303624620779,0.08678520149285053,area,2.7755575615628914e-17
149182125-149182135-002,baseline,20260803,30,gaussian_noise,0.8064538632964852,0.09184510409262164,-2.172543182900565,-0.9455583005976356,-1.226984882302929,0.9455583005976356,1.226984882302929,perimeter,-4.440892098500626e-16
149182657-149182667-001,baseline,20260803,10,gaussian_noise,0.8204134889620971,0.7306684163375531,-0.11584871397688722,-0.04579737183902687,-0.07005134213786048,0.04579737183902687,0.07005134213786048,perimeter,1.249000902703301e-16
149182657-149182667-001,baseline,20260803,20,gaussian_noise,0.8204134889620971,0.40124103329396477,-0.7152461407327798,-0.29746114510165167,-0.41778499563112803,0.29746114510165167,0.41778499563112803,perimeter,-1.1102230246251565e-16
149182657-149182667-001,baseline,20260803,30,gaussian_noise,0.8204134889620971,1.9188830612569943,0.849690088821055,-2.669488446817798,3.5191785356388534,2.669488446817798,3.5191785356388534,perimeter,-2.220446049250313e-16
149182657-149182681-002,baseline,20260803,10,gaussian_noise,0.8215030295572108,0.6472847164151815,-0.23834937131879078,-0.0827394770391523,-0.15560989427963828,0.0827394770391523,0.15560989427963828,perimeter,-1.942890293094024e-16
149182657-149182681-002,baseline,20260803,20,gaussian_noise,0.8215030295572108,0.34203851946079666,-0.8762122645837936,-0.3186268763012024,-0.5575853882825909,0.3186268763012024,0.5575853882825909,perimeter,-3.3306690738754696e-16
149182657-149182681-002,baseline,20260803,30,gaussian_noise,0.8215030295572108,0.18700427664998776,-1.480004138927338,-1.0739872413627205,-0.40601689756461734,1.0739872413627205,0.40601689756461734,area,-2.220446049250313e-16
149182657-149182698-003,baseline,20260803,10,gaussian_noise,0.8675701988957604,0.8091187908648688,-0.06975068651678855,-0.03024129004814008,-0.03950939646864869,0.03024129004814008,0.03950939646864869,perimeter,2.220446049250313e-16
149182657-149182698-003,baseline,20260803,20,gaussian_noise,0.8675701988957604,0.6132728028217783,-0.34688656345120555,-0.08660379597726234,-0.26028276747394324,0.08660379597726234,0.26028276747394324,perimeter,5.551115123125783e-17
149182657-149182698-003,baseline,20260803,30,gaussian_noise,0.8675701988957604,0.29863396368468276,-1.0664778077442292,-0.33065956655516904,-0.7358182411890598,0.33065956655516904,0.7358182411890598,perimeter,-4.440892098500626e-16
149185604-149185616-001,baseline,20260803,10,gaussian_noise,0.8175234275817965,0.7935799231853046,-0.029725302708160324,-0.0014226777189751897,-0.02830262498918548,0.0014226777189751897,0.02830262498918548,perimeter,3.434752482434078e-16
149185604-149185616-001,baseline,20260803,20,gaussian_noise,0.8175234275817965,0.44121973692973887,-0.6167365389195235,-0.08915910523495608,-0.5275774336845673,0.08915910523495608,0.5275774336845673,perimeter,-1.1102230246251565e-16
149185604-149185616-001,baseline,20260803,30,gaussian_noise,0.8175234275817965,2.5020668841604623,1.1185928629947184,-2.0494715069909484,3.1680643699856668,2.0494715069909484,3.1680643699856668,perimeter,0.0
149185604-149185645-003,baseline,20260803,10,gaussian_noise,0.8584568997300366,0.8214360082698314,-0.04408243667790457,-0.009021151023996274,-0.03506128565390816,0.009021151023996274,0.03506128565390816,perimeter,-1.3183898417423734e-16
149185604-149185645-003,baseline,20260803,20,gaussian_noise,0.8584568997300366,0.4070000127724058,-0.7463232580944592,-0.12689603513050168,-0.6194272229639574,0.12689603513050168,0.6194272229639574,perimeter,-2.220446049250313e-16
149185604-149185645-003,baseline,20260803,30,gaussian_noise,0.8584568997300366,0.13456396698971887,-1.8530967979329207,-0.7899147324949397,-1.0631820654379809,0.7899147324949397,1.0631820654379809,perimeter,-2.220446049250313e-16
149185604-149185657-001,baseline,20260803,10,gaussian_noise,0.8348296915074318,0.6458222046901888,-0.2567035008176952,-0.06661968734139569,-0.19008381347629943,0.06661968734139569,0.19008381347629943,perimeter,-1.1102230246251565e-16
149185604-149185657-001,baseline,20260803,20,gaussian_noise,0.8348296915074318,0.24939102687958664,-1.2082056880133398,-0.29421758900498574,-0.9139880990083542,0.29421758900498574,0.9139880990083542,perimeter,2.220446049250313e-16
149185604-149185657-001,baseline,20260803,30,gaussian_noise,0.8348296915074318,0.08685310806370315,-2.263009463163249,-1.5353299402803784,-0.7276795228828706,1.5353299402803784,0.7276795228828706,area,0.0
149185698-149185709-002,baseline,20260803,10,gaussian_noise,0.8066148956433286,0.7624866282149897,-0.0562613779079446,-0.005366739177940787,-0.050894638730004035,0.005366739177940787,0.050894638730004035,perimeter,2.220446049250313e-16
149185698-149185709-002,baseline,20260803,20,gaussian_noise,0.8066148956433286,0.4155063390315609,-0.66334847889574,-0.12359830590261976,-0.5397501729931203,0.12359830590261976,0.5397501729931203,perimeter,1.1102230246251565e-16
149185698-149185709-002,baseline,20260803,30,gaussian_noise,0.8066148956433286,0.12771947554385418,-1.8430100879265254,-0.5444913711171584,-1.2985187168093673,0.5444913711171584,1.2985187168093673,perimeter,2.220446049250313e-16
149185788-149185824-001,baseline,20260803,10,gaussian_noise,0.7222574949062738,0.6161250574924828,-0.15893175811735866,-0.0966936248024711,-0.06223813331488782,0.0966936248024711,0.06223813331488782,area,2.498001805406602e-16
149185788-149185824-001,baseline,20260803,20,gaussian_noise,0.7222574949062738,0.10982205681033129,-1.8835203258575033,-0.9197529396026259,-0.9637673862548775,0.9197529396026259,0.9637673862548775,perimeter,2.220446049250313e-16
149185788-149185824-001,baseline,20260803,30,gaussian_noise,0.7222574949062738,1.239955347126386,0.5404489311128329,-2.7958998011082286,3.336348732221061,2.7958998011082286,3.336348732221061,perimeter,2.220446049250313e-16
149190861-149190868-001,baseline,20260803,10,gaussian_noise,0.7596354818801778,0.7629458181349978,0.0043483280278826305,0.0011954574047737313,0.0031528706231089237,0.0011954574047737313,0.0031528706231089237,perimeter,-2.42861286636753e-17
149190861-149190868-001,baseline,20260803,20,gaussian_noise,0.7596354818801778,0.7470707480975187,-0.01667879883314101,-0.02298951822469872,0.006310719391557782,0.02298951822469872,0.006310719391557782,area,-7.28583859910259e-17
149190861-149190868-001,baseline,20260803,30,gaussian_noise,0.7596354818801778,0.7021267358046813,-0.07872476605094383,-0.057862292238827426,-0.02086247381211624,0.057862292238827426,0.02086247381211624,area,-1.6653345369377348e-16
149314453-149314465-001,baseline,20260803,10,gaussian_noise,0.8350565188619722,0.8053293069020101,-0.03624813915369481,-0.029879995656272026,-0.006368143497423063,0.029879995656272026,0.006368143497423063,area,2.7755575615628914e-16
149314453-149314465-001,baseline,20260803,20,gaussian_noise,0.8350565188619722,0.7338569511658548,-0.12918528961873468,-0.11122563511022437,-0.017959654508510295,0.11122563511022437,0.017959654508510295,area,-2.7755575615628914e-17
149314453-149314465-001,baseline,20260803,30,gaussian_noise,0.8350565188619722,0.6326769878745772,-0.277539405634821,-0.14005190412454446,-0.13748750151027636,0.14005190412454446,0.13748750151027636,area,-1.6653345369377348e-16
149314453-149314507-001,baseline,20260803,10,gaussian_noise,0.8814407413713313,0.8223497403653116,-0.06939199535076887,-0.06939199342399993,-1.9267689656699375e-09,0.06939199342399993,1.9267689656699375e-09,area,2.7755575615628914e-17
149314453-149314507-001,baseline,20260803,20,gaussian_noise,0.8814407413713313,0.6125604024784657,-0.36391022096715603,-0.14396068892150835,-0.21994953204564743,0.14396068892150835,0.21994953204564743,perimeter,-2.7755575615628914e-16
149314453-149314507-001,baseline,20260803,30,gaussian_noise,0.8814407413713313,0.17914642835607758,-1.5933542678742627,-0.7349783744050739,-0.8583758934691887,0.7349783744050739,0.8583758934691887,perimeter,-2.220446049250313e-16
149314453-149314507-002,baseline,20260803,10,gaussian_noise,0.7975069785944717,0.769916891045702,-0.03520800989380531,-0.044915328111255017,0.009707318217449528,0.044915328111255017,0.009707318217449528,area,1.734723475976807e-16
149314453-149314507-002,baseline,20260803,20,gaussian_noise,0.7975069785944717,0.6518895730388901,-0.20161540413163567,-0.14400623075548594,-0.05760917337614962,0.14400623075548594,0.05760917337614962,area,-1.1102230246251565e-16
149314453-149314507-002,baseline,20260803,30,gaussian_noise,0.7975069785944717,0.36009223535115154,-0.7951303772664826,-0.45490254053403484,-0.3402278367324478,0.45490254053403484,0.3402278367324478,area,0.0
149314679-149314698-001,baseline,20260803,10,gaussian_noise,0.684334388426036,0.6296786679000153,-0.0832370318184833,-0.023261155861763378,-0.059975875956719875,0.023261155861763378,0.059975875956719875,perimeter,-4.163336342344337e-17
149314679-149314698-001,baseline,20260803,20,gaussian_noise,0.684334388426036,0.4602930724705264,-0.39658326945297157,-0.1501441182847997,-0.2464391511681719,0.1501441182847997,0.2464391511681719,perimeter,5.551115123125783e-17
149314679-149314698-001,baseline,20260803,30,gaussian_noise,0.684334388426036,0.7228315764845636,0.05472957396963162,-1.2064088591238171,1.261138433093449,1.2064088591238171,1.261138433093449,perimeter,-2.2898349882893854e-16
149315229-149315310-001,baseline,20260803,10,gaussian_noise,0.8211691532406331,0.8308743246333073,0.01174942811318407,-0.015258059745972379,0.02700748785915619,0.015258059745972379,0.02700748785915619,perimeter,2.5847379792054426e-16
149315229-149315310-001,baseline,20260803,20,gaussian_noise,0.8211691532406331,0.7164890969734453,-0.13636609132216007,-0.08404018424499383,-0.05232590707716612,0.08404018424499383,0.05232590707716612,area,-1.1102230246251565e-16
149315229-149315310-001,baseline,20260803,30,gaussian_noise,0.8211691532406331,0.4726911690418014,-0.552286865736565,-0.3364722366212129,-0.2158146291153523,0.3364722366212129,0.2158146291153523,area,1.1102230246251565e-16
149315671-149315731-001,baseline,20260803,10,gaussian_noise,0.7346082805064491,0.6621169032859621,-0.103895274038649,-0.040491361354736875,-0.06340391268391189,0.040491361354736875,0.06340391268391189,perimeter,-2.3592239273284576e-16
149315671-149315731-001,baseline,20260803,20,gaussian_noise,0.7346082805064491,0.37883187399170726,-0.6622449030342586,-0.1417480403467881,-0.5204968626874708,0.1417480403467881,0.5204968626874708,perimeter,2.220446049250313e-16
149315671-149315731-001,baseline,20260803,30,gaussian_noise,0.7346082805064491,0.10934058644002558,-1.9048697485455464,-0.7580078147619862,-1.1468619337835602,0.7580078147619862,1.1468619337835602,perimeter,0.0
149315671-149315740-001,baseline,20260803,10,gaussian_noise,0.6921552746003733,0.6649312132676249,-0.0401267190973147,-0.024838651290886637,-0.015288067806428331,0.024838651290886637,0.015288067806428331,area,2.636779683484747e-16
149315671-149315740-001,baseline,20260803,20,gaussian_noise,0.6921552746003733,0.5354174115474479,-0.25676366451624133,-0.10458200257841264,-0.15218166193782887,0.10458200257841264,0.15218166193782887,perimeter,1.6653345369377348e-16
149315671-149315740-001,baseline,20260803,30,gaussian_noise,0.6921552746003733,0.22544336496497497,-1.1217413414578876,-0.32093929420826334,-0.8008020472496243,0.32093929420826334,0.8008020472496243,perimeter,0.0
149316426-149316462-004,baseline,20260803,10,gaussian_noise,0.7288401161047809,0.704677549275494,-0.03371406721309541,-0.017664836179805334,-0.01604923103328985,0.017664836179805334,0.01604923103328985,area,-2.2898349882893854e-16
149316426-149316462-004,baseline,20260803,20,gaussian_noise,0.7288401161047809,0.5710743179545114,-0.24393503325981553,-0.10305736219983187,-0.14087767105998378,0.10305736219983187,0.14087767105998378,perimeter,1.1102230246251565e-16
149316426-149316462-004,baseline,20260803,30,gaussian_noise,0.7288401161047809,0.3698269911910217,-0.6784190835747302,-0.36822930282152144,-0.31018978075320885,0.36822930282152144,0.31018978075320885,area,1.1102230246251565e-16
149316754-149316779-002,baseline,20260803,10,gaussian_noise,0.5129616490439598,0.569266804728222,0.10414814115331522,-0.1801484302596412,0.28429657141295667,0.1801484302596412,0.28429657141295667,perimeter,-2.498001805406602e-16
149316754-149316779-002,baseline,20260803,20,gaussian_noise,0.5129616490439598,0.7011368244501244,0.31250196847615636,-0.4401421348011318,0.7526441032772881,0.4401421348011318,0.7526441032772881,perimeter,0.0
149316754-149316779-002,baseline,20260803,30,gaussian_noise,0.5129616490439598,0.7351510044746178,0.3598748421986908,-0.5647048574428939,0.9245796996415849,0.5647048574428939,0.9245796996415849,perimeter,-2.220446049250313e-16
149317002-149317010-002,baseline,20260803,10,gaussian_noise,0.866597150999113,0.7155970313228139,-0.19145701862763426,-0.010146312051478012,-0.18131070657615628,0.010146312051478012,0.18131070657615628,perimeter,2.7755575615628914e-17
149317002-149317010-002,baseline,20260803,20,gaussian_noise,0.866597150999113,0.500396866455879,-0.5491727052442299,-0.16629859382803075,-0.382874111416199,0.16629859382803075,0.382874111416199,perimeter,-2.220446049250313e-16
149317002-149317010-002,baseline,20260803,30,gaussian_noise,0.866597150999113,0.29514045820768287,-1.0771228491951033,-0.4742883299212846,-0.6028345192738186,0.4742883299212846,0.6028345192738186,perimeter,0.0
149317204-149317230-002,baseline,20260803,10,gaussian_noise,0.8159424077008167,0.8023277989737997,-0.016826522414859654,-0.04864628962778392,0.03181976721292422,0.04864628962778392,0.03181976721292422,area,4.5102810375396984e-17
149317204-149317230-002,baseline,20260803,20,gaussian_noise,0.8159424077008167,0.5931646565472293,-0.3188717461925488,-0.2000314114384612,-0.11884033475408722,0.2000314114384612,0.11884033475408722,area,-3.885780586188048e-16
149317204-149317230-002,baseline,20260803,30,gaussian_noise,0.8159424077008167,0.2589486932037704,-1.1477138273376406,-0.709101108502187,-0.43861271883545344,0.709101108502187,0.43861271883545344,area,-2.220446049250313e-16
149788987-149788996-003,baseline,20260803,10,gaussian_noise,0.6538798194187934,0.6561826005030272,0.00351553242178692,-0.019193822805078607,0.022709355226865725,0.019193822805078607,0.022709355226865725,perimeter,-1.973247953923618e-16
149788987-149788996-003,baseline,20260803,20,gaussian_noise,0.6538798194187934,0.6320347388622202,-0.03397921302384549,-0.04077500566667385,0.006795792642828681,0.04077500566667385,0.006795792642828681,area,-3.191891195797325e-16
149788987-149788996-003,baseline,20260803,30,gaussian_noise,0.6538798194187934,0.6212332211168288,-0.051217003430784135,-0.10648891103829605,0.05527190760751218,0.10648891103829605,0.05527190760751218,area,-2.636779683484747e-16
153268807-153268826-001,baseline,20260803,10,gaussian_noise,0.6819386929351162,0.6771150770699695,-0.0070985213776771795,-0.007098521377677291,-0.0,0.007098521377677291,0.0,area,1.1188966420050406e-16
153268807-153268826-001,baseline,20260803,20,gaussian_noise,0.6819386929351162,0.6851190218216312,0.004652816906971651,-0.030705347868015813,0.035358164774987495,0.030705347868015813,0.035358164774987495,perimeter,-3.122502256758253e-17
153268807-153268826-001,baseline,20260803,30,gaussian_noise,0.6819386929351162,0.6734471461394411,-0.012530244382500277,-0.05900127172745984,0.046471027344959545,0.05900127172745984,0.046471027344959545,area,2.0816681711721685e-17
153276386-153276405-001,baseline,20260803,10,gaussian_noise,0.8462199519319499,0.8128323783897117,-0.040254404629793655,-0.05187010151400139,0.011615696884207851,0.05187010151400139,0.011615696884207851,area,-1.1102230246251565e-16
153276386-153276405-001,baseline,20260803,20,gaussian_noise,0.8462199519319499,0.5840449861963131,-0.3708013052583073,-0.15801770890864483,-0.21278359634966243,0.15801770890864483,0.21278359634966243,perimeter,-5.551115123125783e-17
153276386-153276405-001,baseline,20260803,30,gaussian_noise,0.8462199519319499,0.3002403396378033,-1.0361960302306976,-0.43669986577157605,-0.5994961644591217,0.43669986577157605,0.5994961644591217,perimeter,2.220446049250313e-16
153276386-153276405-002,baseline,20260803,10,gaussian_noise,0.4291589715509419,0.396660396685723,-0.07874692270440256,-0.0511030014415587,-0.027643921262843724,0.0511030014415587,0.027643921262843724,area,-1.3877787807814457e-16
153276386-153276405-002,baseline,20260803,20,gaussian_noise,0.4291589715509419,0.1764823936040827,-0.8886062948959712,-0.3626042132452115,-0.5260020816507597,0.3626042132452115,0.5260020816507597,perimeter,0.0
153276386-153276405-002,baseline,20260803,30,gaussian_noise,0.4291589715509419,1.159021534257393,0.9935040098571151,-0.8526691637536089,1.846173173610724,0.8526691637536089,1.846173173610724,perimeter,-1.1102230246251565e-16
153276386-153276414-001,baseline,20260803,10,gaussian_noise,0.602763794233628,0.7783154112167606,0.25560645259888215,-0.06458434120218548,0.32019079380106785,0.06458434120218548,0.32019079380106785,perimeter,-2.220446049250313e-16
153276386-153276414-001,baseline,20260803,20,gaussian_noise,0.602763794233628,0.6902720898062956,0.13556045061813482,-0.08109327842103878,0.21665372903917354,0.08109327842103878,0.21665372903917354,perimeter,5.551115123125783e-17
153276386-153276414-001,baseline,20260803,30,gaussian_noise,0.602763794233628,0.42974334137184456,-0.3383372523440123,-0.17779573133575052,-0.16054152100826172,0.17779573133575052,0.16054152100826172,area,-5.551115123125783e-17
153314466-153314473-003,baseline,20260803,10,gaussian_noise,1.0010761622095161,0.9443972768055753,-0.05828394085503758,-0.02789688263233861,-0.03038705822269886,0.02789688263233861,0.03038705822269886,perimeter,-1.1102230246251565e-16
153314466-153314473-003,baseline,20260803,20,gaussian_noise,1.0010761622095161,0.8578659254327707,-0.15438303933111946,-0.08476526662770992,-0.06961777270340952,0.08476526662770992,0.06961777270340952,area,-2.7755575615628914e-17
153314466-153314473-003,baseline,20260803,30,gaussian_noise,1.0010761622095161,0.8876591019011565,-0.12024308751375926,0.01054491317661504,-0.13078800069037425,0.01054491317661504,0.13078800069037425,perimeter,-5.551115123125783e-17
153654869-153654880-001,baseline,20260803,10,gaussian_noise,0.6255067739945809,0.5930269573102449,-0.053322302403552235,-0.024497976651020048,-0.02882432575253211,0.024497976651020048,0.02882432575253211,perimeter,-7.632783294297951e-17
153654869-153654880-001,baseline,20260803,20,gaussian_noise,0.6255067739945809,0.26680653902138796,-0.8520383367590789,-0.1772837627639974,-0.6747545739950817,0.1772837627639974,0.6747545739950817,perimeter,1.1102230246251565e-16
153654869-153654880-001,baseline,20260803,30,gaussian_noise,0.6255067739945809,0.18326130159840254,-1.2276491475953897,-0.6434755707627078,-0.584173576832682,0.6434755707627078,0.584173576832682,area,0.0
153655016-153655039-005,baseline,20260803,10,gaussian_noise,0.8981480129025544,0.7886224312604874,-0.13004721433114433,-0.02662386871217154,-0.10342334561897276,0.02662386871217154,0.10342334561897276,perimeter,-2.7755575615628914e-17
153655016-153655039-005,baseline,20260803,20,gaussian_noise,0.8981480129025544,0.537219510860614,-0.5139280962420862,-0.13392243005178672,-0.38000566619029913,0.13392243005178672,0.38000566619029913,perimeter,-4.440892098500626e-16
153655016-153655039-005,baseline,20260803,30,gaussian_noise,0.8981480129025544,0.22739958107620487,-1.3736261406968753,-0.683885332821413,-0.6897408078754623,0.683885332821413,0.6897408078754623,perimeter,0.0
153655087-153655101-002,baseline,20260803,10,gaussian_noise,0.49795506027649306,0.27317780837303507,-0.6003869366494721,-0.05937636201634858,-0.5410105746331236,0.05937636201634858,0.5410105746331236,perimeter,1.1102230246251565e-16
153655087-153655101-002,baseline,20260803,20,gaussian_noise,0.49795506027649306,0.11921322629055542,-1.4295961252549338,-0.11041211251270427,-1.3191840127422296,0.11041211251270427,1.3191840127422296,perimeter,0.0
153655087-153655101-002,baseline,20260803,30,gaussian_noise,0.49795506027649306,1.648579715151511,1.1971595849717642,-2.693551664034299,3.8907112490060634,2.693551664034299,3.8907112490060634,perimeter,-2.220446049250313e-16
153656862-153656873-001,baseline,20260803,10,gaussian_noise,0.7683693858911822,0.7769533066673155,0.011109665452078352,-0.004403138229312607,0.015512803681391196,0.004403138229312607,0.015512803681391196,perimeter,-2.3592239273284576e-16
153656862-153656873-001,baseline,20260803,20,gaussian_noise,0.7683693858911822,0.7465885865507138,-0.028756309601449107,-0.023460762403192385,-0.005295547198256952,0.023460762403192385,0.005295547198256952,area,2.2898349882893854e-16
153656862-153656873-001,baseline,20260803,30,gaussian_noise,0.7683693858911822,0.6042575247463525,-0.24027011618959276,-0.040344116695367443,-0.1999259994942251,0.040344116695367443,0.1999259994942251,perimeter,-2.220446049250313e-16
153657121-153657160-001,baseline,20260803,10,gaussian_noise,0.8274807273583802,0.7705563825995727,-0.07127298805776103,0.009807698383019814,-0.08108068644078104,0.009807698383019814,0.08108068644078104,perimeter,1.942890293094024e-16
153657121-153657160-001,baseline,20260803,20,gaussian_noise,0.8274807273583802,0.6306470931006476,-0.27163939262632153,-0.050003940680154,-0.22163545194616757,0.050003940680154,0.22163545194616757,perimeter,5.551115123125783e-17
153657121-153657160-001,baseline,20260803,30,gaussian_noise,0.8274807273583802,0.3700423529320227,-0.8047683503074197,-0.24537520667580656,-0.5593931436316131,0.24537520667580656,0.5593931436316131,perimeter,0.0
153659229-153659264-001,baseline,20260803,10,gaussian_noise,0.8222024676302684,0.7442323841462712,-0.09963334536594332,-0.09273371450933142,-0.00689963085661201,0.09273371450933142,0.00689963085661201,area,1.1102230246251565e-16
153659229-153659264-001,baseline,20260803,20,gaussian_noise,0.8222024676302684,0.5169836753130956,-0.46397537749915435,-0.28096707991096903,-0.1830082975881853,0.28096707991096903,0.1830082975881853,area,-5.551115123125783e-17
153659229-153659264-001,baseline,20260803,30,gaussian_noise,0.8222024676302684,0.4183622377528349,-0.675639020971575,-0.585342844953458,-0.0902961760181167,0.585342844953458,0.0902961760181167,area,-3.3306690738754696e-16
153697342-153697375-001,baseline,20260803,10,gaussian_noise,0.8344950587423517,0.7903758378552055,-0.05431824541366292,-0.034076197179339386,-0.020242048234323552,0.034076197179339386,0.020242048234323552,area,2.0816681711721685e-17
153697342-153697375-001,baseline,20260803,20,gaussian_noise,0.8344950587423517,0.591917778101759,-0.34345908496838506,-0.1452307060048153,-0.19822837896356973,0.1452307060048153,0.19822837896356973,perimeter,0.0
153697342-153697375-001,baseline,20260803,30,gaussian_noise,0.8344950587423517,0.21096679678985536,-1.3751260619569121,-0.6780686037462954,-0.6970574582106168,0.6780686037462954,0.6970574582106168,perimeter,2.220446049250313e-16
153697342-153697384-001,baseline,20260803,10,gaussian_noise,0.8433396005285843,0.7860664006519947,-0.07032845642061146,-0.029270382300113224,-0.041058074120498306,0.029270382300113224,0.041058074120498306,perimeter,6.938893903907228e-17
153697342-153697384-001,baseline,20260803,20,gaussian_noise,0.8433396005285843,0.6228951184188475,-0.3029915691149702,-0.11763280655672435,-0.18535876255824596,0.11763280655672435,0.18535876255824596,perimeter,1.1102230246251565e-16
153697342-153697384-001,baseline,20260803,30,gaussian_noise,0.8433396005285843,0.198706759963977,-1.4455395545474912,-0.44156569392520206,-1.0039738606222892,0.44156569392520206,1.0039738606222892,perimeter,0.0
153697726-153697736-001,baseline,20260803,10,gaussian_noise,0.6706299318984984,0.6618310544501981,-0.013207148931487799,-0.002086957279198325,-0.01112019165228934,0.002086957279198325,0.01112019165228934,perimeter,-1.3357370765021415e-16
153697726-153697736-001,baseline,20260803,20,gaussian_noise,0.6706299318984984,0.6456325249264434,-0.03798697247546032,-0.019886022017342173,-0.018100950458118114,0.019886022017342173,0.018100950458118114,area,-2.7755575615628914e-17
153697726-153697736-001,baseline,20260803,30,gaussian_noise,0.6706299318984984,0.6486750258677656,-0.03328560680167492,-0.056218660149671806,0.022933053347996692,0.056218660149671806,0.022933053347996692,area,1.8735013540549517e-16
153701009-153701019-002,baseline,20260803,10,gaussian_noise,0.6045040478179612,0.6340583692657814,0.04773264911284876,-0.07412390168149137,0.12185655079433999,0.07412390168149137,0.12185655079433999,perimeter,1.3877787807814457e-16
153701009-153701019-002,baseline,20260803,20,gaussian_noise,0.6045040478179612,0.6583842858736094,0.08538041576125625,-0.21468902111111623,0.3000694368723724,0.21468902111111623,0.3000694368723724,perimeter,6.938893903907228e-17
153701009-153701019-002,baseline,20260803,30,gaussian_noise,0.6045040478179612,0.46870021184759153,-0.2544450092563313,-0.3287571994882593,0.07431219023192782,0.3287571994882593,0.07431219023192782,area,2.220446049250313e-16
153701622-153701650-001,baseline,20260803,10,gaussian_noise,0.7839760051424999,0.7818551918597023,-0.0027088674484560503,-0.050816864426975694,0.04810799697851936,0.050816864426975694,0.04810799697851936,area,2.8102520310824275e-16
153701622-153701650-001,baseline,20260803,20,gaussian_noise,0.7839760051424999,0.6365458625454163,-0.20832194452075664,-0.11728014401893054,-0.09104180050182628,0.11728014401893054,0.09104180050182628,area,1.6653345369377348e-16
153701622-153701650-001,baseline,20260803,30,gaussian_noise,0.7839760051424999,0.16934518308098523,-1.532439278909773,-0.5335500203060817,-0.9988892586036914,0.5335500203060817,0.9988892586036914,perimeter,2.220446049250313e-16
153701949-153701958-001,baseline,20260803,10,gaussian_noise,0.6974031357058921,0.6018597037075947,-0.14733926268299286,-0.031987964890425456,-0.11535129779256738,0.031987964890425456,0.11535129779256738,perimeter,-2.7755575615628914e-17
153701949-153701958-001,baseline,20260803,20,gaussian_noise,0.6974031357058921,0.5200597716231166,-0.2934198801129344,-0.17884644564393212,-0.11457343446900241,0.17884644564393212,0.11457343446900241,area,1.1102230246251565e-16
153701949-153701958-001,baseline,20260803,30,gaussian_noise,0.6974031357058921,0.3766371886906054,-0.616081270649401,-0.2826998020111871,-0.33338146863821383,0.2826998020111871,0.33338146863821383,perimeter,0.0
153702037-153702051-003,baseline,20260803,10,gaussian_noise,0.7649716971815893,0.6632805459163904,-0.14264078913054198,-0.018944640380858583,-0.1236961487496835,0.018944640380858583,0.1236961487496835,perimeter,1.1102230246251565e-16
153702037-153702051-003,baseline,20260803,20,gaussian_noise,0.7649716971815893,0.49716308138054544,-0.4309207321702366,-0.05811878884413582,-0.3728019433261009,0.05811878884413582,0.3728019433261009,perimeter,1.6653345369377348e-16
153702037-153702051-003,baseline,20260803,30,gaussian_noise,0.7649716971815893,0.4793725202905792,-0.4673608366824393,-0.20683631313902262,-0.2605245235434168,0.20683631313902262,0.2605245235434168,perimeter,1.6653345369377348e-16
153826963-153826970-001,baseline,20260803,10,gaussian_noise,0.4562904782221023,0.3709305056368605,-0.2071148916334342,-0.023390392331155776,-0.18372449930227852,0.023390392331155776,0.18372449930227852,perimeter,1.1102230246251565e-16
153826963-153826970-001,baseline,20260803,20,gaussian_noise,0.4562904782221023,0.1240016692166141,-1.302834593413538,-0.12760411887247555,-1.1752304745410624,0.12760411887247555,1.1752304745410624,perimeter,0.0
153826963-153826970-001,baseline,20260803,30,gaussian_noise,0.4562904782221023,0.14404142904366096,-1.153028660462383,-0.32668423025505006,-0.826344430207333,0.32668423025505006,0.826344430207333,perimeter,0.0
153826963-153826982-003,baseline,20260803,10,gaussian_noise,0.43616567133818646,0.2822702883462383,-0.435157070095725,-0.0591376326948566,-0.37601943740086835,0.0591376326948566,0.37601943740086835,perimeter,-5.551115123125783e-17
153826963-153826982-003,baseline,20260803,20,gaussian_noise,0.43616567133818646,0.3073856880380784,-0.3499188793941343,-0.014815085785140587,-0.33510379360899345,0.014815085785140587,0.33510379360899345,perimeter,-2.7755575615628914e-16
153826963-153826982-003,baseline,20260803,30,gaussian_noise,0.43616567133818646,0.11752047441725993,-1.311409582544279,-0.32219555026453006,-0.989214032279749,0.32219555026453006,0.989214032279749,perimeter,0.0
153827595-153827657-002,baseline,20260803,10,gaussian_noise,0.7949366017425631,0.7754988730101016,-0.024755835866062535,-0.018715986551422592,-0.006039849314640065,0.018715986551422592,0.006039849314640065,area,1.214306433183765e-16
153827595-153827657-002,baseline,20260803,20,gaussian_noise,0.7949366017425631,0.6838754502563006,-0.1504865544651237,-0.08804627617933397,-0.06244027828578986,0.08804627617933397,0.06244027828578986,area,1.1102230246251565e-16
153827595-153827657-002,baseline,20260803,30,gaussian_noise,0.7949366017425631,0.5533306924622918,-0.3623065452260808,-0.23501312686959352,-0.12729341835648708,0.23501312686959352,0.12729341835648708,area,-1.6653345369377348e-16
153828877-153828902-002,baseline,20260803,10,gaussian_noise,0.751033579839992,0.7246110169580964,-0.03581538172831722,-0.0019045033643933173,-0.03391087836392406,0.0019045033643933173,0.03391087836392406,perimeter,1.5959455978986625e-16
153828877-153828902-002,baseline,20260803,20,gaussian_noise,0.751033579839992,0.6335186842236573,-0.1701608712959484,-0.026440537799820547,-0.14372033349612787,0.026440537799820547,0.14372033349612787,perimeter,2.7755575615628914e-17
153828877-153828902-002,baseline,20260803,30,gaussian_noise,0.751033579839992,0.39419644647377344,-0.6446009841147101,-0.11053834436718878,-0.5340626397475216,0.11053834436718878,0.5340626397475216,perimeter,2.220446049250313e-16
153828952-153828970-001,baseline,20260803,10,gaussian_noise,0.7915266569266644,0.823879310374285,0.040060493437992256,-0.11195983232982375,0.152020325767816,0.11195983232982375,0.152020325767816,perimeter,1.3877787807814457e-17
153828952-153828970-001,baseline,20260803,20,gaussian_noise,0.7915266569266644,0.691089280892681,-0.13569453698627792,-0.3404621341871388,0.20476759720086093,0.3404621341871388,0.20476759720086093,area,-8.326672684688674e-17
153828952-153828970-001,baseline,20260803,30,gaussian_noise,0.7915266569266644,0.23113899207620758,-1.2309443308774695,-0.9088852497364659,-0.3220590811410039,0.9088852497364659,0.3220590811410039,area,4.440892098500626e-16
153828952-153829005-001,baseline,20260803,10,gaussian_noise,0.7285587651310367,0.6786642133710413,-0.07094181419326022,-0.025222694765518968,-0.04571911942774123,0.025222694765518968,0.04571911942774123,perimeter,-2.7755575615628914e-17
153828952-153829005-001,baseline,20260803,20,gaussian_noise,0.7285587651310367,0.6626034106178378,-0.0948916511353645,-0.05026183478088831,-0.04462981635447641,0.05026183478088831,0.04462981635447641,area,2.0816681711721685e-16
153828952-153829005-001,baseline,20260803,30,gaussian_noise,0.7285587651310367,0.36121111778155585,-0.7016056871180988,-0.272778666949206,-0.42882702016889285,0.272778666949206,0.42882702016889285,perimeter,1.1102230246251565e-16
153828952-153829005-002,baseline,20260803,10,gaussian_noise,0.7756581887030362,0.7568016680027884,-0.02461072291277195,-0.036888694620345726,0.012277971707573715,0.036888694620345726,0.012277971707573715,area,6.245004513516506e-17
153828952-153829005-002,baseline,20260803,20,gaussian_noise,0.7756581887030362,0.5049219138650395,-0.42930815335890626,-0.1772710410078861,-0.2520371123510202,0.1772710410078861,0.2520371123510202,perimeter,5.551115123125783e-17
153828952-153829005-002,baseline,20260803,30,gaussian_noise,0.7756581887030362,0.18885671472759913,-1.4127233402640331,-0.6987889444666134,-0.7139343957974198,0.6987889444666134,0.7139343957974198,perimeter,0.0
153829664-153829672-001,baseline,20260803,10,gaussian_noise,0.6528593510414251,0.6281653493703588,-0.0385582901785426,0.006848322135080893,-0.04540661231362333,0.006848322135080893,0.04540661231362333,perimeter,-1.6653345369377348e-16
153829664-153829672-001,baseline,20260803,20,gaussian_noise,0.6528593510414251,0.6855516214653614,0.04886208383713557,0.020405853697133935,0.028456230140001527,0.020405853697133935,0.028456230140001527,perimeter,1.1102230246251565e-16
153829664-153829672-001,baseline,20260803,30,gaussian_noise,0.6528593510414251,0.6439161586380024,-0.013793187987585196,-0.01323327582053697,-0.0005599121670484113,0.01323327582053697,0.0005599121670484113,area,1.8388068845354155e-16
153829745-153829768-001,baseline,20260803,10,gaussian_noise,0.30037160098849036,1.0074029585451016,1.2101105920208162,-1.077106083447146,2.2872166754679624,1.077106083447146,2.2872166754679624,perimeter,-2.220446049250313e-16
153829745-153829768-001,baseline,20260803,20,gaussian_noise,0.30037160098849036,0.9335300258723896,1.133952749199231,-2.2881963555419462,3.4221491047411767,2.2881963555419462,3.4221491047411767,perimeter,4.440892098500626e-16
153829745-153829768-001,baseline,20260803,30,gaussian_noise,0.30037160098849036,1.157441697051819,1.3489470368750323,-3.1354942159291497,4.4844412528041815,3.1354942159291497,4.4844412528041815,perimeter,4.440892098500626e-16
153829745-153829768-003,baseline,20260803,10,gaussian_noise,0.7433482329849836,0.76687970910516,0.031165336129161336,-0.004002406783822248,0.03516774291298358,0.004002406783822248,0.03516774291298358,perimeter,3.469446951953614e-18
153829745-153829768-003,baseline,20260803,20,gaussian_noise,0.7433482329849836,0.5570215357692141,-0.288560716921177,-0.09505057699516264,-0.1935101399260143,0.09505057699516264,0.1935101399260143,perimeter,-1.1102230246251565e-16
153829745-153829768-003,baseline,20260803,30,gaussian_noise,0.7433482329849836,0.5801409045758859,-0.2478936070000622,-0.14781303936924364,-0.1000805676308184,0.14781303936924364,0.1000805676308184,area,-1.3877787807814457e-16
153830680-153830827-002,baseline,20260803,10,gaussian_noise,0.8507317783320942,0.8329265014255711,-0.021151490102546754,-0.026768928512471837,0.005617438409925087,0.026768928512471837,0.005617438409925087,area,-3.469446951953614e-18
153830680-153830827-002,baseline,20260803,20,gaussian_noise,0.8507317783320942,0.7804912792392161,-0.08617332820093666,-0.07267629541600626,-0.013497032784930122,0.07267629541600626,0.013497032784930122,area,-2.7755575615628914e-16
153830680-153830827-002,baseline,20260803,30,gaussian_noise,0.8507317783320942,0.5306343909570428,-0.4720236399681362,-0.2258563369724453,-0.24616730299569078,0.2258563369724453,0.24616730299569078,perimeter,-5.551115123125783e-17
153831352-153831372-004,baseline,20260803,10,gaussian_noise,0.41265631436841466,0.49761959580990683,0.18722084337944123,-0.017757125323722076,0.20497796870316345,0.017757125323722076,0.20497796870316345,perimeter,-1.6653345369377348e-16
153831352-153831372-004,baseline,20260803,20,gaussian_noise,0.41265631436841466,0.3652395737372146,-0.12206157324544702,-0.046945065230411,-0.07511650801503605,0.046945065230411,0.07511650801503605,perimeter,4.163336342344337e-17
153831352-153831372-004,baseline,20260803,30,gaussian_noise,0.41265631436841466,0.2677034859622848,-0.4327351055768169,-0.10442446955804055,-0.32831063601877625,0.10442446955804055,0.32831063601877625,perimeter,-5.551115123125783e-17
153915432-153915441-002,baseline,20260803,10,gaussian_noise,0.5507358859009926,0.505971296441883,-0.0847754170228373,-0.04885701132343936,-0.03591840569939817,0.04885701132343936,0.03591840569939817,area,2.3592239273284576e-16
153915432-153915441-002,baseline,20260803,20,gaussian_noise,0.5507358859009926,0.7178809619913564,0.2650484059031124,-0.21964033645443895,0.4846887423575514,0.21964033645443895,0.4846887423575514,perimeter,0.0
153915432-153915441-002,baseline,20260803,30,gaussian_noise,0.5507358859009926,0.7225195197767927,0.2714890783118765,-0.4007968768896124,0.6722859552014888,0.4007968768896124,0.6722859552014888,perimeter,1.1102230246251565e-16
153915432-153915472-001,baseline,20260803,10,gaussian_noise,0.5724950261094937,0.5210778831446341,-0.09410452898952205,-0.09870391014022636,0.00459938115070414,0.09870391014022636,0.00459938115070414,area,1.6653345369377348e-16
153915432-153915472-001,baseline,20260803,20,gaussian_noise,0.5724950261094937,0.6883113193589493,0.18423718728245192,-0.2542226342801515,0.4384598215626035,0.2542226342801515,0.4384598215626035,perimeter,-5.551115123125783e-17
153915432-153915472-001,baseline,20260803,30,gaussian_noise,0.5724950261094937,0.77323488144894,0.3005788120443345,-0.35340161859376323,0.6539804306380981,0.35340161859376323,0.6539804306380981,perimeter,-3.3306690738754696e-16
153915726-153915736-001,baseline,20260803,10,gaussian_noise,0.7517270695580183,0.6978691553616618,-0.07434168996557089,-0.1519659885961659,0.07762429863059499,0.1519659885961659,0.07762429863059499,area,1.3877787807814457e-17
153915726-153915736-001,baseline,20260803,20,gaussian_noise,0.7517270695580183,0.4381356467576294,-0.5398447604295832,-0.44790769502536393,-0.0919370654042193,0.44790769502536393,0.0919370654042193,area,0.0
153915726-153915736-001,baseline,20260803,30,gaussian_noise,0.7517270695580183,0.3012041990551557,-0.9145848817391232,-1.107399097483184,0.19281421574406052,1.107399097483184,0.19281421574406052,area,2.220446049250313e-16
153916114-153916129-002,baseline,20260803,10,gaussian_noise,0.3786354404846483,0.4040220877925767,0.0648957055167187,-0.044161716719244966,0.10905742223596364,0.044161716719244966,0.10905742223596364,perimeter,2.7755575615628914e-17
153916114-153916129-002,baseline,20260803,20,gaussian_noise,0.3786354404846483,0.36886048130573146,-0.026155370603385495,-0.16470638670520898,0.13855101610182335,0.16470638670520898,0.13855101610182335,area,1.3530843112619095e-16
153916114-153916129-002,baseline,20260803,30,gaussian_noise,0.3786354404846483,0.4019781414687508,0.059823868980999416,-0.21963148007648087,0.27945534905748043,0.21963148007648087,0.27945534905748043,perimeter,-1.457167719820518e-16
153916114-153916150-001,baseline,20260803,10,gaussian_noise,0.7633105045434397,0.7476989265865213,-0.020664508337012017,-0.06034132231975752,0.039676813982745286,0.06034132231975752,0.039676813982745286,area,2.185751579730777e-16
153916114-153916150-001,baseline,20260803,20,gaussian_noise,0.7633105045434397,0.6603065935779575,-0.1449606378399773,-0.17322067039161107,0.028260032551633667,0.17322067039161107,0.028260032551633667,area,8.326672684688674e-17
153916114-153916150-001,baseline,20260803,30,gaussian_noise,0.7633105045434397,0.312686525882414,-0.8924637267848297,-0.4854605936250562,-0.4070031331597734,0.4854605936250562,0.4070031331597734,area,0.0
153916114-153916167-001,baseline,20260803,10,gaussian_noise,0.7870727888547879,0.7610968069403009,-0.03356017321315487,-0.12226270585541209,0.08870253264225714,0.12226270585541209,0.08870253264225714,area,8.326672684688674e-17
153916114-153916167-001,baseline,20260803,20,gaussian_noise,0.7870727888547879,0.4240070516961057,-0.6185706467031382,-0.5888088217418593,-0.029761824961278743,0.5888088217418593,0.029761824961278743,area,-1.1102230246251565e-16
153916114-153916167-001,baseline,20260803,30,gaussian_noise,0.7870727888547879,0.1636828016913389,-1.570390314216143,-2.293015641977895,0.7226253277617517,2.293015641977895,0.7226253277617517,area,0.0
153916569-153916586-001,baseline,20260803,10,gaussian_noise,0.7223431008472484,0.5862400842133768,-0.2087708292508263,-0.0997317050622023,-0.10903912418862406,0.0997317050622023,0.10903912418862406,perimeter,5.551115123125783e-17
153916569-153916586-001,baseline,20260803,20,gaussian_noise,0.7223431008472484,0.31895274412702734,-0.8174572806679612,-0.36871556589942284,-0.4487417147685383,0.36871556589942284,0.4487417147685383,perimeter,0.0
153916569-153916586-001,baseline,20260803,30,gaussian_noise,0.7223431008472484,0.2795334931276936,-0.9493781172312503,-0.9637448905008448,0.0143667732695945,0.9637448905008448,0.0143667732695945,area,0.0
153956040-153956058-001,baseline,20260803,10,gaussian_noise,0.8349616643713519,0.8326047898949966,-0.002826725183496512,0.010115028770111747,-0.012941753953608364,0.010115028770111747,0.012941753953608364,perimeter,1.0581813203458523e-16
153956040-153956058-001,baseline,20260803,20,gaussian_noise,0.8349616643713519,0.7810484709001159,-0.06674860233833776,-0.022903548485993807,-0.04384505385234387,0.022903548485993807,0.04384505385234387,perimeter,-8.326672684688674e-17
153956040-153956058-001,baseline,20260803,30,gaussian_noise,0.8349616643713519,0.6164645904427624,-0.3033849283365267,-0.07432127515143769,-0.22906365318508906,0.07432127515143769,0.22906365318508906,perimeter,5.551115123125783e-17
153956040-153956058-003,baseline,20260803,10,gaussian_noise,0.9520844763877483,0.9564535113994861,0.004578418319821245,0.004578413186516594,5.133304454767091e-09,0.004578413186516594,5.133304454767091e-09,area,1.960237527853792e-16
153956040-153956058-003,baseline,20260803,20,gaussian_noise,0.9520844763877483,0.82015871403043,-0.14915589133115686,-0.020085650134952143,-0.1290702411962048,0.020085650134952143,0.1290702411962048,perimeter,8.326672684688674e-17
153956040-153956058-003,baseline,20260803,30,gaussian_noise,0.9520844763877483,0.640804798249525,-0.39592888292488543,-0.050991437968294175,-0.3449374449565913,0.050991437968294175,0.3449374449565913,perimeter,5.551115123125783e-17
153956040-153956072-003,baseline,20260803,10,gaussian_noise,0.6715079720772498,0.6372677410807139,-0.05233600500379153,0.005313105477769469,-0.057649110481560746,0.005313105477769469,0.057649110481560746,perimeter,-2.498001805406602e-16
153956040-153956072-003,baseline,20260803,20,gaussian_noise,0.6715079720772498,0.4830747642713568,-0.3293544548106825,-0.21104052914296617,-0.11831392566771609,0.21104052914296617,0.11831392566771609,area,-2.220446049250313e-16
153956040-153956072-003,baseline,20260803,30,gaussian_noise,0.6715079720772498,0.311997614814192,-0.766530344982426,-0.33814791680613365,-0.42838242817629235,0.33814791680613365,0.42838242817629235,perimeter,0.0
153956444-153956458-004,baseline,20260803,10,gaussian_noise,0.8186717621252412,0.8428140249044859,0.029063097963052353,0.003660772849681156,0.025402325113371545,0.003660772849681156,0.025402325113371545,perimeter,-3.469446951953614e-16
153956444-153956458-004,baseline,20260803,20,gaussian_noise,0.8186717621252412,0.7298758320192711,-0.11480879812322918,0.0006110602084426109,-0.11541985833167166,0.0006110602084426109,0.11541985833167166,perimeter,-1.249000902703301e-16
153956444-153956458-004,baseline,20260803,30,gaussian_noise,0.8186717621252412,0.659725467738938,-0.21585943415925277,-0.0437296406119439,-0.17212979354730876,0.0437296406119439,0.17212979354730876,perimeter,-1.1102230246251565e-16
153958154-153958211-001,baseline,20260803,10,gaussian_noise,0.7152932613556763,0.716874027552951,0.0022075170288514408,-0.012578782206860073,0.014786299235711621,0.012578782206860073,0.014786299235711621,perimeter,-1.0798653637955624e-16
153958154-153958211-001,baseline,20260803,20,gaussian_noise,0.7152932613556763,0.6515395062529462,-0.093354580704174,-0.09767408273366994,0.004319502029495891,0.09767408273366994,0.004319502029495891,area,4.163336342344337e-17
153958154-153958211-001,baseline,20260803,30,gaussian_noise,0.7152932613556763,0.45735661410780515,-0.44722919053971905,-0.14550758367123828,-0.3017216068684805,0.14550758367123828,0.3017216068684805,perimeter,-2.7755575615628914e-16
153958547-153958572-002,baseline,20260803,10,gaussian_noise,0.7634299781604795,0.6540333857889316,-0.1546630100486075,-0.09567891137192454,-0.05898409867668321,0.09567891137192454,0.05898409867668321,area,2.498001805406602e-16
153958547-153958572-002,baseline,20260803,20,gaussian_noise,0.7634299781604795,0.38503764933889023,-0.6844802888125695,-0.3198371761166808,-0.36464311269588867,0.3198371761166808,0.36464311269588867,perimeter,-1.1102230246251565e-16
153958547-153958572-002,baseline,20260803,30,gaussian_noise,0.7634299781604795,0.21428708815497252,-1.2705047594054923,-0.9514643460524221,-0.31904041335306993,0.9514643460524221,0.31904041335306993,area,-2.220446049250313e-16
153958547-153958572-006,baseline,20260803,10,gaussian_noise,0.8228406292851624,0.6947577260511911,-0.16919934667476585,-0.11871630683938197,-0.050483039835384116,0.11871630683938197,0.050483039835384116,area,2.498001805406602e-16
153958547-153958572-006,baseline,20260803,20,gaussian_noise,0.8228406292851624,0.3897446911734669,-0.7472706491182747,-0.30171035861496914,-0.44556029050330576,0.30171035861496914,0.44556029050330576,perimeter,2.220446049250313e-16
153958547-153958572-006,baseline,20260803,30,gaussian_noise,0.8228406292851624,0.229829732968322,-1.2754237925260894,-0.7690938110114783,-0.5063299815146114,0.7690938110114783,0.5063299815146114,area,2.220446049250313e-16
153958547-153958572-008,baseline,20260803,10,gaussian_noise,0.6243270953131368,0.5285902633777744,-0.16646083987660146,-0.09732834396056207,-0.0691324959160394,0.09732834396056207,0.0691324959160394,area,2.7755575615628914e-17
153958547-153958572-008,baseline,20260803,20,gaussian_noise,0.6243270953131368,0.45772175647537827,-0.31041294134889336,-0.19825426255052256,-0.1121586787983709,0.19825426255052256,0.1121586787983709,area,1.1102230246251565e-16
153958547-153958572-008,baseline,20260803,30,gaussian_noise,0.6243270953131368,0.3453003225220936,-0.5922598838062053,-0.31272420848394594,-0.27953567532225937,0.31272420848394594,0.27953567532225937,area,0.0
153958547-153958572-009,baseline,20260803,10,gaussian_noise,0.7991336971368729,0.7873014674449479,-0.014917028268184682,-0.023432034417430365,0.008515006149245687,0.023432034417430365,0.008515006149245687,area,-3.469446951953614e-18
153958547-153958572-009,baseline,20260803,20,gaussian_noise,0.7991336971368729,0.7224340857073258,-0.10090207738250821,-0.07557242754263278,-0.02532964983987548,0.07557242754263278,0.02532964983987548,area,5.551115123125783e-17
153958547-153958572-009,baseline,20260803,30,gaussian_noise,0.7991336971368729,0.7110219508038292,-0.11682495988390697,-0.14100340746322365,0.024178447579316645,0.14100340746322365,0.024178447579316645,area,4.163336342344337e-17
153958547-153958590-002,baseline,20260803,10,gaussian_noise,0.14255334504009443,0.2015542577629268,0.34634233361983985,0.00918490957707257,0.3371574240427675,0.00918490957707257,0.3371574240427675,perimeter,-2.220446049250313e-16
153958547-153958590-002,baseline,20260803,20,gaussian_noise,0.14255334504009443,0.3694191142028383,0.9522155295278447,-0.09893072067717425,1.051146250205019,0.09893072067717425,1.051146250205019,perimeter,-1.1102230246251565e-16
153958547-153958590-002,baseline,20260803,30,gaussian_noise,0.14255334504009443,0.5306150646799932,1.314320552268125,-0.3647815314717207,1.6791020837398456,0.3647815314717207,1.6791020837398456,perimeter,0.0
154519964-154519981-001,baseline,20260803,10,gaussian_noise,0.6125294081858881,0.5884509372364892,-0.04010340058790105,-0.011017498259043867,-0.029085902328857348,0.011017498259043867,0.029085902328857348,perimeter,1.5959455978986625e-16
154519964-154519981-001,baseline,20260803,20,gaussian_noise,0.6125294081858881,0.5479028020996564,-0.11149905184590153,-0.08575149021277166,-0.025747561633130106,0.08575149021277166,0.025747561633130106,area,2.3592239273284576e-16
154519964-154519981-001,baseline,20260803,30,gaussian_noise,0.6125294081858881,0.5692386776948956,-0.07329713974898902,-0.1558641826454117,0.08256704289642273,0.1558641826454117,0.08256704289642273,area,-6.938893903907228e-17
157181481-157181497-004,baseline,20260803,10,gaussian_noise,0.8667591326859947,0.7451972872078445,-0.15111212284475573,-0.10983597396385167,-0.041276148880904424,0.10983597396385167,0.041276148880904424,area,3.608224830031759e-16
157181481-157181497-004,baseline,20260803,20,gaussian_noise,0.8667591326859947,0.3688818510959141,-0.8542847151732161,-0.3369451616714083,-0.5173395535018078,0.3369451616714083,0.5173395535018078,perimeter,0.0
157181481-157181497-004,baseline,20260803,30,gaussian_noise,0.8667591326859947,0.21325554378592032,-1.4022699385257622,-1.2058132149939562,-0.19645672353180613,1.2058132149939562,0.19645672353180613,area,2.220446049250313e-16
157181671-157181697-001,baseline,20260803,10,gaussian_noise,0.6700502618325161,0.6737658825081124,0.0055299680094611755,0.0055299680094611755,-0.0,0.0055299680094611755,0.0,area,0.0
157181671-157181697-001,baseline,20260803,20,gaussian_noise,0.6700502618325161,0.7358863766401208,0.09372300001427179,-0.016775789504837126,0.11049878951910877,0.016775789504837126,0.11049878951910877,perimeter,1.5265566588595902e-16
157181671-157181697-001,baseline,20260803,30,gaussian_noise,0.6700502618325161,0.7483355822599725,0.110498789519109,0.0,0.11049878951910877,0.0,0.11049878951910877,perimeter,2.3592239273284576e-16
157183193-157183279-001,baseline,20260803,10,gaussian_noise,0.7832557704479388,0.7691807217328765,-0.018133346467424667,-0.04076035933887413,0.02262701287144945,0.04076035933887413,0.02262701287144945,area,1.734723475976807e-17
157183193-157183279-001,baseline,20260803,20,gaussian_noise,0.7832557704479388,0.7324401941924772,-0.06707760571382389,-0.08970461858527332,0.02262701287144945,0.08970461858527332,0.02262701287144945,area,-1.3877787807814457e-17
157183193-157183279-001,baseline,20260803,30,gaussian_noise,0.7832557704479388,0.7727362566561409,-0.013521501244861877,-0.03614851411631109,0.02262701287144945,0.03614851411631109,0.02262701287144945,area,-2.3418766925686896e-16
157183828-157183877-001,baseline,20260803,10,gaussian_noise,0.76393136869704,0.7594697318908925,-0.005857485019579076,-0.005857485019579188,-0.0,0.005857485019579188,0.0,area,1.1188966420050406e-16
157183828-157183877-001,baseline,20260803,20,gaussian_noise,0.76393136869704,0.7401359723975866,-0.031644037780925276,-0.03164403778092539,-0.0,0.03164403778092539,0.0,area,1.1102230246251565e-16
157183828-157183877-001,baseline,20260803,30,gaussian_noise,0.76393136869704,0.719173079311592,-0.060375902561706496,-0.12641852720147437,0.06604262463976775,0.12641852720147437,0.06604262463976775,area,1.249000902703301e-16
157183964-157183980-001,baseline,20260803,10,gaussian_noise,0.6709363895732054,0.728943726310839,0.08292220300575569,-0.2304163106432895,0.3133385136490453,0.2304163106432895,0.3133385136490453,perimeter,-1.249000902703301e-16
157183964-157183980-001,baseline,20260803,20,gaussian_noise,0.6709363895732054,0.688363021931623,0.02564201389830911,-0.32208349916911333,0.3477255130674229,0.32208349916911333,0.3477255130674229,perimeter,-4.475586568020162e-16
157183964-157183980-001,baseline,20260803,30,gaussian_noise,0.6709363895732054,0.6118665393087551,-0.09216014732808683,-0.5254244231871433,0.4332642758590567,0.5254244231871433,0.4332642758590567,area,-1.942890293094024e-16
157184013-157184031-001,baseline,20260803,10,gaussian_noise,0.5838158038792746,0.5678008286429646,-0.02781482533137863,-0.0657379492464897,0.03792312391511127,0.0657379492464897,0.03792312391511127,area,-2.0469737016526324e-16
157184013-157184031-001,baseline,20260803,20,gaussian_noise,0.5838158038792746,0.34536156335635654,-0.5249936507803964,0.07395976911528829,-0.5989534198956846,0.07395976911528829,0.5989534198956846,perimeter,-1.1102230246251565e-16
157184013-157184031-001,baseline,20260803,30,gaussian_noise,0.5838158038792746,0.7666655180574069,0.2724650863005044,-0.1831517768499436,0.45561686315044814,0.1831517768499436,0.45561686315044814,perimeter,-1.1102230246251565e-16
157184850-157184920-002,baseline,20260803,10,gaussian_noise,0.47666955059094906,0.4653602373938208,-0.024011675026560243,-0.13657553500575073,0.11256385997919038,0.13657553500575073,0.11256385997919038,area,1.0408340855860843e-16
157184850-157184920-002,baseline,20260803,20,gaussian_noise,0.47666955059094906,0.3833206675250238,-0.21795159385409926,-0.4104839392201072,0.19253234536600808,0.4104839392201072,0.19253234536600808,area,-1.6653345369377348e-16
157184850-157184920-002,baseline,20260803,30,gaussian_noise,0.47666955059094906,0.33514967839138265,-0.3522462515508904,-1.0461932201920576,0.6939469686411671,1.0461932201920576,0.6939469686411671,area,1.1102230246251565e-16
157185208-157185238-001,baseline,20260803,10,gaussian_noise,0.8431506065365961,0.937733491358168,0.10632018679794586,0.09828740938130025,0.008032777416645515,0.09828740938130025,0.008032777416645515,area,9.71445146547012e-17
157185208-157185238-001,baseline,20260803,20,gaussian_noise,0.8431506065365961,0.8315637918305828,-0.013837582816990743,-0.02187036023363648,0.008032777416645515,0.02187036023363648,0.008032777416645515,area,2.220446049250313e-16
157185208-157185238-001,baseline,20260803,30,gaussian_noise,0.8431506065365961,0.9118676797287321,0.07834929404563104,0.1696809390431208,-0.09133164499748976,0.1696809390431208,0.09133164499748976,area,1.3877787807814457e-17
157185433-157185479-002,baseline,20260803,10,gaussian_noise,0.8896927068544561,0.7142651997624166,-0.2196218082925601,-0.06857870705775526,-0.1510431012348047,0.06857870705775526,0.1510431012348047,perimeter,-1.3877787807814457e-16
157185433-157185479-002,baseline,20260803,20,gaussian_noise,0.8896927068544561,0.5930309212803218,-0.40562958845847424,-0.23943123650294504,-0.16619835195552898,0.23943123650294504,0.16619835195552898,area,-2.220446049250313e-16
157185433-157185479-002,baseline,20260803,30,gaussian_noise,0.8896927068544561,0.6140791323336896,-0.37075233004330926,-2.8192271020814763,2.448474772038167,2.8192271020814763,2.448474772038167,area,-1.6653345369377348e-16
157185433-157185479-003,baseline,20260803,10,gaussian_noise,0.8642143916820458,0.8016107816999768,-0.07519769607900233,-0.03879153696987317,-0.0364061591091291,0.03879153696987317,0.0364061591091291,area,-5.551115123125783e-17
157185433-157185479-003,baseline,20260803,20,gaussian_noise,0.8642143916820458,0.6292070320339727,-0.31736052927137703,-0.16510476630711654,-0.1522557629642607,0.16510476630711654,0.1522557629642607,area,2.220446049250313e-16
157185433-157185479-003,baseline,20260803,30,gaussian_noise,0.8642143916820458,0.1450640496814406,-1.7846455097125438,-0.6483137305017065,-1.1363317792108372,0.6483137305017065,1.1363317792108372,perimeter,-2.220446049250313e-16
157185433-157185479-004,baseline,20260803,10,gaussian_noise,0.3811179821139144,0.8578629906406644,0.8113354106374565,-0.21889210245685156,1.0302275130943084,0.21889210245685156,1.0302275130943084,perimeter,-3.3306690738754696e-16
157185433-157185479-004,baseline,20260803,20,gaussian_noise,0.3811179821139144,0.5869781006671554,0.43187852038960883,-0.5300806225839738,0.9619591429735825,0.5300806225839738,0.9619591429735825,perimeter,1.1102230246251565e-16
157185433-157185479-004,baseline,20260803,30,gaussian_noise,0.3811179821139144,0.2398674106519916,-0.46302267646611966,-1.9837441187649822,1.5207214422988626,1.9837441187649822,1.5207214422988626,area,-5.551115123125783e-17
157185433-157185479-006,baseline,20260803,10,gaussian_noise,0.3662296330092491,0.8347375238760139,0.8238567835174386,-0.20823682089085477,1.0320936044082936,0.20823682089085477,1.0320936044082936,perimeter,-2.220446049250313e-16
157185433-157185479-006,baseline,20260803,20,gaussian_noise,0.3662296330092491,0.5521337089157894,0.4105296939878131,-0.5742296118690677,0.9847593058568809,0.5742296118690677,0.9847593058568809,perimeter,-5.551115123125783e-17
157185433-157185479-006,baseline,20260803,30,gaussian_noise,0.3662296330092491,0.18236462249985064,-0.6972524460184608,-2.1021744900519854,1.4049220440335242,2.1021744900519854,1.4049220440335242,area,4.440892098500626e-16
157185433-157185508-001,baseline,20260803,10,gaussian_noise,0.7932128614383445,0.570964415031041,-0.3287647238583988,-0.1456854922752059,-0.1830792315831926,0.1456854922752059,0.1830792315831926,perimeter,-2.7755575615628914e-16
157185433-157185508-001,baseline,20260803,20,gaussian_noise,0.7932128614383445,0.3809796807550826,-0.7333455687833602,-0.31443497152361694,-0.4189105972597431,0.31443497152361694,0.4189105972597431,perimeter,-1.1102230246251565e-16
157185433-157185508-001,baseline,20260803,30,gaussian_noise,0.7932128614383445,0.18261206093840202,-1.4687275940155138,-0.6971821557721244,-0.7715454382433892,0.6971821557721244,0.7715454382433892,perimeter,-2.220446049250313e-16
157185730-157185758-001,baseline,20260803,10,gaussian_noise,0.8504590004526489,0.6503101618574875,-0.2683267831013422,-0.1260803306314433,-0.14224645246989853,0.1260803306314433,0.14224645246989853,perimeter,-3.885780586188048e-16
157185730-157185758-001,baseline,20260803,20,gaussian_noise,0.8504590004526489,0.3312511886351736,-0.9428992386424762,-0.5768932587180668,-0.3660059799244089,0.5768932587180668,0.3660059799244089,area,-4.440892098500626e-16
157185730-157185758-001,baseline,20260803,30,gaussian_noise,0.8504590004526489,0.21574722527778362,-1.3716687352096302,-1.5239355141524098,0.1522667789427798,1.5239355141524098,0.1522667789427798,area,-2.220446049250313e-16
157185781-157185793-003,baseline,20260803,10,gaussian_noise,0.8118967370003082,0.8344011170409691,0.02734108152839684,-0.2286747188239591,0.2560158003523558,0.2286747188239591,0.2560158003523558,perimeter,1.0755285551056204e-16
157185781-157185793-003,baseline,20260803,20,gaussian_noise,0.8118967370003082,1.084120707763941,0.289151368933117,-3.4083612025957897,3.697512571528907,3.4083612025957897,3.697512571528907,perimeter,-3.3306690738754696e-16
157222534-157222607-001,baseline,20260803,10,gaussian_noise,0.7984204299107455,0.7740965262351307,-0.030938736523364162,-0.04811924834419846,0.01718051182083402,0.04811924834419846,0.01718051182083402,area,2.740863092043355e-16
157222534-157222607-001,baseline,20260803,20,gaussian_noise,0.7984204299107455,0.7904506781978446,-0.010032051704050625,-0.0272125635248847,0.01718051182083402,0.0272125635248847,0.01718051182083402,area,5.377642775528102e-17
157222534-157222607-001,baseline,20260803,30,gaussian_noise,0.7984204299107455,0.8122562141481301,0.01718051182083431,0.0,0.01718051182083402,0.0,0.01718051182083402,perimeter,2.8796409701215e-16
157222647-157222687-001,baseline,20260803,10,gaussian_noise,0.943119593999792,0.9710809269809697,0.029216711276582503,-0.040701141296348234,0.06991785257293069,0.040701141296348234,0.06991785257293069,perimeter,4.5102810375396984e-17
157222647-157222687-001,baseline,20260803,20,gaussian_noise,0.943119593999792,0.8304958588507751,-0.12717015478919527,-0.19076902910756288,0.06359887431836755,0.19076902910756288,0.06359887431836755,area,5.551115123125783e-17
157222647-157222687-001,baseline,20260803,30,gaussian_noise,0.943119593999792,0.7759639791140999,-0.19508699705907043,-0.31786470955690904,0.12277771249783839,0.31786470955690904,0.12277771249783839,area,2.220446049250313e-16
157222801-157222811-001,baseline,20260803,10,gaussian_noise,0.8844724754556039,0.8384386678424643,-0.05344996085576859,-0.06380295655861717,0.010352995702848967,0.06380295655861717,0.010352995702848967,area,-3.8163916471489756e-16
157222801-157222811-001,baseline,20260803,20,gaussian_noise,0.8844724754556039,0.790089858017586,-0.11284471103558152,-0.24800864014640658,0.1351639291108252,0.24800864014640658,0.1351639291108252,area,-1.3877787807814457e-16
157222801-157222811-001,baseline,20260803,30,gaussian_noise,0.8844724754556039,0.8152929848180802,-0.08144385514037197,-0.3664991395747807,0.28505528443440886,0.3664991395747807,0.28505528443440886,area,-1.3877787807814457e-16
157223549-157223570-001,baseline,20260803,10,gaussian_noise,0.5788571007521419,0.5671511937601876,-0.020429719731945812,-0.020429719731945923,-0.0,0.020429719731945923,0.0,area,1.1102230246251565e-16
157223549-157223570-001,baseline,20260803,20,gaussian_noise,0.5788571007521419,0.5483151938265373,-0.05420535075834294,-0.09318907401437418,0.03898372325603129,0.09318907401437418,0.03898372325603129,area,-5.551115123125783e-17
157223549-157223570-001,baseline,20260803,30,gaussian_noise,0.5788571007521419,0.552813089239564,-0.04603569332749905,-0.09318907401437418,0.047153380686875426,0.09318907401437418,0.047153380686875426,area,-2.983724378680108e-16
157224412-157224429-001,baseline,20260803,10,gaussian_noise,1.5835856839463236,1.7007698419264459,0.0713893007359762,0.07943546410683928,-0.008046163370862981,0.07943546410683928,0.008046163370862981,area,-9.71445146547012e-17
157224412-157224429-001,baseline,20260803,20,gaussian_noise,1.5835856839463236,1.5867194940707667,0.0019769775899591124,0.037253062991548284,-0.035276085401588886,0.037253062991548284,0.035276085401588886,area,-2.8622937353617317e-16
157224412-157224429-001,baseline,20260803,30,gaussian_noise,1.5835856839463236,1.9321030566691149,0.19891738031551046,0.0856638579439664,0.11325352237154443,0.0856638579439664,0.11325352237154443,perimeter,-3.608224830031759e-16
157224458-157224464-001,baseline,20260803,10,gaussian_noise,0.3649112405522202,0.3245855754600089,-0.11710493124068089,-0.020089265037460065,-0.09701566620322075,0.020089265037460065,0.09701566620322075,perimeter,-8.326672684688674e-17
157224458-157224464-001,baseline,20260803,20,gaussian_noise,0.3649112405522202,0.25725968324378123,-0.3495681320600324,0.027535852788694404,-0.3771039848487268,0.027535852788694404,0.3771039848487268,perimeter,0.0
157224458-157224464-001,baseline,20260803,30,gaussian_noise,0.3649112405522202,0.18195661828685344,-0.6958858498379777,-0.4366441227411245,-0.2592417270968534,0.4366441227411245,0.2592417270968534,area,1.1102230246251565e-16
157224458-157224483-001,baseline,20260803,10,gaussian_noise,0.6692929075420403,0.6458089458738986,-0.035718082602079114,-0.03571808260207923,-0.0,0.03571808260207923,0.0,area,1.1796119636642288e-16
157224458-157224483-001,baseline,20260803,20,gaussian_noise,0.6692929075420403,0.6458089458738986,-0.035718082602079114,-0.03571808260207923,-0.0,0.03571808260207923,0.0,area,1.1796119636642288e-16
157224458-157224483-001,baseline,20260803,30,gaussian_noise,0.6692929075420403,0.6458089458738986,-0.035718082602079114,-0.03571808260207923,-0.0,0.03571808260207923,0.0,area,1.1796119636642288e-16
157227058-157227087-001,baseline,20260803,10,gaussian_noise,0.6286702518659867,0.422762497969675,-0.3967963265293365,-0.3016841933654904,-0.09511213316384598,0.3016841933654904,0.09511213316384598,area,-1.1102230246251565e-16
157227058-157227087-001,baseline,20260803,20,gaussian_noise,0.6286702518659867,0.13975810140200373,-1.5036937963399448,-1.1494903129758338,-0.35420348336411106,1.1494903129758338,0.35420348336411106,area,0.0
157227461-157227503-003,baseline,20260803,10,gaussian_noise,0.7756227827422741,0.6805963368984073,-0.13069691739527203,-0.05611570269674829,-0.07458121469852379,0.05611570269674829,0.07458121469852379,perimeter,2.7755575615628914e-17
157227461-157227503-003,baseline,20260803,20,gaussian_noise,0.7756227827422741,0.47917838522669703,-0.4815933574528253,-0.4702765177724665,-0.011316839680359009,0.4702765177724665,0.011316839680359009,area,2.220446049250313e-16
157227461-157227503-003,baseline,20260803,30,gaussian_noise,0.7756227827422741,4.623992733111215,1.7853475415095295,-3.7837349851266153,5.569082526636144,3.7837349851266153,5.569082526636144,perimeter,4.440892098500626e-16
157266930-157266947-001,baseline,20260803,10,gaussian_noise,0.5776779850956151,0.44466545908009103,-0.26169437212023416,-0.31111551888808064,0.049421146767846216,0.31111551888808064,0.049421146767846216,area,2.7755575615628914e-16
157266930-157266947-001,baseline,20260803,20,gaussian_noise,0.5776779850956151,0.2687445514044545,-0.7652552888196015,-1.1850679557240165,0.41981266690441493,1.1850679557240165,0.41981266690441493,area,1.1102230246251565e-16
157266930-157266947-001,baseline,20260803,30,gaussian_noise,0.5776779850956151,0.856819867000025,0.39421111209432014,-4.199149367946204,4.593360480040524,4.199149367946204,4.593360480040524,perimeter,2.220446049250313e-16
157268504-157268544-001,baseline,20260803,10,gaussian_noise,1.5056644259338579,1.1816253287013392,-0.2423433918627193,-0.24234339186271917,-0.0,0.24234339186271917,0.0,area,-1.3877787807814457e-16
157268504-157268544-001,baseline,20260803,20,gaussian_noise,1.5056644259338579,1.30973846355417,-0.13940680866420427,-0.7406394860137774,0.6012326773495729,0.7406394860137774,0.6012326773495729,area,2.498001805406602e-16
157268504-157268544-001,baseline,20260803,30,gaussian_noise,1.5056644259338579,1.5574180158899118,0.03379505221763327,-1.6549865826793613,1.6887816348969946,1.6549865826793613,1.6887816348969946,perimeter,-7.632783294297951e-17
158986766-158986776-001,baseline,20260803,10,gaussian_noise,0.8159007301229393,0.8116190912592905,-0.005261562636777577,-0.007756723928945032,0.002495161292167489,0.007756723928945032,0.002495161292167489,area,-3.382710778154774e-17
158986766-158986776-001,baseline,20260803,20,gaussian_noise,0.8159007301229393,0.8041443866370019,-0.014513854877673666,-0.020543039601321197,0.006029184723647512,0.020543039601321197,0.006029184723647512,area,1.9081958235744878e-17
158986766-158986776-001,baseline,20260803,30,gaussian_noise,0.8159007301229393,0.7394437859176496,-0.09839443037959732,-0.11905468566624873,0.020660255286651434,0.11905468566624873,0.020660255286651434,area,-1.3877787807814457e-17
158986813-158986820-001,baseline,20260803,10,gaussian_noise,0.8589081693045357,0.8264832577034232,-0.0384823518902122,-0.030060066805800898,-0.008422285084411367,0.030060066805800898,0.008422285084411367,area,6.245004513516506e-17
158986813-158986820-001,baseline,20260803,20,gaussian_noise,0.8589081693045357,0.8076387212139744,-0.061547180764466615,-0.0855628511284884,0.024015670364021652,0.0855628511284884,0.024015670364021652,area,1.3183898417423734e-16
158986813-158986820-001,baseline,20260803,30,gaussian_noise,0.8589081693045357,0.7756133360520957,-0.1020078943659963,-0.16919622693275335,0.06718833256675733,0.16919622693275335,0.06718833256675733,area,-2.7755575615628914e-16
204870858-204870872-001,baseline,20260803,10,gaussian_noise,0.766940450504845,0.7399985006625212,-0.035760998790473314,-0.021839543607965008,-0.01392145518250817,0.021839543607965008,0.01392145518250817,area,-1.3877787807814457e-16
204870858-204870872-001,baseline,20260803,20,gaussian_noise,0.766940450504845,0.4570050053012831,-0.5177148155014626,-0.16518696597014418,-0.3525278495313184,0.16518696597014418,0.3525278495313184,perimeter,0.0
204870858-204870872-001,baseline,20260803,30,gaussian_noise,0.766940450504845,0.40868780502048746,-0.6294576071920801,-0.27958486221916157,-0.34987274497291854,0.27958486221916157,0.34987274497291854,perimeter,0.0
204870951-204870961-002,baseline,20260803,10,gaussian_noise,0.5150713688696335,0.5086971854731647,-0.012452552361583488,-0.016809972193587448,0.004357419832003813,0.016809972193587448,0.004357419832003813,area,1.474514954580286e-16
204870951-204870961-002,baseline,20260803,20,gaussian_noise,0.5150713688696335,0.4668511834694793,-0.09829492945490266,-0.09829492945490291,-0.0,0.09829492945490291,0.0,area,2.498001805406602e-16
204870951-204870961-002,baseline,20260803,30,gaussian_noise,0.5150713688696335,0.4584813718741745,-0.11638580893024347,-0.17410485927029584,0.05771905034005213,0.17410485927029584,0.05771905034005213,area,2.3592239273284576e-16
204871030-204871038-001,baseline,20260803,10,gaussian_noise,0.6421586285238868,0.6233030390057015,-0.02980253862381408,-0.019121041446778397,-0.010681497177035457,0.019121041446778397,0.010681497177035457,area,-2.255140518769849e-16
204871030-204871038-001,baseline,20260803,20,gaussian_noise,0.6421586285238868,0.6895983443062819,0.07127396030095363,-0.11415955788323745,0.18543351818419085,0.11415955788323745,0.18543351818419085,perimeter,2.3592239273284576e-16
204871030-204871038-001,baseline,20260803,30,gaussian_noise,0.6421586285238868,0.611493893019593,-0.048930389905697834,-0.14579158813607454,0.09686119823037682,0.14579158813607454,0.09686119823037682,area,-1.1796119636642288e-16
204871030-204871038-002,baseline,20260803,10,gaussian_noise,0.6862985386478285,0.6647873463832226,-0.03184551095201862,-0.02703374690723546,-0.004811764044783125,0.02703374690723546,0.004811764044783125,area,-3.469446951953614e-17
204871030-204871038-002,baseline,20260803,20,gaussian_noise,0.6862985386478285,0.6570248675280157,-0.04359085270547431,-0.08369975387487368,0.0401089011693993,0.08369975387487368,0.0401089011693993,area,6.245004513516506e-17
204871030-204871038-002,baseline,20260803,30,gaussian_noise,0.6862985386478285,0.6296459162342807,-0.08615509693272437,-0.12135488220001694,0.03519978526729243,0.12135488220001694,0.03519978526729243,area,1.5265566588595902e-16
209047342-209047443-001,baseline,20260803,10,gaussian_noise,0.8963608332745998,0.8833029749930347,-0.014674785825828849,0.07563741420561998,-0.09031220003144896,0.07563741420561998,0.09031220003144896,perimeter,1.3530843112619095e-16
209047342-209047443-001,baseline,20260803,20,gaussian_noise,0.8963608332745998,0.8502753869697003,-0.05278276593208504,0.11095707058598356,-0.16373983651806853,0.11095707058598356,0.16373983651806853,perimeter,-6.938893903907228e-17
209047342-209047443-001,baseline,20260803,30,gaussian_noise,0.8963608332745998,0.5434139756400848,-0.500471632072185,0.34373443266299764,-0.8442060647351828,0.34373443266299764,0.8442060647351828,perimeter,1.1102230246251565e-16
209047526-209047626-001,baseline,20260803,10,gaussian_noise,0.7807594879521145,0.7897569331360264,0.011458070097782196,-0.004395611473038109,0.015853681570820444,0.004395611473038109,0.015853681570820444,perimeter,-1.3877787807814457e-16
209047526-209047626-001,baseline,20260803,20,gaussian_noise,0.7807594879521145,0.7653497612162176,-0.01993421490081714,-0.019934214900817253,-0.0,0.019934214900817253,0.0,area,1.1449174941446927e-16
209047526-209047626-001,baseline,20260803,30,gaussian_noise,0.7807594879521145,0.7410494570835842,-0.05219978167419533,-0.06805346324501564,0.015853681570820444,0.06805346324501564,0.015853681570820444,area,-1.3183898417423734e-16
209047526-209047798-001,baseline,20260803,10,gaussian_noise,0.44106197347739023,0.5107618257643741,0.1467179921526773,0.1174060328243969,0.02931195932828018,0.1174060328243969,0.02931195932828018,area,2.220446049250313e-16
209047526-209047798-001,baseline,20260803,20,gaussian_noise,0.44106197347739023,0.13671809193933138,-1.171264312264043,0.6508988960960633,-1.8221632083601063,0.6508988960960633,1.8221632083601063,perimeter,0.0
209047526-209047798-001,baseline,20260803,30,gaussian_noise,0.44106197347739023,0.14355660880013577,-1.1224559511782355,0.9447547350337754,-2.067210686212011,0.9447547350337754,2.067210686212011,perimeter,2.220446049250313e-16
209307421-209307504-001,baseline,20260803,10,gaussian_noise,1.4376786574649747,1.3505171217541958,-0.0625421971652497,-0.01640933001406757,-0.04613286715118183,0.01640933001406757,0.04613286715118183,perimeter,-2.914335439641036e-16
209307421-209307504-001,baseline,20260803,20,gaussian_noise,1.4376786574649747,1.3469187885395089,-0.0652101644265893,-0.062308354618227924,-0.0029018098083615344,0.062308354618227924,0.0029018098083615344,area,1.5265566588595902e-16
209307421-209307504-001,baseline,20260803,30,gaussian_noise,1.4376786574649747,1.2747374619271727,-0.12028952422713855,-0.06731754859552534,-0.0529719756316129,0.06731754859552534,0.0529719756316129,area,-3.191891195797325e-16
209522474-209522522-001,baseline,20260803,10,gaussian_noise,0.7167079590592973,0.7212387424258478,0.0063017611929661295,-0.0015835316056442737,0.00788529279861051,0.0015835316056442737,0.00788529279861051,perimeter,-1.0668549377257364e-16
209522474-209522522-001,baseline,20260803,20,gaussian_noise,0.7167079590592973,0.7262349052684488,0.013205075380227926,-0.08070220779636501,0.09390728317659304,0.08070220779636501,0.09390728317659304,perimeter,-1.0061396160665481e-16
209522474-209522522-001,baseline,20260803,30,gaussian_noise,0.7167079590592973,0.7101290672547631,-0.00922170970547103,-0.06369499514913196,0.05447328544366089,0.06369499514913196,0.05447328544366089,area,4.163336342344337e-17
209522940-209522970-001,baseline,20260803,10,gaussian_noise,0.7539393971531237,0.7448966457629813,-0.012066511413116479,-0.012066511413116479,-0.0,0.012066511413116479,0.0,area,0.0
209522940-209522970-001,baseline,20260803,20,gaussian_noise,0.7539393971531237,0.7336947764028572,-0.02721888348186393,-0.03509131981127006,0.007872436329405999,0.03509131981127006,0.007872436329405999,area,1.3183898417423734e-16
209522940-209522970-001,baseline,20260803,30,gaussian_noise,0.7539393971531237,0.7458823689117209,-0.01074408430260543,-0.057070226530045294,0.0463261422274396,0.057070226530045294,0.0463261422274396,area,2.6194324487249787e-16
209565409-209565503-001,baseline,20260803,10,gaussian_noise,0.7462614986870473,0.7035366224240558,-0.058956140553113594,0.00736199644106904,-0.06631813699418301,0.00736199644106904,0.06631813699418301,perimeter,3.8163916471489756e-16
209565409-209565503-001,baseline,20260803,20,gaussian_noise,0.7462614986870473,0.7315568386143961,-0.019901154317294913,-0.019901154317294913,-0.0,0.019901154317294913,0.0,area,0.0
209565409-209565503-001,baseline,20260803,30,gaussian_noise,0.7462614986870473,0.698376207100652,-0.06631813699418276,0.0,-0.06631813699418301,0.0,0.06631813699418301,perimeter,2.498001805406602e-16
209565409-209565600-001,baseline,20260803,10,gaussian_noise,0.716887206074307,0.7270000350001201,0.014008011156110702,0.014008011156110702,-0.0,0.014008011156110702,0.0,area,0.0
209565409-209565600-001,baseline,20260803,20,gaussian_noise,0.716887206074307,0.6987536809450261,-0.025620222165334387,-0.03346925943940207,0.007849037274067822,0.03346925943940207,0.007849037274067822,area,-1.3530843112619095e-16
209565409-209565600-001,baseline,20260803,30,gaussian_noise,0.716887206074307,0.701458943814852,-0.021756142970452568,-0.11182511404265957,0.09006897107220678,0.11182511404265957,0.09006897107220678,area,2.255140518769849e-16
209565864-209565890-001,baseline,20260803,10,gaussian_noise,0.7077135261904335,0.6966143912403601,-0.015807370808241725,-0.056826132727072445,0.041018761918830686,0.056826132727072445,0.041018761918830686,area,3.469446951953614e-17
209565864-209565890-001,baseline,20260803,20,gaussian_noise,0.7077135261904335,0.62179197893763,-0.12943378999156213,-0.10864413198018108,-0.020789658011381117,0.10864413198018108,0.020789658011381117,area,5.551115123125783e-17
209565864-209565890-001,baseline,20260803,30,gaussian_noise,0.7077135261904335,0.5886405290412023,-0.1842236976787559,-0.20402429323944904,0.019800595560692896,0.20402429323944904,0.019800595560692896,area,2.498001805406602e-16
209565864-209565911-001,baseline,20260803,10,gaussian_noise,0.7570744956894806,0.7570744956894806,0.0,0.0,-0.0,0.0,0.0,area,0.0
209565864-209565911-001,baseline,20260803,20,gaussian_noise,0.7570744956894806,0.7192904415654326,-0.0511964294345678,0.010969031370573937,-0.06216546080514167,0.010969031370573937,0.06216546080514167,perimeter,-6.938893903907228e-17
209565864-209565911-001,baseline,20260803,30,gaussian_noise,0.7570744956894806,0.5658473753214948,-0.29113727076588114,-0.17208006274175766,-0.11905720802412335,0.17208006274175766,0.11905720802412335,area,-1.1102230246251565e-16
209566047-209566095-001,baseline,20260803,10,gaussian_noise,0.7182635524245342,0.7089879211551212,-0.012998076420173206,-0.01972221697374848,0.006724140553575358,0.01972221697374848,0.006724140553575358,area,-8.673617379884035e-17
209566047-209566095-001,baseline,20260803,20,gaussian_noise,0.7182635524245342,0.6790705383634595,-0.05611155853117413,-0.056111558531173895,-0.0,0.056111558531173895,0.0,area,-2.3592239273284576e-16
209566047-209566095-001,baseline,20260803,30,gaussian_noise,0.7182635524245342,0.6986043839384382,-0.027751958681720406,-0.03447609923529567,0.006724140553575358,0.03447609923529567,0.006724140553575358,area,-9.71445146547012e-17
209566205-209566247-001,baseline,20260803,10,gaussian_noise,0.6993513916977768,0.6872238616639872,-0.01749322911688769,0.021178258709743804,-0.03867148782663143,0.021178258709743804,0.03867148782663143,perimeter,-6.591949208711867e-17
209566205-209566247-001,baseline,20260803,20,gaussian_noise,0.6993513916977768,0.6945613136724496,-0.006872879287762064,-0.006872879287762064,-0.0,0.006872879287762064,0.0,area,0.0
209566205-209566247-001,baseline,20260803,30,gaussian_noise,0.6993513916977768,0.7503302300238207,0.07036009411137449,0.0025652002095449024,0.0677948939018296,0.0025652002095449024,0.0677948939018296,perimeter,-1.3877787807814457e-17
209566205-209566289-001,baseline,20260803,10,gaussian_noise,0.6321215684948688,0.6321215684948688,0.0,0.0,-0.0,0.0,0.0,area,0.0
209566205-209566289-001,baseline,20260803,20,gaussian_noise,0.6321215684948688,0.6090549068985324,-0.03717330810566617,-0.05061000088641799,0.013436692780751948,0.05061000088641799,0.013436692780751948,area,-1.3183898417423734e-16
209566205-209566289-001,baseline,20260803,30,gaussian_noise,0.6321215684948688,0.655283396297906,0.035986077303570674,-0.05061000088641799,0.08659607818998896,0.05061000088641799,0.08659607818998896,perimeter,-2.983724378680108e-16
209566399-209566485-001,baseline,20260803,10,gaussian_noise,0.6115510335661493,0.6312486104628313,0.031701371331922655,0.15732025458853727,-0.12561888325661472,0.15732025458853727,0.12561888325661472,area,1.0408340855860843e-16
209566399-209566485-001,baseline,20260803,20,gaussian_noise,0.6115510335661493,0.4805063197160341,-0.24115802730968813,-0.7944009142651183,0.5532428869554299,0.7944009142651183,0.5532428869554299,area,2.498001805406602e-16
209566399-209566485-001,baseline,20260803,30,gaussian_noise,0.6115510335661493,0.6983601233459452,0.1327364977306276,-1.9095425048844386,2.042279002615066,1.9095425048844386,2.042279002615066,perimeter,2.7755575615628914e-17
148495842-148495854-001,nc_aware_lambda_0p10,20260803,10,gaussian_noise,0.7877170425463046,0.7596445455845072,-0.0362883216142026,0.0027510333718897976,-0.039039354986092636,0.0027510333718897976,0.039039354986092636,perimeter,2.42861286636753e-16
148495842-148495854-001,nc_aware_lambda_0p10,20260803,20,gaussian_noise,0.7877170425463046,0.7216237169011009,-0.08763510699833806,-0.012474174225175688,-0.07516093277316242,0.012474174225175688,0.07516093277316242,perimeter,5.551115123125783e-17
148495842-148495854-001,nc_aware_lambda_0p10,20260803,30,gaussian_noise,0.7877170425463046,0.6900478873318742,-0.1323779451956983,-0.009341012393138849,-0.12303693280255937,0.009341012393138849,0.12303693280255937,perimeter,-8.326672684688674e-17
148497551-148497588-001,nc_aware_lambda_0p10,20260803,10,gaussian_noise,0.8307886564548982,0.8033101692501292,-0.03363453570467624,-0.003477054963464547,-0.030157480741211808,0.003477054963464547,0.030157480741211808,perimeter,1.1102230246251565e-16
148497551-148497588-001,nc_aware_lambda_0p10,20260803,20,gaussian_noise,0.8307886564548982,0.7731841633120387,-0.07185817302996252,-0.012925944161396976,-0.05893222886856559,0.012925944161396976,0.05893222886856559,perimeter,5.551115123125783e-17
148497551-148497588-001,nc_aware_lambda_0p10,20260803,30,gaussian_noise,0.8307886564548982,0.704446575502121,-0.16496294289597044,-0.022110042625902923,-0.14285290027006753,0.022110042625902923,0.14285290027006753,perimeter,2.7755575615628914e-17
148497788-148497816-002,nc_aware_lambda_0p10,20260803,10,gaussian_noise,0.7570449734026068,0.7839288222423718,0.0348955665569578,0.012865095796885434,0.022030470760072324,0.012865095796885434,0.022030470760072324,perimeter,4.163336342344337e-17
148497788-148497816-002,nc_aware_lambda_0p10,20260803,20,gaussian_noise,0.7570449734026068,0.7513935123914387,-0.0074931626411169705,-0.02572651341554356,0.018233350774426862,0.02572651341554356,0.018233350774426862,area,-2.714842239903703e-16
148497788-148497816-002,nc_aware_lambda_0p10,20260803,30,gaussian_noise,0.7570449734026068,0.758599911824343,0.0020518513042581212,-0.03187722475907312,0.03392907606333162,0.03187722475907312,0.03392907606333162,perimeter,-3.7947076036992655e-16
148503209-148503222-001,nc_aware_lambda_0p10,20260803,10,gaussian_noise,0.42614701375972663,0.42172993278959875,-0.010419249982382462,0.005994708369412043,-0.0164139583517946,0.005994708369412043,0.0164139583517946,perimeter,9.367506770274758e-17
148503209-148503222-001,nc_aware_lambda_0p10,20260803,20,gaussian_noise,0.42614701375972663,0.4662805160097687,0.09000302924569277,0.00462765415787891,0.08537537508781393,0.00462765415787891,0.08537537508781393,perimeter,-6.938893903907228e-17
148503209-148503222-001,nc_aware_lambda_0p10,20260803,30,gaussian_noise,0.42614701375972663,0.33799022139289403,-0.2317674251832244,-0.015931072863157727,-0.21583635232006665,0.015931072863157727,0.21583635232006665,perimeter,-2.7755575615628914e-17
148503209-148503231-001,nc_aware_lambda_0p10,20260803,10,gaussian_noise,0.4272471526764795,0.4249739838842876,-0.005334705009516405,0.006803849347668223,-0.012138554357184682,0.006803849347668223,0.012138554357184682,perimeter,5.377642775528102e-17
148503209-148503231-001,nc_aware_lambda_0p10,20260803,20,gaussian_noise,0.4272471526764795,0.3727674405418056,-0.13640791627551158,-0.03170675112608448,-0.10470116514942715,0.03170675112608448,0.10470116514942715,perimeter,5.551115123125783e-17
148503209-148503231-001,nc_aware_lambda_0p10,20260803,30,gaussian_noise,0.4272471526764795,0.3060826088281494,-0.3335076286608655,-0.04035703255524637,-0.2931505961056193,0.04035703255524637,0.2931505961056193,perimeter,1.6653345369377348e-16
148503400-148503432-001,nc_aware_lambda_0p10,20260803,10,gaussian_noise,0.6359490951770927,0.6747463683914373,0.059218348622306384,0.017999612208852416,0.04121873641345386,0.017999612208852416,0.04121873641345386,perimeter,1.0408340855860843e-16
148503400-148503432-001,nc_aware_lambda_0p10,20260803,20,gaussian_noise,0.6359490951770927,0.6295164653534111,-0.010166511724240383,-0.0031790913387372034,-0.006987420385503176,0.0031790913387372034,0.006987420385503176,perimeter,-3.469446951953614e-18
148503400-148503432-001,nc_aware_lambda_0p10,20260803,30,gaussian_noise,0.6359490951770927,0.4939344753024458,-0.25271565380495065,0.038060293507659285,-0.29077594731261003,0.038060293507659285,0.29077594731261003,perimeter,1.1102230246251565e-16
148503568-148503580-002,nc_aware_lambda_0p10,20260803,10,gaussian_noise,0.6291596447050004,0.6050798726517178,-0.03902456143023642,-0.013202756850555488,-0.02582180457968067,0.013202756850555488,0.02582180457968067,perimeter,-2.636779683484747e-16
148503568-148503580-002,nc_aware_lambda_0p10,20260803,20,gaussian_noise,0.6291596447050004,0.47383519543856556,-0.28352545936992835,0.002432863556107354,-0.2859583229260353,0.002432863556107354,0.2859583229260353,perimeter,-3.885780586188048e-16
148503568-148503580-002,nc_aware_lambda_0p10,20260803,30,gaussian_noise,0.6291596447050004,0.4783656559190308,-0.27400962106648835,-0.01700721264723311,-0.2570024084192552,0.01700721264723311,0.2570024084192552,perimeter,-5.551115123125783e-17
148718455-148718461-001,nc_aware_lambda_0p10,20260803,10,gaussian_noise,0.7590311377241356,0.7624760324534451,0.0045282739159819025,0.0014069647062433838,0.0031213092097388895,0.0014069647062433838,0.0031213092097388895,perimeter,-3.712308238590367e-16
148718455-148718461-001,nc_aware_lambda_0p10,20260803,20,gaussian_noise,0.7590311377241356,0.75666934065767,-0.0031164455137120428,0.0,-0.003116445513711887,0.0,0.003116445513711887,perimeter,-1.5569143196891844e-16
148718455-148718461-001,nc_aware_lambda_0p10,20260803,30,gaussian_noise,0.7590311377241356,0.7576062288653316,-0.0018790375464133617,-0.0018790375464132504,-0.0,0.0018790375464132504,0.0,area,-1.1123914289701275e-16
148719308-148719348-004,nc_aware_lambda_0p10,20260803,10,gaussian_noise,0.8055632052818151,0.8209540933476016,0.018925525677012854,-0.002143623543251453,0.021069149220264333,0.002143623543251453,0.021069149220264333,perimeter,-2.7755575615628914e-17
148719308-148719348-004,nc_aware_lambda_0p10,20260803,20,gaussian_noise,0.8055632052818151,0.7120759109765558,-0.12335714441037801,0.0,-0.12335714441037825,0.0,0.12335714441037825,perimeter,2.3592239273284576e-16
148719308-148719348-004,nc_aware_lambda_0p10,20260803,30,gaussian_noise,0.8055632052818151,0.5953308276223404,-0.30242440284088445,-0.00257290021865671,-0.299851502622228,0.00257290021865671,0.299851502622228,perimeter,2.220446049250313e-16
148719308-148719357-001,nc_aware_lambda_0p10,20260803,10,gaussian_noise,0.7719287350308484,0.7830839739666318,0.014347703058023731,-0.0006633499414059624,0.015011052999429278,0.0006633499414059624,0.015011052999429278,perimeter,4.163336342344337e-16
148719308-148719357-001,nc_aware_lambda_0p10,20260803,20,gaussian_noise,0.7719287350308484,0.7354164900456082,-0.048455241778685716,0.009240989853729654,-0.05769623163241568,0.009240989853729654,0.05769623163241568,perimeter,3.122502256758253e-16
148719308-148719357-001,nc_aware_lambda_0p10,20260803,30,gaussian_noise,0.7719287350308484,0.7048290234608766,-0.09093698014163322,-0.049967913146481885,-0.040969066995151626,0.049967913146481885,0.040969066995151626,area,2.914335439641036e-16
148848523-148848559-002,nc_aware_lambda_0p10,20260803,10,gaussian_noise,0.7827648974584864,0.7511978432941159,-0.04116333535472487,-0.006036062130879258,-0.0351272732238456,0.006036062130879258,0.0351272732238456,perimeter,-6.938893903907228e-18
148848523-148848559-002,nc_aware_lambda_0p10,20260803,20,gaussian_noise,0.7827648974584864,0.5878844367701489,-0.2863019997527471,-0.04681481247287509,-0.23948718727987192,0.04681481247287509,0.23948718727987192,perimeter,-1.1102230246251565e-16
148848523-148848559-002,nc_aware_lambda_0p10,20260803,30,gaussian_noise,0.7827648974584864,0.6170334414685199,-0.23790916968276576,-0.06959484080469502,-0.16831432887807057,0.06959484080469502,0.16831432887807057,perimeter,-1.6653345369377348e-16
148881870-148882178-002,nc_aware_lambda_0p10,20260803,10,gaussian_noise,0.7701136804621466,0.7779708483477339,0.010150912572022568,-0.005409718841308496,0.015560631413330986,0.005409718841308496,0.015560631413330986,perimeter,7.806255641895632e-17
148881870-148882178-002,nc_aware_lambda_0p10,20260803,20,gaussian_noise,0.7701136804621466,0.6435423805736601,-0.17955025656942386,0.0012686332180388278,-0.1808188897874629,0.0012686332180388278,0.1808188897874629,perimeter,2.220446049250313e-16
148881870-148882178-002,nc_aware_lambda_0p10,20260803,30,gaussian_noise,0.7701136804621466,0.541981746620481,-0.35130581786374726,-0.003178642218628037,-0.348127175645119,0.003178642218628037,0.348127175645119,perimeter,-2.220446049250313e-16
148882307-148882323-001,nc_aware_lambda_0p10,20260803,10,gaussian_noise,0.6994145435998029,0.7003281439358945,0.0013053834450575754,-0.00199572411215013,0.0033011075572075784,0.00199572411215013,0.0033011075572075784,perimeter,1.2685165418080402e-16
148882307-148882323-001,nc_aware_lambda_0p10,20260803,20,gaussian_noise,0.6994145435998029,0.6852701655523905,-0.020430456035630016,-0.004567521500521581,-0.015862934535108245,0.004567521500521581,0.015862934535108245,perimeter,-1.9081958235744878e-16
148882307-148882323-001,nc_aware_lambda_0p10,20260803,30,gaussian_noise,0.6994145435998029,0.6906160193507563,-0.01265963784143325,-0.019267310620810822,0.006607672779377675,0.019267310620810822,0.006607672779377675,area,-1.0408340855860843e-16
148882535-148882616-001,nc_aware_lambda_0p10,20260803,10,gaussian_noise,0.32272702214325666,0.28176938756914033,-0.13571787141271657,-0.020281169801594785,-0.11543670161112202,0.020281169801594785,0.11543670161112202,perimeter,2.220446049250313e-16
148882535-148882616-001,nc_aware_lambda_0p10,20260803,20,gaussian_noise,0.32272702214325666,0.3203406629025667,-0.007421832103452856,-0.010592712844693142,0.003170880741240316,0.010592712844693142,0.003170880741240316,area,-3.0357660829594124e-17
148882535-148882616-001,nc_aware_lambda_0p10,20260803,30,gaussian_noise,0.32272702214325666,0.281557089455768,-0.13647160173458697,0.0347033564910363,-0.17117495822562295,0.0347033564910363,0.17117495822562295,perimeter,-3.0531133177191805e-16
148882671-148882687-001,nc_aware_lambda_0p10,20260803,10,gaussian_noise,0.3480785412404053,0.36858385171621444,0.05724008696994505,-0.03978825005841269,0.0970283370283578,0.03978825005841269,0.0970283370283578,perimeter,-5.551115123125783e-17
148882671-148882687-001,nc_aware_lambda_0p10,20260803,20,gaussian_noise,0.3480785412404053,0.43200091419581654,0.21599955690674427,-0.07017560373600087,0.28617516064274523,0.07017560373600087,0.28617516064274523,perimeter,-8.326672684688674e-17
148882671-148882687-001,nc_aware_lambda_0p10,20260803,30,gaussian_noise,0.3480785412404053,0.3502228011309971,0.006141379086600397,-0.12952427182403467,0.13566565091063496,0.12952427182403467,0.13566565091063496,perimeter,1.1188966420050406e-16
149011613-149011656-001,nc_aware_lambda_0p10,20260803,10,gaussian_noise,0.7308742642720222,0.7274913701999463,-0.004639303148196773,-0.0046393031481968845,-0.0,0.0046393031481968845,0.0,area,1.1102230246251565e-16
149011613-149011656-001,nc_aware_lambda_0p10,20260803,20,gaussian_noise,0.7308742642720222,0.7326669221655442,0.002449755164606909,-0.0018531392840900457,0.004302894448696826,0.0018531392840900457,0.004302894448696826,perimeter,1.2880321809127793e-16
149011613-149011656-001,nc_aware_lambda_0p10,20260803,30,gaussian_noise,0.7308742642720222,0.728266537059699,-0.0035743363303620337,0.011047293019502786,-0.01462162934986458,0.011047293019502786,0.01462162934986458,perimeter,-2.393918396847994e-16
149013033-149013072-001,nc_aware_lambda_0p10,20260803,10,gaussian_noise,0.850781107987638,0.8357080639666358,-0.01787553176484448,0.0022675746677805605,-0.020143106432624854,0.0022675746677805605,0.020143106432624854,perimeter,-1.8735013540549517e-16
149013033-149013072-001,nc_aware_lambda_0p10,20260803,20,gaussian_noise,0.850781107987638,0.7885580675943888,-0.07594883127716891,-0.0022727282510025667,-0.07367610302616652,0.0022727282510025667,0.07367610302616652,perimeter,1.8041124150158794e-16
149013033-149013072-001,nc_aware_lambda_0p10,20260803,30,gaussian_noise,0.850781107987638,0.7628352013648086,-0.10911285785205596,-0.016018649155637714,-0.09309420869641845,0.016018649155637714,0.09309420869641845,perimeter,1.942890293094024e-16
149014929-149014984-001,nc_aware_lambda_0p10,20260803,10,gaussian_noise,0.6295362065917783,0.7086723161564639,0.1184098739418252,-0.014025475354504434,0.13243534929632952,0.014025475354504434,0.13243534929632952,perimeter,1.1102230246251565e-16
149014929-149014984-001,nc_aware_lambda_0p10,20260803,20,gaussian_noise,0.6295362065917783,0.5105686688525167,-0.20945822676685696,-0.026048792124804994,-0.18340943464205187,0.026048792124804994,0.18340943464205187,perimeter,-1.1102230246251565e-16
149014929-149014984-001,nc_aware_lambda_0p10,20260803,30,gaussian_noise,0.6295362065917783,0.43135134598185576,-0.3780604223474588,-0.05664177750892387,-0.321418644838535,0.05664177750892387,0.321418644838535,perimeter,5.551115123125783e-17
149014929-149015008-003,nc_aware_lambda_0p10,20260803,10,gaussian_noise,0.5938694396023875,0.5401345674103244,-0.09484118913276449,-0.013007306337378058,-0.08183388279538618,0.013007306337378058,0.08183388279538618,perimeter,-2.498001805406602e-16
149014929-149015008-003,nc_aware_lambda_0p10,20260803,20,gaussian_noise,0.5938694396023875,0.44858653660318304,-0.2805578869488188,-0.06242110632371687,-0.2181367806251016,0.06242110632371687,0.2181367806251016,perimeter,-2.7755575615628914e-16
149014929-149015008-003,nc_aware_lambda_0p10,20260803,30,gaussian_noise,0.5938694396023875,0.43289603944667854,-0.31616189103544023,-0.14286418525594552,-0.17329770577949435,0.14286418525594552,0.17329770577949435,perimeter,-3.3306690738754696e-16
149014929-149015022-001,nc_aware_lambda_0p10,20260803,10,gaussian_noise,0.6566478386895552,0.5575729627263516,-0.16355449099012886,-0.006294277271387424,-0.1572602137187412,0.006294277271387424,0.1572602137187412,perimeter,-2.498001805406602e-16
149014929-149015022-001,nc_aware_lambda_0p10,20260803,20,gaussian_noise,0.6566478386895552,0.5032926167934527,-0.2659761165255718,0.008979174129272351,-0.2749552906548438,0.008979174129272351,0.2749552906548438,perimeter,-3.3306690738754696e-16
149014929-149015022-001,nc_aware_lambda_0p10,20260803,30,gaussian_noise,0.6566478386895552,0.42947135208233606,-0.42459282202998533,-0.019802627296179754,-0.4047901947338053,0.019802627296179754,0.4047901947338053,perimeter,-2.7755575615628914e-16
149014929-149015022-002,nc_aware_lambda_0p10,20260803,10,gaussian_noise,0.7163752896662905,0.707878253142003,-0.01193205715377781,-0.006176145710392857,-0.005755911443385135,0.006176145710392857,0.005755911443385135,area,1.8214596497756474e-16
149014929-149015022-002,nc_aware_lambda_0p10,20260803,20,gaussian_noise,0.7163752896662905,0.66861493320661,-0.06899586844702352,-0.001274697432000584,-0.06772117101502319,0.001274697432000584,0.06772117101502319,perimeter,2.498001805406602e-16
149014929-149015022-002,nc_aware_lambda_0p10,20260803,30,gaussian_noise,0.7163752896662905,0.6853475289934072,-0.04427812601769728,-0.01497354179016248,-0.029304584227534757,0.01497354179016248,0.029304584227534757,perimeter,-4.85722573273506e-17
149053341-149053350-001,nc_aware_lambda_0p10,20260803,10,gaussian_noise,0.7447767658097902,0.7578475685942867,0.017397738309152144,-0.0027615524719459255,0.020159290781098238,0.0027615524719459255,0.020159290781098238,perimeter,-1.6653345369377348e-16
149053341-149053350-001,nc_aware_lambda_0p10,20260803,20,gaussian_noise,0.7447767658097902,0.655275226483099,-0.12802918978640834,-0.016037978744332763,-0.11199121104207525,0.016037978744332763,0.11199121104207525,perimeter,-3.3306690738754696e-16
149053341-149053350-001,nc_aware_lambda_0p10,20260803,30,gaussian_noise,0.7447767658097902,0.6209834559098816,-0.18178008973751797,0.025964607673896124,-0.207744697411414,0.025964607673896124,0.207744697411414,perimeter,-1.1102230246251565e-16
149053945-149053969-001,nc_aware_lambda_0p10,20260803,10,gaussian_noise,0.7131355398209808,0.7127390020770762,-0.0005562028670481846,-0.018929876112502422,0.01837367324545407,0.018929876112502422,0.01837367324545407,area,1.6740081543176188e-16
149053945-149053969-001,nc_aware_lambda_0p10,20260803,20,gaussian_noise,0.7131355398209808,0.725878448293544,0.017711073940870882,-0.05852091760789891,0.07623199154876949,0.05852091760789891,0.07623199154876949,perimeter,3.0531133177191805e-16
149053945-149053969-001,nc_aware_lambda_0p10,20260803,30,gaussian_noise,0.7131355398209808,0.6192555919123294,-0.14115340180792932,-0.11902905040329219,-0.022124351404637373,0.11902905040329219,0.022124351404637373,area,2.498001805406602e-16
149053945-149053976-001,nc_aware_lambda_0p10,20260803,10,gaussian_noise,0.4505728713846097,0.4323226910032123,-0.04134754133201364,-0.02306460034580389,-0.018282940986209695,0.02306460034580389,0.018282940986209695,area,-5.551115123125783e-17
149053945-149053976-001,nc_aware_lambda_0p10,20260803,20,gaussian_noise,0.4505728713846097,0.4211870520359388,-0.0674427815158892,-0.04603971284278505,-0.021403068673104084,0.04603971284278505,0.021403068673104084,area,-6.938893903907228e-17
149053945-149053976-001,nc_aware_lambda_0p10,20260803,30,gaussian_noise,0.4505728713846097,0.4161510519005845,-0.07947152076313506,-0.05495318442057498,-0.024518336342560097,0.05495318442057498,0.024518336342560097,area,1.3877787807814457e-17
149054642-149054677-003,nc_aware_lambda_0p10,20260803,10,gaussian_noise,0.8080379239815361,0.7482699022611927,-0.07684524825007324,0.019084548692410698,-0.09592979694248388,0.019084548692410698,0.09592979694248388,perimeter,-5.551115123125783e-17
149054642-149054677-003,nc_aware_lambda_0p10,20260803,20,gaussian_noise,0.8080379239815361,0.7441620146631948,-0.08235022026982097,0.0702124229715883,-0.15256264324140942,0.0702124229715883,0.15256264324140942,perimeter,1.3877787807814457e-16
149054642-149054677-003,nc_aware_lambda_0p10,20260803,30,gaussian_noise,0.8080379239815361,0.7761659854007443,-0.04024259701791632,0.07424558998921055,-0.11448818700712675,0.07424558998921055,0.11448818700712675,perimeter,-1.1796119636642288e-16
149056321-149056343-001,nc_aware_lambda_0p10,20260803,10,gaussian_noise,0.6787076611427343,0.6764617435185318,-0.003314596201356253,-0.0012905309098746882,-0.0020240652914817227,0.0012905309098746882,0.0020240652914817227,perimeter,1.5829351718288365e-16
149056321-149056343-001,nc_aware_lambda_0p10,20260803,20,gaussian_noise,0.6787076611427343,0.6679975406909405,-0.015905999682833367,-0.011022967828105707,-0.004883031854727549,0.011022967828105707,0.004883031854727549,area,-1.1102230246251565e-16
149056321-149056343-001,nc_aware_lambda_0p10,20260803,30,gaussian_noise,0.6787076611427343,0.6984705376426498,0.028702506728624257,-0.029115566614261734,0.05781807334288614,0.029115566614261734,0.05781807334288614,perimeter,-1.491862189340054e-16
149056321-149056360-001,nc_aware_lambda_0p10,20260803,10,gaussian_noise,0.7805807666662785,0.7817024342062157,0.0014359339357188964,-0.009552522665394919,0.010988456601113845,0.009552522665394919,0.010988456601113845,perimeter,-2.992397996059992e-17
149056321-149056360-001,nc_aware_lambda_0p10,20260803,20,gaussian_noise,0.7805807666662785,0.7144314973138979,-0.08855109750043776,-0.056868480729627566,-0.031682616770810114,0.056868480729627566,0.031682616770810114,area,-6.938893903907228e-17
149056321-149056360-001,nc_aware_lambda_0p10,20260803,30,gaussian_noise,0.7805807666662785,0.6599928145931635,-0.16780926729486265,-0.04611768209496559,-0.12169158519989717,0.04611768209496559,0.12169158519989717,perimeter,1.1102230246251565e-16
149056410-149056458-001,nc_aware_lambda_0p10,20260803,10,gaussian_noise,0.8525309657632647,0.7150334045819048,-0.17588027067631232,0.005098800084024211,-0.1809790707603368,0.005098800084024211,0.1809790707603368,perimeter,2.7755575615628914e-16
149056410-149056458-001,nc_aware_lambda_0p10,20260803,20,gaussian_noise,0.8525309657632647,0.6546866192662074,-0.2640528546978818,-0.04242071588395214,-0.2216321388139297,0.04242071588395214,0.2216321388139297,perimeter,5.551115123125783e-17
149056410-149056458-001,nc_aware_lambda_0p10,20260803,30,gaussian_noise,0.8525309657632647,0.5612403088484516,-0.4180603601517387,0.07565857218164877,-0.4937189323333877,0.07565857218164877,0.4937189323333877,perimeter,2.220446049250313e-16
149056873-149056884-001,nc_aware_lambda_0p10,20260803,10,gaussian_noise,0.8340681019958581,0.8482794270275191,0.016895038424202157,0.008810629682154906,0.00808440874204715,0.008810629682154906,0.00808440874204715,area,1.0061396160665481e-16
149056873-149056884-001,nc_aware_lambda_0p10,20260803,20,gaussian_noise,0.8340681019958581,0.6070923015856377,-0.3176342146747821,0.013443842603642954,-0.3310780572784252,0.013443842603642954,0.3310780572784252,perimeter,1.6653345369377348e-16
149056873-149056884-001,nc_aware_lambda_0p10,20260803,30,gaussian_noise,0.8340681019958581,0.600852242548699,-0.32796600445027146,-0.03119470493154431,-0.2967712995187273,0.03119470493154431,0.2967712995187273,perimeter,1.6653345369377348e-16
149056873-149056884-002,nc_aware_lambda_0p10,20260803,10,gaussian_noise,0.7531016282116119,0.7239008087564461,-0.03954580459776783,-0.0006814310314792114,-0.038864373566288815,0.0006814310314792114,0.038864373566288815,perimeter,1.942890293094024e-16
149056873-149056884-002,nc_aware_lambda_0p10,20260803,20,gaussian_noise,0.7531016282116119,0.6217914532715529,-0.19159543072791355,-0.00889502956886805,-0.18270040115904554,0.00889502956886805,0.18270040115904554,perimeter,5.551115123125783e-17
149056873-149056884-002,nc_aware_lambda_0p10,20260803,30,gaussian_noise,0.7531016282116119,0.5466706122429106,-0.3203537334758587,0.0013614705983211706,-0.3217152040741799,0.0013614705983211706,0.3217152040741799,perimeter,5.551115123125783e-17
149056933-149056982-002,nc_aware_lambda_0p10,20260803,10,gaussian_noise,0.8088084783488199,0.8031650189306632,-0.007001954417560919,0.0045385857030080376,-0.011540540120569124,0.0045385857030080376,0.011540540120569124,perimeter,1.6740081543176188e-16
149056933-149056982-002,nc_aware_lambda_0p10,20260803,20,gaussian_noise,0.8088084783488199,0.6909455048177446,-0.1575011938497464,-0.01297232994880001,-0.14452886390094621,0.01297232994880001,0.14452886390094621,perimeter,-1.6653345369377348e-16
149056933-149056982-002,nc_aware_lambda_0p10,20260803,30,gaussian_noise,0.8088084783488199,0.7001101969205237,-0.14432440345274908,-0.032360296684775344,-0.11196410676797354,0.032360296684775344,0.11196410676797354,perimeter,-1.942890293094024e-16
149057756-149057766-002,nc_aware_lambda_0p10,20260803,10,gaussian_noise,0.8290175743011041,0.8014324118105304,-0.03384071293839116,-0.01027909197464759,-0.02356162096374327,0.01027909197464759,0.02356162096374327,perimeter,-2.983724378680108e-16
149057756-149057766-002,nc_aware_lambda_0p10,20260803,20,gaussian_noise,0.8290175743011041,0.6806433803231747,-0.19720285592000297,0.006371187474895779,-0.2035740433948988,0.006371187474895779,0.2035740433948988,perimeter,2.7755575615628914e-17
149057756-149057766-002,nc_aware_lambda_0p10,20260803,30,gaussian_noise,0.8290175743011041,0.6073446564077603,-0.311144921410217,0.00018259837538186488,-0.31132751978559864,0.00018259837538186488,0.31132751978559864,perimeter,-2.220446049250313e-16
149057756-149057788-002,nc_aware_lambda_0p10,20260803,10,gaussian_noise,0.8291842377967588,0.8273897661530086,-0.0021664861833622247,-0.002166486973552923,7.90190579792019e-10,0.002166486973552923,7.90190579792019e-10,area,1.1882855810441129e-16
149057756-149057788-002,nc_aware_lambda_0p10,20260803,20,gaussian_noise,0.8291842377967588,0.8270739281073115,-0.00254828730795565,0.001330893558617748,-0.0038791808665733013,0.001330893558617748,0.0038791808665733013,perimeter,-9.6710833785707e-17
149057756-149057788-002,nc_aware_lambda_0p10,20260803,30,gaussian_noise,0.8291842377967588,0.7895056333465729,-0.049035402448057756,0.0001664585938092631,-0.04920186104186698,0.0001664585938092631,0.04920186104186698,perimeter,-3.469446951953614e-17
149057812-149057825-003,nc_aware_lambda_0p10,20260803,10,gaussian_noise,0.7861927112242396,0.7856183238553087,-0.0007308606208755844,-0.0007308606208756955,-0.0,0.0007308606208756955,0.0,area,1.111307226797642e-16
149057812-149057825-003,nc_aware_lambda_0p10,20260803,20,gaussian_noise,0.7861927112242396,0.7738933808854601,-0.015767828744951258,-0.0062294081987762555,-0.009538420546174911,0.0062294081987762555,0.009538420546174911,perimeter,-9.020562075079397e-17
149057812-149057825-003,nc_aware_lambda_0p10,20260803,30,gaussian_noise,0.7861927112242396,0.7018952966860237,-0.11341769917025564,-0.008068996649856275,-0.10534870252039927,0.008068996649856275,0.10534870252039927,perimeter,-9.71445146547012e-17
149057812-149057825-005,nc_aware_lambda_0p10,20260803,10,gaussian_noise,0.8709315237678504,0.868181629525721,-0.003162412438426029,-0.0031624151045129547,2.6660869085765966e-09,0.0031624151045129547,2.6660869085765966e-09,area,1.734723475976807e-17
149057812-149057825-005,nc_aware_lambda_0p10,20260803,20,gaussian_noise,0.8709315237678504,0.7439803211173035,-0.1575487714424609,-0.014996872751515804,-0.14255189869094512,0.014996872751515804,0.14255189869094512,perimeter,2.7755575615628914e-17
149057812-149057825-005,nc_aware_lambda_0p10,20260803,30,gaussian_noise,0.8709315237678504,0.6449165446993527,-0.3004424354531953,0.0402264180116788,-0.3406688534648739,0.0402264180116788,0.3406688534648739,perimeter,-2.220446049250313e-16
149057812-149057847-004,nc_aware_lambda_0p10,20260803,10,gaussian_noise,0.8943934689687942,0.869694010903993,-0.028004362058324943,0.002272359361178178,-0.030276721419503588,0.002272359361178178,0.030276721419503588,perimeter,4.649058915617843e-16
149057812-149057847-004,nc_aware_lambda_0p10,20260803,20,gaussian_noise,0.8943934689687942,0.7335377892133688,-0.19826668494470873,0.01131050997624032,-0.20957719492094926,0.01131050997624032,0.20957719492094926,perimeter,2.220446049250313e-16
149057812-149057847-004,nc_aware_lambda_0p10,20260803,30,gaussian_noise,0.8943934689687942,0.8044215983334776,-0.10602229245875613,-0.019692136162980718,-0.08633015629577552,0.019692136162980718,0.08633015629577552,perimeter,1.1102230246251565e-16
149057812-149057847-005,nc_aware_lambda_0p10,20260803,10,gaussian_noise,0.8204210687624158,0.8094712569052591,-0.013436441686708432,0.009284725910257127,-0.022721167596965533,0.009284725910257127,0.022721167596965533,perimeter,-2.6020852139652106e-17
149057812-149057847-005,nc_aware_lambda_0p10,20260803,20,gaussian_noise,0.8204210687624158,0.7921467436157641,-0.03507104995890668,0.0012711866118554353,-0.03634223657076192,0.0012711866118554353,0.03634223657076192,perimeter,-2.0122792321330962e-16
149057812-149057847-005,nc_aware_lambda_0p10,20260803,30,gaussian_noise,0.8204210687624158,0.6761374071595385,-0.19342138653748536,0.02077070370439521,-0.2141920902418809,0.02077070370439521,0.2141920902418809,perimeter,3.3306690738754696e-16
149058262-149058272-003,nc_aware_lambda_0p10,20260803,10,gaussian_noise,0.5735878415423803,0.6390734274119821,0.1081082653462229,0.0368060483865769,0.07130221695964625,0.0368060483865769,0.07130221695964625,perimeter,-2.498001805406602e-16
149058262-149058272-003,nc_aware_lambda_0p10,20260803,20,gaussian_noise,0.5735878415423803,0.5485843728106123,-0.04456999979016677,0.052115144692692454,-0.096685144482859,0.052115144692692454,0.096685144482859,perimeter,-2.220446049250313e-16
149058262-149058272-003,nc_aware_lambda_0p10,20260803,30,gaussian_noise,0.5735878415423803,0.5297892923126197,-0.07943172648431301,0.03363110657256119,-0.11306283305687406,0.03363110657256119,0.11306283305687406,perimeter,-1.3877787807814457e-16
149061666-149061699-003,nc_aware_lambda_0p10,20260803,10,gaussian_noise,0.7824623769771075,0.7753962919190933,-0.009071597644887236,0.0060362356318502414,-0.0151078332767377,0.0060362356318502414,0.0151078332767377,perimeter,2.220446049250313e-16
149061666-149061699-003,nc_aware_lambda_0p10,20260803,20,gaussian_noise,0.7824623769771075,0.7594617233024816,-0.02983591718387552,0.003357961516650732,-0.03319387870052612,0.003357961516650732,0.03319387870052612,perimeter,-1.3183898417423734e-16
149061666-149061699-003,nc_aware_lambda_0p10,20260803,30,gaussian_noise,0.7824623769771075,0.7461968250950414,-0.04745643470404127,-0.0006729475354900407,-0.04678348716855099,0.0006729475354900407,0.04678348716855099,perimeter,-2.3592239273284576e-16
149095913-149095926-001,nc_aware_lambda_0p10,20260803,10,gaussian_noise,0.21524520244548678,0.19282359982709238,-0.11000207434137703,-0.008419268777183119,-0.1015828055641939,0.008419268777183119,0.1015828055641939,perimeter,-1.3877787807814457e-17
149095913-149095926-001,nc_aware_lambda_0p10,20260803,20,gaussian_noise,0.21524520244548678,0.20825850271414653,-0.0329977451959274,-0.04191876999011631,0.008921024794189176,0.04191876999011631,0.008921024794189176,area,-2.706168622523819e-16
149095913-149095926-001,nc_aware_lambda_0p10,20260803,30,gaussian_noise,0.21524520244548678,0.3484251668742947,0.48164562317535176,-0.054661660867816445,0.5363072840431682,0.054661660867816445,0.5363072840431682,perimeter,0.0
149097324-149097373-001,nc_aware_lambda_0p10,20260803,10,gaussian_noise,0.8057951438352163,0.8038898270714496,-0.0023673174416318854,0.00702637771556691,-0.009393695157198826,0.00702637771556691,0.009393695157198826,perimeter,3.0357660829594124e-17
149097324-149097373-001,nc_aware_lambda_0p10,20260803,20,gaussian_noise,0.8057951438352163,0.7444432828861002,-0.07919287848596523,0.014996531985914318,-0.09418941047187954,0.014996531985914318,0.09418941047187954,perimeter,-1.3877787807814457e-17
149097324-149097373-001,nc_aware_lambda_0p10,20260803,30,gaussian_noise,0.8057951438352163,0.6141051350528683,-0.27166340300852804,0.0012583366452130979,-0.272921739653741,0.0012583366452130979,0.272921739653741,perimeter,-1.1102230246251565e-16
149097594-149097637-001,nc_aware_lambda_0p10,20260803,10,gaussian_noise,0.511836071597071,0.5028460580055479,-0.01772032555643189,0.02446402996492122,-0.04218435552135301,0.02446402996492122,0.04218435552135301,perimeter,-1.0061396160665481e-16
149097594-149097637-001,nc_aware_lambda_0p10,20260803,20,gaussian_noise,0.511836071597071,0.442097369284266,-0.14647425079611937,0.02880902919694821,-0.17528327999306745,0.02880902919694821,0.17528327999306745,perimeter,-1.3877787807814457e-16
149097594-149097637-001,nc_aware_lambda_0p10,20260803,30,gaussian_noise,0.511836071597071,0.3436638366388251,-0.39834044060096596,-0.04285067592214601,-0.3554897646788202,0.04285067592214601,0.3554897646788202,perimeter,2.7755575615628914e-16
149097594-149097637-002,nc_aware_lambda_0p10,20260803,10,gaussian_noise,0.863447976272203,0.6890206516967159,-0.2256624042589413,-0.009686540179682464,-0.21597586407925898,0.009686540179682464,0.21597586407925898,perimeter,1.3877787807814457e-16
149097594-149097637-002,nc_aware_lambda_0p10,20260803,20,gaussian_noise,0.863447976272203,0.6094630804201442,-0.3483552747235874,0.008084935399096644,-0.356440210122684,0.008084935399096644,0.356440210122684,perimeter,-5.551115123125783e-17
149097594-149097637-002,nc_aware_lambda_0p10,20260803,30,gaussian_noise,0.863447976272203,0.6049735368547636,-0.35574893192014695,0.04149148117074416,-0.39724041309089125,0.04149148117074416,0.39724041309089125,perimeter,1.6653345369377348e-16
149098972-149098988-002,nc_aware_lambda_0p10,20260803,10,gaussian_noise,0.7240107774791044,0.6770176235643612,-0.0671089738695077,0.0030966625055378573,-0.07020563637504565,0.0030966625055378573,0.07020563637504565,perimeter,8.326672684688674e-17
149098972-149098988-002,nc_aware_lambda_0p10,20260803,20,gaussian_noise,0.7240107774791044,0.6432540591547603,-0.11826651676944762,-0.01968743676648605,-0.09857908000296155,0.01968743676648605,0.09857908000296155,perimeter,-1.3877787807814457e-17
149098972-149098988-002,nc_aware_lambda_0p10,20260803,30,gaussian_noise,0.7240107774791044,0.6139698243997554,-0.16486049728507834,-0.045781844788647934,-0.11907865249643061,0.045781844788647934,0.11907865249643061,perimeter,1.942890293094024e-16
149099096-149099104-001,nc_aware_lambda_0p10,20260803,10,gaussian_noise,0.7902625673127626,0.7982694243240632,0.010080911006205279,-0.011279163113063716,0.02136007411926897,0.011279163113063716,0.02136007411926897,perimeter,2.6020852139652106e-17
149099096-149099104-001,nc_aware_lambda_0p10,20260803,20,gaussian_noise,0.7902625673127626,0.7567719716352748,-0.0433032722413427,-0.018565169843997007,-0.02473810239734583,0.018565169843997007,0.02473810239734583,perimeter,1.3877787807814457e-16
149099096-149099104-001,nc_aware_lambda_0p10,20260803,30,gaussian_noise,0.7902625673127626,0.746342006894691,-0.05718130449940117,-0.09007491715906304,0.03289361265966186,0.09007491715906304,0.03289361265966186,area,1.3877787807814457e-17
149099276-149099290-001,nc_aware_lambda_0p10,20260803,10,gaussian_noise,0.623108042927606,0.6335068596299552,0.016550900456595,0.016550900456594783,-0.0,0.016550900456594783,0.0,area,2.185751579730777e-16
149099276-149099290-001,nc_aware_lambda_0p10,20260803,20,gaussian_noise,0.623108042927606,0.5068271605269458,-0.20654988818018385,-0.006388390489658419,-0.2001614976905256,0.006388390489658419,0.2001614976905256,perimeter,1.6653345369377348e-16
149099276-149099290-001,nc_aware_lambda_0p10,20260803,30,gaussian_noise,0.623108042927606,0.5774199838833685,-0.07615005064107151,0.0008779631819446842,-0.07702801382301619,0.0008779631819446842,0.07702801382301619,perimeter,-1.3877787807814457e-17
149099276-149099290-002,nc_aware_lambda_0p10,20260803,10,gaussian_noise,0.646675373204267,0.649511668700777,0.004376374599799003,0.0043763745997987815,-0.0,0.0043763745997987815,0.0,area,2.211772431870429e-16
149099276-149099290-002,nc_aware_lambda_0p10,20260803,20,gaussian_noise,0.646675373204267,0.627962974046109,-0.029363220811795467,0.0025031302181184748,-0.031866351029913836,0.0025031302181184748,0.031866351029913836,perimeter,-1.0408340855860843e-16
149099276-149099290-002,nc_aware_lambda_0p10,20260803,30,gaussian_noise,0.646675373204267,0.6234494901701526,-0.03657667533009714,-0.004710324300183241,-0.031866351029913836,0.004710324300183241,0.031866351029913836,perimeter,-6.245004513516506e-17
149099502-149099525-002,nc_aware_lambda_0p10,20260803,10,gaussian_noise,0.7473264787897822,0.7415200553155844,-0.007799934753828042,-0.0029239786914352006,-0.004875956062392849,0.0029239786914352006,0.004875956062392849,perimeter,6.938893903907228e-18
149099502-149099525-002,nc_aware_lambda_0p10,20260803,20,gaussian_noise,0.7473264787897822,0.7223624155810535,-0.033975169327658816,-0.01737637594557436,-0.01659879338208443,0.01737637594557436,0.01659879338208443,area,-2.7755575615628914e-17
149099502-149099525-002,nc_aware_lambda_0p10,20260803,30,gaussian_noise,0.7473264787897822,0.6996991690442124,-0.06585165875648215,0.006402815820539762,-0.07225447457702192,0.006402815820539762,0.07225447457702192,perimeter,0.0
149100006-149100028-002,nc_aware_lambda_0p10,20260803,10,gaussian_noise,0.5564467548930849,0.5171128784991614,-0.07331030326799559,0.014166366981981541,-0.08747667024997693,0.014166366981981541,0.08747667024997693,perimeter,-1.942890293094024e-16
149100006-149100028-002,nc_aware_lambda_0p10,20260803,20,gaussian_noise,0.5564467548930849,0.3789162570511322,-0.3842562645802243,-0.07400820660268384,-0.3102480579775404,0.07400820660268384,0.3102480579775404,perimeter,-1.1102230246251565e-16
149100006-149100028-002,nc_aware_lambda_0p10,20260803,30,gaussian_noise,0.5564467548930849,0.39437312923909457,-0.34427399792422747,-0.1995904317727837,-0.14468356615144365,0.1995904317727837,0.14468356615144365,area,-1.1102230246251565e-16
149100064-149100072-001,nc_aware_lambda_0p10,20260803,10,gaussian_noise,0.6774734677576553,0.5784162604563619,-0.15807660673408563,0.002843334301144251,-0.1609199410352298,0.002843334301144251,0.1609199410352298,perimeter,-8.326672684688674e-17
149100064-149100072-001,nc_aware_lambda_0p10,20260803,20,gaussian_noise,0.6774734677576553,0.6280576185966672,-0.07573847838845085,-0.013473043131003672,-0.062265435257447085,0.013473043131003672,0.062265435257447085,perimeter,-9.71445146547012e-17
149100064-149100072-001,nc_aware_lambda_0p10,20260803,30,gaussian_noise,0.6774734677576553,0.5501760083967409,-0.2081321477063307,-0.06651465615779391,-0.1416174915485365,0.06651465615779391,0.1416174915485365,perimeter,-2.7755575615628914e-16
149101620-149101650-001,nc_aware_lambda_0p10,20260803,10,gaussian_noise,0.7756602146442817,0.76792591158877,-0.010021297355956003,0.002597097434267008,-0.01261839479022302,0.002597097434267008,0.01261839479022302,perimeter,1.0408340855860843e-17
149101620-149101650-001,nc_aware_lambda_0p10,20260803,20,gaussian_noise,0.7756602146442817,0.6880065518788213,-0.11991619559703011,-0.02319845752859127,-0.09671773806843888,0.02319845752859127,0.09671773806843888,perimeter,4.163336342344337e-17
149101620-149101650-001,nc_aware_lambda_0p10,20260803,30,gaussian_noise,0.7756602146442817,0.6908345156071167,-0.11581424685144599,-0.025135973271542274,-0.09067827357990342,0.025135973271542274,0.09067827357990342,perimeter,-2.914335439641036e-16
149102442-149102451-001,nc_aware_lambda_0p10,20260803,10,gaussian_noise,0.8972651437225004,0.8931008358711023,-0.004651915204605479,-0.012056784212458874,0.007404869007853333,0.012056784212458874,0.007404869007853333,area,6.245004513516506e-17
149102442-149102451-001,nc_aware_lambda_0p10,20260803,20,gaussian_noise,0.8972651437225004,0.6871110597932394,-0.26685546957046014,-0.08125116703510482,-0.18560430253535526,0.08125116703510482,0.18560430253535526,perimeter,-5.551115123125783e-17
149102442-149102451-001,nc_aware_lambda_0p10,20260803,30,gaussian_noise,0.8972651437225004,0.6536808280077103,-0.3167322060528013,-0.16475107328171565,-0.15198113277108571,0.16475107328171565,0.15198113277108571,area,1.1102230246251565e-16
149102510-149102519-001,nc_aware_lambda_0p10,20260803,10,gaussian_noise,0.7059561144647769,0.6539431493103204,-0.07653265472770492,0.002672012277810989,-0.079204667005516,0.002672012277810989,0.079204667005516,perimeter,9.71445146547012e-17
149102510-149102519-001,nc_aware_lambda_0p10,20260803,20,gaussian_noise,0.7059561144647769,0.5385320001820585,-0.27070615525062897,0.0022271724128240795,-0.2729333276634529,0.0022271724128240795,0.2729333276634529,perimeter,-1.1102230246251565e-16
149102510-149102519-001,nc_aware_lambda_0p10,20260803,30,gaussian_noise,0.7059561144647769,0.5752120714677394,-0.2048142820025267,-0.03794616341814386,-0.16686811858438266,0.03794616341814386,0.16686811858438266,perimeter,-1.6653345369377348e-16
149105003-149105050-001,nc_aware_lambda_0p10,20260803,10,gaussian_noise,0.782617588089525,0.7576111554936513,-0.03247391689954939,-0.012898361348437186,-0.019575555551112372,0.012898361348437186,0.019575555551112372,perimeter,1.6653345369377348e-16
149105003-149105050-001,nc_aware_lambda_0p10,20260803,20,gaussian_noise,0.782617588089525,0.7207491335700649,-0.08235304904834584,-0.030759522818063344,-0.051593526230282634,0.030759522818063344,0.051593526230282634,perimeter,1.3877787807814457e-16
149105003-149105050-001,nc_aware_lambda_0p10,20260803,30,gaussian_noise,0.782617588089525,0.4670462511627564,-0.5162158917861541,-0.1260697026223882,-0.3901461891637658,0.1260697026223882,0.3901461891637658,perimeter,-1.1102230246251565e-16
149105289-149105300-001,nc_aware_lambda_0p10,20260803,10,gaussian_noise,0.6891817358599427,0.6521539995848508,-0.055224274090090716,-0.0018885746878681362,-0.05333569940222268,0.0018885746878681362,0.05333569940222268,perimeter,9.71445146547012e-17
149105289-149105300-001,nc_aware_lambda_0p10,20260803,20,gaussian_noise,0.6891817358599427,0.7202075589476592,0.04403444297343944,-0.057769033082324686,0.10180347605576417,0.057769033082324686,0.10180347605576417,perimeter,-4.85722573273506e-17
149105289-149105300-001,nc_aware_lambda_0p10,20260803,30,gaussian_noise,0.6891817358599427,0.45022841484796244,-0.42574996127332093,-0.05876903316565809,-0.36698092810766275,0.05876903316565809,0.36698092810766275,perimeter,-1.1102230246251565e-16
149105289-149105300-002,nc_aware_lambda_0p10,20260803,10,gaussian_noise,0.5562469291855855,0.5564664303398155,0.0003945331566268713,-0.010501989305527665,0.010896522462154586,0.010501989305527665,0.010896522462154586,perimeter,-4.92227786308419e-17
149105289-149105300-002,nc_aware_lambda_0p10,20260803,20,gaussian_noise,0.5562469291855855,0.4611335881572044,-0.18752453279829967,-0.02509356759765672,-0.16243096520064304,0.02509356759765672,0.16243096520064304,perimeter,8.326672684688674e-17
149105289-149105300-002,nc_aware_lambda_0p10,20260803,30,gaussian_noise,0.5562469291855855,0.5009620042549641,-0.10468205450154208,-0.026589454189239498,-0.07809260031230265,0.026589454189239498,0.07809260031230265,perimeter,6.938893903907228e-17
149105289-149105311-001,nc_aware_lambda_0p10,20260803,10,gaussian_noise,0.5340555144260646,0.4909129304181313,-0.08423301221061319,-0.07077948354166384,-0.013453528668949184,0.07077948354166384,0.013453528668949184,area,-1.6653345369377348e-16
149105289-149105311-001,nc_aware_lambda_0p10,20260803,20,gaussian_noise,0.5340555144260646,0.45587321070116305,-0.1582850690118844,-0.18146288611943973,0.02317781710755538,0.18146288611943973,0.02317781710755538,area,-5.551115123125783e-17
149105289-149105311-001,nc_aware_lambda_0p10,20260803,30,gaussian_noise,0.5340555144260646,0.36621293557798235,-0.3772848377329879,-0.33171978328389295,-0.045565054449094734,0.33171978328389295,0.045565054449094734,area,-1.6653345369377348e-16
149105289-149105311-003,nc_aware_lambda_0p10,20260803,10,gaussian_noise,0.1973462333379752,0.1825291916517715,-0.07804960123689737,-0.08459221606463597,0.0065426148277386,0.08459221606463597,0.0065426148277386,area,0.0
149105289-149105311-003,nc_aware_lambda_0p10,20260803,20,gaussian_noise,0.1973462333379752,0.3495022030625799,0.5715501493990608,-0.33186475017854034,0.9034148995776009,0.33186475017854034,0.9034148995776009,perimeter,2.220446049250313e-16
149105289-149105311-003,nc_aware_lambda_0p10,20260803,30,gaussian_noise,0.1973462333379752,0.38058548535648307,0.6567511021952064,-0.506296719697332,1.1630478218925382,0.506296719697332,1.1630478218925382,perimeter,2.220446049250313e-16
149105289-149105311-004,nc_aware_lambda_0p10,20260803,10,gaussian_noise,0.40790440991776805,0.3403132507880676,-0.18116633823956052,-0.00968743815568941,-0.17147890008387118,0.00968743815568941,0.17147890008387118,perimeter,5.551115123125783e-17
149105289-149105311-004,nc_aware_lambda_0p10,20260803,20,gaussian_noise,0.40790440991776805,0.348382737091892,-0.15773116289091074,-0.04817685534922614,-0.10955430754168478,0.04817685534922614,0.10955430754168478,perimeter,1.942890293094024e-16
149105289-149105311-004,nc_aware_lambda_0p10,20260803,30,gaussian_noise,0.40790440991776805,0.40716207294860485,-0.0018215377273489558,-0.1382585448521139,0.13643700712476475,0.1382585448521139,0.13643700712476475,area,1.8149544367407344e-16
149140081-149140096-002,nc_aware_lambda_0p10,20260803,10,gaussian_noise,0.4678759157168453,0.5000499220463289,0.06650481412540458,0.01142869582362285,0.055076118301781586,0.01142869582362285,0.055076118301781586,perimeter,1.5265566588595902e-16
149140081-149140096-002,nc_aware_lambda_0p10,20260803,20,gaussian_noise,0.4678759157168453,0.43017524199110746,-0.08401045822521604,0.0012370771216239926,-0.08524753534684021,0.0012370771216239926,0.08524753534684021,perimeter,1.8041124150158794e-16
149140081-149140096-002,nc_aware_lambda_0p10,20260803,30,gaussian_noise,0.4678759157168453,0.44513870499884656,-0.049817193179795244,-0.07832005436209025,0.028502861182294892,0.07832005436209025,0.028502861182294892,area,1.1102230246251565e-16
149140849-149140856-001,nc_aware_lambda_0p10,20260803,10,gaussian_noise,0.5837923103428124,0.5873962201361549,0.00615429723652457,-0.0049207854435749055,0.011075082680099407,0.0049207854435749055,0.011075082680099407,perimeter,6.852157730108388e-17
149140849-149140856-001,nc_aware_lambda_0p10,20260803,20,gaussian_noise,0.5837923103428124,0.5961383769399208,0.020927529589161283,-0.03720429079470128,0.05813182038386225,0.03720429079470128,0.05813182038386225,perimeter,3.122502256758253e-16
149140849-149140856-001,nc_aware_lambda_0p10,20260803,30,gaussian_noise,0.5837923103428124,0.5638248999329889,-0.03480154441787845,-0.08115596537667219,0.0463544209587936,0.08115596537667219,0.0463544209587936,area,1.3877787807814457e-16
149143028-149143108-002,nc_aware_lambda_0p10,20260803,10,gaussian_noise,0.7726587069470676,0.7470369988872118,-0.03372271968121369,0.0024242436115064756,-0.03614696329271994,0.0024242436115064756,0.03614696329271994,perimeter,-2.220446049250313e-16
149143028-149143108-002,nc_aware_lambda_0p10,20260803,20,gaussian_noise,0.7726587069470676,0.7298292554532179,-0.05702682341203198,-0.011800747319840935,-0.04522607609219108,0.011800747319840935,0.04522607609219108,perimeter,2.7755575615628914e-17
149143028-149143108-002,nc_aware_lambda_0p10,20260803,30,gaussian_noise,0.7726587069470676,0.6582530219570293,-0.1602480442954746,-0.04171573251217591,-0.11853231178329846,0.04171573251217591,0.11853231178329846,perimeter,-2.220446049250313e-16
149143469-149143497-003,nc_aware_lambda_0p10,20260803,10,gaussian_noise,0.7259164531732832,0.7012790158963695,-0.03452909655585629,-0.007364578262208243,-0.02716451829364773,0.007364578262208243,0.02716451829364773,perimeter,-3.122502256758253e-16
149143469-149143497-003,nc_aware_lambda_0p10,20260803,20,gaussian_noise,0.7259164531732832,0.7087557982699101,-0.023923893940098376,-0.008421102396408284,-0.015502791543690168,0.008421102396408284,0.015502791543690168,perimeter,7.632783294297951e-17
149143469-149143497-003,nc_aware_lambda_0p10,20260803,30,gaussian_noise,0.7259164531732832,0.7044153442409216,-0.030066770124452653,-0.10780935368411196,0.07774258355965935,0.10780935368411196,0.07774258355965935,area,-4.5102810375396984e-17
149146837-149146854-001,nc_aware_lambda_0p10,20260803,10,gaussian_noise,0.7984084456272514,0.7876546602664586,-0.013560557725583674,-0.002917089468984022,-0.010643468256599804,0.002917089468984022,0.010643468256599804,perimeter,1.5265566588595902e-16
149146837-149146854-001,nc_aware_lambda_0p10,20260803,20,gaussian_noise,0.7984084456272514,0.630328889359871,-0.2363785733621241,0.007589322141437399,-0.2439678955035615,0.007589322141437399,0.2439678955035615,perimeter,0.0
149146837-149146854-001,nc_aware_lambda_0p10,20260803,30,gaussian_noise,0.7984084456272514,0.7056895452139689,-0.12344490000873345,0.018646489195740693,-0.14209138920447387,0.018646489195740693,0.14209138920447387,perimeter,-2.7755575615628914e-16
149181904-149181927-001,nc_aware_lambda_0p10,20260803,10,gaussian_noise,0.8724442484669537,0.8636488979677607,-0.010132435308471478,0.009156375285986241,-0.01928881059445759,0.009156375285986241,0.01928881059445759,perimeter,-1.2836953722228372e-16
149181904-149181927-001,nc_aware_lambda_0p10,20260803,20,gaussian_noise,0.8724442484669537,0.7893566416821522,-0.10008051737182698,-0.003949972219314156,-0.09613054515251271,0.003949972219314156,0.09613054515251271,perimeter,-1.1102230246251565e-16
149181904-149181927-001,nc_aware_lambda_0p10,20260803,30,gaussian_noise,0.8724442484669537,0.6708082893630857,-0.2628153661284959,0.0008756567985094423,-0.26369102292700525,0.0008756567985094423,0.26369102292700525,perimeter,-5.551115123125783e-17
149181904-149181951-001,nc_aware_lambda_0p10,20260803,10,gaussian_noise,0.8628174841532231,0.8386686950634046,-0.028387430996818792,0.008729867750977753,-0.037117298747796915,0.008729867750977753,0.037117298747796915,perimeter,3.677613769070831e-16
149181904-149181951-001,nc_aware_lambda_0p10,20260803,20,gaussian_noise,0.8628174841532231,0.5855927454708115,-0.387578604371563,0.034894774472919485,-0.4224733788444831,0.034894774472919485,0.4224733788444831,perimeter,6.106226635438361e-16
149181904-149181951-001,nc_aware_lambda_0p10,20260803,30,gaussian_noise,0.8628174841532231,0.4377704882526848,-0.6785084051255034,-0.023509621237213334,-0.6549987838882901,0.023509621237213334,0.6549987838882901,perimeter,1.1102230246251565e-16
149182125-149182135-002,nc_aware_lambda_0p10,20260803,10,gaussian_noise,0.8025286583525088,0.7596293518283381,-0.05493694635343034,-0.002246831309521062,-0.05269011504390952,0.002246831309521062,0.05269011504390952,perimeter,2.3592239273284576e-16
149182125-149182135-002,nc_aware_lambda_0p10,20260803,20,gaussian_noise,0.8025286583525088,0.670942440256179,-0.17908421444955339,0.009890015211875462,-0.18897422966142907,0.009890015211875462,0.18897422966142907,perimeter,2.220446049250313e-16
149182125-149182135-002,nc_aware_lambda_0p10,20260803,30,gaussian_noise,0.8025286583525088,0.42721832314675473,-0.6304723877219149,-0.06421795694184641,-0.5662544307800687,0.06421795694184641,0.5662544307800687,perimeter,1.1102230246251565e-16
149182657-149182667-001,nc_aware_lambda_0p10,20260803,10,gaussian_noise,0.8850801234747413,0.8181017119764772,-0.07869150476717163,0.0007958615621033534,-0.07948736632927512,0.0007958615621033534,0.07948736632927512,perimeter,1.3877787807814457e-16
149182657-149182667-001,nc_aware_lambda_0p10,20260803,20,gaussian_noise,0.8850801234747413,0.504771217540086,-0.5615728838594857,-0.01888744111129885,-0.5426854427481868,0.01888744111129885,0.5426854427481868,perimeter,-1.1102230246251565e-16
149182657-149182667-001,nc_aware_lambda_0p10,20260803,30,gaussian_noise,0.8850801234747413,0.22411687951357018,-1.3735104765935255,-0.2640775146823602,-1.1094329619111651,0.2640775146823602,1.1094329619111651,perimeter,-2.220446049250313e-16
149182657-149182681-002,nc_aware_lambda_0p10,20260803,10,gaussian_noise,0.8128116923452262,0.709903085443889,-0.13537100064433769,-0.02782703348086184,-0.1075439671634758,0.02782703348086184,0.1075439671634758,perimeter,-2.7755575615628914e-17
149182657-149182681-002,nc_aware_lambda_0p10,20260803,20,gaussian_noise,0.8128116923452262,0.46576821207446323,-0.5568113505881084,-0.04984994556829917,-0.5069614050198097,0.04984994556829917,0.5069614050198097,perimeter,4.440892098500626e-16
149182657-149182681-002,nc_aware_lambda_0p10,20260803,30,gaussian_noise,0.8128116923452262,0.3696980791230874,-0.7878127918309304,-0.22954337995598426,-0.5582694118749462,0.22954337995598426,0.5582694118749462,perimeter,0.0
149182657-149182698-003,nc_aware_lambda_0p10,20260803,10,gaussian_noise,0.8515654925228272,0.810227718981557,-0.04976106874003022,0.015590130414665426,-0.0653511991546958,0.015590130414665426,0.0653511991546958,perimeter,1.457167719820518e-16
149182657-149182698-003,nc_aware_lambda_0p10,20260803,20,gaussian_noise,0.8515654925228272,0.727803891475946,-0.15704477937404962,0.042385018172171635,-0.19942979754622112,0.042385018172171635,0.19942979754622112,perimeter,-1.3877787807814457e-16
149182657-149182698-003,nc_aware_lambda_0p10,20260803,30,gaussian_noise,0.8515654925228272,0.5372906516644201,-0.46053721258350566,0.015246310572873666,-0.47578352315637956,0.015246310572873666,0.47578352315637956,perimeter,2.220446049250313e-16
149185604-149185616-001,nc_aware_lambda_0p10,20260803,10,gaussian_noise,0.780536696710378,0.7094026034183726,-0.09555854355521683,-0.02161823999667511,-0.07394030355854175,0.02161823999667511,0.07394030355854175,perimeter,4.163336342344337e-17
149185604-149185616-001,nc_aware_lambda_0p10,20260803,20,gaussian_noise,0.780536696710378,0.51981038922049,-0.40651764681064023,-0.04640959363871902,-0.36010805317192124,0.04640959363871902,0.36010805317192124,perimeter,5.551115123125783e-17
149185604-149185616-001,nc_aware_lambda_0p10,20260803,30,gaussian_noise,0.780536696710378,0.30102296089562947,-0.952795211890929,-0.3386906191442028,-0.6141045927467265,0.3386906191442028,0.6141045927467265,perimeter,3.3306690738754696e-16
149185604-149185645-003,nc_aware_lambda_0p10,20260803,10,gaussian_noise,0.881507622175631,0.7964416792899067,-0.10147974318605522,-0.005299940134219656,-0.09617980305183556,0.005299940134219656,0.09617980305183556,perimeter,-1.3877787807814457e-17
149185604-149185645-003,nc_aware_lambda_0p10,20260803,20,gaussian_noise,0.881507622175631,0.29881266161540326,-1.0818168213797668,-0.11658241118750975,-0.9652344101922568,0.11658241118750975,0.9652344101922568,perimeter,-2.220446049250313e-16
149185604-149185645-003,nc_aware_lambda_0p10,20260803,30,gaussian_noise,0.881507622175631,0.22018294430436958,-1.3871748828112647,-0.6271380929893833,-0.7600367898218816,0.6271380929893833,0.7600367898218816,perimeter,2.220446049250313e-16
149185604-149185657-001,nc_aware_lambda_0p10,20260803,10,gaussian_noise,0.7787389228355248,0.6200336635170551,-0.2279020731518328,-0.03865845114141619,-0.189243622010417,0.03865845114141619,0.189243622010417,perimeter,3.885780586188048e-16
149185604-149185657-001,nc_aware_lambda_0p10,20260803,20,gaussian_noise,0.7787389228355248,0.40642200037665577,-0.6502838161281305,-0.11597385089216686,-0.5343099652359635,0.11597385089216686,0.5343099652359635,perimeter,-1.1102230246251565e-16
149185604-149185657-001,nc_aware_lambda_0p10,20260803,30,gaussian_noise,0.7787389228355248,0.36210450819214757,-0.7657429788879468,-0.21497504464170067,-0.5507679342462463,0.21497504464170067,0.5507679342462463,perimeter,1.1102230246251565e-16
149185698-149185709-002,nc_aware_lambda_0p10,20260803,10,gaussian_noise,0.768961043392873,0.5768304877138225,-0.2874918682149568,-0.0014600674224700377,-0.2860318007924866,0.0014600674224700377,0.2860318007924866,perimeter,-2.220446049250313e-16
149185698-149185709-002,nc_aware_lambda_0p10,20260803,20,gaussian_noise,0.768961043392873,0.5215852013965925,-0.38816767078119274,-0.0551864155672909,-0.3329812552139018,0.0551864155672909,0.3329812552139018,perimeter,0.0
149185698-149185709-002,nc_aware_lambda_0p10,20260803,30,gaussian_noise,0.768961043392873,0.17073819505176954,-1.5049089492354306,-0.4500694143449184,-1.0548395348905122,0.4500694143449184,1.0548395348905122,perimeter,0.0
149185788-149185824-001,nc_aware_lambda_0p10,20260803,10,gaussian_noise,0.7418045951425748,0.7253457257504218,-0.022437455324896705,0.00643575948395841,-0.028873214808855425,0.00643575948395841,0.028873214808855425,perimeter,3.0878077872387166e-16
149185788-149185824-001,nc_aware_lambda_0p10,20260803,20,gaussian_noise,0.7418045951425748,0.43223611146623747,-0.5401138663628323,-0.08229235612472582,-0.45782151023810647,0.08229235612472582,0.45782151023810647,perimeter,0.0
149185788-149185824-001,nc_aware_lambda_0p10,20260803,30,gaussian_noise,0.7418045951425748,0.18169097847108986,-1.406778536132984,-0.5376410094307201,-0.8691375267022637,0.5376410094307201,0.8691375267022637,perimeter,-2.220446049250313e-16
149190861-149190868-001,nc_aware_lambda_0p10,20260803,10,gaussian_noise,0.7478497263144411,0.7384137580253697,-0.01269774191499173,0.0027879881194112577,-0.015485730034402817,0.0027879881194112577,0.015485730034402817,perimeter,-1.700029006457271e-16
149190861-149190868-001,nc_aware_lambda_0p10,20260803,20,gaussian_noise,0.7478497263144411,0.7530221103887675,0.006892533292803903,-0.0054717957990601685,0.012364329091864128,0.0054717957990601685,0.012364329091864128,perimeter,-5.637851296924623e-17
149190861-149190868-001,nc_aware_lambda_0p10,20260803,30,gaussian_noise,0.7478497263144411,0.7480395358896478,0.0002537749030241488,0.0002537749030241488,-0.0,0.0002537749030241488,0.0,area,0.0
149314453-149314465-001,nc_aware_lambda_0p10,20260803,10,gaussian_noise,0.8265011545805975,0.8177267084929725,-0.010673130628834664,-0.004567165921007912,-0.006105964707826811,0.004567165921007912,0.006105964707826811,perimeter,5.898059818321144e-17
149314453-149314465-001,nc_aware_lambda_0p10,20260803,20,gaussian_noise,0.8265011545805975,0.8229895246017193,-0.004257841924728134,-0.012924924558734736,0.008667082634006772,0.012924924558734736,0.008667082634006772,area,-1.700029006457271e-16
149314453-149314465-001,nc_aware_lambda_0p10,20260803,30,gaussian_noise,0.8265011545805975,0.7858855945898916,-0.05039008633350382,-0.01755164153986069,-0.03283844479364306,0.01755164153986069,0.03283844479364306,perimeter,-6.938893903907228e-17
149314453-149314507-001,nc_aware_lambda_0p10,20260803,10,gaussian_noise,0.8942586828559357,0.8947469967547456,0.0005459053780568441,0.0043763745997987815,-0.0038304692217418345,0.0043763745997987815,0.0038304692217418345,area,-1.0289078616887437e-16
149314453-149314507-001,nc_aware_lambda_0p10,20260803,20,gaussian_noise,0.8942586828559357,0.7232148096930239,-0.2122888008705506,0.007863736460214451,-0.22015253733076495,0.007863736460214451,0.22015253733076495,perimeter,-1.1102230246251565e-16
149314453-149314507-001,nc_aware_lambda_0p10,20260803,30,gaussian_noise,0.8942586828559357,0.6141352205895432,-0.3757799548700808,-0.03118292743668794,-0.3445970274333929,0.03118292743668794,0.3445970274333929,perimeter,0.0
149314453-149314507-002,nc_aware_lambda_0p10,20260803,10,gaussian_noise,0.7960776010537911,0.7923054060621296,-0.004749738654331376,0.006046373811864539,-0.010796112466196104,0.006046373811864539,0.010796112466196104,perimeter,1.8908485888147197e-16
149314453-149314507-002,nc_aware_lambda_0p10,20260803,20,gaussian_noise,0.7960776010537911,0.7440071333044836,-0.06764604729173361,-0.020422765633861046,-0.047223281657872436,0.020422765633861046,0.047223281657872436,perimeter,-1.249000902703301e-16
149314453-149314507-002,nc_aware_lambda_0p10,20260803,30,gaussian_noise,0.7960776010537911,0.6738607764609753,-0.16667314339277806,-0.06904100510588691,-0.09763213828689142,0.06904100510588691,0.09763213828689142,perimeter,2.7755575615628914e-16
149314679-149314698-001,nc_aware_lambda_0p10,20260803,10,gaussian_noise,0.6068703577124056,0.5675438439182463,-0.06699718514377859,-0.006163347707668688,-0.060833837436109844,0.006163347707668688,0.060833837436109844,perimeter,-5.551115123125783e-17
149314679-149314698-001,nc_aware_lambda_0p10,20260803,20,gaussian_noise,0.6068703577124056,0.4727058328302031,-0.24984191240658582,-0.014700458152878078,-0.235141454253708,0.014700458152878078,0.235141454253708,perimeter,2.498001805406602e-16
149314679-149314698-001,nc_aware_lambda_0p10,20260803,30,gaussian_noise,0.6068703577124056,0.230065994135883,-0.9699489907288712,-0.208466836898277,-0.761482153830594,0.208466836898277,0.761482153830594,perimeter,-2.220446049250313e-16
149315229-149315310-001,nc_aware_lambda_0p10,20260803,10,gaussian_noise,0.8073744043981191,0.7991325570783144,-0.010260670917375144,0.0023221622014932496,-0.012582833118868363,0.0023221622014932496,0.012582833118868363,perimeter,-3.122502256758253e-17
149315229-149315310-001,nc_aware_lambda_0p10,20260803,20,gaussian_noise,0.8073744043981191,0.6705914288409726,-0.18562745402895642,-0.029092389020424055,-0.15653506500853231,0.029092389020424055,0.15653506500853231,perimeter,-5.551115123125783e-17
149315229-149315310-001,nc_aware_lambda_0p10,20260803,30,gaussian_noise,0.8073744043981191,0.6222380825117482,-0.26046471783751396,-0.049728297817603184,-0.210736420019911,0.049728297817603184,0.210736420019911,perimeter,2.220446049250313e-16
149315671-149315731-001,nc_aware_lambda_0p10,20260803,10,gaussian_noise,0.7131567182201881,0.6656295234052043,-0.06896795281106854,-0.01065729447398798,-0.05831065833708061,0.01065729447398798,0.05831065833708061,perimeter,4.163336342344337e-17
149315671-149315731-001,nc_aware_lambda_0p10,20260803,20,gaussian_noise,0.7131567182201881,0.47688103278866045,-0.4024341447823462,-0.05853878070720195,-0.34389536407514404,0.05853878070720195,0.34389536407514404,perimeter,-2.220446049250313e-16
149315671-149315731-001,nc_aware_lambda_0p10,20260803,30,gaussian_noise,0.7131567182201881,0.20786151849549334,-1.232829115902122,-0.3719812472509643,-0.8608478686511574,0.3719812472509643,0.8608478686511574,perimeter,-4.440892098500626e-16
149315671-149315740-001,nc_aware_lambda_0p10,20260803,10,gaussian_noise,0.6667161856718467,0.5960822180876937,-0.11198583926051482,0.011040076804158507,-0.12302591606467325,0.011040076804158507,0.12302591606467325,perimeter,-6.938893903907228e-17
149315671-149315740-001,nc_aware_lambda_0p10,20260803,20,gaussian_noise,0.6667161856718467,0.40430440268287254,-0.5001963803922839,-0.05241573394043336,-0.4477806464518505,0.05241573394043336,0.4477806464518505,perimeter,0.0
149315671-149315740-001,nc_aware_lambda_0p10,20260803,30,gaussian_noise,0.6667161856718467,0.33771711054976306,-0.6801558526154817,-0.0895982822317915,-0.5905575703836904,0.0895982822317915,0.5905575703836904,perimeter,1.1102230246251565e-16
149316426-149316462-004,nc_aware_lambda_0p10,20260803,10,gaussian_noise,0.7032114657369334,0.6451590620273274,-0.08616075713731759,0.0007039775017943326,-0.08686473463911201,0.0007039775017943326,0.08686473463911201,perimeter,8.326672684688674e-17
149316426-149316462-004,nc_aware_lambda_0p10,20260803,20,gaussian_noise,0.7032114657369334,0.5553391280818546,-0.23607868259922862,-0.02423497084545784,-0.21184371175377079,0.02423497084545784,0.21184371175377079,perimeter,0.0
149316426-149316462-004,nc_aware_lambda_0p10,20260803,30,gaussian_noise,0.7032114657369334,0.4748334102735657,-0.3926936240185607,-0.10145578597966996,-0.29123783803889086,0.10145578597966996,0.29123783803889086,perimeter,1.1102230246251565e-16
149316754-149316779-002,nc_aware_lambda_0p10,20260803,10,gaussian_noise,0.4507210759019733,0.402167524677086,-0.11397996133471432,-0.005876608488985042,-0.108103352845729,0.005876608488985042,0.108103352845729,perimeter,-2.7755575615628914e-16
149316754-149316779-002,nc_aware_lambda_0p10,20260803,20,gaussian_noise,0.4507210759019733,0.4380185754090815,-0.02858737211220985,-0.09260736249375091,0.06401999038154094,0.09260736249375091,0.06401999038154094,area,1.2836953722228372e-16
149316754-149316779-002,nc_aware_lambda_0p10,20260803,30,gaussian_noise,0.4507210759019733,0.3660828228669785,-0.20798909141169228,-0.06424094636971538,-0.14374814504197658,0.06424094636971538,0.14374814504197658,perimeter,-3.0531133177191805e-16
149317002-149317010-002,nc_aware_lambda_0p10,20260803,10,gaussian_noise,0.7978453261399215,0.7627960120217844,-0.044924106136438435,-0.0033764804166060624,-0.04154762571983248,0.0033764804166060624,0.04154762571983248,perimeter,1.1102230246251565e-16
149317002-149317010-002,nc_aware_lambda_0p10,20260803,20,gaussian_noise,0.7978453261399215,0.6455517076042779,-0.21180943996048893,-0.011299555253933394,-0.2005098847065558,0.011299555253933394,0.2005098847065558,perimeter,2.7755575615628914e-16
149317002-149317010-002,nc_aware_lambda_0p10,20260803,30,gaussian_noise,0.7978453261399215,0.5465512056046031,-0.37828675118817484,-0.050702103119962205,-0.3275846480682127,0.050702103119962205,0.3275846480682127,perimeter,5.551115123125783e-17
149317204-149317230-002,nc_aware_lambda_0p10,20260803,10,gaussian_noise,0.7315024971503049,0.7450467987875412,0.018346399377467296,-0.021004272770532125,0.03935067214799912,0.021004272770532125,0.03935067214799912,perimeter,2.983724378680108e-16
149317204-149317230-002,nc_aware_lambda_0p10,20260803,20,gaussian_noise,0.7315024971503049,0.5820801371003587,-0.2284925033286814,-0.025258592588269593,-0.2032339107404116,0.025258592588269593,0.2032339107404116,perimeter,-1.942890293094024e-16
149317204-149317230-002,nc_aware_lambda_0p10,20260803,30,gaussian_noise,0.7315024971503049,0.5192912794800406,-0.3426356763208222,-0.048743975859684985,-0.2938917004611374,0.048743975859684985,0.2938917004611374,perimeter,1.6653345369377348e-16
149788987-149788996-003,nc_aware_lambda_0p10,20260803,10,gaussian_noise,0.7396230646499632,0.7118895252235329,-0.03821794615920721,0.005267790934858805,-0.04348573709406621,0.005267790934858805,0.04348573709406621,perimeter,1.942890293094024e-16
149788987-149788996-003,nc_aware_lambda_0p10,20260803,20,gaussian_noise,0.7396230646499632,0.6952237239268446,-0.06190698563430712,0.009636517848273992,-0.07154350348258129,0.009636517848273992,0.07154350348258129,perimeter,1.8041124150158794e-16
149788987-149788996-003,nc_aware_lambda_0p10,20260803,30,gaussian_noise,0.7396230646499632,0.6756001365382229,-0.0905392972967054,-0.002997445601392063,-0.0875418516953132,0.002997445601392063,0.0875418516953132,perimeter,-1.3877787807814457e-16
153268807-153268826-001,nc_aware_lambda_0p10,20260803,10,gaussian_noise,0.7042941188458764,0.706447168683794,0.0030523690326573144,-0.0007510327052227691,0.0038034017378800883,0.0007510327052227691,0.0038034017378800883,perimeter,-4.7704895589362195e-18
153268807-153268826-001,nc_aware_lambda_0p10,20260803,20,gaussian_noise,0.7042941188458764,0.7054838048574404,0.0016877641137198365,0.0016877641137198365,-0.0,0.0016877641137198365,0.0,area,0.0
153268807-153268826-001,nc_aware_lambda_0p10,20260803,30,gaussian_noise,0.7042941188458764,0.6737693291192645,-0.04430824069133112,-0.00640182943317844,-0.037906411258152556,0.00640182943317844,0.037906411258152556,perimeter,-1.249000902703301e-16
153276386-153276405-001,nc_aware_lambda_0p10,20260803,10,gaussian_noise,0.816359114288938,0.7645039667637018,-0.06562713513381964,0.004142698675010638,-0.06976983380883042,0.004142698675010638,0.06976983380883042,perimeter,1.5265566588595902e-16
153276386-153276405-001,nc_aware_lambda_0p10,20260803,20,gaussian_noise,0.816359114288938,0.5398879021658604,-0.41349281976572533,-0.022388994893478724,-0.39110382487224665,0.022388994893478724,0.39110382487224665,perimeter,5.551115123125783e-17
153276386-153276405-001,nc_aware_lambda_0p10,20260803,30,gaussian_noise,0.816359114288938,0.3253053784160142,-0.9200899821397229,-0.11887911583765218,-0.8012108663020711,0.11887911583765218,0.8012108663020711,perimeter,3.3306690738754696e-16
153276386-153276405-002,nc_aware_lambda_0p10,20260803,10,gaussian_noise,0.6694645661388305,0.6496613600160557,-0.030026995334369252,-0.00046264169226756734,-0.029564353642101637,0.00046264169226756734,0.029564353642101637,perimeter,-4.85722573273506e-17
153276386-153276405-002,nc_aware_lambda_0p10,20260803,20,gaussian_noise,0.6694645661388305,0.49911553157064803,-0.293640642726593,-0.03722455693818157,-0.2564160857884113,0.03722455693818157,0.2564160857884113,perimeter,-1.6653345369377348e-16
153276386-153276405-002,nc_aware_lambda_0p10,20260803,30,gaussian_noise,0.6694645661388305,0.49795453002997697,-0.29596947017834785,-0.015616212930946588,-0.2803532572474011,0.015616212930946588,0.2803532572474011,perimeter,-1.1102230246251565e-16
153276386-153276414-001,nc_aware_lambda_0p10,20260803,10,gaussian_noise,0.8437937310090193,0.7873323783629835,-0.06925757501666983,-0.017933232775761903,-0.05132434224090798,0.017933232775761903,0.05132434224090798,perimeter,5.551115123125783e-17
153276386-153276414-001,nc_aware_lambda_0p10,20260803,20,gaussian_noise,0.8437937310090193,0.6759303769616818,-0.22181799210904668,-0.011669902767579343,-0.2101480893414675,0.011669902767579343,0.2101480893414675,perimeter,1.6653345369377348e-16
153276386-153276414-001,nc_aware_lambda_0p10,20260803,30,gaussian_noise,0.8437937310090193,0.5886478618373931,-0.3600799229857087,-0.04985219422837881,-0.31022772875732973,0.04985219422837881,0.31022772875732973,perimeter,-1.1102230246251565e-16
153314466-153314473-003,nc_aware_lambda_0p10,20260803,10,gaussian_noise,0.8291368614982697,0.7976647360086666,-0.03869685493144553,-0.02012779814485626,-0.01856905678658924,0.02012779814485626,0.01856905678658924,area,-2.7755575615628914e-17
153314466-153314473-003,nc_aware_lambda_0p10,20260803,20,gaussian_noise,0.8291368614982697,0.8318649903413887,0.0032849226426838562,0.031486472011779586,-0.028201549369095746,0.031486472011779586,0.028201549369095746,area,1.691355389077387e-17
153314466-153314473-003,nc_aware_lambda_0p10,20260803,30,gaussian_noise,0.8291368614982697,0.8216239858231079,-0.009102381558811797,0.10139355962213432,-0.11049594118094608,0.10139355962213432,0.11049594118094608,perimeter,-4.336808689942018e-17
153654869-153654880-001,nc_aware_lambda_0p10,20260803,10,gaussian_noise,0.6668142551343604,0.7860680701114634,0.16453186280063323,0.0035650661644961446,0.16096679663613686,0.0035650661644961446,0.16096679663613686,perimeter,2.220446049250313e-16
153654869-153654880-001,nc_aware_lambda_0p10,20260803,20,gaussian_noise,0.6668142551343604,0.4132624503558057,-0.4784286649239456,-0.043017385083690816,-0.43541127984025485,0.043017385083690816,0.43541127984025485,perimeter,5.551115123125783e-17
153654869-153654880-001,nc_aware_lambda_0p10,20260803,30,gaussian_noise,0.6668142551343604,0.49568987164604994,-0.2965610566829661,-0.07593149611156395,-0.22062956057140196,0.07593149611156395,0.22062956057140196,perimeter,-2.220446049250313e-16
153655016-153655039-005,nc_aware_lambda_0p10,20260803,10,gaussian_noise,0.7659393039131202,0.7270983561393193,-0.052041170081717936,0.035453278009050515,-0.08749444809076834,0.035453278009050515,0.08749444809076834,perimeter,-1.1102230246251565e-16
153655016-153655039-005,nc_aware_lambda_0p10,20260803,20,gaussian_noise,0.7659393039131202,0.5353245015318551,-0.3582298209484463,0.019493794681001132,-0.37772361562944756,0.019493794681001132,0.37772361562944756,perimeter,1.1102230246251565e-16
153655016-153655039-005,nc_aware_lambda_0p10,20260803,30,gaussian_noise,0.7659393039131202,0.2295439447675564,-1.2050084372505765,-0.2833171593670798,-0.9216912778834966,0.2833171593670798,0.9216912778834966,perimeter,0.0
153655087-153655101-002,nc_aware_lambda_0p10,20260803,10,gaussian_noise,0.2884490191488973,0.1702475491355786,-0.5272648110306954,0.07072165617541297,-0.5979864672061086,0.07072165617541297,0.5979864672061086,perimeter,2.220446049250313e-16
153655087-153655101-002,nc_aware_lambda_0p10,20260803,20,gaussian_noise,0.2884490191488973,0.1567958431968978,-0.6095737629362384,0.002287458107599062,-0.6118612210438374,0.002287458107599062,0.6118612210438374,perimeter,-1.1102230246251565e-16
153655087-153655101-002,nc_aware_lambda_0p10,20260803,30,gaussian_noise,0.2884490191488973,0.16287539033671805,-0.5715329282935097,-0.9394577911556895,0.3679248628621795,0.9394577911556895,0.3679248628621795,area,3.3306690738754696e-16
153656862-153656873-001,nc_aware_lambda_0p10,20260803,10,gaussian_noise,0.7767379533892909,0.7813757486686633,0.005953107234722953,0.005953107234722733,-0.0,0.005953107234722733,0.0,area,2.203098814490545e-16
153656862-153656873-001,nc_aware_lambda_0p10,20260803,20,gaussian_noise,0.7767379533892909,0.7705274420488606,-0.00802776913615312,0.000954881905928135,-0.008982651042081659,0.000954881905928135,0.008982651042081659,perimeter,4.0245584642661925e-16
153656862-153656873-001,nc_aware_lambda_0p10,20260803,30,gaussian_noise,0.7767379533892909,0.7155616171511183,-0.08203532625915798,0.00737659501957667,-0.08941192127873486,0.00737659501957667,0.08941192127873486,perimeter,2.0816681711721685e-16
153657121-153657160-001,nc_aware_lambda_0p10,20260803,10,gaussian_noise,0.8394167812895824,0.8012502415946767,-0.046534032948298665,0.021978906718775167,-0.06851293966707393,0.021978906718775167,0.06851293966707393,perimeter,9.71445146547012e-17
153657121-153657160-001,nc_aware_lambda_0p10,20260803,20,gaussian_noise,0.8394167812895824,0.6046882016730032,-0.3279943866583598,0.009300054462797379,-0.337294441121157,0.009300054462797379,0.337294441121157,perimeter,-1.6653345369377348e-16
153657121-153657160-001,nc_aware_lambda_0p10,20260803,30,gaussian_noise,0.8394167812895824,0.4887214598511575,-0.5409146272772102,-0.04493397247925808,-0.4959806547979519,0.04493397247925808,0.4959806547979519,perimeter,-2.220446049250313e-16
153659229-153659264-001,nc_aware_lambda_0p10,20260803,10,gaussian_noise,0.8079950663259862,0.8088711825358598,0.0010837214225193719,-0.0038335205764482797,0.004917241998967557,0.0038335205764482797,0.004917241998967557,perimeter,9.432558900623889e-17
153659229-153659264-001,nc_aware_lambda_0p10,20260803,20,gaussian_noise,0.8079950663259862,0.7622001923289609,-0.058346711696548474,0.006809232355990719,-0.06515594405253894,0.006809232355990719,0.06515594405253894,perimeter,-2.5673907444456745e-16
153659229-153659264-001,nc_aware_lambda_0p10,20260803,30,gaussian_noise,0.8079950663259862,0.7244345725097715,-0.10916450188231566,-0.0005467468698255771,-0.10861775501249027,0.0005467468698255771,0.10861775501249027,perimeter,1.8041124150158794e-16
153697342-153697375-001,nc_aware_lambda_0p10,20260803,10,gaussian_noise,0.8060877233521462,0.7654457828690667,-0.05173418767584997,0.0020487612165237057,-0.053782948892373644,0.0020487612165237057,0.053782948892373644,perimeter,-2.7755575615628914e-17
153697342-153697375-001,nc_aware_lambda_0p10,20260803,20,gaussian_noise,0.8060877233521462,0.7265823991625914,-0.10384067855462348,-0.0057589628520117436,-0.09808171570261155,0.0057589628520117436,0.09808171570261155,perimeter,-1.8041124150158794e-16
153697342-153697375-001,nc_aware_lambda_0p10,20260803,30,gaussian_noise,0.8060877233521462,0.6032247170169135,-0.2899027821489431,-0.04445176257083381,-0.2454510195781091,0.04445176257083381,0.2454510195781091,perimeter,-1.6653345369377348e-16
153697342-153697384-001,nc_aware_lambda_0p10,20260803,10,gaussian_noise,0.8198333734298049,0.7730660507276351,-0.058736624283967906,-0.00612621887407296,-0.05261040540989476,0.00612621887407296,0.05261040540989476,perimeter,-1.8041124150158794e-16
153697342-153697384-001,nc_aware_lambda_0p10,20260803,20,gaussian_noise,0.8198333734298049,0.7221317750850101,-0.12689348026802402,0.004468827262323564,-0.13136230753034733,0.004468827262323564,0.13136230753034733,perimeter,-2.498001805406602e-16
153697342-153697384-001,nc_aware_lambda_0p10,20260803,30,gaussian_noise,0.8198333734298049,0.6047213834333043,-0.30433328776865526,-0.009408946483510417,-0.29492434128514483,0.009408946483510417,0.29492434128514483,perimeter,0.0
153697726-153697736-001,nc_aware_lambda_0p10,20260803,10,gaussian_noise,0.6688061598493961,0.6705413156402996,0.0025910479444785028,0.0025910479444787244,-0.0,0.0025910479444787244,0.0,area,-2.216109240560371e-16
153697726-153697736-001,nc_aware_lambda_0p10,20260803,20,gaussian_noise,0.6688061598493961,0.6647314696343339,-0.006111117985723962,0.01459462162239315,-0.020705739608117106,0.01459462162239315,0.020705739608117106,perimeter,-5.204170427930421e-18
153697726-153697736-001,nc_aware_lambda_0p10,20260803,30,gaussian_noise,0.6688061598493961,0.6477726555001189,-0.031954477513376295,0.0010084276587491202,-0.03296290517212542,0.0010084276587491202,0.03296290517212542,perimeter,6.938893903907228e-18
153701009-153701019-002,nc_aware_lambda_0p10,20260803,10,gaussian_noise,0.648455753769057,0.6139658214822038,-0.054654511594398054,-0.017435061822101423,-0.03721944977229641,0.017435061822101423,0.03721944977229641,perimeter,-2.220446049250313e-16
153701009-153701019-002,nc_aware_lambda_0p10,20260803,20,gaussian_noise,0.648455753769057,0.5740401440231069,-0.12189444165718612,-0.042287138227813444,-0.0796073034293725,0.042287138227813444,0.0796073034293725,perimeter,-1.8041124150158794e-16
153701009-153701019-002,nc_aware_lambda_0p10,20260803,30,gaussian_noise,0.648455753769057,0.43851201262329315,-0.39120656660876485,-0.042881727483265686,-0.3483248391254993,0.042881727483265686,0.3483248391254993,perimeter,1.1102230246251565e-16
153701622-153701650-001,nc_aware_lambda_0p10,20260803,10,gaussian_noise,0.8285950860078893,0.7988531516905923,-0.03655446039969669,0.004903868389693126,-0.041458328789389806,0.004903868389693126,0.041458328789389806,perimeter,-6.938893903907228e-18
153701622-153701650-001,nc_aware_lambda_0p10,20260803,20,gaussian_noise,0.8285950860078893,0.6922877607550246,-0.17972989072822265,0.024282343227003997,-0.2040122339552264,0.024282343227003997,0.2040122339552264,perimeter,-2.220446049250313e-16
153701622-153701650-001,nc_aware_lambda_0p10,20260803,30,gaussian_noise,0.8285950860078893,0.6399652246206363,-0.2583177608029026,0.03182954886238679,-0.29014730966528945,0.03182954886238679,0.29014730966528945,perimeter,5.551115123125783e-17
153701949-153701958-001,nc_aware_lambda_0p10,20260803,10,gaussian_noise,0.7744673808640438,0.7432796415119719,-0.041103200563014426,-0.0038298501196479128,-0.03727335044336645,0.0038298501196479128,0.03727335044336645,perimeter,-6.245004513516506e-17
153701949-153701958-001,nc_aware_lambda_0p10,20260803,20,gaussian_noise,0.7744673808640438,0.7529892269982827,-0.02812462166809868,0.012481507851290008,-0.040606129519388856,0.012481507851290008,0.040606129519388856,perimeter,1.700029006457271e-16
153701949-153701958-001,nc_aware_lambda_0p10,20260803,30,gaussian_noise,0.7744673808640438,0.6759296159064191,-0.13608659044983032,0.010862292816631,-0.1469488832664615,0.010862292816631,0.1469488832664615,perimeter,1.6653345369377348e-16
153702037-153702051-003,nc_aware_lambda_0p10,20260803,10,gaussian_noise,0.6131126508306894,0.6171117016001952,0.00650135863019074,-0.0031286689580414086,0.009630027588232178,0.0031286689580414086,0.009630027588232178,perimeter,-2.862293735361732e-17
153702037-153702051-003,nc_aware_lambda_0p10,20260803,20,gaussian_noise,0.6131126508306894,0.5074426808463562,-0.18916492836795273,0.029623247077734727,-0.21878817544568738,0.029623247077734727,0.21878817544568738,perimeter,-8.326672684688674e-17
153702037-153702051-003,nc_aware_lambda_0p10,20260803,30,gaussian_noise,0.6131126508306894,0.4206233020436622,-0.3768110251153919,-0.0418637969324922,-0.3349472281829,0.0418637969324922,0.3349472281829,perimeter,3.3306690738754696e-16
153826963-153826970-001,nc_aware_lambda_0p10,20260803,10,gaussian_noise,0.5690634857191159,0.3995454018384904,-0.3536645966976089,0.005803846819800269,-0.3594684435174091,0.005803846819800269,0.3594684435174091,perimeter,-1.1102230246251565e-16
153826963-153826970-001,nc_aware_lambda_0p10,20260803,20,gaussian_noise,0.5690634857191159,0.2426024739062092,-0.8525678081732875,-0.12640566854680654,-0.726162139626481,0.12640566854680654,0.726162139626481,perimeter,1.1102230246251565e-16
153826963-153826970-001,nc_aware_lambda_0p10,20260803,30,gaussian_noise,0.5690634857191159,0.1634273204300762,-1.2476236339571303,-0.17143804077407324,-1.0761855931830573,0.17143804077407324,1.0761855931830573,perimeter,2.220446049250313e-16
153826963-153826982-003,nc_aware_lambda_0p10,20260803,10,gaussian_noise,0.7803156954390077,0.7250653939710895,-0.07343672617388822,0.003729834859973112,-0.07716656103386134,0.003729834859973112,0.07716656103386134,perimeter,1.3877787807814457e-17
153826963-153826982-003,nc_aware_lambda_0p10,20260803,20,gaussian_noise,0.7803156954390077,0.6341469310245683,-0.207417895550261,0.011308682714354574,-0.2187265782646155,0.011308682714354574,0.2187265782646155,perimeter,-5.551115123125783e-17
153826963-153826982-003,nc_aware_lambda_0p10,20260803,30,gaussian_noise,0.7803156954390077,0.4673210855441206,-0.5126820047815857,-0.048603341654338814,-0.46407866312724677,0.048603341654338814,0.46407866312724677,perimeter,-1.1102230246251565e-16
153827595-153827657-002,nc_aware_lambda_0p10,20260803,10,gaussian_noise,0.5786065794355718,0.5966995416737668,0.0307909426463395,0.011487549578848899,0.01930339306749063,0.011487549578848899,0.01930339306749063,perimeter,-2.7755575615628914e-17
153827595-153827657-002,nc_aware_lambda_0p10,20260803,20,gaussian_noise,0.5786065794355718,0.6837621449600207,0.16698735208022214,-0.048989387200273175,0.2159767392804952,0.048989387200273175,0.2159767392804952,perimeter,1.1102230246251565e-16
153827595-153827657-002,nc_aware_lambda_0p10,20260803,30,gaussian_noise,0.5786065794355718,0.6167557518179902,0.06385031759833644,-0.04606479769144526,0.10991511528978143,0.04606479769144526,0.10991511528978143,perimeter,2.636779683484747e-16
153828877-153828902-002,nc_aware_lambda_0p10,20260803,10,gaussian_noise,0.7721124020378382,0.7737891060906644,0.0021692257902501057,0.0002533890802865442,0.0019158367099635463,0.0002533890802865442,0.0019158367099635463,perimeter,1.5178830414797062e-17
153828877-153828902-002,nc_aware_lambda_0p10,20260803,20,gaussian_noise,0.7721124020378382,0.706305764978576,-0.08908189931572026,-0.013522338972104891,-0.07555956034361526,0.013522338972104891,0.07555956034361526,perimeter,-1.1102230246251565e-16
153828877-153828902-002,nc_aware_lambda_0p10,20260803,30,gaussian_noise,0.7721124020378382,0.6606201650057355,-0.15595110014142025,-0.0015216842905811242,-0.1544294158508389,0.0015216842905811242,0.1544294158508389,perimeter,-1.942890293094024e-16
153828952-153828970-001,nc_aware_lambda_0p10,20260803,10,gaussian_noise,0.8544013049528162,0.8419446847358105,-0.01468667854098112,-0.002248033917882342,-0.012438644623098585,0.002248033917882342,0.012438644623098585,perimeter,-1.9081958235744878e-16
153828952-153828970-001,nc_aware_lambda_0p10,20260803,20,gaussian_noise,0.8544013049528162,0.8180945815853861,-0.043423040208527955,0.001495886591582708,-0.04491892680011079,0.001495886591582708,0.04491892680011079,perimeter,1.249000902703301e-16
153828952-153828970-001,nc_aware_lambda_0p10,20260803,30,gaussian_noise,0.8544013049528162,0.7680888672059061,-0.10649555657599341,0.0037355291850874484,-0.11023108576108097,0.0037355291850874484,0.11023108576108097,perimeter,1.1102230246251565e-16
153828952-153829005-001,nc_aware_lambda_0p10,20260803,10,gaussian_noise,0.7206419050929355,0.7250547809287566,0.006104862221648081,-0.001982161203991211,0.008087023425639167,0.001982161203991211,0.008087023425639167,perimeter,1.249000902703301e-16
153828952-153829005-001,nc_aware_lambda_0p10,20260803,20,gaussian_noise,0.7206419050929355,0.6738447914938144,-0.06714254496915263,-0.0034713647554589634,-0.06367118021369358,0.0034713647554589634,0.06367118021369358,perimeter,-8.326672684688674e-17
153828952-153829005-001,nc_aware_lambda_0p10,20260803,30,gaussian_noise,0.7206419050929355,0.6178254123170178,-0.15393643647582717,-0.026842198523386245,-0.12709423795244093,0.026842198523386245,0.12709423795244093,perimeter,0.0
153828952-153829005-002,nc_aware_lambda_0p10,20260803,10,gaussian_noise,0.8189577579486195,0.7996927031800808,-0.02380497207693649,-0.009266244750616113,-0.01453872732632054,0.009266244750616113,0.01453872732632054,perimeter,1.6306400674181987e-16
153828952-153829005-002,nc_aware_lambda_0p10,20260803,20,gaussian_noise,0.8189577579486195,0.7729948502783407,-0.05776011835574009,0.0035640073365446807,-0.06132412569228456,0.0035640073365446807,0.06132412569228456,perimeter,-2.0816681711721685e-16
153828952-153829005-002,nc_aware_lambda_0p10,20260803,30,gaussian_noise,0.8189577579486195,0.6689585884848201,-0.20231034733487793,-0.052217631946215384,-0.15009271538866242,0.052217631946215384,0.15009271538866242,perimeter,-1.3877787807814457e-16
153829664-153829672-001,nc_aware_lambda_0p10,20260803,10,gaussian_noise,0.7048631278303841,0.6981569743498778,-0.009559669945483502,-0.0024640669551591835,-0.0070956029903243385,0.0024640669551591835,0.0070956029903243385,perimeter,1.9081958235744878e-17
153829664-153829672-001,nc_aware_lambda_0p10,20260803,20,gaussian_noise,0.7048631278303841,0.6668104670403904,-0.05549779086772565,0.000820008246030746,-0.056317799113756395,0.000820008246030746,0.056317799113756395,perimeter,-6.938893903907228e-18
153829664-153829672-001,nc_aware_lambda_0p10,20260803,30,gaussian_noise,0.7048631278303841,0.6837734441311436,-0.030376998316336386,-0.006254134934424687,-0.02412286338191171,0.006254134934424687,0.02412286338191171,perimeter,1.0408340855860843e-17
153829745-153829768-003,nc_aware_lambda_0p10,20260803,10,gaussian_noise,0.7450182470646562,0.7133084067310332,-0.04349483588161737,-0.0018670267844292882,-0.04162780909718799,0.0018670267844292882,0.04162780909718799,perimeter,-9.71445146547012e-17
153829745-153829768-003,nc_aware_lambda_0p10,20260803,20,gaussian_noise,0.7450182470646562,0.6566950451047628,-0.1261889627581322,-0.026461014670270597,-0.0997279480878617,0.026461014670270597,0.0997279480878617,perimeter,8.326672684688674e-17
153829745-153829768-003,nc_aware_lambda_0p10,20260803,30,gaussian_noise,0.7450182470646562,0.5796204023884565,-0.2510353001486203,-0.02709965226515392,-0.22393564788346623,0.02709965226515392,0.22393564788346623,perimeter,-1.6653345369377348e-16
153830680-153830827-002,nc_aware_lambda_0p10,20260803,10,gaussian_noise,0.8291557973732144,0.8078877799944456,-0.025984908853064165,-0.004281251393556255,-0.021703657459508304,0.004281251393556255,0.021703657459508304,perimeter,3.920475055707584e-16
153830680-153830827-002,nc_aware_lambda_0p10,20260803,20,gaussian_noise,0.8291557973732144,0.7931102897605293,-0.04444578047569276,-0.01289913701294573,-0.031546643462746785,0.01289913701294573,0.031546643462746785,perimeter,-2.42861286636753e-16
153830680-153830827-002,nc_aware_lambda_0p10,20260803,30,gaussian_noise,0.8291557973732144,0.7523131524019568,-0.09725540824809686,-0.0219277888811947,-0.07532761936690233,0.0219277888811947,0.07532761936690233,perimeter,1.6653345369377348e-16
153831352-153831372-004,nc_aware_lambda_0p10,20260803,10,gaussian_noise,0.42711214423774135,0.46060810374733624,0.07550096950337189,-0.007524489978615537,0.08302545948198763,0.007524489978615537,0.08302545948198763,perimeter,-2.0816681711721685e-16
153831352-153831372-004,nc_aware_lambda_0p10,20260803,20,gaussian_noise,0.42711214423774135,0.48761093484050677,0.13247121157563285,-0.0064460902191933265,0.13891730179482642,0.0064460902191933265,0.13891730179482642,perimeter,-2.498001805406602e-16
153831352-153831372-004,nc_aware_lambda_0p10,20260803,30,gaussian_noise,0.42711214423774135,0.40463061410651285,-0.054072024633304586,-0.007740309554288646,-0.04633171507901591,0.007740309554288646,0.04633171507901591,perimeter,-3.469446951953614e-17
153915432-153915441-002,nc_aware_lambda_0p10,20260803,10,gaussian_noise,0.6450124025411964,0.6231240360913325,-0.03452395153658876,-0.022650160310014312,-0.01187379122657414,0.022650160310014312,0.01187379122657414,area,-3.0531133177191805e-16
153915432-153915441-002,nc_aware_lambda_0p10,20260803,20,gaussian_noise,0.6450124025411964,0.6424313588503121,-0.004009568768999939,-0.09689674220822311,0.09288717343922322,0.09689674220822311,0.09288717343922322,area,-4.2500725161431774e-17
153915432-153915441-002,nc_aware_lambda_0p10,20260803,30,gaussian_noise,0.6450124025411964,0.5627530385398087,-0.13642866613588495,-0.10888963452106223,-0.027539031614822445,0.10888963452106223,0.027539031614822445,area,-2.7755575615628914e-16
153915432-153915472-001,nc_aware_lambda_0p10,20260803,10,gaussian_noise,0.7236642599674249,0.6854265020302402,-0.05428628029402681,-0.015531374327871593,-0.03875490596615514,0.015531374327871593,0.03875490596615514,perimeter,-7.632783294297951e-17
153915432-153915472-001,nc_aware_lambda_0p10,20260803,20,gaussian_noise,0.7236642599674249,0.7205365220573045,-0.004331451470085,-0.06045374404799336,0.05612229257790847,0.06045374404799336,0.05612229257790847,area,-1.0495077029659683e-16
153915432-153915472-001,nc_aware_lambda_0p10,20260803,30,gaussian_noise,0.7236642599674249,0.6972822522873299,-0.03713727364762823,-0.09593179976590928,0.058794526118281135,0.09593179976590928,0.058794526118281135,area,-8.326672684688674e-17
153915726-153915736-001,nc_aware_lambda_0p10,20260803,10,gaussian_noise,0.7410004861016835,0.6147983096527071,-0.18670701906918657,0.0015987213636970735,-0.18830574043288364,0.0015987213636970735,0.18830574043288364,perimeter,0.0
153915726-153915736-001,nc_aware_lambda_0p10,20260803,20,gaussian_noise,0.7410004861016835,0.470147493729318,-0.4549548193841614,0.03428547796655031,-0.4892402973507118,0.03428547796655031,0.4892402973507118,perimeter,1.1102230246251565e-16
153915726-153915736-001,nc_aware_lambda_0p10,20260803,30,gaussian_noise,0.7410004861016835,0.36842323433437746,-0.6987689106853265,0.015243229412693734,-0.7140121400980204,0.015243229412693734,0.7140121400980204,perimeter,1.1102230246251565e-16
153916114-153916129-002,nc_aware_lambda_0p10,20260803,10,gaussian_noise,0.3871540099302879,0.392568226076105,0.01388777417296707,0.015174110650629909,-0.001286336477662777,0.015174110650629909,0.001286336477662777,area,-6.245004513516506e-17
153916114-153916129-002,nc_aware_lambda_0p10,20260803,20,gaussian_noise,0.3871540099302879,0.39636893567192244,0.02352286092831172,-0.021218508233349177,0.044741369161661014,0.021218508233349177,0.044741369161661014,perimeter,-1.1796119636642288e-16
153916114-153916129-002,nc_aware_lambda_0p10,20260803,30,gaussian_noise,0.3871540099302879,0.43718902301233287,0.12154307617160141,-0.00801928916661981,0.12956236533822124,0.00801928916661981,0.12956236533822124,perimeter,-1.3877787807814457e-17
153916114-153916150-001,nc_aware_lambda_0p10,20260803,10,gaussian_noise,0.7005519465843895,0.7066439464874343,0.008658407819064856,-0.016589630632855186,0.02524803845192014,0.016589630632855186,0.02524803845192014,perimeter,-9.8879238130678e-17
153916114-153916150-001,nc_aware_lambda_0p10,20260803,20,gaussian_noise,0.7005519465843895,0.6613679284643117,-0.057558210470514626,-0.014584282367243294,-0.04297392810327112,0.014584282367243294,0.04297392810327112,perimeter,-2.0816681711721685e-16
153916114-153916150-001,nc_aware_lambda_0p10,20260803,30,gaussian_noise,0.7005519465843895,0.546073321926763,-0.24911526349292842,-0.0331189325840658,-0.21599633090886242,0.0331189325840658,0.21599633090886242,perimeter,-1.942890293094024e-16
153916114-153916167-001,nc_aware_lambda_0p10,20260803,10,gaussian_noise,0.795381046199887,0.7702363821481164,-0.03212384568248374,-0.01478379618423698,-0.01734004949824662,0.01478379618423698,0.01734004949824662,perimeter,-1.3877787807814457e-16
153916114-153916167-001,nc_aware_lambda_0p10,20260803,20,gaussian_noise,0.795381046199887,0.6520077432286321,-0.1987648652475677,-0.061767083101701016,-0.13699778214586658,0.061767083101701016,0.13699778214586658,perimeter,-1.1102230246251565e-16
153916114-153916167-001,nc_aware_lambda_0p10,20260803,30,gaussian_noise,0.795381046199887,0.4488793463600247,-0.5720671679370704,-0.08954664720877673,-0.4825205207282933,0.08954664720877673,0.4825205207282933,perimeter,-3.3306690738754696e-16
153916569-153916586-001,nc_aware_lambda_0p10,20260803,10,gaussian_noise,0.6261467289853175,0.6140238516882275,-0.019550961194679833,-0.00829155961334493,-0.011259401581334665,0.00829155961334493,0.011259401581334665,perimeter,-2.3592239273284576e-16
153916569-153916586-001,nc_aware_lambda_0p10,20260803,20,gaussian_noise,0.6261467289853175,0.5655456445814792,-0.10179372724594447,0.029546144093811098,-0.13133987133975536,0.029546144093811098,0.13133987133975536,perimeter,-2.0816681711721685e-16
153916569-153916586-001,nc_aware_lambda_0p10,20260803,30,gaussian_noise,0.6261467289853175,0.510569770287181,-0.20405743622493783,0.031232485134247392,-0.23528992135918536,0.031232485134247392,0.23528992135918536,perimeter,1.3877787807814457e-16
153956040-153956058-001,nc_aware_lambda_0p10,20260803,10,gaussian_noise,0.7780093018386091,0.7439416598559764,-0.0447758626112101,-0.015682496000617694,-0.02909336661059217,0.015682496000617694,0.02909336661059217,perimeter,-2.42861286636753e-16
153956040-153956058-001,nc_aware_lambda_0p10,20260803,20,gaussian_noise,0.7780093018386091,0.6521758990117283,-0.17642417089579746,-0.027341345604320957,-0.1490828252914763,0.027341345604320957,0.1490828252914763,perimeter,-1.942890293094024e-16
153956040-153956058-001,nc_aware_lambda_0p10,20260803,30,gaussian_noise,0.7780093018386091,0.6581289814088797,-0.1673375477036056,-0.057097395442882996,-0.1102401522607226,0.057097395442882996,0.1102401522607226,perimeter,0.0
153956040-153956058-003,nc_aware_lambda_0p10,20260803,10,gaussian_noise,0.802666093861349,0.8340165820148882,0.038314480540488666,-0.002846108853504828,0.04116058939399336,0.002846108853504828,0.04116058939399336,perimeter,1.3183898417423734e-16
153956040-153956058-003,nc_aware_lambda_0p10,20260803,20,gaussian_noise,0.802666093861349,0.8007835616424798,-0.0023481037616201934,0.0060716640685497736,-0.008419767830170228,0.0060716640685497736,0.008419767830170228,perimeter,2.6064220226551527e-16
153956040-153956058-003,nc_aware_lambda_0p10,20260803,30,gaussian_noise,0.802666093861349,0.5081182606589496,-0.4572245870741601,0.055284506874027396,-0.5125090939481874,0.055284506874027396,0.5125090939481874,perimeter,-5.551115123125783e-17
153956040-153956072-003,nc_aware_lambda_0p10,20260803,10,gaussian_noise,0.7168783624069484,0.7060992961590863,-0.015150304518592115,-0.005720839401213543,-0.009429465117378393,0.005720839401213543,0.009429465117378393,perimeter,-1.7867651802561113e-16
153956040-153956072-003,nc_aware_lambda_0p10,20260803,20,gaussian_noise,0.7168783624069484,0.5246759183084759,-0.3121254047153437,0.0028481933238877354,-0.3149735980392314,0.0028481933238877354,0.3149735980392314,perimeter,-5.551115123125783e-17
153956040-153956072-003,nc_aware_lambda_0p10,20260803,30,gaussian_noise,0.7168783624069484,0.363132791014177,-0.6801375954030432,0.039703285713042276,-0.7198408811160854,0.039703285713042276,0.7198408811160854,perimeter,-1.1102230246251565e-16
153956444-153956458-004,nc_aware_lambda_0p10,20260803,10,gaussian_noise,0.7395993768618659,0.70701242911527,-0.04506041115841124,0.005780362915499329,-0.05084077407391058,0.005780362915499329,0.05084077407391058,perimeter,1.3877787807814457e-17
153956444-153956458-004,nc_aware_lambda_0p10,20260803,20,gaussian_noise,0.7395993768618659,0.7737617888339987,0.045155402876965824,-0.004357305368955701,0.04951270824592177,0.004357305368955701,0.04951270824592177,perimeter,-2.498001805406602e-16
153956444-153956458-004,nc_aware_lambda_0p10,20260803,30,gaussian_noise,0.7395993768618659,0.727621596083654,-0.016327529516686274,-0.0038722216825095622,-0.012455307834176981,0.0038722216825095622,0.012455307834176981,perimeter,2.706168622523819e-16
153958154-153958211-001,nc_aware_lambda_0p10,20260803,10,gaussian_noise,0.5920024979077881,0.4434244848697502,-0.28898333793068903,0.010295217906077911,-0.2992785558367671,0.010295217906077911,0.2992785558367671,perimeter,1.6653345369377348e-16
153958154-153958211-001,nc_aware_lambda_0p10,20260803,20,gaussian_noise,0.5920024979077881,0.533050490278658,-0.10489470615676709,-0.05058549678810634,-0.05430920936866092,0.05058549678810634,0.05430920936866092,perimeter,1.6653345369377348e-16
153958154-153958211-001,nc_aware_lambda_0p10,20260803,30,gaussian_noise,0.5920024979077881,0.2736836349966378,-0.7715380318099685,-0.07333877195134614,-0.6981992598586224,0.07333877195134614,0.6981992598586224,perimeter,0.0
153958547-153958572-002,nc_aware_lambda_0p10,20260803,10,gaussian_noise,0.7934643674745531,0.7270860767994708,-0.0873637629200054,-0.007246408520767198,-0.08011735439923837,0.007246408520767198,0.08011735439923837,perimeter,1.6653345369377348e-16
153958547-153958572-002,nc_aware_lambda_0p10,20260803,20,gaussian_noise,0.7934643674745531,0.6704503229373113,-0.16845902304605945,0.031099796487581544,-0.199558819533641,0.031099796487581544,0.199558819533641,perimeter,0.0
153958547-153958572-002,nc_aware_lambda_0p10,20260803,30,gaussian_noise,0.7934643674745531,0.3646618117581906,-0.7774382524962324,0.06126149690430291,-0.8386997494005352,0.06126149690430291,0.8386997494005352,perimeter,-2.220446049250313e-16
153958547-153958572-006,nc_aware_lambda_0p10,20260803,10,gaussian_noise,0.8293705446918346,0.6981777704883141,-0.17219327733691836,-0.011904902506318314,-0.16028837483060018,0.011904902506318314,0.16028837483060018,perimeter,1.3877787807814457e-16
153958547-153958572-006,nc_aware_lambda_0p10,20260803,20,gaussian_noise,0.8293705446918346,0.6130959416494686,-0.30214559783316536,0.0008449514655643136,-0.30299054929872987,0.0008449514655643136,0.30299054929872987,perimeter,2.220446049250313e-16
153958547-153958572-006,nc_aware_lambda_0p10,20260803,30,gaussian_noise,0.8293705446918346,0.4528720452095576,-0.6050574085084003,-0.1202162555820896,-0.48484115292631075,0.1202162555820896,0.48484115292631075,perimeter,1.1102230246251565e-16
153958547-153958572-008,nc_aware_lambda_0p10,20260803,10,gaussian_noise,0.6176662586126971,0.602393725529621,-0.025037016335239238,-0.015212173101272338,-0.009824843233966565,0.015212173101272338,0.009824843233966565,area,-3.365363543395006e-16
153958547-153958572-008,nc_aware_lambda_0p10,20260803,20,gaussian_noise,0.6176662586126971,0.5426082368704234,-0.12956069649652402,-0.053907476860990414,-0.07565321963553338,0.053907476860990414,0.07565321963553338,perimeter,-2.220446049250313e-16
153958547-153958572-008,nc_aware_lambda_0p10,20260803,30,gaussian_noise,0.6176662586126971,0.4696521203149508,-0.2739560258784688,-0.11895194286136536,-0.15500408301710336,0.11895194286136536,0.15500408301710336,perimeter,-5.551115123125783e-17
153958547-153958572-009,nc_aware_lambda_0p10,20260803,10,gaussian_noise,0.789928610344648,0.7611013860514005,-0.03717599833770625,-0.02177640490016922,-0.015399593437536926,0.02177640490016922,0.015399593437536926,area,-1.0408340855860843e-16
153958547-153958572-009,nc_aware_lambda_0p10,20260803,20,gaussian_noise,0.789928610344648,0.6840299604133109,-0.14394085628828385,-0.02177640490016922,-0.12216445138811487,0.02177640490016922,0.12216445138811487,perimeter,2.498001805406602e-16
153958547-153958572-009,nc_aware_lambda_0p10,20260803,30,gaussian_noise,0.789928610344648,0.7471635069630103,-0.05565852872107458,-0.057109679708990405,0.001451150987915754,0.057109679708990405,0.001451150987915754,area,6.938893903907228e-17
153958547-153958590-002,nc_aware_lambda_0p10,20260803,10,gaussian_noise,0.3452734892171879,0.35409225200570255,0.0252206527083521,0.039992635152791035,-0.014771982444438897,0.039992635152791035,0.014771982444438897,area,-3.8163916471489756e-17
153958547-153958590-002,nc_aware_lambda_0p10,20260803,20,gaussian_noise,0.3452734892171879,0.2289486576789968,-0.4108390492195669,0.0986019768045395,-0.5094410260241062,0.0986019768045395,0.5094410260241062,perimeter,-1.6653345369377348e-16
153958547-153958590-002,nc_aware_lambda_0p10,20260803,30,gaussian_noise,0.3452734892171879,0.20925373967168756,-0.5007892443634778,-0.05320403606346457,-0.4475852083000131,0.05320403606346457,0.4475852083000131,perimeter,-2.220446049250313e-16
154519964-154519981-001,nc_aware_lambda_0p10,20260803,10,gaussian_noise,0.6590545241276181,0.6701178286046481,0.016647291757229916,-0.011207453020389144,0.02785474477761895,0.011207453020389144,0.02785474477761895,perimeter,1.1102230246251565e-16
154519964-154519981-001,nc_aware_lambda_0p10,20260803,20,gaussian_noise,0.6590545241276181,0.6148697152461866,-0.06939586851860335,-0.015725842305464175,-0.05367002621313906,0.015725842305464175,0.05367002621313906,perimeter,-1.249000902703301e-16
154519964-154519981-001,nc_aware_lambda_0p10,20260803,30,gaussian_noise,0.6590545241276181,0.6032729684835099,-0.08843649040569435,-0.03694569405690955,-0.05149079634878487,0.03694569405690955,0.05149079634878487,perimeter,6.938893903907228e-17
157181481-157181497-004,nc_aware_lambda_0p10,20260803,10,gaussian_noise,0.8455095098097991,0.7913259295974708,-0.06622948540185149,0.010379334696948692,-0.07660882009880003,0.010379334696948692,0.07660882009880003,perimeter,-1.5265566588595902e-16
157181481-157181497-004,nc_aware_lambda_0p10,20260803,20,gaussian_noise,0.8455095098097991,0.6369898249355375,-0.28318573380181417,0.043963123421116204,-0.3271488572229302,0.043963123421116204,0.3271488572229302,perimeter,-1.6653345369377348e-16
157181481-157181497-004,nc_aware_lambda_0p10,20260803,30,gaussian_noise,0.8455095098097991,0.550950992297199,-0.4282935538348445,-0.0476671994248082,-0.38062635441003634,0.0476671994248082,0.38062635441003634,perimeter,0.0
157181671-157181697-001,nc_aware_lambda_0p10,20260803,10,gaussian_noise,0.7515189139097008,0.7515189139097008,0.0,0.0,-0.0,0.0,0.0,area,0.0
157181671-157181697-001,nc_aware_lambda_0p10,20260803,20,gaussian_noise,0.7515189139097008,0.7392213316820876,-0.016498999380034962,-0.016498999380035077,-0.0,0.016498999380035077,0.0,area,1.1449174941446927e-16
157181671-157181697-001,nc_aware_lambda_0p10,20260803,30,gaussian_noise,0.7515189139097008,0.7234371710202692,-0.03808267511681325,-0.05033681416159368,0.012254139044780253,0.05033681416159368,0.012254139044780253,area,1.8041124150158794e-16
157183193-157183279-001,nc_aware_lambda_0p10,20260803,10,gaussian_noise,0.7230054446235297,0.7124591739564118,-0.014694141939220749,-0.014694141939220862,-0.0,0.014694141939220862,0.0,area,1.1275702593849246e-16
157183193-157183279-001,nc_aware_lambda_0p10,20260803,20,gaussian_noise,0.7230054446235297,0.7300362917349418,0.009677494882065438,0.009677494882065438,-0.0,0.009677494882065438,0.0,area,0.0
157183193-157183279-001,nc_aware_lambda_0p10,20260803,30,gaussian_noise,0.7230054446235297,0.7276926760311377,0.006462058028091024,0.006462058028091024,-0.0,0.006462058028091024,0.0,area,0.0
157183828-157183877-001,nc_aware_lambda_0p10,20260803,10,gaussian_noise,0.720566916803906,0.7228801570400022,0.0032051638863025986,-0.004385971943254329,0.007591135829556955,0.004385971943254329,0.007591135829556955,perimeter,-2.7755575615628914e-17
157183828-157183877-001,nc_aware_lambda_0p10,20260803,20,gaussian_noise,0.720566916803906,0.731604046820596,0.015201161332050338,0.015201161332050557,-0.0,0.015201161332050557,0.0,area,-2.185751579730777e-16
157183828-157183877-001,nc_aware_lambda_0p10,20260803,30,gaussian_noise,0.720566916803906,0.7117589238547715,-0.012299022649662678,-0.019890158479219575,0.007591135829556955,0.019890158479219575,0.007591135829556955,area,-5.724587470723463e-17
157183964-157183980-001,nc_aware_lambda_0p10,20260803,10,gaussian_noise,0.6982922290193452,0.7015487489467516,0.0046527082052057285,-0.006451635281488719,0.011104343486694411,0.006451635281488719,0.011104343486694411,perimeter,3.642919299551295e-17
157183964-157183980-001,nc_aware_lambda_0p10,20260803,20,gaussian_noise,0.6982922290193452,0.684820353218329,-0.019481135571822315,-0.01948113557182254,-0.0,0.01948113557182254,0.0,area,2.255140518769849e-16
157183964-157183980-001,nc_aware_lambda_0p10,20260803,30,gaussian_noise,0.6982922290193452,0.5898169043757948,-0.168825524192442,0.05016725871801919,-0.21899278291046123,0.05016725871801919,0.21899278291046123,perimeter,2.7755575615628914e-17
157184013-157184031-001,nc_aware_lambda_0p10,20260803,10,gaussian_noise,0.39836437691560256,0.24809739175500553,-0.4735457285755218,-0.07178338555607552,-0.4017623430194462,0.07178338555607552,0.4017623430194462,perimeter,-1.1102230246251565e-16
157184013-157184031-001,nc_aware_lambda_0p10,20260803,20,gaussian_noise,0.39836437691560256,0.34463580884026973,-0.14487887342487865,-0.09427568323333334,-0.05060319019154524,0.09427568323333334,0.05060319019154524,area,-8.326672684688674e-17
157184013-157184031-001,nc_aware_lambda_0p10,20260803,30,gaussian_noise,0.39836437691560256,2.016353260018043,1.6216787356839806,-0.4738326064828329,2.0955113421668132,0.4738326064828329,2.0955113421668132,perimeter,2.220446049250313e-16
157184850-157184920-002,nc_aware_lambda_0p10,20260803,10,gaussian_noise,0.7098728809069005,0.7109781441586766,0.0015557767214341906,-0.015953070974083553,0.017508847695517752,0.015953070974083553,0.017508847695517752,perimeter,-8.239936510889834e-18
157184850-157184920-002,nc_aware_lambda_0p10,20260803,20,gaussian_noise,0.7098728809069005,0.5640667432855782,-0.22991332937405617,-0.04250864472027066,-0.18740468465378535,0.04250864472027066,0.18740468465378535,perimeter,-1.6653345369377348e-16
157184850-157184920-002,nc_aware_lambda_0p10,20260803,30,gaussian_noise,0.7098728809069005,0.46625903343456643,-0.4203445676004892,-0.0267316184383295,-0.39361294916215983,0.0267316184383295,0.39361294916215983,perimeter,1.1102230246251565e-16
157184850-157184942-001,nc_aware_lambda_0p10,20260803,10,gaussian_noise,0.5323328373825206,0.5323328373825206,0.0,0.0,-0.0,0.0,0.0,area,0.0
157184850-157184942-001,nc_aware_lambda_0p10,20260803,20,gaussian_noise,0.5323328373825206,0.5323328373825206,0.0,0.0,-0.0,0.0,0.0,area,0.0
157184850-157184942-001,nc_aware_lambda_0p10,20260803,30,gaussian_noise,0.5323328373825206,0.553189161235194,0.03843107885648206,0.03843107885648206,-0.0,0.03843107885648206,0.0,area,0.0
157185208-157185238-001,nc_aware_lambda_0p10,20260803,10,gaussian_noise,0.6703063199804106,0.6662065871364936,-0.006134988567516056,-0.006134988567515944,-0.0,0.006134988567515944,0.0,area,-1.1188966420050406e-16
157185208-157185238-001,nc_aware_lambda_0p10,20260803,20,gaussian_noise,0.6703063199804106,0.6608814446709647,-0.014160335671671083,-0.024769068112408858,0.010608732440737666,0.024769068112408858,0.010608732440737666,area,1.0928757898653885e-16
157185208-157185238-001,nc_aware_lambda_0p10,20260803,30,gaussian_noise,0.6703063199804106,0.6662065871364936,-0.006134988567516056,-0.006134988567515944,-0.0,0.006134988567515944,0.0,area,-1.1188966420050406e-16
157185433-157185479-002,nc_aware_lambda_0p10,20260803,10,gaussian_noise,0.868124681381988,0.832148299730621,-0.0423246766839382,0.026741394620779263,-0.0690660713047177,0.026741394620779263,0.0690660713047177,perimeter,2.3592239273284576e-16
157185433-157185479-002,nc_aware_lambda_0p10,20260803,20,gaussian_noise,0.868124681381988,0.6822133175915149,-0.2409929551604544,-0.004178279059195967,-0.2368146761012584,0.004178279059195967,0.2368146761012584,perimeter,-5.551115123125783e-17
157185433-157185479-002,nc_aware_lambda_0p10,20260803,30,gaussian_noise,0.868124681381988,0.47000390889174165,-0.6135943350294927,-0.06088525341514755,-0.5527090816143452,0.06088525341514755,0.5527090816143452,perimeter,0.0
157185433-157185479-003,nc_aware_lambda_0p10,20260803,10,gaussian_noise,0.8462774468599714,0.8333830401082696,-0.01535388867382445,0.03194592863797295,-0.04729981731179758,0.03194592863797295,0.04729981731179758,perimeter,1.8041124150158794e-16
157185433-157185479-003,nc_aware_lambda_0p10,20260803,20,gaussian_noise,0.8462774468599714,0.7282082661194261,-0.15026017009502193,0.03543329049838858,-0.1856934605934106,0.03543329049838858,0.1856934605934106,perimeter,8.326672684688674e-17
157185433-157185479-003,nc_aware_lambda_0p10,20260803,30,gaussian_noise,0.8462774468599714,0.4897960166044667,-0.5468582454261625,0.008976720961558125,-0.5558349663877209,0.008976720961558125,0.5558349663877209,perimeter,3.3306690738754696e-16
157185433-157185479-004,nc_aware_lambda_0p10,20260803,10,gaussian_noise,1.0507055205967173,0.9955626026989584,-0.053909134677712,-0.029833600378480717,-0.024075534299231476,0.029833600378480717,0.024075534299231476,area,1.8735013540549517e-16
157185433-157185479-004,nc_aware_lambda_0p10,20260803,20,gaussian_noise,1.0507055205967173,0.9760575997046449,-0.07369554112674379,-0.027860564552622494,-0.04583497657412129,0.027860564552622494,0.04583497657412129,perimeter,0.0
157185433-157185479-004,nc_aware_lambda_0p10,20260803,30,gaussian_noise,1.0507055205967173,0.6235345341200516,-0.5218129907808854,-0.25149700998672647,-0.27031598079415897,0.25149700998672647,0.27031598079415897,perimeter,1.1102230246251565e-16
157185433-157185479-006,nc_aware_lambda_0p10,20260803,10,gaussian_noise,0.4144121512452865,0.3853190202215448,-0.0727893978979285,0.012800174766961816,-0.08558957266489028,0.012800174766961816,0.08558957266489028,perimeter,-2.7755575615628914e-17
157185433-157185479-006,nc_aware_lambda_0p10,20260803,20,gaussian_noise,0.4144121512452865,0.38309577856696864,-0.07857598051388776,0.05977174329991735,-0.13834772381380525,0.05977174329991735,0.13834772381380525,perimeter,1.3877787807814457e-16
157185433-157185479-006,nc_aware_lambda_0p10,20260803,30,gaussian_noise,0.4144121512452865,0.18126837496857534,-0.8268823452852475,-0.07870168561391234,-0.7481806596713353,0.07870168561391234,0.7481806596713353,perimeter,1.1102230246251565e-16
157185433-157185508-001,nc_aware_lambda_0p10,20260803,10,gaussian_noise,0.8177232604906176,0.7531308142006761,-0.08228503025384963,0.02919915469226235,-0.11148418494611195,0.02919915469226235,0.11148418494611195,perimeter,-2.7755575615628914e-17
157185433-157185508-001,nc_aware_lambda_0p10,20260803,20,gaussian_noise,0.8177232604906176,0.5590671556395136,-0.38025436575193294,0.014144507386164743,-0.39439887313809746,0.014144507386164743,0.39439887313809746,perimeter,-2.220446049250313e-16
157185433-157185508-001,nc_aware_lambda_0p10,20260803,30,gaussian_noise,0.8177232604906176,0.41420603023938846,-0.6801604593856407,-0.11842426684218964,-0.5617361925434511,0.11842426684218964,0.5617361925434511,perimeter,0.0
157185730-157185758-001,nc_aware_lambda_0p10,20260803,10,gaussian_noise,0.44520439192046196,0.41804778930324643,-0.06293772993676389,-0.02221462473377404,-0.04072310520298984,0.02221462473377404,0.04072310520298984,perimeter,0.0
157185730-157185758-001,nc_aware_lambda_0p10,20260803,20,gaussian_noise,0.44520439192046196,0.48715975613961254,0.09005862624004525,-0.23937302448118916,0.3294316507212345,0.23937302448118916,0.3294316507212345,perimeter,-6.938893903907228e-17
157185730-157185758-001,nc_aware_lambda_0p10,20260803,30,gaussian_noise,0.44520439192046196,0.1815840875226517,-0.8968146458491226,-0.37221717908814733,-0.5245974667609753,0.37221717908814733,0.5245974667609753,perimeter,0.0
157185781-157185793-003,nc_aware_lambda_0p10,20260803,10,gaussian_noise,0.5028853545601132,0.39720435607525056,-0.23591132171382706,-0.08070027488650644,-0.15521104682732043,0.08070027488650644,0.15521104682732043,perimeter,-1.942890293094024e-16
157185781-157185793-003,nc_aware_lambda_0p10,20260803,20,gaussian_noise,0.5028853545601132,0.7589159196508753,0.4115287726792011,-0.20461002986684235,0.6161388025460434,0.20461002986684235,0.6161388025460434,perimeter,1.1102230246251565e-16
157185781-157185793-003,nc_aware_lambda_0p10,20260803,30,gaussian_noise,0.5028853545601132,0.5738015708413392,0.1319214203732419,-0.39872653813495523,0.5306479585081971,0.39872653813495523,0.5306479585081971,perimeter,0.0
157222534-157222607-001,nc_aware_lambda_0p10,20260803,10,gaussian_noise,1.4148549526156928,1.3559902591933461,-0.04249501284895528,-0.04249501284895528,-0.0,0.04249501284895528,0.0,area,0.0
157222534-157222607-001,nc_aware_lambda_0p10,20260803,20,gaussian_noise,1.4148549526156928,1.2694074902707555,-0.1084767703441089,-0.09338039370851642,-0.0150963766355925,0.09338039370851642,0.0150963766355925,area,2.7755575615628914e-17
157222534-157222607-001,nc_aware_lambda_0p10,20260803,30,gaussian_noise,1.4148549526156928,0.8634141455962856,-0.4938878312551743,0.21208711117648082,-0.705974942431655,0.21208711117648082,0.705974942431655,perimeter,-1.1102230246251565e-16
157222647-157222687-001,nc_aware_lambda_0p10,20260803,10,gaussian_noise,0.7133401315232606,0.7188485495273013,0.007692345623155645,0.007692345623155645,-0.0,0.007692345623155645,0.0,area,0.0
157222647-157222687-001,nc_aware_lambda_0p10,20260803,20,gaussian_noise,0.7133401315232606,0.7068684362475935,-0.00911378823927692,0.024786778982455834,-0.03390056722173297,0.024786778982455834,0.03390056722173297,perimeter,2.1684043449710089e-16
157222647-157222687-001,nc_aware_lambda_0p10,20260803,30,gaussian_noise,0.7133401315232606,0.734953317471924,0.029848634076948197,-0.029385072159743907,0.05923370623669195,0.029385072159743907,0.05923370623669195,perimeter,1.5612511283791264e-16
157222801-157222811-001,nc_aware_lambda_0p10,20260803,10,gaussian_noise,0.8413502898143578,0.8748678705027824,0.03906478072962624,-0.00543972329581821,0.04450450402544452,0.00543972329581821,0.04450450402544452,perimeter,-6.938893903907228e-17
157222801-157222811-001,nc_aware_lambda_0p10,20260803,20,gaussian_noise,0.8413502898143578,0.8276574279548115,-0.016408754666391984,-0.016408754666392213,-0.0,0.016408754666392213,0.0,area,2.2898349882893854e-16
157222801-157222811-001,nc_aware_lambda_0p10,20260803,30,gaussian_noise,0.8413502898143578,0.8708911983641333,0.0345089641937655,-0.00999553983167892,0.04450450402544452,0.00999553983167892,0.04450450402544452,perimeter,-1.0408340855860843e-16
157223549-157223570-001,nc_aware_lambda_0p10,20260803,10,gaussian_noise,1.115479759473272,1.1099766526184456,-0.004945608497788417,-0.004945608497788305,-0.0,0.004945608497788305,0.0,area,-1.1188966420050406e-16
157223549-157223570-001,nc_aware_lambda_0p10,20260803,20,gaussian_noise,1.115479759473272,1.0642815603322164,-0.046984609638761256,-0.05475265044430013,0.007768040805538712,0.05475265044430013,0.007768040805538712,area,1.6653345369377348e-16
157223549-157223570-001,nc_aware_lambda_0p10,20260803,30,gaussian_noise,1.115479759473272,1.1064328092998745,-0.00814343489172209,-0.045932878615477755,0.03778944372375556,0.045932878615477755,0.03778944372375556,area,1.0408340855860843e-16
157224412-157224429-001,nc_aware_lambda_0p10,20260803,10,gaussian_noise,0.8900263225492201,0.8437482593526032,-0.05339685899172308,-0.05339685899172296,-0.0,0.05339685899172296,0.0,area,-1.1796119636642288e-16
157224412-157224429-001,nc_aware_lambda_0p10,20260803,20,gaussian_noise,0.8900263225492201,0.9764731667985924,0.09269623279545813,-0.011204599012863132,0.10390083180832135,0.011204599012863132,0.10390083180832135,perimeter,-8.326672684688674e-17
157224412-157224429-001,nc_aware_lambda_0p10,20260803,30,gaussian_noise,0.8900263225492201,1.082380943479395,0.19566743271228634,0.07165105003728807,0.12401638267499851,0.07165105003728807,0.12401638267499851,perimeter,-2.498001805406602e-16
157224458-157224464-001,nc_aware_lambda_0p10,20260803,10,gaussian_noise,0.7349087947250161,0.7363488511483832,0.001957586269517629,0.0019575862695178506,-0.0,0.0019575862695178506,0.0,area,-2.216109240560371e-16
157224458-157224464-001,nc_aware_lambda_0p10,20260803,20,gaussian_noise,0.7349087947250161,0.8862803392272358,0.18728690781734386,0.1800328521820212,0.007254055635322813,0.1800328521820212,0.007254055635322813,area,-1.3877787807814457e-16
157224458-157224464-001,nc_aware_lambda_0p10,20260803,30,gaussian_noise,0.7349087947250161,0.7233883433380792,-0.015800197031188276,-0.015800197031188276,-0.0,0.015800197031188276,0.0,area,0.0
157224458-157224483-001,nc_aware_lambda_0p10,20260803,10,gaussian_noise,0.7102726301045555,0.7234258269583436,0.0183491386681964,0.018349138668196617,-0.0,0.018349138668196617,0.0,area,-2.185751579730777e-16
157224458-157224483-001,nc_aware_lambda_0p10,20260803,20,gaussian_noise,0.7102726301045555,0.7365790238121317,0.03636764417087479,0.03636764417087479,-0.0,0.03636764417087479,0.0,area,0.0
157224458-157224483-001,nc_aware_lambda_0p10,20260803,30,gaussian_noise,0.7102726301045555,0.7102726301045555,0.0,0.0,-0.0,0.0,0.0,area,0.0
157227058-157227087-001,nc_aware_lambda_0p10,20260803,10,gaussian_noise,0.45844184203417604,0.5398995839668714,0.1635497269805524,-0.1794214097539801,0.34297113673453256,0.1794214097539801,0.34297113673453256,perimeter,-5.551115123125783e-17
157227058-157227087-001,nc_aware_lambda_0p10,20260803,20,gaussian_noise,0.45844184203417604,0.407452701713719,-0.11790858313881829,-0.2253994740656549,0.10749089092683653,0.2253994740656549,0.10749089092683653,area,6.938893903907228e-17
157227058-157227087-001,nc_aware_lambda_0p10,20260803,30,gaussian_noise,0.45844184203417604,0.3519154326087321,-0.2644425412057627,-0.13489149877928763,-0.1295510424264748,0.13489149877928763,0.1295510424264748,area,-2.7755575615628914e-16
157227461-157227503-003,nc_aware_lambda_0p10,20260803,10,gaussian_noise,0.8318359931018244,0.7733056964775401,-0.07296085967396418,0.002213859660020298,-0.07517471933398448,0.002213859660020298,0.07517471933398448,perimeter,0.0
157227461-157227503-003,nc_aware_lambda_0p10,20260803,20,gaussian_noise,0.8318359931018244,0.7041145668490987,-0.16669421779471785,-0.00488781244159489,-0.1618064053531227,0.00488781244159489,0.1618064053531227,perimeter,-2.498001805406602e-16
157227461-157227503-003,nc_aware_lambda_0p10,20260803,30,gaussian_noise,0.8318359931018244,0.49969981415957176,-0.5096277512680002,-0.23137771378314878,-0.27825003748485105,0.23137771378314878,0.27825003748485105,perimeter,-3.3306690738754696e-16
157266930-157266947-001,nc_aware_lambda_0p10,20260803,10,gaussian_noise,0.8025472969579094,0.8006672415755011,-0.0023453582774151604,0.01246523769864262,-0.014810595976058064,0.01246523769864262,0.014810595976058064,perimeter,2.8319360745321376e-16
157266930-157266947-001,nc_aware_lambda_0p10,20260803,20,gaussian_noise,0.8025472969579094,0.5457593029114155,-0.38561274889759606,-0.024962977855489385,-0.36064977104210677,0.024962977855489385,0.36064977104210677,perimeter,1.1102230246251565e-16
157266930-157266947-001,nc_aware_lambda_0p10,20260803,30,gaussian_noise,0.8025472969579094,0.48652220628438164,-0.5005082447189829,-0.2969521272480674,-0.20355611747091554,0.2969521272480674,0.20355611747091554,area,0.0
157268504-157268544-001,nc_aware_lambda_0p10,20260803,10,gaussian_noise,0.8625276037130457,0.8718915945856842,0.01079794534678791,0.01079794534678813,-0.0,0.01079794534678813,0.0,area,-2.185751579730777e-16
157268504-157268544-001,nc_aware_lambda_0p10,20260803,20,gaussian_noise,0.8625276037130457,0.8286885444361095,-0.04002276847444383,0.04597155952505518,-0.0859943279994987,0.04597155952505518,0.0859943279994987,perimeter,-3.122502256758253e-16
157268504-157268544-001,nc_aware_lambda_0p10,20260803,30,gaussian_noise,0.8625276037130457,0.8999835672036002,0.04250935179658438,0.04250935179658438,-0.0,0.04250935179658438,0.0,area,0.0
158986766-158986776-001,nc_aware_lambda_0p10,20260803,10,gaussian_noise,0.8104197545588046,0.7922304481316909,-0.02270000958974626,-0.005495680709941001,-0.017204328879805216,0.005495680709941001,0.017204328879805216,perimeter,-4.163336342344337e-17
158986766-158986776-001,nc_aware_lambda_0p10,20260803,20,gaussian_noise,0.8104197545588046,0.7959246149641646,-0.0180478524031875,-0.000843525988439187,-0.017204326414748162,0.000843525988439187,0.017204326414748162,perimeter,-1.5265566588595902e-16
158986766-158986776-001,nc_aware_lambda_0p10,20260803,30,gaussian_noise,0.8104197545588046,0.7326340939219178,-0.10090594143209793,-0.026053149843235396,-0.07485279158886249,0.026053149843235396,0.07485279158886249,perimeter,-4.163336342344337e-17
158986813-158986820-001,nc_aware_lambda_0p10,20260803,10,gaussian_noise,0.8536446793180896,0.8187738313569909,-0.041707147309914344,-0.00836824967051658,-0.03333889763939751,0.00836824967051658,0.03333889763939751,perimeter,-2.498001805406602e-16
158986813-158986820-001,nc_aware_lambda_0p10,20260803,20,gaussian_noise,0.8536446793180896,0.7865699876727377,-0.08183333606377355,-0.01373019281190202,-0.06810314325187161,0.01373019281190202,0.06810314325187161,perimeter,8.326672684688674e-17
158986813-158986820-001,nc_aware_lambda_0p10,20260803,30,gaussian_noise,0.8536446793180896,0.7292947357359258,-0.15743708911479623,-0.01373019281190202,-0.1437068963028946,0.01373019281190202,0.1437068963028946,perimeter,3.885780586188048e-16
204870858-204870872-001,nc_aware_lambda_0p10,20260803,10,gaussian_noise,0.753219370043664,0.7224746529669724,-0.04167417647881248,0.005065133839181704,-0.046739310317994325,0.005065133839181704,0.046739310317994325,perimeter,1.3877787807814457e-16
204870858-204870872-001,nc_aware_lambda_0p10,20260803,20,gaussian_noise,0.753219370043664,0.6082790012838838,-0.2137228530495006,0.015476285139498488,-0.2291991381889994,0.015476285139498488,0.2291991381889994,perimeter,3.0531133177191805e-16
204870858-204870872-001,nc_aware_lambda_0p10,20260803,30,gaussian_noise,0.753219370043664,0.5021036259130603,-0.40554998894092076,-0.037321900427472236,-0.3682280885134488,0.037321900427472236,0.3682280885134488,perimeter,2.7755575615628914e-16
204870951-204870961-002,nc_aware_lambda_0p10,20260803,10,gaussian_noise,0.42631441850720003,0.5638754641530289,0.2796562732354098,-0.013506831230856374,0.2931631044662661,0.013506831230856374,0.2931631044662661,perimeter,1.1102230246251565e-16
204870951-204870961-002,nc_aware_lambda_0p10,20260803,20,gaussian_noise,0.42631441850720003,0.47513299770374157,0.1084176143674717,-0.07433192214565115,0.18274953651312295,0.07433192214565115,0.18274953651312295,perimeter,-9.71445146547012e-17
204870951-204870961-002,nc_aware_lambda_0p10,20260803,30,gaussian_noise,0.42631441850720003,0.5087892983397436,0.17685683302580618,-0.06227133825669679,0.23912817128250302,0.06227133825669679,0.23912817128250302,perimeter,-5.551115123125783e-17
204871030-204871038-001,nc_aware_lambda_0p10,20260803,10,gaussian_noise,0.6327477604137842,0.6132676958717863,-0.03127032136240799,0.001549987393756244,-0.032820308756164145,0.001549987393756244,0.032820308756164145,perimeter,-9.020562075079397e-17
204871030-204871038-001,nc_aware_lambda_0p10,20260803,20,gaussian_noise,0.6327477604137842,0.6596415353600764,0.04162469926040245,-0.03914832694178888,0.08077302620219141,0.03914832694178888,0.08077302620219141,perimeter,-8.326672684688674e-17
204871030-204871038-001,nc_aware_lambda_0p10,20260803,30,gaussian_noise,0.6327477604137842,0.5707719614336808,-0.10308209709874527,-0.010917706572986774,-0.09216439052575841,0.010917706572986774,0.09216439052575841,perimeter,-9.71445146547012e-17
204871030-204871038-002,nc_aware_lambda_0p10,20260803,10,gaussian_noise,0.6871980014005392,0.6940890308561305,0.00997777647203262,0.0038844838576232747,0.006093292614409587,0.0038844838576232747,0.006093292614409587,perimeter,-2.411265631607762e-16
204871030-204871038-002,nc_aware_lambda_0p10,20260803,20,gaussian_noise,0.6871980014005392,0.6567697177650064,-0.04528901098475533,0.0007611959601272582,-0.04605020694488237,0.0007611959601272582,0.04605020694488237,perimeter,-2.1510571102112408e-16
204871030-204871038-002,nc_aware_lambda_0p10,20260803,30,gaussian_noise,0.6871980014005392,0.6200398990210954,-0.10283863311458273,0.0065778614642853315,-0.10941649457886828,0.0065778614642853315,0.10941649457886828,perimeter,2.0816681711721685e-16
209047342-209047443-001,nc_aware_lambda_0p10,20260803,10,gaussian_noise,0.34174310365727883,0.35046127395680127,0.025190916468124366,0.081246526514677,-0.05605561004655228,0.081246526514677,0.05605561004655228,area,-3.469446951953614e-16
209047342-209047443-001,nc_aware_lambda_0p10,20260803,20,gaussian_noise,0.34174310365727883,0.3189763590692523,-0.06894230536673458,0.19724108921242578,-0.2661833945791602,0.19724108921242578,0.2661833945791602,perimeter,-1.8041124150158794e-16
209047342-209047443-001,nc_aware_lambda_0p10,20260803,30,gaussian_noise,0.34174310365727883,0.1127471573308928,-1.1089115299824592,0.2295846065187607,-1.33849613650122,0.2295846065187607,1.33849613650122,perimeter,0.0
209047526-209047626-001,nc_aware_lambda_0p10,20260803,10,gaussian_noise,0.37926223282541,0.5347955216582265,0.3436565983139668,0.10156020014949625,0.24209639816447093,0.10156020014949625,0.24209639816447093,perimeter,-3.885780586188048e-16
209047526-209047626-001,nc_aware_lambda_0p10,20260803,20,gaussian_noise,0.37926223282541,0.5471837620354166,0.36655681820910324,-0.0034542348680875576,0.37001105307719107,0.0034542348680875576,0.37001105307719107,perimeter,-2.7755575615628914e-16
209047526-209047626-001,nc_aware_lambda_0p10,20260803,30,gaussian_noise,0.37926223282541,0.35341677323636006,-0.070579851788291,0.013698844358161927,-0.08427869614645285,0.013698844358161927,0.08427869614645285,perimeter,-8.326672684688674e-17
209047526-209047798-001,nc_aware_lambda_0p10,20260803,10,gaussian_noise,0.20636582308088633,0.24038474821996852,0.15259032325574293,0.07031714081911684,0.08227318243662617,0.07031714081911684,0.08227318243662617,perimeter,-8.326672684688674e-17
209047526-209047798-001,nc_aware_lambda_0p10,20260803,20,gaussian_noise,0.20636582308088633,0.24246948380417077,0.16122542842808346,0.18933888686725261,-0.02811345843916913,0.18933888686725261,0.02811345843916913,area,-2.7755575615628914e-17
209047526-209047798-001,nc_aware_lambda_0p10,20260803,30,gaussian_noise,0.20636582308088633,0.20472607675116167,-0.007977559405599681,0.18459115469817353,-0.19256871410377294,0.18459115469817353,0.19256871410377294,perimeter,-2.706168622523819e-16
209307421-209307504-001,nc_aware_lambda_0p10,20260803,10,gaussian_noise,1.057549686761105,0.28635264593935034,-1.306485815908157,0.051216011648611795,-1.3577018275567692,0.051216011648611795,1.3577018275567692,perimeter,4.440892098500626e-16
209307421-209307504-001,nc_aware_lambda_0p10,20260803,20,gaussian_noise,1.057549686761105,1.1442119730912372,0.07876155100557354,-0.0763694740400261,0.15513102504559956,0.0763694740400261,0.15513102504559956,perimeter,8.326672684688674e-17
209307421-209307504-001,nc_aware_lambda_0p10,20260803,30,gaussian_noise,1.057549686761105,0.989962266196076,-0.06604306748476739,-0.03390916547340561,-0.03213390201136187,0.03390916547340561,0.03213390201136187,area,9.71445146547012e-17
209522474-209522522-001,nc_aware_lambda_0p10,20260803,10,gaussian_noise,1.5833274899075183,1.5441395667533557,-0.025061798294547605,-0.017765778152021863,-0.007296020142525598,0.017765778152021863,0.007296020142525598,area,-1.4224732503009818e-16
209522474-209522522-001,nc_aware_lambda_0p10,20260803,20,gaussian_noise,1.5833274899075183,1.5353923357490578,-0.030742697084290754,-0.030742697084290754,-0.0,0.030742697084290754,0.0,area,0.0
209522474-209522522-001,nc_aware_lambda_0p10,20260803,30,gaussian_noise,1.5833274899075183,1.5004375035433553,-0.0537719041769789,-0.0464758840344532,-0.007296020142525598,0.0464758840344532,0.007296020142525598,area,-1.0408340855860843e-16
209522940-209522970-001,nc_aware_lambda_0p10,20260803,10,gaussian_noise,0.7351774843872952,0.7551341017463504,0.02678340626464554,-0.009964495259431829,0.03674790152407741,0.009964495259431829,0.03674790152407741,perimeter,-4.5102810375396984e-17
209522940-209522970-001,nc_aware_lambda_0p10,20260803,20,gaussian_noise,0.7351774843872952,0.7226815498084744,-0.017143276986437427,-0.01714327698643754,-0.0,0.01714327698643754,0.0,area,1.1449174941446927e-16
209522940-209522970-001,nc_aware_lambda_0p10,20260803,30,gaussian_noise,0.7351774843872952,0.7386465334433938,0.00470755723969832,-0.024373966479583543,0.029081523719281865,0.024373966479583543,0.029081523719281865,perimeter,-1.734723475976807e-18
209565409-209565503-001,nc_aware_lambda_0p10,20260803,10,gaussian_noise,0.7990090911627803,0.7307341388905638,-0.08932262536920763,0.008728597751179724,-0.0980512231203874,0.008728597751179724,0.0980512231203874,perimeter,5.551115123125783e-17
209565409-209565503-001,nc_aware_lambda_0p10,20260803,20,gaussian_noise,0.7990090911627803,0.7970423805310538,-0.002464471430937251,0.00466473149065572,-0.007129202921593444,0.00466473149065572,0.007129202921593444,perimeter,4.731458280726741e-16
209565409-209565503-001,nc_aware_lambda_0p10,20260803,30,gaussian_noise,0.7990090911627803,0.7320977693949332,-0.087458254088228,0.017381665875995458,-0.1048399199642238,0.017381665875995458,0.1048399199642238,perimeter,3.469446951953614e-16
209565409-209565600-001,nc_aware_lambda_0p10,20260803,10,gaussian_noise,0.6957510645611489,0.6957510645611489,0.0,0.0,-0.0,0.0,0.0,area,0.0
209565409-209565600-001,nc_aware_lambda_0p10,20260803,20,gaussian_noise,0.6957510645611489,0.6996092035513216,0.0055299680094611755,0.0055299680094611755,-0.0,0.0055299680094611755,0.0,area,0.0
209565409-209565600-001,nc_aware_lambda_0p10,20260803,30,gaussian_noise,0.6957510645611489,0.7271854875075358,0.044189655495014524,-0.013023439886286736,0.05721309538130115,0.013023439886286736,0.05721309538130115,perimeter,1.1102230246251565e-16
209565864-209565890-001,nc_aware_lambda_0p10,20260803,10,gaussian_noise,0.7469605322965084,0.7519284408248462,0.006628812151817344,0.006628812151817344,-0.0,0.006628812151817344,0.0,area,0.0
209565864-209565890-001,nc_aware_lambda_0p10,20260803,20,gaussian_noise,0.7469605322965084,0.7458583318425273,-0.0014766703191427123,0.004739345363896568,-0.0062160156830394575,0.004739345363896568,0.0062160156830394575,perimeter,1.7715863498413142e-16
209565864-209565890-001,nc_aware_lambda_0p10,20260803,30,gaussian_noise,0.7469605322965084,0.7509854201449931,0.005373888861665574,-0.013390922240369509,0.01876481110203518,0.013390922240369509,0.01876481110203518,perimeter,-9.8879238130678e-17
209565864-209565911-001,nc_aware_lambda_0p10,20260803,10,gaussian_noise,0.7556814941051935,0.7485027592023576,-0.009545093150385561,-0.009545093150385674,-0.0,0.009545093150385674,0.0,area,1.1275702593849246e-16
209565864-209565911-001,nc_aware_lambda_0p10,20260803,20,gaussian_noise,0.7556814941051935,0.751374253163492,-0.0057161159132882436,-0.0057161159132883554,-0.0,0.0057161159132883554,0.0,area,1.1188966420050406e-16
209565864-209565911-001,nc_aware_lambda_0p10,20260803,30,gaussian_noise,0.7556814941051935,0.7485027592023576,-0.009545093150385561,-0.009545093150385674,-0.0,0.009545093150385674,0.0,area,1.1275702593849246e-16
209566047-209566095-001,nc_aware_lambda_0p10,20260803,10,gaussian_noise,0.7904129125081649,0.7678035446123224,-0.029021583836621786,0.02336411227162017,-0.05238569610824202,0.02336411227162017,0.05238569610824202,perimeter,6.591949208711867e-17
209566047-209566095-001,nc_aware_lambda_0p10,20260803,20,gaussian_noise,0.7904129125081649,0.6104271072118612,-0.2583965950597054,-0.024879255201421303,-0.23351733985828416,0.024879255201421303,0.23351733985828416,perimeter,5.551115123125783e-17
209566047-209566095-001,nc_aware_lambda_0p10,20260803,30,gaussian_noise,0.7904129125081649,0.8165640857317314,0.03254991469754336,0.08493561080578527,-0.05238569610824202,0.08493561080578527,0.05238569610824202,area,1.1796119636642288e-16
209566205-209566247-001,nc_aware_lambda_0p10,20260803,10,gaussian_noise,0.7093887935102462,0.7161174135028908,0.009440393779087126,0.009440393779087126,-0.0,0.009440393779087126,0.0,area,0.0
209566205-209566247-001,nc_aware_lambda_0p10,20260803,20,gaussian_noise,0.7093887935102462,0.7093887935102462,0.0,0.0,-0.0,0.0,0.0,area,0.0
209566205-209566247-001,nc_aware_lambda_0p10,20260803,30,gaussian_noise,0.7093887935102462,0.715524910625081,0.00861266900223104,0.0013540963477292301,0.007258572654501776,0.0013540963477292301,0.007258572654501776,perimeter,3.2959746043559335e-17
209566205-209566289-001,nc_aware_lambda_0p10,20260803,10,gaussian_noise,0.6229502313129731,0.6229502313129731,0.0,0.0,-0.0,0.0,0.0,area,0.0
209566205-209566289-001,nc_aware_lambda_0p10,20260803,20,gaussian_noise,0.6229502313129731,0.620887789083831,-0.003316258363992016,-0.009750229589133755,0.006433971225141787,0.009750229589133755,0.006433971225141787,area,-4.85722573273506e-17
209566205-209566289-001,nc_aware_lambda_0p10,20260803,30,gaussian_noise,0.6229502313129731,0.6214391331169441,-0.0024286593601266274,-0.0024286593601266274,-0.0,0.0024286593601266274,0.0,area,0.0
209566399-209566485-001,nc_aware_lambda_0p10,20260803,10,gaussian_noise,0.726884215816098,0.7380543204416157,0.015250224952857544,0.015250224952857544,-0.0,0.015250224952857544,0.0,area,0.0
209566399-209566485-001,nc_aware_lambda_0p10,20260803,20,gaussian_noise,0.726884215816098,0.7372269052841699,0.014128519843657384,0.014128519843657384,-0.0,0.014128519843657384,0.0,area,0.0
209566399-209566485-001,nc_aware_lambda_0p10,20260803,30,gaussian_noise,0.726884215816098,0.7388817355990613,0.016370673249347087,0.016370673249347087,-0.0,0.016370673249347087,0.0,area,0.0
148495842-148495854-001,baseline,20260804,10,gaussian_noise,0.6762049068207148,0.682224576808383,0.008862748435705867,0.011066703290672206,-0.0022039548549662607,0.011066703290672206,0.0022039548549662607,area,-7.806255641895632e-17
148495842-148495854-001,baseline,20260804,20,gaussian_noise,0.6762049068207148,0.5434153341498347,-0.21862223121778063,-0.04834897217662386,-0.17027325904115712,0.04834897217662386,0.17027325904115712,perimeter,3.3306690738754696e-16
148495842-148495854-001,baseline,20260804,30,gaussian_noise,0.6762049068207148,0.3983684878713345,-0.5291187208374639,-0.27674187937697736,-0.2523768414604866,0.27674187937697736,0.2523768414604866,area,0.0
148497551-148497588-001,baseline,20260804,10,gaussian_noise,0.857227913094727,0.8227161582014141,-0.04109257173966134,-0.004496073516174746,-0.03659649822348653,0.004496073516174746,0.03659649822348653,perimeter,-6.245004513516506e-17
148497551-148497588-001,baseline,20260804,20,gaussian_noise,0.857227913094727,0.8025831029064924,-0.06586842150917718,-0.03267767957856934,-0.033190741930608066,0.03267767957856934,0.033190741930608066,perimeter,2.220446049250313e-16
148497551-148497588-001,baseline,20260804,30,gaussian_noise,0.857227913094727,0.519944147061764,-0.4999824298655111,-0.14238219466975133,-0.35760023519575995,0.14238219466975133,0.35760023519575995,perimeter,1.6653345369377348e-16
148497788-148497816-002,baseline,20260804,10,gaussian_noise,0.6401343607470266,0.6539212192754734,0.02130879139098794,-0.002119767619398449,0.023428559010386575,0.002119767619398449,0.023428559010386575,perimeter,-1.8388068845354155e-16
148497788-148497816-002,baseline,20260804,20,gaussian_noise,0.6401343607470266,0.6950992452555494,0.0823765413119353,-0.03337231112350287,0.11574885243543838,0.03337231112350287,0.11574885243543838,perimeter,-2.0816681711721685e-16
148497788-148497816-002,baseline,20260804,30,gaussian_noise,0.6401343607470266,0.5390354086141235,-0.17189683107397333,-0.17799003029203753,0.006093199218064334,0.17799003029203753,0.006093199218064334,area,-1.3877787807814457e-16
148503209-148503222-001,baseline,20260804,10,gaussian_noise,0.384272594882165,0.37045807407904147,-0.036611905293392095,-0.01207401031506303,-0.02453789497832914,0.01207401031506303,0.02453789497832914,perimeter,7.632783294297951e-17
148503209-148503222-001,baseline,20260804,20,gaussian_noise,0.384272594882165,0.37078159455619253,-0.03573898790544423,-0.026467925613230508,-0.009271062292213845,0.026467925613230508,0.009271062292213845,area,1.1796119636642288e-16
148503209-148503222-001,baseline,20260804,30,gaussian_noise,0.384272594882165,0.6264023670305523,0.4886407402079005,-0.1652426787256375,0.6538834189335376,0.1652426787256375,0.6538834189335376,perimeter,3.3306690738754696e-16
148503209-148503231-001,baseline,20260804,10,gaussian_noise,0.5954393610215851,0.5988407577748006,0.005696161053940111,-0.03608208351311694,0.041778244567056894,0.03608208351311694,0.041778244567056894,perimeter,1.5612511283791264e-16
148503209-148503231-001,baseline,20260804,20,gaussian_noise,0.5954393610215851,0.6391776353806061,0.07088285045524047,-0.04530976348147058,0.11619261393671089,0.04530976348147058,0.11619261393671089,perimeter,1.5265566588595902e-16
148503209-148503231-001,baseline,20260804,30,gaussian_noise,0.5954393610215851,0.4922323608120417,-0.1903486718539694,-0.09241036863545062,-0.09793830321851882,0.09241036863545062,0.09793830321851882,perimeter,2.7755575615628914e-17
148503400-148503432-001,baseline,20260804,10,gaussian_noise,0.6836834854132727,0.6865364104734631,0.004164191734986882,0.01700078724788652,-0.012836595512899616,0.01700078724788652,0.012836595512899616,area,-2.168404344971009e-17
148503400-148503432-001,baseline,20260804,20,gaussian_noise,0.6836834854132727,0.6505957679832859,-0.0496065606736254,-0.006115058229907039,-0.043491502443718515,0.006115058229907039,0.043491502443718515,perimeter,1.5265566588595902e-16
148503400-148503432-001,baseline,20260804,30,gaussian_noise,0.6836834854132727,0.49100377647484955,-0.3310432507414499,-0.04420932153476949,-0.28683392920668044,0.04420932153476949,0.28683392920668044,perimeter,0.0
148503568-148503580-002,baseline,20260804,10,gaussian_noise,0.6812184282938537,0.5399845164808406,-0.23234253515110084,-0.09256928257943099,-0.13977325257167003,0.09256928257943099,0.13977325257167003,perimeter,1.942890293094024e-16
148503568-148503580-002,baseline,20260804,20,gaussian_noise,0.6812184282938537,0.4635731730046195,-0.38491875800891595,-0.1465679529472072,-0.23835080506170886,0.1465679529472072,0.23835080506170886,perimeter,1.1102230246251565e-16
148503568-148503580-002,baseline,20260804,30,gaussian_noise,0.6812184282938537,0.5428895199193521,-0.2269771642773544,-0.4076046280955277,0.18062746381817324,0.4076046280955277,0.18062746381817324,area,8.326672684688674e-17
148718455-148718461-001,baseline,20260804,10,gaussian_noise,0.7552217433701526,0.7504363235562486,-0.006356603843172132,-0.0019173163452929165,-0.0044392874978791234,0.0019173163452929165,0.0044392874978791234,perimeter,-9.194034422677078e-17
148718455-148718461-001,baseline,20260804,20,gaussian_noise,0.7552217433701526,0.7320773651370582,-0.031125207501232616,-0.012892521489060909,-0.01823268601217161,0.012892521489060909,0.01823268601217161,perimeter,-1.0061396160665481e-16
148718455-148718461-001,baseline,20260804,30,gaussian_noise,0.7552217433701526,0.5500883007202868,-0.3169325938512679,-0.07518601022901979,-0.24174658362224774,0.07518601022901979,0.24174658362224774,perimeter,-3.3306690738754696e-16
148719308-148719348-004,baseline,20260804,10,gaussian_noise,0.8355165014195802,0.6835437122942455,-0.20075949046128433,-0.03475588748159692,-0.16600360297968736,0.03475588748159692,0.16600360297968736,perimeter,-5.551115123125783e-17
148719308-148719348-004,baseline,20260804,20,gaussian_noise,0.8355165014195802,0.6026723090186733,-0.3266764836430608,-0.09019943614176551,-0.2364770475012953,0.09019943614176551,0.2364770475012953,perimeter,0.0
148719308-148719348-004,baseline,20260804,30,gaussian_noise,0.8355165014195802,0.39356908613248226,-0.7527934774295013,-0.4088868394193258,-0.34390663801017546,0.4088868394193258,0.34390663801017546,area,0.0
148719308-148719357-001,baseline,20260804,10,gaussian_noise,0.7600494900616196,0.7554514283621606,-0.006068060734849497,-0.019527469915577952,0.013459409180728542,0.019527469915577952,0.013459409180728542,area,-8.673617379884035e-17
148719308-148719357-001,baseline,20260804,20,gaussian_noise,0.7600494900616196,0.7191426192341839,-0.05532385384504629,-0.05858134071174817,0.0032574868667019294,0.05858134071174817,0.0032574868667019294,area,-4.85722573273506e-17
148719308-148719357-001,baseline,20260804,30,gaussian_noise,0.7600494900616196,0.5705452881423956,-0.2867910002639745,-0.21767323031580596,-0.06911776994816848,0.21767323031580596,0.06911776994816848,area,-1.1102230246251565e-16
148848523-148848559-002,baseline,20260804,10,gaussian_noise,0.8749188989465398,0.8395054019784839,-0.041318283889804845,-0.022619327395915132,-0.01869895649388978,0.022619327395915132,0.01869895649388978,area,6.245004513516506e-17
148848523-148848559-002,baseline,20260804,20,gaussian_noise,0.8749188989465398,0.7260960711306533,-0.1864488596925753,-0.08625351412652786,-0.10019534556604762,0.08625351412652786,0.10019534556604762,perimeter,1.6653345369377348e-16
148848523-148848559-002,baseline,20260804,30,gaussian_noise,0.8749188989465398,0.38814336053143117,-0.8127564378577604,-0.36734577689925313,-0.4454106609585071,0.36734577689925313,0.4454106609585071,perimeter,-1.1102230246251565e-16
148881870-148882178-002,baseline,20260804,10,gaussian_noise,0.7892428930207228,0.7092953929857146,-0.10680204964171064,-0.03200897780664558,-0.07479307183506517,0.03200897780664558,0.07479307183506517,perimeter,1.1102230246251565e-16
148881870-148882178-002,baseline,20260804,20,gaussian_noise,0.7892428930207228,0.5313625196962126,-0.3956296230795663,-0.022141125877213518,-0.3734884972023528,0.022141125877213518,0.3734884972023528,perimeter,0.0
148881870-148882178-002,baseline,20260804,30,gaussian_noise,0.7892428930207228,0.392030629906582,-0.6997341484177918,-0.2740729593919996,-0.4256611890257923,0.2740729593919996,0.4256611890257923,perimeter,1.1102230246251565e-16
148882307-148882323-001,baseline,20260804,10,gaussian_noise,0.6830568402497121,0.6953684140615367,0.017863719733296493,0.0009751341582062914,0.016888585575090195,0.0009751341582062914,0.016888585575090195,perimeter,6.938893903907228e-18
148882307-148882323-001,baseline,20260804,20,gaussian_noise,0.6830568402497121,0.6545181150457148,-0.04267881490386095,-0.02736284114625037,-0.015315973757610717,0.02736284114625037,0.015315973757610717,area,1.3877787807814457e-16
148882307-148882323-001,baseline,20260804,30,gaussian_noise,0.6830568402497121,0.6064646174069888,-0.11893168985752942,-0.058939051318962765,-0.05999263853856629,0.058939051318962765,0.05999263853856629,perimeter,-3.608224830031759e-16
148882535-148882616-001,baseline,20260804,10,gaussian_noise,0.31040461187155155,0.3220660068249015,0.03687986864395214,-0.012834029782030501,0.049713898425982686,0.012834029782030501,0.049713898425982686,perimeter,-4.85722573273506e-17
148882535-148882616-001,baseline,20260804,20,gaussian_noise,0.31040461187155155,0.31511852124206163,0.015072179937388536,-0.028668280383426167,0.04374046032081459,0.028668280383426167,0.04374046032081459,perimeter,1.1102230246251565e-16
148882535-148882616-001,baseline,20260804,30,gaussian_noise,0.31040461187155155,0.2963509718838409,-0.04633217829027321,-0.05946210634676806,0.01312992805649479,0.05946210634676806,0.01312992805649479,area,5.551115123125783e-17
148882671-148882687-001,baseline,20260804,10,gaussian_noise,0.5961088614421399,0.6102371182407758,0.02342429625077031,-0.017174003679612658,0.04059829993038282,0.017174003679612658,0.04059829993038282,perimeter,1.5265566588595902e-16
148882671-148882687-001,baseline,20260804,20,gaussian_noise,0.5961088614421399,0.580599638184288,-0.026361875397846447,-0.06559997968113468,0.039238104283288236,0.06559997968113468,0.039238104283288236,area,-3.469446951953614e-18
148882671-148882687-001,baseline,20260804,30,gaussian_noise,0.5961088614421399,0.48414312475145815,-0.20804272851388353,-0.10105548766031475,-0.10698724085356884,0.10105548766031475,0.10698724085356884,perimeter,5.551115123125783e-17
149011613-149011656-001,baseline,20260804,10,gaussian_noise,0.7350289517741087,0.7371743889739883,0.0029145956394263524,-0.0013698632279138194,0.004284458867340342,0.0013698632279138194,0.004284458867340342,perimeter,-1.695692197767329e-16
149011613-149011656-001,baseline,20260804,20,gaussian_noise,0.7350289517741087,0.7415533092649007,0.00883716420428476,0.004552705336944748,0.004284458867340342,0.004552705336944748,0.004284458867340342,area,-3.2959746043559335e-16
149011613-149011656-001,baseline,20260804,30,gaussian_noise,0.7350289517741087,0.7027140664004311,-0.04495981296128278,0.01021459340971842,-0.05517440637100108,0.01021459340971842,0.05517440637100108,perimeter,-1.1796119636642288e-16
149013033-149013072-001,baseline,20260804,10,gaussian_noise,0.7633086592586815,0.7634217892147787,0.00014819899140321922,-0.0032733253449691376,0.0034215243363723857,0.0032733253449691376,0.0034215243363723857,perimeter,-2.8893987896738693e-17
149013033-149013072-001,baseline,20260804,20,gaussian_noise,0.7633086592586815,0.644098897377453,-0.1698102015720882,-0.021470684396876768,-0.1483395171752117,0.021470684396876768,0.1483395171752117,perimeter,2.7755575615628914e-16
149013033-149013072-001,baseline,20260804,30,gaussian_noise,0.7633086592586815,0.6506254578213934,-0.15972834020948484,-0.06671954708393137,-0.09300879312555367,0.06671954708393137,0.09300879312555367,perimeter,1.942890293094024e-16
149014929-149014984-001,baseline,20260804,10,gaussian_noise,0.8357114301572508,0.8086311007987101,-0.032940555265660316,-0.005797117684325958,-0.027143437581334397,0.005797117684325958,0.027143437581334397,perimeter,3.469446951953614e-17
149014929-149014984-001,baseline,20260804,20,gaussian_noise,0.8357114301572508,0.8019650332462457,-0.041218366786450245,-0.06595249399350146,0.024734127207051034,0.06595249399350146,0.024734127207051034,area,1.8041124150158794e-16
149014929-149014984-001,baseline,20260804,30,gaussian_noise,0.8357114301572508,0.43578354645087936,-0.6511377072778154,-0.19015563138803251,-0.4609820758897829,0.19015563138803251,0.4609820758897829,perimeter,0.0
149014929-149015008-003,baseline,20260804,10,gaussian_noise,0.6022453470046464,0.6525282975959507,0.08018959077417567,-0.038621050839867506,0.11881064161404334,0.038621050839867506,0.11881064161404334,perimeter,-1.6653345369377348e-16
149014929-149015008-003,baseline,20260804,20,gaussian_noise,0.6022453470046464,0.6082969172075949,0.009998197986719528,-0.06916201421562695,0.07916021220234623,0.06916201421562695,0.07916021220234623,perimeter,2.5153490401663703e-16
149014929-149015008-003,baseline,20260804,30,gaussian_noise,0.6022453470046464,0.6666819483469932,0.1016481776862928,-0.10620860531371253,0.20785678300000546,0.10620860531371253,0.20785678300000546,perimeter,-1.249000902703301e-16
149014929-149015022-001,baseline,20260804,10,gaussian_noise,0.5879440520028673,0.8118577206233675,0.3226933101848948,-0.013442157596906706,0.33613546778180137,0.013442157596906706,0.33613546778180137,perimeter,1.1102230246251565e-16
149014929-149015022-001,baseline,20260804,20,gaussian_noise,0.5879440520028673,0.48430572806665134,-0.1939154168600373,-0.009962469304342353,-0.18395294755569483,0.009962469304342353,0.18395294755569483,perimeter,-1.1102230246251565e-16
149014929-149015022-001,baseline,20260804,30,gaussian_noise,0.5879440520028673,0.5234412812894129,-0.11620693533333708,-0.06757772923117472,-0.048629206102162266,0.06757772923117472,0.048629206102162266,area,-9.71445146547012e-17
149014929-149015022-002,baseline,20260804,10,gaussian_noise,0.7159441764871125,0.6711902187401955,-0.06454961586892304,-0.01390722110407116,-0.05064239476485209,0.01390722110407116,0.05064239476485209,perimeter,2.220446049250313e-16
149014929-149015022-002,baseline,20260804,20,gaussian_noise,0.7159441764871125,0.6819665632521702,-0.04862156896894348,-0.023140085109302603,-0.02548148385964089,0.023140085109302603,0.02548148385964089,perimeter,1.3877787807814457e-17
149014929-149015022-002,baseline,20260804,30,gaussian_noise,0.7159441764871125,0.6546086080748327,-0.08956468601081985,-0.06003135803936005,-0.029533327971459723,0.06003135803936005,0.029533327971459723,area,-8.326672684688674e-17
149053341-149053350-001,baseline,20260804,10,gaussian_noise,0.7936747589811017,0.8065634967823605,0.016108871873329364,-0.010471299867295366,0.026580171740624704,0.010471299867295366,0.026580171740624704,perimeter,2.7755575615628914e-17
149053341-149053350-001,baseline,20260804,20,gaussian_noise,0.7936747589811017,0.8015005383063903,0.009811889794036636,-0.029795572693698175,0.03960746248773494,0.029795572693698175,0.03960746248773494,perimeter,-1.2836953722228372e-16
149053341-149053350-001,baseline,20260804,30,gaussian_noise,0.7936747589811017,0.5128894817320702,-0.43661336713790616,-0.09583114881845223,-0.340782218319454,0.09583114881845223,0.340782218319454,perimeter,5.551115123125783e-17
149053945-149053969-001,baseline,20260804,10,gaussian_noise,0.724714156857467,0.7312524034741399,0.008981374635159828,-0.048427910950473226,0.0574092855856334,0.048427910950473226,0.0574092855856334,perimeter,-3.469446951953614e-16
149053945-149053969-001,baseline,20260804,20,gaussian_noise,0.724714156857467,0.7254620168513845,0.0010314058026514483,-0.1517381334218744,0.15276953922452607,0.1517381334218744,0.15276953922452607,perimeter,-2.3201926491189795e-16
149053945-149053969-001,baseline,20260804,30,gaussian_noise,0.724714156857467,0.7818392789335923,0.07587188305390297,-0.2433603430395857,0.31923222609348884,0.2433603430395857,0.31923222609348884,perimeter,-1.6653345369377348e-16
149053945-149053976-001,baseline,20260804,10,gaussian_noise,0.8066627563711402,0.7984987570333132,-0.010172271970258802,0.0155999263655712,-0.02577219833583016,0.0155999263655712,0.02577219833583016,perimeter,1.5612511283791264e-16
149053945-149053976-001,baseline,20260804,20,gaussian_noise,0.8066627563711402,0.803785855108213,-0.003572798663300716,0.016889001632701187,-0.02046180029600191,0.016889001632701187,0.02046180029600191,perimeter,6.071532165918825e-18
149053945-149053976-001,baseline,20260804,30,gaussian_noise,0.8066627563711402,0.7723364621029881,-0.043485396179748385,0.018176417323875867,-0.06166181350362447,0.018176417323875867,0.06166181350362447,perimeter,2.1510571102112408e-16
149054642-149054677-003,baseline,20260804,10,gaussian_noise,0.7772888923962326,0.6573233163878875,-0.16763607853355517,0.019832082810990623,-0.18746816134454558,0.019832082810990623,0.18746816134454558,perimeter,-2.220446049250313e-16
149054642-149054677-003,baseline,20260804,20,gaussian_noise,0.7772888923962326,0.6668808447469151,-0.15320069975198064,0.059298224852483865,-0.2124989246044647,0.059298224852483865,0.2124989246044647,perimeter,1.942890293094024e-16
149054642-149054677-003,baseline,20260804,30,gaussian_noise,0.7772888923962326,0.4567220991805708,-0.5317369782966619,0.01737447528255731,-0.549111453579219,0.01737447528255731,0.549111453579219,perimeter,-2.220446049250313e-16
149056321-149056343-001,baseline,20260804,10,gaussian_noise,0.7353937340467438,0.7339300656936877,-0.001992302632620389,-0.003509068685559517,0.0015167660529392562,0.003509068685559517,0.0015167660529392562,area,-1.2836953722228372e-16
149056321-149056343-001,baseline,20260804,20,gaussian_noise,0.7353937340467438,0.7072222813078264,-0.03906103116008417,-0.017839584517043885,-0.021221446643040643,0.017839584517043885,0.021221446643040643,perimeter,3.5388358909926865e-16
149056321-149056343-001,baseline,20260804,30,gaussian_noise,0.7353937340467438,0.6937791550758909,-0.05825235884916921,-0.026194991639341875,-0.03205736720982722,0.026194991639341875,0.03205736720982722,perimeter,-1.1102230246251565e-16
149056321-149056360-001,baseline,20260804,10,gaussian_noise,0.6911938232681492,0.73877519715928,0.0665733947625495,-0.04285382725448205,0.10942722201703158,0.04285382725448205,0.10942722201703158,perimeter,-2.7755575615628914e-17
149056321-149056360-001,baseline,20260804,20,gaussian_noise,0.6911938232681492,0.7027820083978779,0.01662647489015001,-0.12640432788062506,0.14303080277077487,0.12640432788062506,0.14303080277077487,perimeter,1.942890293094024e-16
149056321-149056360-001,baseline,20260804,30,gaussian_noise,0.6911938232681492,0.5805639497742177,-0.17442032287242112,-0.12909508483754756,-0.04532523803487375,0.12909508483754756,0.04532523803487375,area,1.942890293094024e-16
149056410-149056458-001,baseline,20260804,10,gaussian_noise,0.8657783570848909,0.6959831719567133,-0.21830345528447795,-0.029565577332245917,-0.18873787795223204,0.029565577332245917,0.18873787795223204,perimeter,0.0
149056410-149056458-001,baseline,20260804,20,gaussian_noise,0.8657783570848909,0.5864419324321353,-0.38955528084729746,-0.12466642803557275,-0.2648888528117247,0.12466642803557275,0.2648888528117247,perimeter,0.0
149056410-149056458-001,baseline,20260804,30,gaussian_noise,0.8657783570848909,0.27639127264740815,-1.1418114207902113,-0.22977115650694238,-0.9120402642832691,0.22977115650694238,0.9120402642832691,perimeter,2.220446049250313e-16
149056873-149056884-001,baseline,20260804,10,gaussian_noise,0.8165867379176879,0.7812161710922327,-0.04428123903221366,-0.0010970928143730994,-0.0431841462178409,0.0010970928143730994,0.0431841462178409,perimeter,3.3306690738754696e-16
149056873-149056884-001,baseline,20260804,20,gaussian_noise,0.8165867379176879,0.6101368613455888,-0.2914498432799722,-0.06805346324501564,-0.2233963800349568,0.06805346324501564,0.2233963800349568,perimeter,2.220446049250313e-16
149056873-149056884-001,baseline,20260804,30,gaussian_noise,0.8165867379176879,0.4527519269145934,-0.5897887853655035,-0.1725015106129791,-0.4172872747525243,0.1725015106129791,0.4172872747525243,perimeter,-1.1102230246251565e-16
149056873-149056884-002,baseline,20260804,10,gaussian_noise,0.767420735975303,0.7502316235382019,-0.02265320828981934,-0.00888894741724604,-0.013764260872573483,0.00888894741724604,0.013764260872573483,perimeter,1.8388068845354155e-16
149056873-149056884-002,baseline,20260804,20,gaussian_noise,0.767420735975303,0.6278034312179887,-0.20080808866942598,-0.023417047980155866,-0.17739104068927009,0.023417047980155866,0.17739104068927009,perimeter,-2.7755575615628914e-17
149056873-149056884-002,baseline,20260804,30,gaussian_noise,0.767420735975303,0.577524774293359,-0.28428385784076543,-0.08225754800308924,-0.2020263098376763,0.08225754800308924,0.2020263098376763,perimeter,1.1102230246251565e-16
149056933-149056982-002,baseline,20260804,10,gaussian_noise,0.8347104541701665,0.7870353420964346,-0.058811748468013424,0.00641321483471318,-0.06522496330272654,0.00641321483471318,0.06522496330272654,perimeter,-6.938893903907228e-17
149056933-149056982-002,baseline,20260804,20,gaussian_noise,0.8347104541701665,0.7542046339825593,-0.10142117420126567,-0.018553407895747834,-0.08286776630551784,0.018553407895747834,0.08286776630551784,perimeter,0.0
149056933-149056982-002,baseline,20260804,30,gaussian_noise,0.8347104541701665,0.48146135989718236,-0.550258924659037,-0.1483464784096632,-0.4019124462493739,0.1483464784096632,0.4019124462493739,perimeter,0.0
149057756-149057766-002,baseline,20260804,10,gaussian_noise,0.804844753206947,0.7780436663425035,-0.033866756653319584,-0.003006955845839071,-0.030859800807480263,0.003006955845839071,0.030859800807480263,perimeter,-2.498001805406602e-16
149057756-149057766-002,baseline,20260804,20,gaussian_noise,0.804844753206947,0.7485077207310675,-0.07256788691647925,0.01379075154728348,-0.08635863846376268,0.01379075154728348,0.08635863846376268,perimeter,-5.551115123125783e-17
149057756-149057766-002,baseline,20260804,30,gaussian_noise,0.804844753206947,0.6534319234649857,-0.20841105022649528,-0.037083759934123675,-0.17132729029237165,0.037083759934123675,0.17132729029237165,perimeter,2.7755575615628914e-17
149057756-149057788-002,baseline,20260804,10,gaussian_noise,0.835804752906885,0.8274481826265914,-0.010048550545218861,0.007377574853852399,-0.01742612539907107,0.007377574853852399,0.01742612539907107,perimeter,-1.9255430583342559e-16
149057756-149057788-002,baseline,20260804,20,gaussian_noise,0.835804752906885,0.8006767945971314,-0.04293767338965292,-0.021584824074928396,-0.02135284931472442,0.021584824074928396,0.02135284931472442,area,-9.71445146547012e-17
149057756-149057788-002,baseline,20260804,30,gaussian_noise,0.835804752906885,0.779333145064833,-0.06995642486588,-0.008821297364791458,-0.06113512750108862,0.008821297364791458,0.06113512750108862,perimeter,8.326672684688674e-17
149057812-149057825-003,baseline,20260804,10,gaussian_noise,0.7936189278705286,0.7607683273907331,-0.042274526629073564,-0.004210532536343494,-0.03806399409272999,0.004210532536343494,0.03806399409272999,perimeter,-8.326672684688674e-17
149057812-149057825-003,baseline,20260804,20,gaussian_noise,0.7936189278705286,0.7277452633861653,-0.08665233229776825,-0.008991711191964073,-0.07766062110580403,0.008991711191964073,0.07766062110580403,perimeter,-1.5265566588595902e-16
149057812-149057825-003,baseline,20260804,30,gaussian_noise,0.7936189278705286,0.7255807954728998,-0.08963097497797187,-0.009729310340286249,-0.07990166463768564,0.009729310340286249,0.07990166463768564,perimeter,1.3877787807814457e-17
149057812-149057825-005,baseline,20260804,10,gaussian_noise,0.8770864682887202,0.8737221310042982,-0.0038431858590821637,0.0056232575543622605,-0.009466443413444223,0.0056232575543622605,0.009466443413444223,perimeter,-2.0122792321330962e-16
149057812-149057825-005,baseline,20260804,20,gaussian_noise,0.8770864682887202,0.7706493237610406,-0.12937214595145335,-0.01754015103290143,-0.111831994918552,0.01754015103290143,0.111831994918552,perimeter,8.326672684688674e-17
149057812-149057825-005,baseline,20260804,30,gaussian_noise,0.8770864682887202,0.561325377537125,-0.44630485005202347,0.06415663431830665,-0.5104614843703301,0.06415663431830665,0.5104614843703301,perimeter,0.0
149057812-149057847-004,baseline,20260804,10,gaussian_noise,0.8534238062821893,0.8212289926896132,-0.03845427637853679,0.009266722327543686,-0.047720998706080306,0.009266722327543686,0.047720998706080306,perimeter,-1.6653345369377348e-16
149057812-149057847-004,baseline,20260804,20,gaussian_noise,0.8534238062821893,0.7348845631465769,-0.14954283623772874,0.0,-0.14954283623772868,0.0,0.14954283623772868,perimeter,-5.551115123125783e-17
149057812-149057847-004,baseline,20260804,30,gaussian_noise,0.8534238062821893,0.7083383323361357,-0.1863344160911743,-0.05544144848385884,-0.13089296760731547,0.05544144848385884,0.13089296760731547,perimeter,2.7755575615628914e-17
149057812-149057847-005,baseline,20260804,10,gaussian_noise,0.8178618048160372,0.8103589004112521,-0.009216143102699099,-0.0030211503341762112,-0.006194992768523017,0.0030211503341762112,0.006194992768523017,perimeter,1.2836953722228372e-16
149057812-149057847-005,baseline,20260804,20,gaussian_noise,0.8178618048160372,0.7671979381795605,-0.06394854345848186,-0.01344922658408031,-0.05049931687440157,0.01344922658408031,0.05049931687440157,perimeter,1.3877787807814457e-17
149057812-149057847-005,baseline,20260804,30,gaussian_noise,0.8178618048160372,0.658824208909204,-0.21623663495614967,-0.052870877154768875,-0.16336575780138113,0.052870877154768875,0.16336575780138113,perimeter,3.3306690738754696e-16
149058262-149058272-003,baseline,20260804,10,gaussian_noise,0.7153763079207459,0.7151944370921202,-0.0002542633144703062,0.05831198464942986,-0.05856624796390034,0.05831198464942986,0.05856624796390034,perimeter,1.7580338226852454e-16
149058262-149058272-003,baseline,20260804,20,gaussian_noise,0.7153763079207459,0.5095661742607833,-0.33924898401285924,0.04508685964294892,-0.3843358436558084,0.04508685964294892,0.3843358436558084,perimeter,2.7755575615628914e-16
149058262-149058272-003,baseline,20260804,30,gaussian_noise,0.7153763079207459,0.4650768864632644,-0.43060596987664457,-0.04363225619972916,-0.3869737136769155,0.04363225619972916,0.3869737136769155,perimeter,1.1102230246251565e-16
149061666-149061699-003,baseline,20260804,10,gaussian_noise,0.77869878602156,0.7814253065120763,0.0034952646130661388,0.0057114215394312865,-0.0022161569263652596,0.0057114215394312865,0.0022161569263652596,area,1.1188966420050406e-16
149061666-149061699-003,baseline,20260804,20,gaussian_noise,0.77869878602156,0.706044210033344,-0.09794644762431419,-0.01459384462131416,-0.08335260300299999,0.01459384462131416,0.08335260300299999,perimeter,-4.163336342344337e-17
149061666-149061699-003,baseline,20260804,30,gaussian_noise,0.77869878602156,0.7144515982088383,-0.0861090507104624,-0.01733263441954966,-0.06877641629091245,0.01733263441954966,0.06877641629091245,perimeter,-2.914335439641036e-16
149095913-149095926-001,baseline,20260804,10,gaussian_noise,0.3073243887304125,0.31170510358748194,0.014153729484186328,-0.009265453445790123,0.02341918292997661,0.009265453445790123,0.02341918292997661,perimeter,-1.5785983631388945e-16
149095913-149095926-001,baseline,20260804,20,gaussian_noise,0.3073243887304125,0.2713991274936699,-0.12431329799070617,0.008135460170467984,-0.1324487581611739,0.008135460170467984,0.1324487581611739,perimeter,-2.498001805406602e-16
149095913-149095926-001,baseline,20260804,30,gaussian_noise,0.3073243887304125,0.2962617153912546,-0.036660593258976394,-0.04859255523686518,0.011931961977889203,0.04859255523686518,0.011931961977889203,area,-4.163336342344337e-16
149097324-149097373-001,baseline,20260804,10,gaussian_noise,0.7277098408619179,0.7134971543519191,-0.019723949887335373,-0.024227989197454537,0.004504039310119061,0.024227989197454537,0.004504039310119061,area,1.0408340855860843e-16
149097324-149097373-001,baseline,20260804,20,gaussian_noise,0.7277098408619179,0.6258637341643812,-0.15076972815053014,-0.008695706967553932,-0.14207402118297616,0.008695706967553932,0.14207402118297616,perimeter,-5.551115123125783e-17
149097324-149097373-001,baseline,20260804,30,gaussian_noise,0.7277098408619179,0.40869088516101737,-0.5769433102086385,-0.11711480977117761,-0.4598285004374606,0.11711480977117761,0.4598285004374606,perimeter,-3.3306690738754696e-16
149097594-149097637-001,baseline,20260804,10,gaussian_noise,0.48894216147556346,0.3811015146818299,-0.24917842091665898,-0.003927462597210192,-0.24525095831944904,0.003927462597210192,0.24525095831944904,perimeter,2.498001805406602e-16
149097594-149097637-001,baseline,20260804,20,gaussian_noise,0.48894216147556346,0.4642455653456832,-0.05183055539900451,-0.05619589114296701,0.004365335743962479,0.05619589114296701,0.004365335743962479,area,2.0816681711721685e-17
149097594-149097637-001,baseline,20260804,30,gaussian_noise,0.48894216147556346,0.5666944263444402,0.14757602455474028,-0.1377234404858772,0.28529946504061765,0.1377234404858772,0.28529946504061765,perimeter,-1.6653345369377348e-16
149097594-149097637-002,baseline,20260804,10,gaussian_noise,0.6491526861575002,0.7375262803203287,0.1276337691528549,-0.042788714742829435,0.17042248389568415,0.042788714742829435,0.17042248389568415,perimeter,1.942890293094024e-16
149097594-149097637-002,baseline,20260804,20,gaussian_noise,0.6491526861575002,0.6912875647038278,0.06288794175313887,-0.15068811801928705,0.21357605977242552,0.15068811801928705,0.21357605977242552,perimeter,4.0245584642661925e-16
149097594-149097637-002,baseline,20260804,30,gaussian_noise,0.6491526861575002,0.4088475707127977,-0.4623255539251875,-0.7406210354699471,0.27829548154475947,0.7406210354699471,0.27829548154475947,area,1.1102230246251565e-16
149098972-149098988-002,baseline,20260804,10,gaussian_noise,0.7315461665574071,0.7204470731888182,-0.015288376351387132,-0.03851090595442727,0.023222529603040075,0.03851090595442727,0.023222529603040075,area,6.418476861114186e-17
149098972-149098988-002,baseline,20260804,20,gaussian_noise,0.7315461665574071,0.6276634609736165,-0.1531561979872538,-0.17028684609925043,0.017130648111996587,0.17028684609925043,0.017130648111996587,area,5.551115123125783e-17
149098972-149098988-002,baseline,20260804,30,gaussian_noise,0.7315461665574071,0.2254245182434079,-1.177174958365567,-0.6081101378740331,-0.569064820491534,0.6081101378740331,0.569064820491534,area,0.0
149099096-149099104-001,baseline,20260804,10,gaussian_noise,0.7638256492648479,0.7731652852886312,0.012153293517696121,-0.040781873354328695,0.0529351668720246,0.040781873354328695,0.0529351668720246,perimeter,2.185751579730777e-16
149099096-149099104-001,baseline,20260804,20,gaussian_noise,0.7638256492648479,0.7339183136890037,-0.03994182218527294,-0.08749295657996284,0.047551134394689866,0.08749295657996284,0.047551134394689866,area,3.469446951953614e-17
149099096-149099104-001,baseline,20260804,30,gaussian_noise,0.7638256492648479,0.5171736602405999,-0.38996083736284304,-0.1707374915902605,-0.21922334577258284,0.1707374915902605,0.21922334577258284,perimeter,3.3306690738754696e-16
149099276-149099290-001,baseline,20260804,10,gaussian_noise,0.42446748199393514,0.4150778765471534,-0.022369242784206125,0.012903404835907782,-0.03527264762011408,0.012903404835907782,0.03527264762011408,perimeter,1.7694179454963432e-16
149099276-149099290-001,baseline,20260804,20,gaussian_noise,0.42446748199393514,0.4465440366885701,0.050702622114939505,-0.017467693040390832,0.0681703151553306,0.017467693040390832,0.0681703151553306,perimeter,-2.636779683484747e-16
149099276-149099290-001,baseline,20260804,30,gaussian_noise,0.42446748199393514,0.42292155898086686,-0.003648677651867662,-0.12103507104276076,0.1173863933908931,0.12103507104276076,0.1173863933908931,area,-2.168404344971009e-18
149099276-149099290-002,baseline,20260804,10,gaussian_noise,0.6414367896946577,0.6446479876405635,0.0049937681804871955,0.004993768180486974,-0.0,0.004993768180486974,0.0,area,2.211772431870429e-16
149099276-149099290-002,baseline,20260804,20,gaussian_noise,0.6414367896946577,0.6317471200309319,-0.01522145649892738,-0.01990901593397358,0.0046875594350460036,0.01990901593397358,0.0046875594350460036,area,1.97758476261356e-16
149099276-149099290-002,baseline,20260804,30,gaussian_noise,0.6414367896946577,0.6262135271223025,-0.024019233461483044,-0.03340536475404895,0.009386131292565597,0.03340536475404895,0.009386131292565597,area,3.0878077872387166e-16
149099502-149099525-002,baseline,20260804,10,gaussian_noise,0.7372185057269806,0.7209869098564832,-0.022263346621760143,-0.0059906041371570184,-0.016272742484603076,0.0059906041371570184,0.016272742484603076,perimeter,-4.85722573273506e-17
149099502-149099525-002,baseline,20260804,20,gaussian_noise,0.7372185057269806,0.7313862496880972,-0.007942622653407528,-0.01952962702148393,0.011587004368076192,0.01952962702148393,0.011587004368076192,area,2.0990154059319366e-16
149099502-149099525-002,baseline,20260804,30,gaussian_noise,0.7372185057269806,0.727891367010722,-0.01273251228005115,-0.04568066919277485,0.032948156912723736,0.04568066919277485,0.032948156912723736,area,-3.469446951953614e-17
149100006-149100028-002,baseline,20260804,10,gaussian_noise,0.9750641540158652,0.9263109463150719,-0.05129329438755058,-0.05129329438755058,-0.0,0.05129329438755058,0.0,area,0.0
149100006-149100028-002,baseline,20260804,20,gaussian_noise,0.9750641540158652,0.9298759001149518,-0.04745213131713609,-0.12783337150988489,0.08038124019274888,0.12783337150988489,0.08038124019274888,area,-8.326672684688674e-17
149100006-149100028-002,baseline,20260804,30,gaussian_noise,0.9750641540158652,0.9286948941695743,-0.04872300688234496,-0.4307829160924542,0.38205990921010935,0.4307829160924542,0.38205990921010935,area,-8.326672684688674e-17
149100064-149100072-001,baseline,20260804,10,gaussian_noise,0.5420677979006042,0.524669048021005,-0.03262340290050759,-0.029222388917544563,-0.0034010139829629272,0.029222388917544563,0.0034010139829629272,area,-9.71445146547012e-17
149100064-149100072-001,baseline,20260804,20,gaussian_noise,0.5420677979006042,0.578805516560655,0.06557544374851107,-0.08926915365038661,0.15484459739889794,0.08926915365038661,0.15484459739889794,perimeter,-2.636779683484747e-16
149100064-149100072-001,baseline,20260804,30,gaussian_noise,0.5420677979006042,0.5214212128143454,-0.03883289698344767,-0.19367749438234547,0.15484459739889794,0.19367749438234547,0.15484459739889794,area,-1.457167719820518e-16
149101620-149101650-001,baseline,20260804,10,gaussian_noise,0.7711444181180925,0.7417047545664323,-0.038924409671491994,-0.0055274207979571785,-0.033396988873534886,0.0055274207979571785,0.033396988873534886,perimeter,6.938893903907228e-17
149101620-149101650-001,baseline,20260804,20,gaussian_noise,0.7711444181180925,0.7228084356039025,-0.06473143937639259,-0.03386987302392207,-0.030861566352470237,0.03386987302392207,0.030861566352470237,area,-2.7755575615628914e-16
149101620-149101650-001,baseline,20260804,30,gaussian_noise,0.7711444181180925,0.6981027473726955,-0.0995093742879011,-0.07732858685376405,-0.022180787434136956,0.07732858685376405,0.022180787434136956,area,-9.71445146547012e-17
149102442-149102451-001,baseline,20260804,10,gaussian_noise,0.6971758803231487,0.6496003685257004,-0.07068036182694286,-0.048136782898229376,-0.022543578928713476,0.048136782898229376,0.022543578928713476,area,-1.3877787807814457e-17
149102442-149102451-001,baseline,20260804,20,gaussian_noise,0.6971758803231487,0.6022911076762187,-0.14629682198980842,-0.1265750740039588,-0.019721747985849834,0.1265750740039588,0.019721747985849834,area,1.942890293094024e-16
149102442-149102451-001,baseline,20260804,30,gaussian_noise,0.6971758803231487,0.25295875042237803,-1.0138112843600038,-0.42146544945460557,-0.5923458349053984,0.42146544945460557,0.5923458349053984,perimeter,2.220446049250313e-16
149102510-149102519-001,baseline,20260804,10,gaussian_noise,0.7887711947624421,0.7654440536622609,-0.030020157098475553,-0.012328750951650787,-0.01769140614682456,0.012328750951650787,0.01769140614682456,perimeter,-2.0816681711721685e-16
149102510-149102519-001,baseline,20260804,20,gaussian_noise,0.7887711947624421,0.7014792922636606,-0.11728490494372996,-0.03511811258258196,-0.08216679236114807,0.03511811258258196,0.08216679236114807,perimeter,6.938893903907228e-17
149102510-149102519-001,baseline,20260804,30,gaussian_noise,0.7887711947624421,0.6385845130443867,-0.21122225625705365,-0.12276541964133773,-0.08845683661571609,0.12276541964133773,0.08845683661571609,area,1.6653345369377348e-16
149105003-149105050-001,baseline,20260804,10,gaussian_noise,0.6153282493761429,0.4097804281271659,-0.40653438914989487,-0.17592592055754952,-0.23060846859234532,0.17592592055754952,0.23060846859234532,perimeter,-5.551115123125783e-17
149105003-149105050-001,baseline,20260804,20,gaussian_noise,0.6153282493761429,0.1664088686304682,-1.3077080402166394,-0.2674182609822153,-1.040289779234424,0.2674182609822153,1.040289779234424,perimeter,-2.220446049250313e-16
149105003-149105050-001,baseline,20260804,30,gaussian_noise,0.6153282493761429,0.30845847588997904,-0.6905686299880496,-1.1527558953793575,0.4621872653913079,1.1527558953793575,0.4621872653913079,area,0.0
149105289-149105300-001,baseline,20260804,10,gaussian_noise,0.9119557601821492,0.882330345723001,-0.0330249528059107,-0.011001211061973456,-0.02202374174393686,0.011001211061973456,0.02202374174393686,perimeter,-3.885780586188048e-16
149105289-149105300-001,baseline,20260804,20,gaussian_noise,0.9119557601821492,0.7569556855919214,-0.18628676811029318,-0.08502409493655448,-0.10126267317373855,0.08502409493655448,0.10126267317373855,perimeter,-1.3877787807814457e-16
149105289-149105300-001,baseline,20260804,30,gaussian_noise,0.9119557601821492,0.6429200544577197,-0.3495710959208847,-0.17208961817521615,-0.17748147774566855,0.17208961817521615,0.17748147774566855,perimeter,0.0
149105289-149105300-002,baseline,20260804,10,gaussian_noise,0.5882479044415301,0.5485628308476661,-0.06984664177109123,-0.025182559271361583,-0.04466408249972963,0.025182559271361583,0.04466408249972963,perimeter,-1.3877787807814457e-17
149105289-149105300-002,baseline,20260804,20,gaussian_noise,0.5882479044415301,0.5326956454413136,-0.09919822585600604,-0.04574281507205754,-0.05345541078394858,0.04574281507205754,0.05345541078394858,perimeter,8.326672684688674e-17
149105289-149105300-002,baseline,20260804,30,gaussian_noise,0.5882479044415301,0.29679780405925926,-0.6840973526971044,-0.14751611834386744,-0.5365812343532367,0.14751611834386744,0.5365812343532367,perimeter,-2.220446049250313e-16
149105289-149105311-001,baseline,20260804,10,gaussian_noise,0.49836561537065693,0.433128967821778,-0.1402984442482615,-0.17597656973663178,0.035678125488370224,0.17597656973663178,0.035678125488370224,area,5.551115123125783e-17
149105289-149105311-001,baseline,20260804,20,gaussian_noise,0.49836561537065693,0.3636139359310101,-0.31524128585466976,-0.3668566168561046,0.05161533100143465,0.3668566168561046,0.05161533100143465,area,1.6653345369377348e-16
149105289-149105311-001,baseline,20260804,30,gaussian_noise,0.49836561537065693,0.2085328553337669,-0.8712373667035951,-0.4206552736021395,-0.45058209310145564,0.4206552736021395,0.45058209310145564,perimeter,0.0
149105289-149105311-003,baseline,20260804,10,gaussian_noise,0.7075444425734315,0.6291484286392006,-0.11743323946113685,-0.10340115054658576,-0.01403208891455104,0.10340115054658576,0.01403208891455104,area,-4.163336342344337e-17
149105289-149105311-003,baseline,20260804,20,gaussian_noise,0.7075444425734315,0.3892282875981308,-0.5976344148391132,-0.264669298142708,-0.3329651166964051,0.264669298142708,0.3329651166964051,perimeter,-1.1102230246251565e-16
149105289-149105311-003,baseline,20260804,30,gaussian_noise,0.7075444425734315,0.3900757959884576,-0.5954593749739499,-0.647394919281383,0.05193554430743334,0.647394919281383,0.05193554430743334,area,-1.1102230246251565e-16
149105289-149105311-004,baseline,20260804,10,gaussian_noise,0.3372750947396607,0.3500108144485706,0.03706515020838808,0.017216465554416013,0.019848684653972104,0.017216465554416013,0.019848684653972104,perimeter,-3.469446951953614e-17
149105289-149105311-004,baseline,20260804,20,gaussian_noise,0.3372750947396607,0.25560150283675576,-0.27727930009309804,-0.024004581654764084,-0.25327471843833405,0.024004581654764084,0.25327471843833405,perimeter,1.1102230246251565e-16
149105289-149105311-004,baseline,20260804,30,gaussian_noise,0.3372750947396607,0.26940921193514467,-0.22466744456498866,-0.020107629331891086,-0.2045598152330974,0.020107629331891086,0.2045598152330974,perimeter,-1.6653345369377348e-16
149140081-149140096-002,baseline,20260804,10,gaussian_noise,0.5337754228928933,0.5074817577558036,-0.0505144291600755,-0.01989058527526803,-0.030623843884807902,0.01989058527526803,0.030623843884807902,perimeter,4.3021142204224816e-16
149140081-149140096-002,baseline,20260804,20,gaussian_noise,0.5337754228928933,0.48142394517122766,-0.10322692931290438,-0.06988100134891603,-0.033345927963988366,0.06988100134891603,0.033345927963988366,area,1.3877787807814457e-17
149140081-149140096-002,baseline,20260804,30,gaussian_noise,0.5337754228928933,0.46653834764355506,-0.13463497433220648,-0.17053658861807697,0.03590161428587048,0.17053658861807697,0.03590161428587048,area,2.7755575615628914e-17
149140849-149140856-001,baseline,20260804,10,gaussian_noise,0.4106873916215425,0.4026328314067984,-0.019807262430003244,-0.014896648527325198,-0.004910613902678266,0.014896648527325198,0.004910613902678266,area,2.185751579730777e-16
149140849-149140856-001,baseline,20260804,20,gaussian_noise,0.4106873916215425,0.5208400285031267,0.2376106268229712,-0.06005556700110153,0.29766619382407256,0.06005556700110153,0.29766619382407256,perimeter,1.942890293094024e-16
149140849-149140856-001,baseline,20260804,30,gaussian_noise,0.4106873916215425,0.571573170621085,0.33056018685936195,-0.12164777476627228,0.45220796162563437,0.12164777476627228,0.45220796162563437,perimeter,-1.1102230246251565e-16
149143028-149143108-002,baseline,20260804,10,gaussian_noise,0.7646531603569333,0.7510866260592451,-0.01790135313445875,0.0103114957781302,-0.02821284891258876,0.0103114957781302,0.02821284891258876,perimeter,-1.9081958235744878e-16
149143028-149143108-002,baseline,20260804,20,gaussian_noise,0.7646531603569333,0.7248539414838292,-0.05345217132550101,-0.00790846993870273,-0.04554370138679825,0.00790846993870273,0.04554370138679825,perimeter,-2.7755575615628914e-17
149143028-149143108-002,baseline,20260804,30,gaussian_noise,0.7646531603569333,0.7147583002875435,-0.06747790187287685,-0.020947561089768408,-0.04653034078310814,0.020947561089768408,0.04653034078310814,perimeter,-3.0531133177191805e-16
149143469-149143497-003,baseline,20260804,10,gaussian_noise,0.7274898427385863,0.671970356094605,-0.079385810481133,-0.0070480096578651895,-0.07233780082326781,0.0070480096578651895,0.07233780082326781,perimeter,0.0
149143469-149143497-003,baseline,20260804,20,gaussian_noise,0.7274898427385863,0.6585940962083051,-0.09949263132853846,-0.011956664182631796,-0.0875359671459068,0.011956664182631796,0.0875359671459068,perimeter,1.3877787807814457e-16
149143469-149143497-003,baseline,20260804,30,gaussian_noise,0.7274898427385863,0.5944785938894555,-0.20191532850853725,-0.15766847536402548,-0.04424685314451183,0.15766847536402548,0.04424685314451183,area,5.551115123125783e-17
149146837-149146854-001,baseline,20260804,10,gaussian_noise,0.8139912184393109,0.7993728528138868,-0.018122091537895717,-0.0018661073761537142,-0.016255984161742055,0.0018661073761537142,0.016255984161742055,perimeter,5.204170427930421e-17
149146837-149146854-001,baseline,20260804,20,gaussian_noise,0.8139912184393109,0.771918626519219,-0.05307043938027403,-0.005140198233562666,-0.04793024114671153,0.005140198233562666,0.04793024114671153,perimeter,1.6653345369377348e-16
149146837-149146854-001,baseline,20260804,30,gaussian_noise,0.8139912184393109,0.6190033085013863,-0.27383896020255427,-0.010071522069749905,-0.2637674381328043,0.010071522069749905,0.2637674381328043,perimeter,-5.551115123125783e-17
149181904-149181927-001,baseline,20260804,10,gaussian_noise,0.8652514097228416,0.8205613983705501,-0.053031373616807445,-0.0026954194216723226,-0.05033595419513517,0.0026954194216723226,0.05033595419513517,perimeter,4.163336342344337e-17
149181904-149181927-001,baseline,20260804,20,gaussian_noise,0.8652514097228416,0.7024787407510009,-0.20840497330679572,-0.061045302483948904,-0.14735967082284676,0.061045302483948904,0.14735967082284676,perimeter,-5.551115123125783e-17
149181904-149181927-001,baseline,20260804,30,gaussian_noise,0.8652514097228416,0.40921051252810664,-0.7487903875930083,-0.17775595197857966,-0.5710344356144286,0.17775595197857966,0.5710344356144286,perimeter,-1.1102230246251565e-16
149181904-149181951-001,baseline,20260804,10,gaussian_noise,0.8428189419348608,0.7960437219235014,-0.05709804530771929,-0.018213859973986665,-0.038884185333732446,0.018213859973986665,0.038884185333732446,perimeter,-1.734723475976807e-16
149181904-149181951-001,baseline,20260804,20,gaussian_noise,0.8428189419348608,0.5293143565860232,-0.46516965446520125,-0.0861132376395668,-0.3790564168256344,0.0861132376395668,0.3790564168256344,perimeter,-5.551115123125783e-17
149181904-149181951-001,baseline,20260804,30,gaussian_noise,0.8428189419348608,0.26530446971118976,-1.1558740479197298,-0.2849640963847319,-0.8709099515349976,0.2849640963847319,0.8709099515349976,perimeter,-2.220446049250313e-16
149182125-149182135-002,baseline,20260804,10,gaussian_noise,0.740688142405392,0.7537045488426941,0.017420769922505876,-0.024129413933691158,0.04155018385619715,0.024129413933691158,0.04155018385619715,perimeter,-1.1796119636642288e-16
149182125-149182135-002,baseline,20260804,20,gaussian_noise,0.740688142405392,0.6080308536680222,-0.19735404941477425,-0.06929617398685602,-0.12805787542791838,0.06929617398685602,0.12805787542791838,perimeter,1.6653345369377348e-16
149182125-149182135-002,baseline,20260804,30,gaussian_noise,0.740688142405392,0.3397254760544138,-0.7794418081588894,-0.3536004550959206,-0.42584135306296883,0.3536004550959206,0.42584135306296883,perimeter,0.0
149182657-149182667-001,baseline,20260804,10,gaussian_noise,0.8728943479012644,0.7886584547645302,-0.10148118320919859,-0.03650824171064953,-0.06497294149854915,0.03650824171064953,0.06497294149854915,perimeter,9.71445146547012e-17
149182657-149182667-001,baseline,20260804,20,gaussian_noise,0.8728943479012644,0.5200390736027426,-0.5179105763425081,-0.15527601402957247,-0.362634562312936,0.15527601402957247,0.362634562312936,perimeter,3.3306690738754696e-16
149182657-149182667-001,baseline,20260804,30,gaussian_noise,0.8728943479012644,0.08698110778847579,-2.3061235834216274,-1.0617627458071066,-1.2443608376145205,1.0617627458071066,1.2443608376145205,perimeter,-4.440892098500626e-16
149182657-149182681-002,baseline,20260804,10,gaussian_noise,0.7309351697056801,0.654066757699809,-0.11111534644231877,-0.014870162479451393,-0.09624518396286737,0.014870162479451393,0.09624518396286737,perimeter,-1.3877787807814457e-17
149182657-149182681-002,baseline,20260804,20,gaussian_noise,0.7309351697056801,0.4006187131210074,-0.6013146338095792,-0.12356540402873095,-0.47774922978084805,0.12356540402873095,0.47774922978084805,perimeter,-2.220446049250313e-16
149182657-149182681-002,baseline,20260804,30,gaussian_noise,0.7309351697056801,0.2317454927842114,-1.148685013038689,-0.23614280585784947,-0.9125422071808392,0.23614280585784947,0.9125422071808392,perimeter,-2.220446049250313e-16
149182657-149182698-003,baseline,20260804,10,gaussian_noise,0.8390237434439743,0.8010877972201167,-0.04626845518669193,0.0027548226788446837,-0.049023277865536626,0.0027548226788446837,0.049023277865536626,perimeter,6.938893903907228e-18
149182657-149182698-003,baseline,20260804,20,gaussian_noise,0.8390237434439743,0.714013433479835,-0.16133722920149768,0.02317758831270559,-0.1845148175142034,0.02317758831270559,0.1845148175142034,perimeter,1.3877787807814457e-16
149182657-149182698-003,baseline,20260804,30,gaussian_noise,0.8390237434439743,0.6221609176030949,-0.29904023650927514,-0.032950755312159144,-0.26608948119711595,0.032950755312159144,0.26608948119711595,perimeter,-5.551115123125783e-17
149185604-149185616-001,baseline,20260804,10,gaussian_noise,0.6769023286573581,0.6797409631431143,0.004184797353218296,-0.015853481803978425,0.02003827915719677,0.015853481803978425,0.02003827915719677,perimeter,-4.7704895589362195e-17
149185604-149185616-001,baseline,20260804,20,gaussian_noise,0.6769023286573581,0.301562736754734,-0.8085489150615144,-0.10738611252020032,-0.7011628025413138,0.10738611252020032,0.7011628025413138,perimeter,-2.220446049250313e-16
149185604-149185616-001,baseline,20260804,30,gaussian_noise,0.6769023286573581,0.311873213967239,-0.7749302519568965,-1.4715012263416614,0.6965709743847648,1.4715012263416614,0.6965709743847648,area,1.1102230246251565e-16
149185604-149185645-003,baseline,20260804,10,gaussian_noise,0.6892459386447639,0.7642672347179884,0.10331935420911273,-0.022257647608170682,0.12557700181728332,0.022257647608170682,0.12557700181728332,perimeter,9.71445146547012e-17
149185604-149185645-003,baseline,20260804,20,gaussian_noise,0.6892459386447639,0.2765389428805494,-0.9132465041702992,-0.24109225447382776,-0.6721542496964714,0.24109225447382776,0.6721542496964714,perimeter,0.0
149185604-149185645-003,baseline,20260804,30,gaussian_noise,0.6892459386447639,0.11263894706845294,-1.811410612852374,-0.934891113127869,-0.8765194997245049,0.934891113127869,0.8765194997245049,area,0.0
149185604-149185657-001,baseline,20260804,10,gaussian_noise,0.8123367345197846,0.5336417606438039,-0.4201901982676304,-0.08097444841887783,-0.33921574984875297,0.08097444841887783,0.33921574984875297,perimeter,4.440892098500626e-16
149185604-149185657-001,baseline,20260804,20,gaussian_noise,0.8123367345197846,0.2156289614313673,-1.3263557924103417,-0.4859549429968406,-0.8404008494135012,0.4859549429968406,0.8404008494135012,perimeter,0.0
149185604-149185657-001,baseline,20260804,30,gaussian_noise,0.8123367345197846,0.1855370764230364,-1.4766602169067933,-1.5816644720069888,0.1050042551001953,1.5816644720069888,0.1050042551001953,area,2.220446049250313e-16
149185698-149185709-002,baseline,20260804,10,gaussian_noise,0.7936854016084235,0.6389115183930609,-0.21692118717326214,-0.02414173777971728,-0.19277944939354508,0.02414173777971728,0.19277944939354508,perimeter,2.220446049250313e-16
149185698-149185709-002,baseline,20260804,20,gaussian_noise,0.7936854016084235,0.35214637288687234,-0.8126402418657661,-0.1983920268265636,-0.6142482150392027,0.1983920268265636,0.6142482150392027,perimeter,2.220446049250313e-16
149185698-149185709-002,baseline,20260804,30,gaussian_noise,0.7936854016084235,0.23256358646335482,-1.2275234852938888,-0.6889290363122227,-0.5385944489816661,0.6889290363122227,0.5385944489816661,area,0.0
149185788-149185824-001,baseline,20260804,10,gaussian_noise,0.5953931601317201,0.5042205245555615,-0.1662082395654834,-0.032489702772718926,-0.13371853679276435,0.032489702772718926,0.13371853679276435,perimeter,-1.1102230246251565e-16
149185788-149185824-001,baseline,20260804,20,gaussian_noise,0.5953931601317201,0.279660874558302,-0.7556442538340157,-0.3099912152923824,-0.44565303854163313,0.3099912152923824,0.44565303854163313,perimeter,-1.1102230246251565e-16
149185788-149185824-001,baseline,20260804,30,gaussian_noise,0.5953931601317201,1.9055191381846215,1.1632878032568117,-1.9952858065195578,3.1585736097763695,1.9952858065195578,3.1585736097763695,perimeter,0.0
149190861-149190868-001,baseline,20260804,10,gaussian_noise,0.6786581763711761,0.6810064786594423,0.003454240888780241,0.006622093258015957,-0.003167852369235998,0.006622093258015957,0.003167852369235998,area,2.8275992658421956e-16
149190861-149190868-001,baseline,20260804,20,gaussian_noise,0.6786581763711761,0.6652154286435118,-0.02000663762362198,-0.004757059599459346,-0.015249578024162875,0.004757059599459346,0.015249578024162875,perimeter,2.393918396847994e-16
149190861-149190868-001,baseline,20260804,30,gaussian_noise,0.6786581763711761,0.6657473879944251,-0.01920727738216483,-0.0008138904410212375,-0.018393386941143394,0.0008138904410212375,0.018393386941143394,perimeter,-1.97758476261356e-16
149314453-149314465-001,baseline,20260804,10,gaussian_noise,0.8195119436643672,0.8055811098613922,-0.017145079812911107,-0.004502483968315679,-0.012642595844595466,0.004502483968315679,0.012642595844595466,perimeter,3.8163916471489756e-17
149314453-149314465-001,baseline,20260804,20,gaussian_noise,0.8195119436643672,0.7784103005622826,-0.051455208630894776,-0.027324104274554246,-0.02413110435634054,0.027324104274554246,0.02413110435634054,area,6.938893903907228e-18
149314453-149314465-001,baseline,20260804,30,gaussian_noise,0.8195119436643672,0.6772050396783443,-0.19073488024258375,-0.04220809997379152,-0.1485267802687923,0.04220809997379152,0.1485267802687923,perimeter,5.551115123125783e-17
149314453-149314507-001,baseline,20260804,10,gaussian_noise,0.9103372285040426,0.8255231058041679,-0.09779785859633013,0.005519793223597901,-0.10331765181992812,0.005519793223597901,0.10331765181992812,perimeter,9.71445146547012e-17
149314453-149314507-001,baseline,20260804,20,gaussian_noise,0.9103372285040426,0.7921295221612702,-0.13909019511053,-0.013934270974546272,-0.1251559241359835,0.013934270974546272,0.1251559241359835,perimeter,-2.220446049250313e-16
149314453-149314507-001,baseline,20260804,30,gaussian_noise,0.9103372285040426,0.5185674830222398,-0.5627449419588932,-0.20056819969001208,-0.3621767422688812,0.20056819969001208,0.3621767422688812,perimeter,0.0
149314453-149314507-002,baseline,20260804,10,gaussian_noise,0.8010689762691118,0.7696359667281338,-0.04002942348280834,0.006764400088542063,-0.04679382357135051,0.006764400088542063,0.04679382357135051,perimeter,9.71445146547012e-17
149314453-149314507-002,baseline,20260804,20,gaussian_noise,0.8010689762691118,0.7137730278466404,-0.1153820324239359,-0.0384367068410726,-0.07694532558286334,0.0384367068410726,0.07694532558286334,perimeter,4.163336342344337e-17
149314453-149314507-002,baseline,20260804,30,gaussian_noise,0.8010689762691118,0.6371816307806974,-0.22889230646381806,-0.14414559386629605,-0.08474671259752206,0.14414559386629605,0.08474671259752206,area,5.551115123125783e-17
149314679-149314698-001,baseline,20260804,10,gaussian_noise,0.6316038192284755,0.5794039989442917,-0.0862623420905571,-0.026378565936308936,-0.05988377615424836,0.026378565936308936,0.05988377615424836,perimeter,1.942890293094024e-16
149314679-149314698-001,baseline,20260804,20,gaussian_noise,0.6316038192284755,0.43126645726317286,-0.3815361998862899,-0.15141069021996695,-0.23012550966632273,0.15141069021996695,0.23012550966632273,perimeter,-2.220446049250313e-16
149314679-149314698-001,baseline,20260804,30,gaussian_noise,0.6316038192284755,0.19804719885669364,-1.1597569489222854,-0.8039675289242533,-0.35578941999803243,0.8039675289242533,0.35578941999803243,area,2.220446049250313e-16
149315229-149315310-001,baseline,20260804,10,gaussian_noise,0.7607467150311492,0.7393183544054764,-0.028571851711302297,0.0008088652062782277,-0.02938071691758049,0.0008088652062782277,0.02938071691758049,perimeter,-3.469446951953614e-17
149315229-149315310-001,baseline,20260804,20,gaussian_noise,0.7607467150311492,0.6544090114459095,-0.15056791496092,-0.0441722624329418,-0.10639565252797815,0.0441722624329418,0.10639565252797815,perimeter,-5.551115123125783e-17
149315229-149315310-001,baseline,20260804,30,gaussian_noise,0.7607467150311492,0.5598200838238867,-0.3066850174794117,-0.10555833781635152,-0.20112667966306014,0.10555833781635152,0.20112667966306014,perimeter,0.0
149315671-149315731-001,baseline,20260804,10,gaussian_noise,0.7203454202628825,0.6589912052101929,-0.08902065857814755,-0.035309323472300196,-0.053711335105847385,0.035309323472300196,0.053711335105847385,perimeter,4.163336342344337e-17
149315671-149315731-001,baseline,20260804,20,gaussian_noise,0.7203454202628825,0.3976273436732471,-0.5942156031000545,-0.15275963578507185,-0.44145596731498277,0.15275963578507185,0.44145596731498277,perimeter,1.1102230246251565e-16
149315671-149315731-001,baseline,20260804,30,gaussian_noise,0.7203454202628825,0.26705750159978414,-0.9922668503216313,-1.0716735657158183,0.07940671539418712,1.0716735657158183,0.07940671539418712,area,-1.1102230246251565e-16
149315671-149315740-001,baseline,20260804,10,gaussian_noise,0.6604051869928284,0.5570884368856845,-0.17012956542796773,-0.03330794666617756,-0.1368216187617901,0.03330794666617756,0.1368216187617901,perimeter,-5.551115123125783e-17
149315671-149315740-001,baseline,20260804,20,gaussian_noise,0.6604051869928284,0.22447139941228178,-1.0791052640955858,-0.21571635047916285,-0.8633889136164232,0.21571635047916285,0.8633889136164232,perimeter,2.220446049250313e-16
149315671-149315740-001,baseline,20260804,30,gaussian_noise,0.6604051869928284,0.12381076141804467,-1.6740992840299647,-0.5967303627231629,-1.0773689213068018,0.5967303627231629,1.0773689213068018,perimeter,2.220446049250313e-16
149316426-149316462-004,baseline,20260804,10,gaussian_noise,0.7137990711911668,0.630353745228365,-0.12432034767229973,-0.011080445776571907,-0.11323990189572787,0.011080445776571907,0.11323990189572787,perimeter,5.551115123125783e-17
149316426-149316462-004,baseline,20260804,20,gaussian_noise,0.7137990711911668,0.4285774628071365,-0.5101300114588879,-0.11907519244555406,-0.3910548190133339,0.11907519244555406,0.3910548190133339,perimeter,0.0
149316426-149316462-004,baseline,20260804,30,gaussian_noise,0.7137990711911668,0.21306527155604907,-1.2090029518412277,-0.3610133455373305,-0.8479896063038974,0.3610133455373305,0.8479896063038974,perimeter,2.220446049250313e-16
149316754-149316779-002,baseline,20260804,10,gaussian_noise,0.8096993135494228,0.8032412895912663,-0.008007806928035667,0.007948018718706868,-0.01595582564674275,0.007948018718706868,0.01595582564674275,perimeter,2.1510571102112408e-16
149316754-149316779-002,baseline,20260804,20,gaussian_noise,0.8096993135494228,0.7652925573644069,-0.05640477226092338,-0.043743074520472644,-0.012661697740450964,0.043743074520472644,0.012661697740450964,area,2.2898349882893854e-16
149316754-149316779-002,baseline,20260804,30,gaussian_noise,0.8096993135494228,0.8033907945947774,-0.00782169710810338,-0.09505631286550333,0.08723461575739985,0.09505631286550333,0.08723461575739985,area,9.367506770274758e-17
149317002-149317010-002,baseline,20260804,10,gaussian_noise,0.8306920296548447,0.7081541290784554,-0.15959735762566685,0.009575177884613035,-0.16917253551028003,0.009575177884613035,0.16917253551028003,perimeter,1.3877787807814457e-16
149317002-149317010-002,baseline,20260804,20,gaussian_noise,0.8306920296548447,0.6523875577441318,-0.24162032501466285,-0.014536900449097934,-0.22708342456556507,0.014536900449097934,0.22708342456556507,perimeter,1.6653345369377348e-16
149317002-149317010-002,baseline,20260804,30,gaussian_noise,0.8306920296548447,0.5244888933519465,-0.45983487214073115,-0.11186253273277261,-0.34797233940795885,0.11186253273277261,0.34797233940795885,perimeter,3.3306690738754696e-16
149317204-149317230-002,baseline,20260804,10,gaussian_noise,0.7546428371139692,0.6981717554529235,-0.07777943341727214,-0.043256305166060174,-0.03452312825121183,0.043256305166060174,0.03452312825121183,area,-1.3877787807814457e-16
149317204-149317230-002,baseline,20260804,20,gaussian_noise,0.7546428371139692,0.5220066866429522,-0.36856417643259115,-0.10739665787312697,-0.2611675185594641,0.10739665787312697,0.2611675185594641,perimeter,-1.1102230246251565e-16
149317204-149317230-002,baseline,20260804,30,gaussian_noise,0.7546428371139692,0.2767797795075978,-1.0030224037307058,-0.49081362875952894,-0.5122087749711768,0.49081362875952894,0.5122087749711768,perimeter,0.0
149788987-149788996-003,baseline,20260804,10,gaussian_noise,0.743838559326916,0.7334443087162341,-0.014072351838678106,-0.014072351838677994,-0.0,0.014072351838677994,0.0,area,-1.1275702593849246e-16
149788987-149788996-003,baseline,20260804,20,gaussian_noise,0.743838559326916,0.7345065047789422,-0.012625169496700273,-0.011065362750595463,-0.001559806746104649,0.011065362750595463,0.001559806746104649,area,-1.6132928326584306e-16
149788987-149788996-003,baseline,20260804,30,gaussian_noise,0.743838559326916,0.6823198184877249,-0.08632553114672041,-0.04721062627028666,-0.039114904876433945,0.04721062627028666,0.039114904876433945,area,1.942890293094024e-16
153268807-153268826-001,baseline,20260804,10,gaussian_noise,0.6911587074909217,0.7025756834958397,0.01638365453313081,-0.0018796998015775193,0.018263354334708264,0.0018796998015775193,0.018263354334708264,perimeter,6.591949208711867e-17
153268807-153268826-001,baseline,20260804,20,gaussian_noise,0.6911587074909217,0.7031044328343125,0.01713595849940011,-0.001127395835308235,0.018263354334708264,0.001127395835308235,0.018263354334708264,perimeter,8.326672684688674e-17
153268807-153268826-001,baseline,20260804,30,gaussian_noise,0.6911587074909217,0.6731540138596748,-0.026395325176738586,-0.008297237870692661,-0.018098087306045788,0.008297237870692661,0.018098087306045788,perimeter,-1.3877787807814457e-16
153276386-153276405-001,baseline,20260804,10,gaussian_noise,0.8229808256383561,0.77687663555782,-0.05765133470839968,-0.02210616335509136,-0.03554517135330853,0.02210616335509136,0.03554517135330853,perimeter,2.1510571102112408e-16
153276386-153276405-001,baseline,20260804,20,gaussian_noise,0.8229808256383561,0.48080943406634913,-0.5374618976441492,-0.09294442237383632,-0.444517475270313,0.09294442237383632,0.444517475270313,perimeter,1.1102230246251565e-16
153276386-153276405-001,baseline,20260804,30,gaussian_noise,0.8229808256383561,0.37667470572080464,-0.7815509368427382,-0.3206685714480874,-0.4608823653946507,0.3206685714480874,0.4608823653946507,perimeter,-1.1102230246251565e-16
153276386-153276405-002,baseline,20260804,10,gaussian_noise,0.3514622407168047,0.3649283022427062,0.03759861987575155,-0.03931066258890927,0.07690928246466082,0.03931066258890927,0.07690928246466082,perimeter,0.0
153276386-153276405-002,baseline,20260804,20,gaussian_noise,0.3514622407168047,0.3516443798539733,0.0005180982113209218,-0.21769743822161905,0.21821553643293998,0.21769743822161905,0.21821553643293998,perimeter,-5.7462715141731735e-18
153276386-153276405-002,baseline,20260804,30,gaussian_noise,0.3514622407168047,0.3346801625012325,-0.048926945230255085,-1.0887033055606206,1.0397763603303656,1.0887033055606206,1.0397763603303656,area,-1.0408340855860843e-16
153276386-153276414-001,baseline,20260804,10,gaussian_noise,0.8506393990263155,0.8219553035437187,-0.03430228251982502,-0.019975695423643695,-0.014326587096181455,0.019975695423643695,0.014326587096181455,area,1.3183898417423734e-16
153276386-153276414-001,baseline,20260804,20,gaussian_noise,0.8506393990263155,0.7358359208403837,-0.1449811406119715,-0.041904162052624865,-0.10307697855934654,0.041904162052624865,0.10307697855934654,perimeter,-1.1102230246251565e-16
153276386-153276414-001,baseline,20260804,30,gaussian_noise,0.8506393990263155,0.5094403334785722,-0.5126755630325898,-0.16754864451498733,-0.3451269185176023,0.16754864451498733,0.3451269185176023,perimeter,-1.1102230246251565e-16
153314466-153314473-003,baseline,20260804,10,gaussian_noise,0.7442281686563558,0.7388941296216958,-0.007193017108848104,-0.0019986682202988862,-0.005194348888549335,0.0019986682202988862,0.005194348888549335,perimeter,1.1796119636642288e-16
153314466-153314473-003,baseline,20260804,20,gaussian_noise,0.7442281686563558,0.6997961271150303,-0.06155862047422883,-0.03660184919995759,-0.024956771274271566,0.03660184919995759,0.024956771274271566,area,3.2612801348363973e-16
153314466-153314473-003,baseline,20260804,30,gaussian_noise,0.7442281686563558,0.6790573512792799,-0.09164207779784532,0.004316792358486205,-0.0959588701563319,0.004316792358486205,0.0959588701563319,perimeter,3.7470027081099033e-16
153654869-153654880-001,baseline,20260804,10,gaussian_noise,0.5458318849609676,0.6381042440236059,0.1561906365531665,-0.017420946400297076,0.17361158295346363,0.017420946400297076,0.17361158295346363,perimeter,-5.551115123125783e-17
153654869-153654880-001,baseline,20260804,20,gaussian_noise,0.5458318849609676,0.28419104810063883,-0.6526643087545357,-0.14675680307167027,-0.5059075056828654,0.14675680307167027,0.5059075056828654,perimeter,-1.1102230246251565e-16
153654869-153654880-001,baseline,20260804,30,gaussian_noise,0.5458318849609676,0.1942938087042374,-1.0329395340759429,-0.2607218353828016,-0.7722176986931413,0.2607218353828016,0.7722176986931413,perimeter,0.0
153655016-153655039-005,baseline,20260804,10,gaussian_noise,0.7652845337600359,0.607026538558457,-0.2316751932718686,-0.01246326398373198,-0.21921192928813651,0.01246326398373198,0.21921192928813651,perimeter,-1.1102230246251565e-16
153655016-153655039-005,baseline,20260804,20,gaussian_noise,0.7652845337600359,0.3850498247826342,-0.6868749632955563,-0.10724553035359756,-0.5796294329419583,0.10724553035359756,0.5796294329419583,perimeter,-4.440892098500626e-16
153655016-153655039-005,baseline,20260804,30,gaussian_noise,0.7652845337600359,0.1890076412101901,-1.398460260303838,-0.5080047474243494,-0.8904555128794884,0.5080047474243494,0.8904555128794884,perimeter,-2.220446049250313e-16
153655087-153655101-002,baseline,20260804,10,gaussian_noise,0.5171874203237918,0.4595333956711547,-0.11819370651069772,-0.3577106768122644,0.2395169703015668,0.3577106768122644,0.2395169703015668,area,-8.326672684688674e-17
153655087-153655101-002,baseline,20260804,20,gaussian_noise,0.5171874203237918,0.3866396239986161,-0.2909122688968381,-0.5452270504833231,0.25431478158648496,0.5452270504833231,0.25431478158648496,area,5.551115123125783e-17
153655087-153655101-002,baseline,20260804,30,gaussian_noise,0.5171874203237918,0.2634321498379575,-0.6746094849962199,-1.1459090033711747,0.47129951837495504,1.1459090033711747,0.47129951837495504,area,-2.220446049250313e-16
153656862-153656873-001,baseline,20260804,10,gaussian_noise,0.7644361047726322,0.7617459387345772,-0.0035253577194771417,0.007481331652288766,-0.011006689371765783,0.007481331652288766,0.011006689371765783,perimeter,-1.249000902703301e-16
153656862-153656873-001,baseline,20260804,20,gaussian_noise,0.7644361047726322,0.7641305880870787,-0.0003997427015112299,0.008722796740353735,-0.009122539441865064,0.008722796740353735,0.009122539441865064,perimeter,9.985502008591496e-17
153656862-153656873-001,baseline,20260804,30,gaussian_noise,0.7644361047726322,0.7083430938676589,-0.07620987190391448,0.0047446711559085,-0.08095454305982284,0.0047446711559085,0.08095454305982284,perimeter,-1.3877787807814457e-16
153657121-153657160-001,baseline,20260804,10,gaussian_noise,0.81012391812534,0.7738293576867707,-0.04583584012723218,0.011038489698890031,-0.05687432982612257,0.011038489698890031,0.05687432982612257,perimeter,3.5388358909926865e-16
153657121-153657160-001,baseline,20260804,20,gaussian_noise,0.81012391812534,0.6565250175127335,-0.21022642088150673,-0.043794917281195424,-0.16643150360031111,0.043794917281195424,0.16643150360031111,perimeter,-1.942890293094024e-16
153657121-153657160-001,baseline,20260804,30,gaussian_noise,0.81012391812534,0.32169159851297197,-0.923593903307603,-0.21165839089992014,-0.711935512407683,0.21165839089992014,0.711935512407683,perimeter,1.1102230246251565e-16
153659229-153659264-001,baseline,20260804,10,gaussian_noise,0.806842659340709,0.7791696560753842,-0.03489987026116581,-0.020060003071826014,-0.014839867189339558,0.020060003071826014,0.014839867189339558,area,-2.3592239273284576e-16
153659229-153659264-001,baseline,20260804,20,gaussian_noise,0.806842659340709,0.6886954691881412,-0.15832949568263366,-0.0685933509063277,-0.08973614477630597,0.0685933509063277,0.08973614477630597,perimeter,0.0
153659229-153659264-001,baseline,20260804,30,gaussian_noise,0.806842659340709,0.6015328630493578,-0.2936475103395135,-0.1474135187886198,-0.14623399155089373,0.1474135187886198,0.14623399155089373,area,5.551115123125783e-17
153697342-153697375-001,baseline,20260804,10,gaussian_noise,0.7979396149728736,0.7432776728579651,-0.07096323070743224,0.0008413967681916179,-0.07180462747562393,0.0008413967681916179,0.07180462747562393,perimeter,6.938893903907228e-17
153697342-153697375-001,baseline,20260804,20,gaussian_noise,0.7979396149728736,0.7091220737792393,-0.11800523501157484,-0.04036615006051461,-0.07763908495106031,0.04036615006051461,0.07763908495106031,perimeter,8.326672684688674e-17
153697342-153697375-001,baseline,20260804,30,gaussian_noise,0.7979396149728736,0.4236637411483603,-0.6330928468650648,-0.20118523110509542,-0.4319076157599693,0.20118523110509542,0.4319076157599693,perimeter,-1.1102230246251565e-16
153697342-153697384-001,baseline,20260804,10,gaussian_noise,0.8195562990350089,0.8057680804668448,-0.016967135328882957,-0.007226386388609681,-0.009740748940273363,0.007226386388609681,0.009740748940273363,perimeter,8.673617379884035e-17
153697342-153697384-001,baseline,20260804,20,gaussian_noise,0.8195562990350089,0.6874369462800872,-0.17579298424074935,-0.020972307293244796,-0.15482067694750465,0.020972307293244796,0.15482067694750465,perimeter,8.326672684688674e-17
153697342-153697384-001,baseline,20260804,30,gaussian_noise,0.8195562990350089,0.3223305941175104,-0.9331853864089256,-0.1545036999177675,-0.7786816864911582,0.1545036999177675,0.7786816864911582,perimeter,1.1102230246251565e-16
153697726-153697736-001,baseline,20260804,10,gaussian_noise,0.6402781817137537,0.6387962118865071,-0.002317254567524838,0.004003436859809159,-0.006320691427333882,0.004003436859809159,0.006320691427333882,perimeter,-1.1492543028346347e-16
153697726-153697736-001,baseline,20260804,20,gaussian_noise,0.6402781817137537,0.6635984046292753,0.03577441335375333,0.006853253550569596,0.028921159803183754,0.006853253550569596,0.028921159803183754,perimeter,-2.0816681711721685e-17
153697726-153697736-001,baseline,20260804,30,gaussian_noise,0.6402781817137537,0.6496580544765175,0.014543413585535087,-0.005314959003144756,0.01985837258868002,0.005314959003144756,0.01985837258868002,perimeter,-1.7694179454963432e-16
153701009-153701019-002,baseline,20260804,10,gaussian_noise,0.5545050456940338,0.5289262505311739,-0.047226897132547296,-0.004535155165391262,-0.0426917419671562,0.004535155165391262,0.0426917419671562,perimeter,1.6653345369377348e-16
153701009-153701019-002,baseline,20260804,20,gaussian_noise,0.5545050456940338,0.6024051031489859,0.0828542415252554,-0.08151437828499274,0.1643686198102481,0.08151437828499274,0.1643686198102481,perimeter,2.7755575615628914e-17
153701009-153701019-002,baseline,20260804,30,gaussian_noise,0.5545050456940338,0.6540893660709878,0.16516808120314866,-0.1259326697330346,0.2911007509361832,0.1259326697330346,0.2911007509361832,perimeter,5.551115123125783e-17
153701622-153701650-001,baseline,20260804,10,gaussian_noise,0.7682311089130736,0.7153822612433581,-0.07127358000400075,-0.011954867039080911,-0.05931871296491992,0.011954867039080911,0.05931871296491992,perimeter,8.326672684688674e-17
153701622-153701650-001,baseline,20260804,20,gaussian_noise,0.7682311089130736,0.6784769731883175,-0.12424007006548074,-0.018887748832847898,-0.10535232123263283,0.018887748832847898,0.10535232123263283,perimeter,-1.3877787807814457e-17
153701622-153701650-001,baseline,20260804,30,gaussian_noise,0.7682311089130736,0.6187346600136026,-0.21641408926493816,-0.06502747335644918,-0.151386615908489,0.06502747335644918,0.151386615908489,perimeter,2.7755575615628914e-17
153701949-153701958-001,baseline,20260804,10,gaussian_noise,0.683473704767212,0.6247720247788838,-0.08980136113739214,-0.015082768250162481,-0.07471859288722964,0.015082768250162481,0.07471859288722964,perimeter,-1.3877787807814457e-17
153701949-153701958-001,baseline,20260804,20,gaussian_noise,0.683473704767212,0.603098566414299,-0.1251075405528416,-0.05118660890036856,-0.07392093165247306,0.05118660890036856,0.07392093165247306,perimeter,2.7755575615628914e-17
153701949-153701958-001,baseline,20260804,30,gaussian_noise,0.683473704767212,0.6679551930300799,-0.02296708899411398,-0.06806883706493806,0.045101748070824246,0.06806883706493806,0.045101748070824246,area,-1.6306400674181987e-16
153702037-153702051-003,baseline,20260804,10,gaussian_noise,0.5813269017154558,0.5864035281179829,0.008694914949867823,-0.00506125182046898,0.013756166770336947,0.00506125182046898,0.013756166770336947,perimeter,-1.43982048506075e-16
153702037-153702051-003,baseline,20260804,20,gaussian_noise,0.5813269017154558,0.5149036324929602,-0.12133349039529576,0.008245396136177191,-0.12957888653147298,0.008245396136177191,0.12957888653147298,perimeter,2.7755575615628914e-17
153702037-153702051-003,baseline,20260804,30,gaussian_noise,0.5813269017154558,0.5457335155888409,-0.0631824622622641,-0.009332589545997453,-0.05384987271626647,0.009332589545997453,0.05384987271626647,perimeter,-1.6653345369377348e-16
153826963-153826970-001,baseline,20260804,10,gaussian_noise,0.7800177774428864,0.6875864580648018,-0.1261291321982364,-0.04771671540610127,-0.07841241679213515,0.04771671540610127,0.07841241679213515,perimeter,0.0
153826963-153826970-001,baseline,20260804,20,gaussian_noise,0.7800177774428864,0.2383073611917247,-1.1857554369502947,-0.3825957677468478,-0.803159669203447,0.3825957677468478,0.803159669203447,perimeter,0.0
153826963-153826970-001,baseline,20260804,30,gaussian_noise,0.7800177774428864,0.1867119385752774,-1.4297497172796094,-0.7516672768714648,-0.6780824404081449,0.7516672768714648,0.6780824404081449,area,2.220446049250313e-16
153826963-153826982-003,baseline,20260804,10,gaussian_noise,0.764124528540386,0.6914365363127053,-0.09995940130637151,-0.02421914543142515,-0.0757402558749467,0.02421914543142515,0.0757402558749467,perimeter,3.3306690738754696e-16
153826963-153826982-003,baseline,20260804,20,gaussian_noise,0.764124528540386,0.43320472187873954,-0.56752035629139,-0.08619597490594588,-0.4813243813854442,0.08619597490594588,0.4813243813854442,perimeter,1.1102230246251565e-16
153826963-153826982-003,baseline,20260804,30,gaussian_noise,0.764124528540386,0.19809278018241902,-1.3499952636339827,-0.4634449254207224,-0.8865503382132603,0.4634449254207224,0.8865503382132603,perimeter,0.0
153827595-153827657-002,baseline,20260804,10,gaussian_noise,0.8088878351191314,0.8029727493632436,-0.007339483781216058,-0.0073394824880457996,-1.2931704591861258e-09,0.0073394824880457996,1.2931704591861258e-09,area,2.0122792321330962e-16
153827595-153827657-002,baseline,20260804,20,gaussian_noise,0.8088878351191314,0.7286101982809312,-0.10452137954823291,-0.04152684372123883,-0.06299453582699419,0.04152684372123883,0.06299453582699419,perimeter,9.71445146547012e-17
153827595-153827657-002,baseline,20260804,30,gaussian_noise,0.8088878351191314,0.558708596798835,-0.3700322176229511,-0.1385058759810705,-0.23152634164188063,0.1385058759810705,0.23152634164188063,perimeter,5.551115123125783e-17
153828877-153828902-002,baseline,20260804,10,gaussian_noise,0.7389364924256827,0.7164886534911347,-0.03084956895560678,0.0005314908442945724,-0.031381059799901204,0.0005314908442945724,0.031381059799901204,perimeter,-1.457167719820518e-16
153828877-153828902-002,baseline,20260804,20,gaussian_noise,0.7389364924256827,0.6329392665289628,-0.15483750798845367,-0.024214258120594627,-0.1306232498678589,0.024214258120594627,0.1306232498678589,perimeter,-1.3877787807814457e-16
153828877-153828902-002,baseline,20260804,30,gaussian_noise,0.7389364924256827,0.635869543156954,-0.15021855860012542,-0.01959531226430006,-0.13062324633582517,0.01959531226430006,0.13062324633582517,perimeter,-1.942890293094024e-16
153828952-153828970-001,baseline,20260804,10,gaussian_noise,0.8117580836555371,0.809389556346629,-0.0029220398386102108,-0.002922036877878452,-2.960731657648638e-09,0.002922036877878452,2.960731657648638e-09,area,-1.0104764247564901e-16
153828952-153828970-001,baseline,20260804,20,gaussian_noise,0.8117580836555371,0.7509535792279558,-0.07785853133326112,-0.02879251766324209,-0.04906601367001893,0.02879251766324209,0.04906601367001893,perimeter,-1.1102230246251565e-16
153828952-153828970-001,baseline,20260804,30,gaussian_noise,0.8117580836555371,0.64735956752794,-0.22630048331596633,-0.12170317622027602,-0.10459730709569028,0.12170317622027602,0.10459730709569028,area,-2.7755575615628914e-17
153828952-153829005-001,baseline,20260804,10,gaussian_noise,0.6482395338285263,0.6466466566388237,-0.0024602594496509235,-0.0067427641356690386,0.00428250468601818,0.0067427641356690386,0.00428250468601818,area,-6.505213034913027e-17
153828952-153829005-001,baseline,20260804,20,gaussian_noise,0.6482395338285263,0.6396015694568902,-0.013414844251324078,-0.034177879723399196,0.020763035472075222,0.034177879723399196,0.020763035472075222,area,-1.0408340855860843e-16
153828952-153829005-001,baseline,20260804,30,gaussian_noise,0.6482395338285263,0.4213785194426567,-0.43072875321719606,-0.17526458259766703,-0.25546417061952875,0.17526458259766703,0.25546417061952875,perimeter,-2.7755575615628914e-16
153828952-153829005-002,baseline,20260804,10,gaussian_noise,0.773392876520665,0.7529689090304289,-0.026763231049866394,-0.011496165138426476,-0.015267065911439875,0.011496165138426476,0.015267065911439875,perimeter,-4.163336342344337e-17
153828952-153829005-002,baseline,20260804,20,gaussian_noise,0.773392876520665,0.5702883841039966,-0.3046449986189373,-0.039381368627962134,-0.26526362999097525,0.039381368627962134,0.26526362999097525,perimeter,1.1102230246251565e-16
153828952-153829005-002,baseline,20260804,30,gaussian_noise,0.773392876520665,0.3520654597145957,-0.7869700451220896,-0.21529675360950526,-0.5716732915125845,0.21529675360950526,0.5716732915125845,perimeter,2.220446049250313e-16
153829664-153829672-001,baseline,20260804,10,gaussian_noise,0.6423839286603215,0.6428139764786713,0.0006692320811927384,0.0006692320811929602,-0.0,0.0006692320811929602,0.0,area,-2.218277644905342e-16
153829664-153829672-001,baseline,20260804,20,gaussian_noise,0.6423839286603215,0.6670197129389321,0.03763345544242409,-0.0006696802527189593,0.03830313569514328,0.0006696802527189593,0.03830313569514328,perimeter,-2.2898349882893854e-16
153829664-153829672-001,baseline,20260804,30,gaussian_noise,0.6423839286603215,0.6201586618799001,-0.03521079310893326,-0.06018538774990925,0.02497459464097627,0.06018538774990925,0.02497459464097627,area,-2.8449465006019636e-16
153829745-153829768-001,baseline,20260804,10,gaussian_noise,0.41677254967976457,0.7716277980345461,0.6159616782891278,-1.5712166996139025,2.1871783779030305,1.5712166996139025,2.1871783779030305,perimeter,-1.1102230246251565e-16
153829745-153829768-001,baseline,20260804,20,gaussian_noise,0.41677254967976457,1.157441697051819,1.0214267863972923,-2.5520459526256287,3.573472739022921,2.5520459526256287,3.573472739022921,perimeter,2.220446049250313e-16
153829745-153829768-001,baseline,20260804,30,gaussian_noise,0.41677254967976457,0.9144072804131194,0.7857354458286602,-2.264363880173848,3.050099326002508,2.264363880173848,3.050099326002508,perimeter,1.1102230246251565e-16
153829745-153829768-003,baseline,20260804,10,gaussian_noise,0.7437829861362638,0.6625911694707346,-0.11559114429609262,-0.029922164907433373,-0.0856689793886593,0.029922164907433373,0.0856689793886593,perimeter,6.938893903907228e-17
153829745-153829768-003,baseline,20260804,20,gaussian_noise,0.7437829861362638,0.6740386704086367,-0.0984618232239598,-0.11353630494856697,0.015074481724607108,0.11353630494856697,0.015074481724607108,area,5.551115123125783e-17
153829745-153829768-003,baseline,20260804,30,gaussian_noise,0.7437829861362638,0.4055006182493126,-0.6066269087704173,-0.24507632618816433,-0.3615505825822527,0.24507632618816433,0.3615505825822527,perimeter,-2.220446049250313e-16
153830680-153830827-002,baseline,20260804,10,gaussian_noise,0.8095214862202836,0.8162192289036011,0.008239666405127797,-0.01034204380561753,0.018581710210745634,0.01034204380561753,0.018581710210745634,perimeter,-3.0704605524789486e-16
153830680-153830827-002,baseline,20260804,20,gaussian_noise,0.8095214862202836,0.8319366267019458,0.02731295274311504,-0.028958252438415346,0.05627120518153045,0.028958252438415346,0.05627120518153045,perimeter,-6.245004513516506e-17
153830680-153830827-002,baseline,20260804,30,gaussian_noise,0.8095214862202836,0.5730772093279413,-0.345422861937268,-0.0880679649130152,-0.257354897024253,0.0880679649130152,0.257354897024253,perimeter,2.220446049250313e-16
153831352-153831372-004,baseline,20260804,10,gaussian_noise,0.47402118686131683,0.5006344229772982,0.05462412135624168,-0.031791836533755086,0.08641595788999676,0.031791836533755086,0.08641595788999676,perimeter,6.938893903907228e-18
153831352-153831372-004,baseline,20260804,20,gaussian_noise,0.47402118686131683,0.42848820474736093,-0.10098880790080672,0.0172349486881672,-0.11822375658897397,0.0172349486881672,0.11822375658897397,perimeter,4.163336342344337e-17
153831352-153831372-004,baseline,20260804,30,gaussian_noise,0.47402118686131683,0.35718967531202206,-0.28298507463282263,-0.06092554967961019,-0.22205952495321266,0.06092554967961019,0.22205952495321266,perimeter,2.220446049250313e-16
153915432-153915441-002,baseline,20260804,10,gaussian_noise,0.8012947008044956,0.7907713719781176,-0.013219906215922155,-0.01627578964027803,0.003055883424356054,0.01627578964027803,0.003055883424356054,area,-1.7867651802561113e-16
153915432-153915441-002,baseline,20260804,20,gaussian_noise,0.8012947008044956,0.7636818958688723,-0.04807745971623131,-0.03250009971347696,-0.015577360002754398,0.03250009971347696,0.015577360002754398,area,4.85722573273506e-17
153915432-153915441-002,baseline,20260804,30,gaussian_noise,0.8012947008044956,0.7346917014503743,-0.08677783810583888,-0.057505461653834196,-0.02927237645200485,0.057505461653834196,0.02927237645200485,area,1.6653345369377348e-16
153915432-153915472-001,baseline,20260804,10,gaussian_noise,0.7599638189809949,0.7856610642424287,0.033254657909114665,-0.00961545869944198,0.04287011660855678,0.00961545869944198,0.04287011660855678,perimeter,-1.3877787807814457e-16
153915432-153915472-001,baseline,20260804,20,gaussian_noise,0.7599638189809949,0.7802598744184133,0.026356210982167703,-0.024868066578013423,0.051224277560181164,0.024868066578013423,0.051224277560181164,perimeter,-3.8163916471489756e-17
153915432-153915472-001,baseline,20260804,30,gaussian_noise,0.7599638189809949,0.7781536470807507,0.02365316895766817,-0.04035692458528723,0.06401009354295552,0.04035692458528723,0.06401009354295552,perimeter,-1.1796119636642288e-16
153915726-153915736-001,baseline,20260804,10,gaussian_noise,0.5781704765447853,0.4939572059391296,-0.1574198815225601,-0.037271394797231655,-0.12014848672532819,0.037271394797231655,0.12014848672532819,perimeter,-2.498001805406602e-16
153915726-153915736-001,baseline,20260804,20,gaussian_noise,0.5781704765447853,0.4716991084271221,-0.2035274671430178,-0.11293324603473102,-0.090594221108287,0.11293324603473102,0.090594221108287,area,2.220446049250313e-16
153915726-153915736-001,baseline,20260804,30,gaussian_noise,0.5781704765447853,0.24166020827249152,-0.872336125864735,-0.46016425829373125,-0.4121718675710034,0.46016425829373125,0.4121718675710034,area,-3.3306690738754696e-16
153916114-153916129-002,baseline,20260804,10,gaussian_noise,0.5060430471252854,0.4889420883360702,-0.034377685338020735,-0.015901157029556464,-0.01847652830846423,0.015901157029556464,0.01847652830846423,perimeter,-4.163336342344337e-17
153916114-153916129-002,baseline,20260804,20,gaussian_noise,0.5060430471252854,0.6165168052604076,0.19746384233478392,-0.06632264293107261,0.2637864852658569,0.06632264293107261,0.2637864852658569,perimeter,-3.885780586188048e-16
153916114-153916129-002,baseline,20260804,30,gaussian_noise,0.5060430471252854,0.6024130484213251,0.17432159793800422,-0.08071138038317215,0.25503297832117683,0.08071138038317215,0.25503297832117683,perimeter,-4.440892098500626e-16
153916114-153916150-001,baseline,20260804,10,gaussian_noise,0.7037219067486954,0.6823434311485413,-0.030850163463457776,-0.012851287572052443,-0.01799887589140527,0.012851287572052443,0.01799887589140527,perimeter,-6.245004513516506e-17
153916114-153916150-001,baseline,20260804,20,gaussian_noise,0.7037219067486954,0.6323418428718801,-0.1069531207563628,-0.03678661122051518,-0.07016650953584773,0.03678661122051518,0.07016650953584773,perimeter,9.71445146547012e-17
153916114-153916150-001,baseline,20260804,30,gaussian_noise,0.7037219067486954,0.41158570617853174,-0.5363659833952024,-0.12496858569275854,-0.4113973977024437,0.12496858569275854,0.4113973977024437,perimeter,-1.1102230246251565e-16
153916114-153916167-001,baseline,20260804,10,gaussian_noise,0.7499716213689239,0.720085663733571,-0.04066518529911817,-0.016473729415143586,-0.0241914558839747,0.016473729415143586,0.0241914558839747,perimeter,1.1796119636642288e-16
153916114-153916167-001,baseline,20260804,20,gaussian_noise,0.7499716213689239,0.5245846724337773,-0.35742851825905775,-0.05025839721482255,-0.3071701210442352,0.05025839721482255,0.3071701210442352,perimeter,0.0
153916114-153916167-001,baseline,20260804,30,gaussian_noise,0.7499716213689239,0.3410416433720274,-0.788030776486798,-0.2909105751169038,-0.4971202013698942,0.2909105751169038,0.4971202013698942,perimeter,0.0
153916569-153916586-001,baseline,20260804,10,gaussian_noise,0.630368993743855,0.6231868897261694,-0.011458894972556734,-0.034544909033383114,0.023086014060826273,0.034544909033383114,0.023086014060826273,area,1.0755285551056204e-16
153916569-153916586-001,baseline,20260804,20,gaussian_noise,0.630368993743855,0.4281765142926053,-0.3867698251500884,-0.13059793893996294,-0.2561718862101258,0.13059793893996294,0.2561718862101258,perimeter,3.3306690738754696e-16
153916569-153916586-001,baseline,20260804,30,gaussian_noise,0.630368993743855,0.23341126065880674,-0.9935033874127164,-0.38628157133153296,-0.6072218160811836,0.38628157133153296,0.6072218160811836,perimeter,2.220446049250313e-16
153956040-153956058-001,baseline,20260804,10,gaussian_noise,0.8243248308663368,0.6771401375743494,-0.19668641505934711,-0.006812678417506819,-0.18987373664184026,0.006812678417506819,0.18987373664184026,perimeter,-2.7755575615628914e-17
153956040-153956058-001,baseline,20260804,20,gaussian_noise,0.8243248308663368,0.701487591967215,-0.1613614529171624,-0.019094827409159777,-0.14226662550800262,0.019094827409159777,0.14226662550800262,perimeter,0.0
153956040-153956058-001,baseline,20260804,30,gaussian_noise,0.8243248308663368,0.6355425944064269,-0.2600855510314642,-0.0532861921574391,-0.2067993588740253,0.0532861921574391,0.2067993588740253,perimeter,2.220446049250313e-16
153956040-153956058-003,baseline,20260804,10,gaussian_noise,0.753430615518143,0.8495857813845188,0.1201119837846234,-0.006748233116049881,0.12686021690067337,0.006748233116049881,0.12686021690067337,perimeter,-8.326672684688674e-17
153956040-153956058-003,baseline,20260804,20,gaussian_noise,0.753430615518143,0.6951091484365045,-0.08056804956037804,-0.02554417304742607,-0.05502387651295219,0.02554417304742607,0.05502387651295219,perimeter,2.220446049250313e-16
153956040-153956058-003,baseline,20260804,30,gaussian_noise,0.753430615518143,0.6184463936690205,-0.19742641434144073,-0.05797471012660296,-0.1394517042148374,0.05797471012660296,0.1394517042148374,perimeter,-3.608224830031759e-16
153956040-153956072-003,baseline,20260804,10,gaussian_noise,0.7049019904799343,0.6685775416671822,-0.05290638921830508,0.026847250036188056,-0.07975363925449314,0.026847250036188056,0.07975363925449314,perimeter,0.0
153956040-153956072-003,baseline,20260804,20,gaussian_noise,0.7049019904799343,0.6632106692639517,-0.0609660813092964,0.013513719166722855,-0.07447980047601947,0.013513719166722855,0.07447980047601947,perimeter,2.220446049250313e-16
153956040-153956072-003,baseline,20260804,30,gaussian_noise,0.7049019904799343,0.59945944496311,-0.16203044847440717,0.002717392976499886,-0.16474784145090707,0.002717392976499886,0.16474784145090707,perimeter,0.0
153956444-153956458-004,baseline,20260804,10,gaussian_noise,0.8376666354657856,0.8445543792095936,0.008188914742740422,-0.0061815313442146295,0.014370446086955075,0.0061815313442146295,0.014370446086955075,perimeter,-2.42861286636753e-17
153956444-153956458-004,baseline,20260804,20,gaussian_noise,0.8376666354657856,0.8243172284072336,-0.016064769875599284,-0.023237089744814542,0.007172319869215403,0.023237089744814542,0.007172319869215403,area,-1.4224732503009818e-16
153956444-153956458-004,baseline,20260804,30,gaussian_noise,0.8376666354657856,0.7349612832354315,-0.13080238967285773,-0.03651289800220001,-0.09428949167065774,0.03651289800220001,0.09428949167065774,perimeter,2.7755575615628914e-17
153958154-153958211-001,baseline,20260804,10,gaussian_noise,0.6702120824449948,0.6979484012292596,0.04055097303039264,-0.0072013404501830355,0.047752313480575515,0.0072013404501830355,0.047752313480575515,perimeter,1.5959455978986625e-16
153958154-153958211-001,baseline,20260804,20,gaussian_noise,0.6702120824449948,0.6829825127674205,0.018875052422233828,-0.08080403241529611,0.09967908483752984,0.08080403241529611,0.09967908483752984,perimeter,1.0408340855860843e-16
153958154-153958211-001,baseline,20260804,30,gaussian_noise,0.6702120824449948,0.5503721947692718,-0.19699943614055784,-0.07586575077471348,-0.12113368536584433,0.07586575077471348,0.12113368536584433,perimeter,-2.7755575615628914e-17
153958547-153958572-002,baseline,20260804,10,gaussian_noise,0.7221198438331915,0.6337631490234964,-0.13051581115063293,-0.06939199342399993,-0.06112381772663289,0.06939199342399993,0.06112381772663289,area,-1.1102230246251565e-16
153958547-153958572-002,baseline,20260804,20,gaussian_noise,0.7221198438331915,0.4814653303570741,-0.4053568885731484,-0.10081880677748513,-0.3045380817956632,0.10081880677748513,0.3045380817956632,perimeter,-5.551115123125783e-17
153958547-153958572-002,baseline,20260804,30,gaussian_noise,0.7221198438331915,0.3458021322813392,-0.7363243743495568,-0.2386259154625867,-0.4976984588869701,0.2386259154625867,0.4976984588869701,perimeter,1.1102230246251565e-16
153958547-153958572-006,baseline,20260804,10,gaussian_noise,0.7933657437164657,0.6929606265835009,-0.1353111489080538,-0.0722045692473943,-0.0631065796606598,0.0722045692473943,0.0631065796606598,area,3.0531133177191805e-16
153958547-153958572-006,baseline,20260804,20,gaussian_noise,0.7933657437164657,0.5485322453299177,-0.3690382643956793,-0.13751987564291152,-0.23151838875276792,0.13751987564291152,0.23151838875276792,perimeter,1.1102230246251565e-16
153958547-153958572-006,baseline,20260804,30,gaussian_noise,0.7933657437164657,0.38079195301179264,-0.7340311596898811,-0.38288905840636767,-0.3511421012835133,0.38288905840636767,0.3511421012835133,area,-1.1102230246251565e-16
153958547-153958572-008,baseline,20260804,10,gaussian_noise,0.6204036148550577,0.5834646059733746,-0.061386466194147594,-0.021142436573809237,-0.04024402962033847,0.021142436573809237,0.04024402962033847,perimeter,1.1102230246251565e-16
153958547-153958572-008,baseline,20260804,20,gaussian_noise,0.6204036148550577,0.5438751318777438,-0.13165057441880726,-0.12816625307845328,-0.0034843213403539484,0.12816625307845328,0.0034843213403539484,area,-2.7755575615628914e-17
153958547-153958572-008,baseline,20260804,30,gaussian_noise,0.6204036148550577,0.36823427423120936,-0.5216509075632242,-0.17440319910463956,-0.3472477084585849,0.17440319910463956,0.3472477084585849,perimeter,2.220446049250313e-16
153958547-153958572-009,baseline,20260804,10,gaussian_noise,0.786749536806999,0.7896678604020338,0.00370247998275867,-0.03413300636945847,0.037835486352217236,0.03413300636945847,0.037835486352217236,perimeter,-9.497611030973019e-17
153958547-153958572-009,baseline,20260804,20,gaussian_noise,0.786749536806999,0.6864757633457883,-0.1363390272847067,-0.03500143890341239,-0.10133758838129439,0.03500143890341239,0.10133758838129439,perimeter,8.326672684688674e-17
153958547-153958572-009,baseline,20260804,30,gaussian_noise,0.786749536806999,0.7356217341435368,-0.06719390876434594,-0.07217386027492809,0.004979951510582284,0.07217386027492809,0.004979951510582284,area,-1.3877787807814457e-16
153958547-153958590-002,baseline,20260804,10,gaussian_noise,0.9228931349521913,0.7491862861707959,-0.20852578191115767,0.0025873235649509544,-0.21111310547610837,0.0025873235649509544,0.21111310547610837,perimeter,-2.498001805406602e-16
153958547-153958590-002,baseline,20260804,20,gaussian_noise,0.9228931349521913,0.55847430634567,-0.5023048349846154,0.0032331098321471624,-0.5055379448167625,0.0032331098321471624,0.5055379448167625,perimeter,-1.1102230246251565e-16
153958547-153958590-002,baseline,20260804,30,gaussian_noise,0.9228931349521913,0.4454832628721507,-0.7283537707884431,-0.30115760781636175,-0.42719616297208146,0.30115760781636175,0.42719616297208146,perimeter,1.1102230246251565e-16
154519964-154519981-001,baseline,20260804,10,gaussian_noise,0.5859255451770494,0.5511391310750718,-0.06120544172600237,-0.005269847269517788,-0.055935594456484314,0.005269847269517788,0.055935594456484314,perimeter,-2.636779683484747e-16
154519964-154519981-001,baseline,20260804,20,gaussian_noise,0.5859255451770494,0.45304030362994907,-0.25721163348191883,-0.06514866116415853,-0.19206297231776015,0.06514866116415853,0.19206297231776015,perimeter,-1.6653345369377348e-16
154519964-154519981-001,baseline,20260804,30,gaussian_noise,0.5859255451770494,0.5517079087251511,-0.0601739701257146,-0.16859490337281727,0.10842093324710272,0.16859490337281727,0.10842093324710272,area,-5.551115123125783e-17
157181481-157181497-004,baseline,20260804,10,gaussian_noise,0.8389751060093473,0.7541946865417214,-0.10653049535991792,-0.06140035686425664,-0.04513013849566102,0.06140035686425664,0.04513013849566102,area,-2.636779683484747e-16
157181481-157181497-004,baseline,20260804,20,gaussian_noise,0.8389751060093473,0.6264499166248338,-0.29211220540114563,-0.15153485951556528,-0.14057734588558035,0.15153485951556528,0.14057734588558035,area,0.0
157181481-157181497-004,baseline,20260804,30,gaussian_noise,0.8389751060093473,0.3335767939829407,-0.9223079293374461,-0.6989539160795851,-0.22335401325786103,0.6989539160795851,0.22335401325786103,area,0.0
157181671-157181697-001,baseline,20260804,10,gaussian_noise,0.7174159971542735,0.7174159971542735,0.0,0.0,-0.0,0.0,0.0,area,0.0
157181671-157181697-001,baseline,20260804,20,gaussian_noise,0.7174159971542735,0.7394526660088417,0.030254408357802562,0.030254408357802343,-0.0,0.030254408357802343,0.0,area,2.185751579730777e-16
157181671-157181697-001,baseline,20260804,30,gaussian_noise,0.7174159971542735,0.7126663870564949,-0.006642453069560912,0.09747971420558921,-0.1041221672751501,0.09747971420558921,0.1041221672751501,perimeter,-2.0816681711721685e-17
157183193-157183279-001,baseline,20260804,10,gaussian_noise,0.6775447649395224,0.6695264836976346,-0.011904902506318427,-0.011904902506318314,-0.0,0.011904902506318314,0.0,area,-1.1275702593849246e-16
157183193-157183279-001,baseline,20260804,20,gaussian_noise,0.6775447649395224,0.6895721868023541,0.017595761890379442,0.01759576189037966,-0.0,0.01759576189037966,0.0,area,-2.185751579730777e-16
157183193-157183279-001,baseline,20260804,30,gaussian_noise,0.6775447649395224,0.7015996086651859,0.03488725900044054,0.03488725900044054,-0.0,0.03488725900044054,0.0,area,0.0
157183828-157183877-001,baseline,20260804,10,gaussian_noise,0.725569633796139,0.7000755004474583,-0.035768861131130716,0.004458322141711228,-0.04022718327284196,0.004458322141711228,0.04022718327284196,perimeter,1.3877787807814457e-17
157183828-157183877-001,baseline,20260804,20,gaussian_noise,0.725569633796139,0.7085446937704744,-0.023743908754404908,0.024714408817445403,-0.048458317571850554,0.024714408817445403,0.048458317571850554,perimeter,2.42861286636753e-16
157183828-157183877-001,baseline,20260804,30,gaussian_noise,0.725569633796139,0.7197339530953658,-0.008075414005545418,-0.008075414005545418,-0.0,0.008075414005545418,0.0,area,0.0
157183964-157183980-001,baseline,20260804,10,gaussian_noise,0.7122906503210363,0.7122906503210363,0.0,0.0,-0.0,0.0,0.0,area,0.0
157183964-157183980-001,baseline,20260804,20,gaussian_noise,0.7122906503210363,0.6966268482437223,-0.02223614583093682,-0.034354523502108346,0.012118377671171384,0.034354523502108346,0.012118377671171384,area,1.4224732503009818e-16
157183964-157183980-001,baseline,20260804,30,gaussian_noise,0.7122906503210363,0.7002632284582047,-0.017029739844802296,-0.01702973984480241,-0.0,0.01702973984480241,0.0,area,1.1449174941446927e-16
157184013-157184031-001,baseline,20260804,10,gaussian_noise,1.1091922632230142,1.1249633714271667,0.014118416756222359,0.038282186571016966,-0.024163769814794584,0.038282186571016966,0.024163769814794584,area,-2.2551405187698492e-17
157184013-157184031-001,baseline,20260804,20,gaussian_noise,1.1091922632230142,1.1212716440189496,0.010831378038717204,-0.0972633054252069,0.10809468346392402,0.0972633054252069,0.10809468346392402,perimeter,8.847089727481716e-17
157184013-157184031-001,baseline,20260804,30,gaussian_noise,1.1091922632230142,1.105265218822335,-0.0035467364346832343,-0.12451294787258242,0.12096621143789907,0.12451294787258242,0.12096621143789907,area,1.192622389734055e-16
157184850-157184920-002,baseline,20260804,10,gaussian_noise,0.647215028723141,0.622008830187465,-0.03972429753545425,-0.013261956291882492,-0.026462341243571972,0.013261956291882492,0.026462341243571972,perimeter,2.1510571102112408e-16
157184850-157184920-002,baseline,20260804,20,gaussian_noise,0.647215028723141,0.5782923828971139,-0.11259899308156289,-0.048194356754387456,-0.06440463632717539,0.048194356754387456,0.06440463632717539,perimeter,-4.163336342344337e-17
157184850-157184920-002,baseline,20260804,30,gaussian_noise,0.647215028723141,0.397988224004873,-0.4862561696974834,-0.16097019951529115,-0.32528597018219224,0.16097019951529115,0.32528597018219224,perimeter,0.0
157184850-157184942-001,baseline,20260804,10,gaussian_noise,0.4831511873760721,0.49125498553164243,0.016633689782265232,0.029071814821976877,-0.012438125039711628,0.029071814821976877,0.012438125039711628,area,-1.734723475976807e-17
157184850-157184942-001,baseline,20260804,20,gaussian_noise,0.4831511873760721,0.4907810968488798,0.015668575102573568,0.040467949552846424,-0.024799374450272884,0.040467949552846424,0.024799374450272884,area,2.7755575615628914e-17
157184850-157184942-001,baseline,20260804,30,gaussian_noise,0.4831511873760721,0.5016791090158624,0.037631068217646814,0.037631068217646814,-0.0,0.037631068217646814,0.0,area,0.0
157185208-157185238-001,baseline,20260804,10,gaussian_noise,0.6754400229661928,0.6754400229661928,0.0,0.0,-0.0,0.0,0.0,area,0.0
157185208-157185238-001,baseline,20260804,20,gaussian_noise,0.6754400229661928,0.6662065871364936,-0.013764551026293391,-0.024317307650706357,0.010552756624413033,0.024317307650706357,0.010552756624413033,area,-6.765421556309548e-17
157185208-157185238-001,baseline,20260804,30,gaussian_noise,0.6754400229661928,0.6826055185121612,0.010552756624413046,0.0,0.010552756624413033,0.0,0.010552756624413033,perimeter,1.214306433183765e-17
157185433-157185479-002,baseline,20260804,10,gaussian_noise,0.8958782976493527,0.7475499492036863,-0.1810034505235096,0.012317322777579461,-0.19332077330108882,0.012317322777579461,0.19332077330108882,perimeter,-2.498001805406602e-16
157185433-157185479-002,baseline,20260804,20,gaussian_noise,0.8958782976493527,0.65495336074012,-0.3132405471099135,-0.06479675225585578,-0.24844379485405782,0.06479675225585578,0.24844379485405782,perimeter,1.1102230246251565e-16
157185433-157185479-002,baseline,20260804,30,gaussian_noise,0.8958782976493527,0.2756980643687936,-1.1784982780157855,-0.35966713323830457,-0.8188311447774809,0.35966713323830457,0.8188311447774809,perimeter,-2.220446049250313e-16
157185433-157185479-003,baseline,20260804,10,gaussian_noise,0.8487194473988671,0.7477114498056558,-0.12671153979418562,-0.024378525795139102,-0.10233301399904648,0.024378525795139102,0.10233301399904648,perimeter,-2.7755575615628914e-17
157185433-157185479-003,baseline,20260804,20,gaussian_noise,0.8487194473988671,0.6423535861514305,-0.27858977172727195,-0.11178014669216035,-0.16680962503511143,0.11178014669216035,0.16680962503511143,perimeter,-1.6653345369377348e-16
157185433-157185479-003,baseline,20260804,30,gaussian_noise,0.8487194473988671,0.48096241491135777,-0.5679395534760586,-0.1671492819596349,-0.4007902715164238,0.1671492819596349,0.4007902715164238,perimeter,1.1102230246251565e-16
157185433-157185479-004,baseline,20260804,10,gaussian_noise,0.7990532441464243,0.8264157193552149,0.03367035708237417,-0.017094433359300068,0.05076479044167438,0.017094433359300068,0.05076479044167438,perimeter,-1.457167719820518e-16
157185433-157185479-004,baseline,20260804,20,gaussian_noise,0.7990532441464243,0.6798505417131101,-0.16155459961308982,-0.05218575317057019,-0.10936884644251939,0.05218575317057019,0.10936884644251939,perimeter,-2.498001805406602e-16
157185433-157185479-004,baseline,20260804,30,gaussian_noise,0.7990532441464243,0.43438892036101834,-0.6094873193473082,-0.2831724819458059,-0.32631483740150224,0.2831724819458059,0.32631483740150224,perimeter,0.0
157185433-157185479-006,baseline,20260804,10,gaussian_noise,0.9829041945868285,0.9280577875889392,-0.057417651169412574,-0.04041434230018471,-0.017003308869227917,0.04041434230018471,0.017003308869227917,area,4.85722573273506e-17
157185433-157185479-006,baseline,20260804,20,gaussian_noise,0.9829041945868285,0.745059623789834,-0.27704740601578043,-0.07446648504610026,-0.20258092096968033,0.07446648504610026,0.20258092096968033,perimeter,1.6653345369377348e-16
157185433-157185479-006,baseline,20260804,30,gaussian_noise,0.9829041945868285,0.35151629817396135,-1.0282555754563492,-0.7961288359140668,-0.23212673954228286,0.7961288359140668,0.23212673954228286,area,4.440892098500626e-16
157185433-157185508-001,baseline,20260804,10,gaussian_noise,0.7999184332665561,0.6592604504048162,-0.1933910869849722,0.026610703612849704,-0.22000179059782182,0.026610703612849704,0.22000179059782182,perimeter,-8.326672684688674e-17
157185433-157185508-001,baseline,20260804,20,gaussian_noise,0.7999184332665561,0.6051074102746596,-0.27910378413604514,-0.016164936853355388,-0.26293884728268985,0.016164936853355388,0.26293884728268985,perimeter,1.1102230246251565e-16
157185433-157185508-001,baseline,20260804,30,gaussian_noise,0.7999184332665561,0.3585145566377611,-0.8025405005482352,-0.27993760005630325,-0.522602900491932,0.27993760005630325,0.522602900491932,perimeter,1.1102230246251565e-16
157185730-157185758-001,baseline,20260804,10,gaussian_noise,0.6054904769886118,0.7642186920042127,0.23281515893201565,-0.0877474456549176,0.32056260458693336,0.0877474456549176,0.32056260458693336,perimeter,-1.1102230246251565e-16
157185730-157185758-001,baseline,20260804,20,gaussian_noise,0.6054904769886118,0.556713689424398,-0.08398775015771712,-0.36955608350046715,0.2855683333427501,0.36955608350046715,0.2855683333427501,area,-8.326672684688674e-17
157185730-157185758-001,baseline,20260804,30,gaussian_noise,0.6054904769886118,0.4034629580787112,-0.40595415339648966,-0.6353997381350807,0.22944558473859084,0.6353997381350807,0.22944558473859084,area,1.6653345369377348e-16
157185781-157185793-003,baseline,20260804,10,gaussian_noise,0.8195555149244538,0.8360628132145145,0.019941607363023344,-0.09944762957355235,0.11938923693657566,0.09944762957355235,0.11938923693657566,perimeter,3.8163916471489756e-17
157185781-157185793-003,baseline,20260804,20,gaussian_noise,0.8195555149244538,0.7641173122117727,-0.07004081092888116,-0.2669737304288943,0.19693291950001318,0.2669737304288943,0.19693291950001318,area,-6.938893903907228e-17
157185781-157185793-003,baseline,20260804,30,gaussian_noise,0.8195555149244538,0.14258047945489058,-1.748855529931498,-1.0885921647513468,-0.6602633651801512,1.0885921647513468,0.6602633651801512,area,0.0
157222534-157222607-001,baseline,20260804,10,gaussian_noise,0.7294475727884951,0.7341235187679085,0.006389798098770988,0.006389798098770988,-0.0,0.006389798098770988,0.0,area,0.0
157222534-157222607-001,baseline,20260804,20,gaussian_noise,0.7294475727884951,0.738799464747322,0.012739025777429712,0.012739025777429712,-0.0,0.012739025777429712,0.0,area,0.0
157222534-157222607-001,baseline,20260804,30,gaussian_noise,0.7294475727884951,0.7870153757168923,0.07596028729282715,-0.019418085857101627,0.09537837314992863,0.019418085857101627,0.09537837314992863,perimeter,1.5265566588595902e-16
157222647-157222687-001,baseline,20260804,10,gaussian_noise,0.7320310378795903,0.724725338898756,-0.01003017435993747,-0.010030174359937357,-0.0,0.010030174359937357,0.0,area,-1.1275702593849246e-16
157222647-157222687-001,baseline,20260804,20,gaussian_noise,0.7320310378795903,0.7167936465989144,-0.021034916477587852,-0.02834197800227497,0.007307061524687203,0.02834197800227497,0.007307061524687203,area,-8.673617379884035e-17
157222647-157222687-001,baseline,20260804,30,gaussian_noise,0.7320310378795903,0.7203419195102556,-0.016096927042174667,-0.016096927042174667,-0.0,0.016096927042174667,0.0,area,0.0
157222801-157222811-001,baseline,20260804,10,gaussian_noise,0.828432219938146,0.873914028283233,0.053446982064257145,0.006185586732710744,0.047261395331546406,0.006185586732710744,0.047261395331546406,perimeter,-6.938893903907228e-18
157222801-157222811-001,baseline,20260804,20,gaussian_noise,0.828432219938146,0.8335724405375554,0.006185586732710744,0.006185586732710744,-0.0,0.006185586732710744,0.0,area,0.0
157222801-157222811-001,baseline,20260804,30,gaussian_noise,0.828432219938146,0.8613397257180065,0.03895397476169032,-0.008307420569856117,0.047261395331546406,0.008307420569856117,0.047261395331546406,perimeter,2.7755575615628914e-17
157223549-157223570-001,baseline,20260804,10,gaussian_noise,0.6026062505413001,0.5862642178084694,-0.02749342767148364,0.013001266557373721,-0.04049469422885713,0.013001266557373721,0.04049469422885713,perimeter,-2.2898349882893854e-16
157223549-157223570-001,baseline,20260804,20,gaussian_noise,0.6026062505413001,0.601291951194427,-0.0021834069809436177,-0.0021834069809435063,-0.0,0.0021834069809435063,0.0,area,-1.1145598333150986e-16
157223549-157223570-001,baseline,20260804,30,gaussian_noise,0.6026062505413001,0.5960347538069347,-0.010965022141328442,-0.010965022141328216,-0.0,0.010965022141328216,0.0,area,-2.255140518769849e-16
157224412-157224429-001,baseline,20260804,10,gaussian_noise,0.9570426652766004,0.9570426652766004,0.0,0.0,-0.0,0.0,0.0,area,0.0
157224412-157224429-001,baseline,20260804,20,gaussian_noise,0.9570426652766004,0.8923271664542556,-0.07001512890602357,-0.07001512890602357,-0.0,0.07001512890602357,0.0,area,0.0
157224412-157224429-001,baseline,20260804,30,gaussian_noise,0.9570426652766004,0.9526068557515784,-0.004645687550652565,0.12684458633395818,-0.13149027388461115,0.12684458633395818,0.13149027388461115,perimeter,4.119968255444917e-16
157224458-157224464-001,baseline,20260804,10,gaussian_noise,0.9313475020379646,0.8947046018528326,-0.04013885438868825,0.020902851264592473,-0.061041705653280806,0.020902851264592473,0.061041705653280806,perimeter,8.326672684688674e-17
157224458-157224464-001,baseline,20260804,20,gaussian_noise,0.9313475020379646,1.0633617394029902,0.13255815653797057,0.13255815653797037,-0.0,0.13255815653797037,0.0,area,1.942890293094024e-16
157224458-157224464-001,baseline,20260804,30,gaussian_noise,0.9313475020379646,0.7934457374096531,-0.1602473106166727,-0.09192514286044223,-0.06832216775623054,0.09192514286044223,0.06832216775623054,area,8.326672684688674e-17
157224458-157224483-001,baseline,20260804,10,gaussian_noise,0.7250340179750501,0.6824099303835482,-0.06058802688250429,0.06744128079553248,-0.12802930767803686,0.06744128079553248,0.12802930767803686,perimeter,9.020562075079397e-17
157224458-157224483-001,baseline,20260804,20,gaussian_noise,0.7250340179750501,0.6824099303835482,-0.06058802688250429,0.06744128079553248,-0.12802930767803686,0.06744128079553248,0.12802930767803686,perimeter,9.020562075079397e-17
157224458-157224483-001,baseline,20260804,30,gaussian_noise,0.7250340179750501,0.7026205588276284,-0.03140157462538827,0.11000089521432849,-0.14140246983971652,0.11000089521432849,0.14140246983971652,perimeter,-2.3592239273284576e-16
157227058-157227087-001,baseline,20260804,10,gaussian_noise,0.2506594008843948,0.7136741898993884,1.0463314924998262,-0.033418612423766675,1.0797501049235927,0.033418612423766675,1.0797501049235927,perimeter,2.220446049250313e-16
157227058-157227087-001,baseline,20260804,20,gaussian_noise,0.2506594008843948,0.3670347547876649,0.3813614942366458,-0.2876820724517809,0.6690435666884265,0.2876820724517809,0.6690435666884265,perimeter,2.220446049250313e-16
157227058-157227087-001,baseline,20260804,30,gaussian_noise,0.2506594008843948,0.13788049377525985,-0.5977077261901729,-0.31241060522750436,-0.28529712096266846,0.31241060522750436,0.28529712096266846,area,0.0
157227461-157227503-003,baseline,20260804,10,gaussian_noise,0.8606806849525782,0.8527460949146317,-0.009261728426258364,0.0008729812863449192,-0.010134709712603206,0.0008729812863449192,0.010134709712603206,perimeter,-7.806255641895632e-17
157227461-157227503-003,baseline,20260804,20,gaussian_noise,0.8606806849525782,0.5683206993860128,-0.4150376993290721,-0.1389107763354906,-0.2761269229935814,0.1389107763354906,0.2761269229935814,perimeter,-1.1102230246251565e-16
157227461-157227503-003,baseline,20260804,30,gaussian_noise,0.8606806849525782,0.2763293120580775,-1.136130256213548,-0.7296118697112447,-0.40651838650230376,0.7296118697112447,0.40651838650230376,area,4.440892098500626e-16
157266930-157266947-001,baseline,20260804,10,gaussian_noise,0.6229067402109573,0.5707719429654287,-0.08740708238180141,-0.05479506117763443,-0.03261202120416724,0.05479506117763443,0.03261202120416724,area,2.636779683484747e-16
157266930-157266947-001,baseline,20260804,20,gaussian_noise,0.6229067402109573,0.19242342658449413,-1.1746985222824715,-0.2768275698493144,-0.8978709524331573,0.2768275698493144,0.8978709524331573,perimeter,2.220446049250313e-16
157266930-157266947-001,baseline,20260804,30,gaussian_noise,0.6229067402109573,0.2978529956330012,-0.7377967513502569,-0.43706293817569836,-0.3007338131745583,0.43706293817569836,0.3007338131745583,area,-3.3306690738754696e-16
157268504-157268544-001,baseline,20260804,10,gaussian_noise,0.7449574960899165,0.7666341084937333,0.0286824806415689,0.017993565048012472,0.010688915593556296,0.017993565048012472,0.010688915593556296,area,1.3183898417423734e-16
157268504-157268544-001,baseline,20260804,20,gaussian_noise,0.7449574960899165,0.7045762048316232,-0.05573067035967194,0.03026365763982693,-0.0859943279994987,0.03026365763982693,0.0859943279994987,perimeter,-1.6653345369377348e-16
157268504-157268544-001,baseline,20260804,30,gaussian_noise,0.7449574960899165,0.7772561533037892,0.04244280114648155,-0.042802539234760434,0.08524534038124196,0.042802539234760434,0.08524534038124196,perimeter,2.7755575615628914e-17
158986766-158986776-001,baseline,20260804,10,gaussian_noise,0.8249055195604097,0.8253826034306024,0.0005781825329004449,-0.005718071440957422,0.006296253973857866,0.005718071440957422,0.006296253973857866,perimeter,1.5178830414797062e-18
158986766-158986776-001,baseline,20260804,20,gaussian_noise,0.8249055195604097,0.7772736233700176,-0.0594764160261296,-0.011912781516242,-0.047563634509888084,0.011912781516242,0.047563634509888084,perimeter,4.787836793695988e-16
158986766-158986776-001,baseline,20260804,30,gaussian_noise,0.8249055195604097,0.7538311161619365,-0.09010049898189526,-0.06617729008678776,-0.023923208895107448,0.06617729008678776,0.023923208895107448,area,-5.551115123125783e-17
158986813-158986820-001,baseline,20260804,10,gaussian_noise,0.826755624093106,0.8192000318958728,-0.009180861270813443,-0.005652013431346529,-0.003528847839466988,0.005652013431346529,0.003528847839466988,area,7.28583859910259e-17
158986813-158986820-001,baseline,20260804,20,gaussian_noise,0.826755624093106,0.7943527756160244,-0.03998149013371732,-0.02445109586416431,-0.01553039426955292,0.02445109586416431,0.01553039426955292,area,-9.71445146547012e-17
158986813-158986820-001,baseline,20260804,30,gaussian_noise,0.826755624093106,0.6784688148979207,-0.19767063810342644,-0.03941396854087663,-0.15825666956254997,0.03941396854087663,0.15825666956254997,perimeter,1.6653345369377348e-16
158986920-158986928-004,baseline,20260804,10,gaussian_noise,0.7703163964362449,1.1150679608123468,0.36986929852570044,-0.8708283577973976,1.2406976563230983,0.8708283577973976,1.2406976563230983,perimeter,-1.6653345369377348e-16
158986920-158986928-004,baseline,20260804,20,gaussian_noise,0.7703163964362449,0.7978319149428723,0.03509660744764889,0.44349250369740373,-0.4083958962497546,0.44349250369740373,0.4083958962497546,area,-2.498001805406602e-16
158986920-158986928-004,baseline,20260804,30,gaussian_noise,0.7703163964362449,1.5079644737231006,0.6717146548390711,-1.276293465905562,1.9480081207446334,1.276293465905562,1.9480081207446334,perimeter,-2.220446049250313e-16
204870858-204870872-001,baseline,20260804,10,gaussian_noise,0.560976623260658,0.496862851945754,-0.12136519869187834,-0.021071517102838718,-0.10029368158903974,0.021071517102838718,0.10029368158903974,perimeter,1.249000902703301e-16
204870858-204870872-001,baseline,20260804,20,gaussian_noise,0.560976623260658,0.4659537323597176,-0.18559289247272417,-0.14687226731238998,-0.03872062516033445,0.14687226731238998,0.03872062516033445,area,2.498001805406602e-16
204870858-204870872-001,baseline,20260804,30,gaussian_noise,0.560976623260658,0.4768792662833227,-0.16241588655406444,-0.21414163720319038,0.05172575064912592,0.21414163720319038,0.05172575064912592,area,2.7755575615628914e-17
204870951-204870961-002,baseline,20260804,10,gaussian_noise,0.44788773252935066,0.456572962760777,0.019205914087102913,-0.006997018213918388,0.026202932301021206,0.006997018213918388,0.026202932301021206,perimeter,9.367506770274758e-17
204870951-204870961-002,baseline,20260804,20,gaussian_noise,0.44788773252935066,0.4928444824015917,0.09565106878172171,-0.04799592801263019,0.14364699679435192,0.04799592801263019,0.14364699679435192,perimeter,-1.3877787807814457e-17
204870951-204870961-002,baseline,20260804,30,gaussian_noise,0.44788773252935066,0.3784538016659659,-0.16844859491427058,-0.1070375061241432,-0.061411088790127334,0.1070375061241432,0.061411088790127334,area,-5.551115123125783e-17
204871030-204871038-001,baseline,20260804,10,gaussian_noise,0.6664998671257336,0.6644286009821048,-0.0031125156090964705,-0.006256821282170405,0.0031443056730741463,0.006256821282170405,0.0031443056730741463,area,-2.1163626406917047e-16
204871030-204871038-001,baseline,20260804,20,gaussian_noise,0.6664998671257336,0.6691044387253574,0.0039002193836581572,-0.02986528988204951,0.03376550926570772,0.02986528988204951,0.03376550926570772,perimeter,-5.204170427930421e-17
204871030-204871038-001,baseline,20260804,30,gaussian_noise,0.6664998671257336,0.6286642938421293,-0.05844254011558592,-0.02651800642199239,-0.03192453369359337,0.02651800642199239,0.03192453369359337,perimeter,-1.5959455978986625e-16
204871030-204871038-002,baseline,20260804,10,gaussian_noise,0.649510102101108,0.6391925324345835,-0.016012677938546542,0.011261694711134945,-0.027274372649681106,0.011261694711134945,0.027274372649681106,perimeter,-3.8163916471489756e-16
204871030-204871038-002,baseline,20260804,20,gaussian_noise,0.649510102101108,0.5862540265487648,-0.10246520159770188,0.003457139626388336,-0.10592234122409011,0.003457139626388336,0.10592234122409011,perimeter,-1.1102230246251565e-16
204871030-204871038-002,baseline,20260804,30,gaussian_noise,0.649510102101108,0.6426344340997691,-0.010642358812528594,-0.02204962763534782,0.011407268822819214,0.02204962763534782,0.011407268822819214,area,1.3877787807814457e-17
209047342-209047443-001,baseline,20260804,10,gaussian_noise,0.5781205147237275,0.5525108717656848,-0.045309239318614386,0.0330738807210648,-0.07838312003967894,0.0330738807210648,0.07838312003967894,perimeter,-2.42861286636753e-16
209047342-209047443-001,baseline,20260804,20,gaussian_noise,0.5781205147237275,0.5984915166894685,0.03463000069009024,0.0,0.03463000069009037,0.0,0.03463000069009037,perimeter,-1.249000902703301e-16
209047342-209047443-001,baseline,20260804,30,gaussian_noise,0.5781205147237275,0.5958047950963421,0.030130738490304034,-0.017771065414666207,0.04790180390497016,0.017771065414666207,0.04790180390497016,perimeter,7.979727989493313e-17
209047526-209047626-001,baseline,20260804,10,gaussian_noise,0.6664795548755629,0.6761154038617156,0.014354313451683122,0.014354313451683122,-0.0,0.014354313451683122,0.0,area,0.0
209047526-209047626-001,baseline,20260804,20,gaussian_noise,0.6664795548755629,0.7185724644402255,0.07525709181157628,0.019093658815579603,0.05616343299599652,0.019093658815579603,0.05616343299599652,perimeter,1.5265566588595902e-16
209047526-209047626-001,baseline,20260804,30,gaussian_noise,0.6664795548755629,0.6761154038617156,0.014354313451683122,0.014354313451683122,-0.0,0.014354313451683122,0.0,area,0.0
209047526-209047798-001,baseline,20260804,10,gaussian_noise,0.7297032897507754,0.7219679191880461,-0.010657294473988206,-0.01065729447398798,-0.0,0.01065729447398798,0.0,area,-2.255140518769849e-16
209047526-209047798-001,baseline,20260804,20,gaussian_noise,0.7297032897507754,0.7219679191880461,-0.010657294473988206,-0.01065729447398798,-0.0,0.01065729447398798,0.0,area,-2.255140518769849e-16
209047526-209047798-001,baseline,20260804,30,gaussian_noise,0.7297032897507754,0.6755556958116719,-0.07710239388214087,-0.07710239388214074,-0.0,0.07710239388214074,0.0,area,-1.249000902703301e-16
209307421-209307504-001,baseline,20260804,10,gaussian_noise,1.4345028742003922,1.4274782655133367,-0.004908923190221055,-0.03787540835587426,0.032966485165653175,0.03787540835587426,0.032966485165653175,area,2.949029909160572e-17
209307421-209307504-001,baseline,20260804,20,gaussian_noise,1.4345028742003922,1.5290803568762976,0.06384812068741988,-0.002637364166085515,0.06648548485350544,0.002637364166085515,0.06648548485350544,perimeter,-5.551115123125783e-17
209307421-209307504-001,baseline,20260804,30,gaussian_noise,1.4345028742003922,1.449172464077369,0.010174319021107495,-0.022792166144545788,0.032966485165653175,0.022792166144545788,0.032966485165653175,perimeter,1.0755285551056204e-16
209522474-209522522-001,baseline,20260804,10,gaussian_noise,0.904962609485878,0.8517505193886923,-0.060599961030240145,-0.05424916350411859,-0.006350797526121539,0.05424916350411859,0.006350797526121539,area,-1.3877787807814457e-17
209522474-209522522-001,baseline,20260804,20,gaussian_noise,0.904962609485878,0.9222161063704234,0.018885957418751386,-0.04350330467356147,0.06238926209231265,0.04350330467356147,0.06238926209231265,perimeter,2.0469737016526324e-16
209522474-209522522-001,baseline,20260804,30,gaussian_noise,0.904962609485878,0.939013726327014,0.03693646976685924,-0.032026026719408435,0.06896249648626762,0.032026026719408435,0.06896249648626762,perimeter,5.551115123125783e-17
209522940-209522970-001,baseline,20260804,10,gaussian_noise,0.7420667600985587,0.7420667600985587,0.0,0.0,-0.0,0.0,0.0,area,0.0
209522940-209522970-001,baseline,20260804,20,gaussian_noise,0.7420667600985587,0.73483212594718,-0.00979713924498327,-0.00979713924498327,-0.0,0.00979713924498327,0.0,area,0.0
209522940-209522970-001,baseline,20260804,30,gaussian_noise,0.7420667600985587,0.7330948286241583,-0.01216414821466743,-0.01969121289018182,0.007527064675514574,0.01969121289018182,0.007527064675514574,area,-1.8388068845354155e-16
209565409-209565503-001,baseline,20260804,10,gaussian_noise,0.7235405652234826,0.725010048765606,0.002028902589967669,0.009719702687983289,-0.007690800098015963,0.009719702687983289,0.007690800098015963,area,3.430415673744136e-16
209565409-209565503-001,baseline,20260804,20,gaussian_noise,0.7235405652234826,0.7196156287599095,-0.00543939201755839,0.002251408080457428,-0.007690800098015963,0.002251408080457428,0.007690800098015963,perimeter,1.448494102440634e-16
209565409-209565503-001,baseline,20260804,30,gaussian_noise,0.7235405652234826,0.7333254864661745,0.013433037812644443,0.013433037812644225,-0.0,0.013433037812644225,0.0,area,2.185751579730777e-16
209565409-209565600-001,baseline,20260804,10,gaussian_noise,0.785287698744093,0.7812023870165226,-0.005215891280285238,-0.005215891280285238,-0.0,0.005215891280285238,0.0,area,0.0
209565409-209565600-001,baseline,20260804,20,gaussian_noise,0.785287698744093,0.7703082224096681,-0.019259422257598333,-0.019259422257598333,-0.0,0.019259422257598333,0.0,area,0.0
209565409-209565600-001,baseline,20260804,30,gaussian_noise,0.785287698744093,0.7743935341372384,-0.013969959440200309,-0.013969959440200196,-0.0,0.013969959440200196,0.0,area,-1.1275702593849246e-16
209565864-209565890-001,baseline,20260804,10,gaussian_noise,0.7299175655382654,0.7505849920775233,0.0279212880875118,-0.004446922280938019,0.03236821036844999,0.004446922280938019,0.03236821036844999,perimeter,-1.700029006457271e-16
209565864-209565890-001,baseline,20260804,20,gaussian_noise,0.7299175655382654,0.7645126011150567,0.04630690420632039,-0.025844135016220057,0.0721510392225405,0.025844135016220057,0.0721510392225405,perimeter,-5.551115123125783e-17
209565864-209565890-001,baseline,20260804,30,gaussian_noise,0.7299175655382654,0.7601633839671759,0.040601785234035716,-0.04538498667538761,0.08598677190942329,0.04538498667538761,0.08598677190942329,perimeter,3.469446951953614e-17
209565864-209565911-001,baseline,20260804,10,gaussian_noise,0.6835630173176818,0.7151487422332076,0.04517170226231457,0.0098246404285181,0.03534706183379654,0.0098246404285181,0.03534706183379654,perimeter,-6.938893903907228e-17
209565864-209565911-001,baseline,20260804,20,gaussian_noise,0.6835630173176818,0.7156481477794597,0.04586978256989539,0.010522720736099136,0.03534706183379654,0.010522720736099136,0.03534706183379654,perimeter,-2.7755575615628914e-16
209565864-209565911-001,baseline,20260804,30,gaussian_noise,0.6835630173176818,0.7368504631119541,0.07506612226980068,-0.022104286777241185,0.09717040904704204,0.022104286777241185,0.09717040904704204,perimeter,-1.6653345369377348e-16
209566047-209566095-001,baseline,20260804,10,gaussian_noise,0.7451853104061993,0.7451853104061993,0.0,0.0,-0.0,0.0,0.0,area,0.0
209566047-209566095-001,baseline,20260804,20,gaussian_noise,0.7451853104061993,0.7372997515659222,-0.01063839820505553,-0.010638398205055754,-0.0,0.010638398205055754,0.0,area,2.237793284010081e-16
209566047-209566095-001,baseline,20260804,30,gaussian_noise,0.7451853104061993,0.735500276301503,-0.013082010543180938,0.0,-0.01308201054318083,0.0,0.01308201054318083,perimeter,-1.0755285551056204e-16
209566205-209566247-001,baseline,20260804,10,gaussian_noise,0.7137452834642836,0.7384612091959081,0.034042421271446494,-0.002962965130657072,0.03700538640210362,0.002962965130657072,0.03700538640210362,perimeter,-5.551115123125783e-17
209566205-209566247-001,baseline,20260804,20,gaussian_noise,0.7137452834642836,0.7351742898671428,0.02958144733082114,-0.0074239390712822805,0.03700538640210362,0.0074239390712822805,0.03700538640210362,perimeter,-2.0122792321330962e-16
209566205-209566247-001,baseline,20260804,30,gaussian_noise,0.7137452834642836,0.7293006010722496,0.02155984132449385,-0.02319595208058406,0.044755793405077876,0.02319595208058406,0.044755793405077876,perimeter,3.469446951953614e-17
209566205-209566289-001,baseline,20260804,10,gaussian_noise,0.6500653171484297,0.6577131444089995,0.011696039763191236,0.011696039763191236,-0.0,0.011696039763191236,0.0,area,0.0
209566205-209566289-001,baseline,20260804,20,gaussian_noise,0.6500653171484297,0.6577131444089995,0.011696039763191236,0.011696039763191236,-0.0,0.011696039763191236,0.0,area,0.0
209566205-209566289-001,baseline,20260804,30,gaussian_noise,0.6500653171484297,0.6634490148544269,0.020379162336652264,0.020379162336652046,-0.0,0.020379162336652046,0.0,area,2.185751579730777e-16
209566399-209566485-001,baseline,20260804,10,gaussian_noise,0.720073773685123,0.720073773685123,0.0,0.0,-0.0,0.0,0.0,area,0.0
209566399-209566485-001,baseline,20260804,20,gaussian_noise,0.720073773685123,0.7182209130381977,-0.002576470161504667,-0.00970567308309773,0.007129202921593236,0.00970567308309773,0.007129202921593236,area,-1.730386667286865e-16
209566399-209566485-001,baseline,20260804,30,gaussian_noise,0.720073773685123,0.7182209130381977,-0.002576470161504667,-0.00970567308309773,0.007129202921593236,0.00970567308309773,0.007129202921593236,area,-1.730386667286865e-16
148495842-148495854-001,nc_aware_lambda_0p10,20260804,10,gaussian_noise,0.6613668806212301,0.6475751474966673,-0.02107387988655659,-0.008749600113309877,-0.012324279773246767,0.008749600113309877,0.012324279773246767,perimeter,5.551115123125783e-17
148495842-148495854-001,nc_aware_lambda_0p10,20260804,20,gaussian_noise,0.6613668806212301,0.4621607570192712,-0.3583959351617162,-0.08282940602989826,-0.27556652913181795,0.08282940602989826,0.27556652913181795,perimeter,0.0
148495842-148495854-001,nc_aware_lambda_0p10,20260804,30,gaussian_noise,0.6613668806212301,0.37539954691652316,-0.5663178074194892,-0.15815141256849738,-0.40816639485099215,0.15815141256849738,0.40816639485099215,perimeter,3.3306690738754696e-16
148497551-148497588-001,nc_aware_lambda_0p10,20260804,10,gaussian_noise,0.8651165001758993,0.8491646988066768,-0.018611021122588306,-0.015201161332050553,-0.003409859790538042,0.015201161332050553,0.003409859790538042,area,2.8796409701215e-16
148497551-148497588-001,nc_aware_lambda_0p10,20260804,20,gaussian_noise,0.8651165001758993,0.828655092774007,-0.0430601637280543,-0.044059989794030543,0.0009998260659759626,0.044059989794030543,0.0009998260659759626,area,2.7755575615628914e-16
148497551-148497588-001,nc_aware_lambda_0p10,20260804,30,gaussian_noise,0.8651165001758993,0.563276908682012,-0.42909282801779763,-0.13929509734127266,-0.2897977306765251,0.13929509734127266,0.2897977306765251,perimeter,1.1102230246251565e-16
148497788-148497816-002,nc_aware_lambda_0p10,20260804,10,gaussian_noise,0.7286381481240798,0.7245700915749352,-0.005598739484691972,0.007000028583543356,-0.012598768068235683,0.007000028583543356,0.012598768068235683,perimeter,3.5475095083725705e-16
148497788-148497816-002,nc_aware_lambda_0p10,20260804,20,gaussian_noise,0.7286381481240798,0.7363972916264387,0.010592530174741157,-0.011100013060074554,0.021692543234815658,0.011100013060074554,0.021692543234815658,perimeter,5.204170427930421e-17
148497788-148497816-002,nc_aware_lambda_0p10,20260804,30,gaussian_noise,0.7286381481240798,0.5436875860762246,-0.2928024497338238,-0.1708472478154901,-0.12195520191833398,0.1708472478154901,0.12195520191833398,area,2.7755575615628914e-16
148503209-148503222-001,nc_aware_lambda_0p10,20260804,10,gaussian_noise,0.4640018822657994,0.42515214301611315,-0.08744152039444089,-0.011503260161888986,-0.07593826023255186,0.011503260161888986,0.07593826023255186,perimeter,-4.163336342344337e-17
148503209-148503222-001,nc_aware_lambda_0p10,20260804,20,gaussian_noise,0.4640018822657994,0.37077937588280413,-0.22428139727707314,-0.034914532044523085,-0.1893668652325503,0.034914532044523085,0.1893668652325503,perimeter,2.498001805406602e-16
148503209-148503222-001,nc_aware_lambda_0p10,20260804,30,gaussian_noise,0.4640018822657994,0.5977599291177282,0.25330060819524486,-0.14782612209577015,0.4011267302910149,0.14782612209577015,0.4011267302910149,perimeter,5.551115123125783e-17
148503209-148503231-001,nc_aware_lambda_0p10,20260804,10,gaussian_noise,0.5741791129266189,0.5838074512927636,0.016629830702245253,-0.009719070800209072,0.02634890150245439,0.009719070800209072,0.02634890150245439,perimeter,-6.591949208711867e-17
148503209-148503231-001,nc_aware_lambda_0p10,20260804,20,gaussian_noise,0.5741791129266189,0.45998443958746216,-0.22174872914309016,-0.049421145366095,-0.17232758377699514,0.049421145366095,0.17232758377699514,perimeter,-2.7755575615628914e-17
148503209-148503231-001,nc_aware_lambda_0p10,20260804,30,gaussian_noise,0.5741791129266189,0.3311035002182305,-0.5505103750893529,-0.09383943681413692,-0.4566709382752161,0.09383943681413692,0.4566709382752161,perimeter,1.1102230246251565e-16
148503400-148503432-001,nc_aware_lambda_0p10,20260804,10,gaussian_noise,0.6173389691985809,0.6177123951335425,0.0006047132242843226,0.004051798020970178,-0.003447084796685432,0.004051798020970178,0.003447084796685432,area,-4.238146292245837e-16
148503400-148503432-001,nc_aware_lambda_0p10,20260804,20,gaussian_noise,0.6173389691985809,0.710355395747854,0.14034714632195033,-0.00868722775645965,0.14903437407841014,0.00868722775645965,0.14903437407841014,perimeter,-1.6653345369377348e-16
148503400-148503432-001,nc_aware_lambda_0p10,20260804,30,gaussian_noise,0.6173389691985809,0.6010228077416387,-0.026785372399247113,-0.004777501788048886,-0.022007870611198105,0.004777501788048886,0.022007870611198105,perimeter,-1.214306433183765e-16
148503568-148503580-002,nc_aware_lambda_0p10,20260804,10,gaussian_noise,0.7652204829281166,0.6483361066381222,-0.1657547603128622,-0.021412222908365666,-0.14434253740449654,0.021412222908365666,0.14434253740449654,perimeter,0.0
148503568-148503580-002,nc_aware_lambda_0p10,20260804,20,gaussian_noise,0.7652204829281166,0.5427340267675324,-0.3435446271379467,-0.030954068298488,-0.3125905588394588,0.030954068298488,0.3125905588394588,perimeter,1.1102230246251565e-16
148503568-148503580-002,nc_aware_lambda_0p10,20260804,30,gaussian_noise,0.7652204829281166,0.4144091853173484,-0.6133101492383669,-0.1974812825595822,-0.4158288666787849,0.1974812825595822,0.4158288666787849,perimeter,1.1102230246251565e-16
148718455-148718461-001,nc_aware_lambda_0p10,20260804,10,gaussian_noise,0.7465284208108456,0.7337377158692026,-0.017282058911736654,0.0007070469302331179,-0.017989105841969544,0.0007070469302331179,0.017989105841969544,perimeter,-2.2898349882893854e-16
148718455-148718461-001,nc_aware_lambda_0p10,20260804,20,gaussian_noise,0.7465284208108456,0.7084583859672289,-0.052342366335605794,-0.007929504830243682,-0.04441286150536212,0.007929504830243682,0.04441286150536212,perimeter,6.938893903907228e-18
148718455-148718461-001,nc_aware_lambda_0p10,20260804,30,gaussian_noise,0.7465284208108456,0.7173995694181995,-0.03980072343836546,-0.03052118903488699,-0.009279534403478638,0.03052118903488699,0.009279534403478638,area,1.734723475976807e-16
148719308-148719348-004,nc_aware_lambda_0p10,20260804,10,gaussian_noise,0.8419842503157724,0.7863015086294961,-0.06842099133995583,-0.03294023063354183,-0.03548076070641414,0.03294023063354183,0.03548076070641414,perimeter,1.3877787807814457e-16
148719308-148719348-004,nc_aware_lambda_0p10,20260804,20,gaussian_noise,0.8419842503157724,0.7423876020225263,-0.12588982750858038,-0.06744128079553253,-0.05844854671304817,0.06744128079553253,0.05844854671304817,area,3.3306690738754696e-16
148719308-148719348-004,nc_aware_lambda_0p10,20260804,30,gaussian_noise,0.8419842503157724,0.46199725870995956,-0.6002023514433189,-0.3401706176602573,-0.26003173378306177,0.3401706176602573,0.26003173378306177,area,1.1102230246251565e-16
148719308-148719357-001,nc_aware_lambda_0p10,20260804,10,gaussian_noise,0.7434666232811713,0.7496066865431766,0.008224777490319338,-0.017762456339840388,0.025987233830159554,0.017762456339840388,0.025987233830159554,perimeter,1.717376241217039e-16
148719308-148719357-001,nc_aware_lambda_0p10,20260804,20,gaussian_noise,0.7434666232811713,0.7196413356130829,-0.03257093062958333,-0.0531482383436528,0.02057730771406934,0.0531482383436528,0.02057730771406934,area,1.3183898417423734e-16
148719308-148719357-001,nc_aware_lambda_0p10,20260804,30,gaussian_noise,0.7434666232811713,0.7091722447943702,-0.04722543604394552,-0.12391978478882945,0.07669434874488397,0.12391978478882945,0.07669434874488397,area,-4.163336342344337e-17
148848523-148848559-002,nc_aware_lambda_0p10,20260804,10,gaussian_noise,0.8841880520915325,0.876157176913048,-0.009124268083099718,-0.03206487985600667,0.02294061177290685,0.03206487985600667,0.02294061177290685,area,1.0581813203458523e-16
148848523-148848559-002,nc_aware_lambda_0p10,20260804,20,gaussian_noise,0.8841880520915325,0.7793131896735377,-0.1262567628911677,-0.10357631622457035,-0.022680446666597378,0.10357631622457035,0.022680446666597378,area,2.7755575615628914e-17
148848523-148848559-002,nc_aware_lambda_0p10,20260804,30,gaussian_noise,0.8841880520915325,0.5988571147503114,-0.3896467386130056,-0.3470334949384941,-0.04261324367451144,0.3470334949384941,0.04261324367451144,area,0.0
148881870-148882178-002,nc_aware_lambda_0p10,20260804,10,gaussian_noise,0.830360116537986,0.8264209679676117,-0.004755191895695437,-0.03200273108617383,0.027247539190478256,0.03200273108617383,0.027247539190478256,area,1.3877787807814457e-16
148881870-148882178-002,nc_aware_lambda_0p10,20260804,20,gaussian_noise,0.830360116537986,0.6696886075336183,-0.21504664256777808,-0.07797274212383021,-0.13707390044394793,0.07797274212383021,0.13707390044394793,perimeter,5.551115123125783e-17
148881870-148882178-002,nc_aware_lambda_0p10,20260804,30,gaussian_noise,0.830360116537986,0.5531027133095895,-0.4063157594121325,-0.26352531949923125,-0.14279043991290125,0.26352531949923125,0.14279043991290125,area,0.0
148882307-148882323-001,nc_aware_lambda_0p10,20260804,10,gaussian_noise,0.6945548106081265,0.7133976737521317,0.02676793208675073,-0.006472514505617479,0.03324044659236809,0.006472514505617479,0.03324044659236809,perimeter,1.1449174941446927e-16
148882307-148882323-001,nc_aware_lambda_0p10,20260804,20,gaussian_noise,0.6945548106081265,0.705432222436486,0.015539616382466008,-0.014232913532812693,0.02977252991527871,0.014232913532812693,0.02977252991527871,perimeter,-8.673617379884035e-18
148882307-148882323-001,nc_aware_lambda_0p10,20260804,30,gaussian_noise,0.6945548106081265,0.6890086946261854,-0.008017189912085963,-0.051697612510553305,0.043680422598467106,0.051697612510553305,0.043680422598467106,area,2.3592239273284576e-16
148882535-148882616-001,nc_aware_lambda_0p10,20260804,10,gaussian_noise,0.2478810777110782,0.23687445944128638,-0.04541881200534967,-0.013289232118682765,-0.03212957988666701,0.013289232118682765,0.03212957988666701,perimeter,1.0408340855860843e-16
148882535-148882616-001,nc_aware_lambda_0p10,20260804,20,gaussian_noise,0.2478810777110782,0.2022131717964911,-0.20362665891679707,-0.013289232118682765,-0.19033742679811422,0.013289232118682765,0.19033742679811422,perimeter,-8.326672684688674e-17
148882535-148882616-001,nc_aware_lambda_0p10,20260804,30,gaussian_noise,0.2478810777110782,0.2393716262218043,-0.03493184007435318,-0.02321980032128342,-0.01171203975306976,0.02321980032128342,0.01171203975306976,area,0.0
148882671-148882687-001,nc_aware_lambda_0p10,20260804,10,gaussian_noise,0.44653218239513576,0.4457809886169945,-0.001683700252343241,-0.009249130018056434,0.007565429765713188,0.009249130018056434,0.007565429765713188,area,4.9873299934333204e-18
148882671-148882687-001,nc_aware_lambda_0p10,20260804,20,gaussian_noise,0.44653218239513576,0.493089219433925,0.09917865539984422,-0.06521096696524044,0.16438962236508456,0.06521096696524044,0.16438962236508456,perimeter,9.71445146547012e-17
148882671-148882687-001,nc_aware_lambda_0p10,20260804,30,gaussian_noise,0.44653218239513576,0.4040873454010446,-0.09988041867119743,-0.14438315467553253,0.044502736004335026,0.14438315467553253,0.044502736004335026,area,8.326672684688674e-17
149011613-149011656-001,nc_aware_lambda_0p10,20260804,10,gaussian_noise,0.7171545262346509,0.7168292860866986,-0.00045361760814140276,-0.0004536176081412917,-0.0,0.0004536176081412917,0.0,area,-1.1107651257113993e-16
149011613-149011656-001,nc_aware_lambda_0p10,20260804,20,gaussian_noise,0.7171545262346509,0.7223583686018864,0.007230036013480892,0.0072300360134811125,-0.0,0.0072300360134811125,0.0,area,-2.203098814490545e-16
149011613-149011656-001,nc_aware_lambda_0p10,20260804,30,gaussian_noise,0.7171545262346509,0.7183519263064847,0.0016682618840491957,0.0058783800293659245,-0.004210118145316736,0.0058783800293659245,0.004210118145316736,area,6.938893903907228e-18
149013033-149013072-001,nc_aware_lambda_0p10,20260804,10,gaussian_noise,0.8264197496634494,0.8247458345779329,-0.0020275563819225897,-0.0030303053491790963,0.0010027489672568197,0.0030303053491790963,0.0010027489672568197,area,-3.131175874138137e-16
149013033-149013072-001,nc_aware_lambda_0p10,20260804,20,gaussian_noise,0.8264197496634494,0.7649342222011747,-0.07731296987200845,-0.03306721883278889,-0.04424575103921936,0.03306721883278889,0.04424575103921936,perimeter,-1.942890293094024e-16
149013033-149013072-001,nc_aware_lambda_0p10,20260804,30,gaussian_noise,0.8264197496634494,0.5518735349543262,-0.40378389926564856,-0.10225557463274676,-0.30152832463290147,0.10225557463274676,0.30152832463290147,perimeter,-3.3306690738754696e-16
149014929-149014984-001,nc_aware_lambda_0p10,20260804,10,gaussian_noise,0.712443514590169,0.7144524197769957,0.0028157715860751714,-0.015783311614489124,0.018599083200564217,0.015783311614489124,0.018599083200564217,perimeter,7.849623728795052e-17
149014929-149014984-001,nc_aware_lambda_0p10,20260804,20,gaussian_noise,0.712443514590169,0.7672923198124714,0.07416721853425301,-0.0817977743471796,0.1559649928814327,0.0817977743471796,0.1559649928814327,perimeter,-9.71445146547012e-17
149014929-149014984-001,nc_aware_lambda_0p10,20260804,30,gaussian_noise,0.712443514590169,0.5423501966794652,-0.2727887191027496,-0.1846241813323999,-0.08816453777034956,0.1846241813323999,0.08816453777034956,area,-1.1102230246251565e-16
149014929-149015008-003,nc_aware_lambda_0p10,20260804,10,gaussian_noise,0.5647687079139172,0.5800658348445961,0.02672532464258057,-0.06365383050753119,0.09037915515011169,0.06365383050753119,0.09037915515011169,perimeter,7.28583859910259e-17
149014929-149015008-003,nc_aware_lambda_0p10,20260804,20,gaussian_noise,0.5647687079139172,0.57210922189125,0.012913639704945223,-0.1323696327335445,0.1452832724384896,0.1323696327335445,0.1452832724384896,perimeter,1.1622647289044608e-16
149014929-149015008-003,nc_aware_lambda_0p10,20260804,30,gaussian_noise,0.5647687079139172,0.7049307438878416,0.2216832815577006,-0.2787286977833012,0.500411979341002,0.2787286977833012,0.500411979341002,perimeter,-1.942890293094024e-16
149014929-149015022-001,nc_aware_lambda_0p10,20260804,10,gaussian_noise,0.5243075105180142,0.4555565301887533,-0.14055854953166574,-0.00775827075928891,-0.13280027877237646,0.00775827075928891,0.13280027877237646,perimeter,-3.608224830031759e-16
149014929-149015022-001,nc_aware_lambda_0p10,20260804,20,gaussian_noise,0.5243075105180142,0.4269060900158786,-0.20551430498894566,-0.02382580649181049,-0.18168849849713506,0.02382580649181049,0.18168849849713506,perimeter,-1.1102230246251565e-16
149014929-149015022-001,nc_aware_lambda_0p10,20260804,30,gaussian_noise,0.5243075105180142,0.5754455112465796,0.09306617863678406,-0.09120288224208858,0.184269060878873,0.09120288224208858,0.184269060878873,perimeter,-3.469446951953614e-16
149014929-149015022-002,nc_aware_lambda_0p10,20260804,10,gaussian_noise,0.708089929767349,0.6817022349964967,-0.03797814814632991,-0.013039091151065697,-0.02493905699526418,0.013039091151065697,0.02493905699526418,perimeter,-2.7755575615628914e-17
149014929-149015022-002,nc_aware_lambda_0p10,20260804,20,gaussian_noise,0.708089929767349,0.6826012051590009,-0.03666030305974666,-0.02132907379579612,-0.015331229263950499,0.02132907379579612,0.015331229263950499,area,-4.163336342344337e-17
149014929-149015022-002,nc_aware_lambda_0p10,20260804,30,gaussian_noise,0.708089929767349,0.6974091936255444,-0.015198788203033274,-0.05100741359789199,0.03580862539485871,0.05100741359789199,0.03580862539485871,area,1.734723475976807e-18
149053341-149053350-001,nc_aware_lambda_0p10,20260804,10,gaussian_noise,0.7728941366456804,0.7491008562372657,-0.031268458934990084,-0.014762066326987122,-0.016506392608003333,0.014762066326987122,0.016506392608003333,perimeter,3.7470027081099033e-16
149053341-149053350-001,nc_aware_lambda_0p10,20260804,20,gaussian_noise,0.7728941366456804,0.7817071231553682,0.011338059665414362,-0.04867915789746371,0.06001721756287796,0.04867915789746371,0.06001721756287796,perimeter,1.1275702593849246e-16
149053341-149053350-001,nc_aware_lambda_0p10,20260804,30,gaussian_noise,0.7728941366456804,0.7550230727990788,-0.023393779128630027,-0.05757643035768775,0.03418265122905759,0.05757643035768775,0.03418265122905759,area,1.3877787807814457e-16
149053945-149053969-001,nc_aware_lambda_0p10,20260804,10,gaussian_noise,0.7163058899410848,0.7172615027601841,0.0013331957262806176,-0.0442550090040407,0.04558820473032144,0.0442550090040407,0.04558820473032144,perimeter,-1.216474837528736e-16
149053945-149053969-001,nc_aware_lambda_0p10,20260804,20,gaussian_noise,0.7163058899410848,0.6706160154418711,-0.06591058031158172,-0.13019743880476548,0.06428685849318405,0.13019743880476548,0.06428685849318405,area,-2.914335439641036e-16
149053945-149053969-001,nc_aware_lambda_0p10,20260804,30,gaussian_noise,0.7163058899410848,0.7381905410586003,0.03009468067651591,-0.2625085750240587,0.29260325570057466,0.2625085750240587,0.29260325570057466,perimeter,-2.7755575615628914e-17
149053945-149053976-001,nc_aware_lambda_0p10,20260804,10,gaussian_noise,0.8284598137380036,0.8225620679953126,-0.007144388447087247,-0.007144388447087247,-0.0,0.007144388447087247,0.0,area,0.0
149053945-149053976-001,nc_aware_lambda_0p10,20260804,20,gaussian_noise,0.8284598137380036,0.7973889479816981,-0.0382257560646333,-0.017318278661469146,-0.020907477403164086,0.017318278661469146,0.020907477403164086,perimeter,-6.938893903907228e-17
149053945-149053976-001,nc_aware_lambda_0p10,20260804,30,gaussian_noise,0.8284598137380036,0.8176757996070914,-0.013102405804337431,-0.03863462028265062,0.025532214478313105,0.03863462028265062,0.025532214478313105,area,8.326672684688674e-17
149054642-149054677-003,nc_aware_lambda_0p10,20260804,10,gaussian_noise,0.7861049264090237,0.7102505133946379,-0.1014725341081621,0.006156780044870085,-0.10762931415303191,0.006156780044870085,0.10762931415303191,perimeter,-2.636779683484747e-16
149054642-149054677-003,nc_aware_lambda_0p10,20260804,20,gaussian_noise,0.7861049264090237,0.654292251624131,-0.18353615811044982,-0.012428458258468866,-0.17110769985198118,0.012428458258468866,0.17110769985198118,perimeter,2.220446049250313e-16
149054642-149054677-003,nc_aware_lambda_0p10,20260804,30,gaussian_noise,0.7861049264090237,0.4506374052819702,-0.5564272409599578,-0.16154134405577,-0.3948858969041878,0.16154134405577,0.3948858969041878,perimeter,0.0
149056321-149056343-001,nc_aware_lambda_0p10,20260804,10,gaussian_noise,0.7112892131642214,0.7232148604309683,0.016627240364287147,-0.009386647759222218,0.0260138881235093,0.009386647759222218,0.0260138881235093,perimeter,6.591949208711867e-17
149056321-149056343-001,nc_aware_lambda_0p10,20260804,20,gaussian_noise,0.7112892131642214,0.7006799165902263,-0.015027943622599224,-0.015027943622599224,-0.0,0.015027943622599224,0.0,area,0.0
149056321-149056343-001,nc_aware_lambda_0p10,20260804,30,gaussian_noise,0.7112892131642214,0.7218903692695194,0.014794167581624698,-0.03757643385808447,0.052370601439709466,0.03757643385808447,0.052370601439709466,perimeter,-2.96637714392034e-16
149056321-149056360-001,nc_aware_lambda_0p10,20260804,10,gaussian_noise,0.7465080202300983,0.7490484603108244,0.0033973207394237784,-0.03093197930837964,0.034329300047803435,0.03093197930837964,0.034329300047803435,perimeter,-1.691355389077387e-17
149056321-149056360-001,nc_aware_lambda_0p10,20260804,20,gaussian_noise,0.7465080202300983,0.6813757956821525,-0.09129237755599469,-0.14871501496476308,0.05742263740876847,0.14871501496476308,0.05742263740876847,area,-6.938893903907228e-17
149056321-149056360-001,nc_aware_lambda_0p10,20260804,30,gaussian_noise,0.7465080202300983,0.6355054247865367,-0.16098573385674889,-0.1758660040307139,0.014880270173964946,0.1758660040307139,0.014880270173964946,area,5.551115123125783e-17
149056410-149056458-001,nc_aware_lambda_0p10,20260804,10,gaussian_noise,0.8800773248921768,0.7448117452738867,-0.1668782772673378,-0.047323407778082235,-0.11955486948925549,0.047323407778082235,0.11955486948925549,perimeter,-8.326672684688674e-17
149056410-149056458-001,nc_aware_lambda_0p10,20260804,20,gaussian_noise,0.8800773248921768,0.5409147358728819,-0.4867481110532738,-0.17052384156423953,-0.31622426948903437,0.17052384156423953,0.31622426948903437,perimeter,5.551115123125783e-17
149056410-149056458-001,nc_aware_lambda_0p10,20260804,30,gaussian_noise,0.8800773248921768,0.48533134037907,-0.5951779390893519,-0.2300379690966472,-0.36513996999270476,0.2300379690966472,0.36513996999270476,perimeter,0.0
149056873-149056884-001,nc_aware_lambda_0p10,20260804,10,gaussian_noise,0.8378855953630452,0.750167276954538,-0.11058535251482865,-0.008023578749496479,-0.10256177376533201,0.008023578749496479,0.10256177376533201,perimeter,-1.5265566588595902e-16
149056873-149056884-001,nc_aware_lambda_0p10,20260804,20,gaussian_noise,0.8378855953630452,0.6010111232026849,-0.33226812792704447,-0.05982579338892009,-0.2724423345381241,0.05982579338892009,0.2724423345381241,perimeter,-2.7755575615628914e-16
149056873-149056884-001,nc_aware_lambda_0p10,20260804,30,gaussian_noise,0.8378855953630452,0.5287643661780439,-0.4603386700476846,-0.16719939477942783,-0.2931392752682568,0.16719939477942783,0.2931392752682568,perimeter,0.0
149056873-149056884-002,nc_aware_lambda_0p10,20260804,10,gaussian_noise,0.7749572500872424,0.7137109057713908,-0.08232988018383966,-0.015989217937783656,-0.0663406622460563,0.015989217937783656,0.0663406622460563,perimeter,2.914335439641036e-16
149056873-149056884-002,nc_aware_lambda_0p10,20260804,20,gaussian_noise,0.7749572500872424,0.5720337046607609,-0.3036099527782286,-0.03938624409415088,-0.2642237086840778,0.03938624409415088,0.2642237086840778,perimeter,5.551115123125783e-17
149056873-149056884-002,nc_aware_lambda_0p10,20260804,30,gaussian_noise,0.7749572500872424,0.463962965708147,-0.5130031328974816,-0.09848763637006425,-0.4145154965274173,0.09848763637006425,0.4145154965274173,perimeter,0.0
149056933-149056982-002,nc_aware_lambda_0p10,20260804,10,gaussian_noise,0.8092502367411808,0.785724511882245,-0.02950194814683733,-0.009057287112509568,-0.020444661034327932,0.009057287112509568,0.020444661034327932,perimeter,1.700029006457271e-16
149056933-149056982-002,nc_aware_lambda_0p10,20260804,20,gaussian_noise,0.8092502367411808,0.7888942502217235,-0.025475903624447436,-0.05475051477140833,0.029274611146960977,0.05475051477140833,0.029274611146960977,area,-7.979727989493313e-17
149056933-149056982-002,nc_aware_lambda_0p10,20260804,30,gaussian_noise,0.8092502367411808,0.6374031882707413,-0.23870578138588922,-0.15674968272652975,-0.08195609865935921,0.15674968272652975,0.08195609865935921,area,-2.498001805406602e-16
149057756-149057766-002,nc_aware_lambda_0p10,20260804,10,gaussian_noise,0.8313577788833252,0.7892325747948524,-0.051999193359725845,-0.025476799524003634,-0.026522393835722274,0.025476799524003634,0.026522393835722274,perimeter,6.245004513516506e-17
149057756-149057766-002,nc_aware_lambda_0p10,20260804,20,gaussian_noise,0.8313577788833252,0.7371840802486117,-0.12022261169753827,-0.03717497716080162,-0.0830476345367368,0.03717497716080162,0.0830476345367368,perimeter,1.5265566588595902e-16
149057756-149057766-002,nc_aware_lambda_0p10,20260804,30,gaussian_noise,0.8313577788833252,0.603712592220774,-0.31996199837947276,-0.09293921066630713,-0.22702278771316584,0.09293921066630713,0.22702278771316584,perimeter,2.220446049250313e-16
149057756-149057788-002,nc_aware_lambda_0p10,20260804,10,gaussian_noise,0.7974361905761775,0.7966077082752038,-0.0010394724714530886,-0.004970718560638493,0.003931246089185582,0.004970718560638493,0.003931246089185582,area,-1.7759231585312563e-16
149057756-149057788-002,nc_aware_lambda_0p10,20260804,20,gaussian_noise,0.7974361905761775,0.7743354597891452,-0.02939662936639649,-0.034958514746775145,0.005561885380378591,0.034958514746775145,0.005561885380378591,area,6.245004513516506e-17
149057756-149057788-002,nc_aware_lambda_0p10,20260804,30,gaussian_noise,0.7974361905761775,0.7299176273838556,-0.08847013106576074,-0.039369475767385635,-0.04910065529837503,0.039369475767385635,0.04910065529837503,perimeter,-6.938893903907228e-17
149057812-149057825-003,nc_aware_lambda_0p10,20260804,10,gaussian_noise,0.7186517466021538,0.6357896958404641,-0.12250904064734672,0.0010496851908535813,-0.12355872583820025,0.0010496851908535813,0.12355872583820025,perimeter,-4.163336342344337e-17
149057812-149057825-003,nc_aware_lambda_0p10,20260804,20,gaussian_noise,0.7186517466021538,0.7197778200770808,0.0015656987746239801,-0.020156269375569295,0.021721968150193376,0.020156269375569295,0.021721968150193376,perimeter,-1.0083080204115191e-16
149057812-149057825-003,nc_aware_lambda_0p10,20260804,30,gaussian_noise,0.7186517466021538,0.5952474989570529,-0.1883995986975723,-0.028045856650732157,-0.16035374204683997,0.028045856650732157,0.16035374204683997,perimeter,-1.942890293094024e-16
149057812-149057825-005,nc_aware_lambda_0p10,20260804,10,gaussian_noise,0.8769391026252334,0.8579293375266301,-0.021915812776225053,-0.01930399851496839,-0.00261181426125672,0.01930399851496839,0.00261181426125672,area,5.898059818321144e-17
149057812-149057825-005,nc_aware_lambda_0p10,20260804,20,gaussian_noise,0.8769391026252334,0.6935183963416,-0.23465978546615746,-0.02397591187571142,-0.21068387359044624,0.02397591187571142,0.21068387359044624,perimeter,1.942890293094024e-16
149057812-149057825-005,nc_aware_lambda_0p10,20260804,30,gaussian_noise,0.8769391026252334,0.5786690539951638,-0.41570681956622263,0.021382393591355856,-0.4370892131575783,0.021382393591355856,0.4370892131575783,perimeter,-1.6653345369377348e-16
149057812-149057847-004,nc_aware_lambda_0p10,20260804,10,gaussian_noise,0.8775951252831924,0.8462064124893844,-0.0364220381053123,-0.008270838999869617,-0.02815119910544247,0.008270838999869617,0.02815119910544247,perimeter,-2.1510571102112408e-16
149057812-149057847-004,nc_aware_lambda_0p10,20260804,20,gaussian_noise,0.8775951252831924,0.7718527538613391,-0.12839155585314227,-0.02658580073407558,-0.10180575511906687,0.02658580073407558,0.10180575511906687,perimeter,1.6653345369377348e-16
149057812-149057847-004,nc_aware_lambda_0p10,20260804,30,gaussian_noise,0.8775951252831924,0.7635763231376878,-0.13917226986634965,-0.08762169132044477,-0.051550578545905223,0.08762169132044477,0.051550578545905223,area,3.608224830031759e-16
149057812-149057847-005,nc_aware_lambda_0p10,20260804,10,gaussian_noise,0.8370953205665554,0.8081606735327473,-0.03517705546279748,-0.010322933486844979,-0.02485412197595248,0.010322933486844979,0.02485412197595248,perimeter,-2.0816681711721685e-17
149057812-149057847-005,nc_aware_lambda_0p10,20260804,20,gaussian_noise,0.8370953205665554,0.7818240304023454,-0.06830825743485891,-0.03922071315328127,-0.02908754428157754,0.03922071315328127,0.02908754428157754,area,-1.1102230246251565e-16
149057812-149057847-005,nc_aware_lambda_0p10,20260804,30,gaussian_noise,0.8370953205665554,0.7115775798801759,-0.16245349893464972,-0.061455615405168945,-0.10099788352948101,0.061455615405168945,0.10099788352948101,perimeter,2.220446049250313e-16
149058262-149058272-003,nc_aware_lambda_0p10,20260804,10,gaussian_noise,0.7570774029321259,0.7104936210059428,-0.06350552846956546,0.00955638672021801,-0.07306191518978344,0.00955638672021801,0.07306191518978344,perimeter,-2.7755575615628914e-17
149058262-149058272-003,nc_aware_lambda_0p10,20260804,20,gaussian_noise,0.7570774029321259,0.6085473524884104,-0.2183907700036455,-0.014011082683695006,-0.20437968731995054,0.014011082683695006,0.20437968731995054,perimeter,2.7755575615628914e-17
149058262-149058272-003,nc_aware_lambda_0p10,20260804,30,gaussian_noise,0.7570774029321259,0.31528855575768744,-0.875977228258132,-0.09554536324849451,-0.7804318650096377,0.09554536324849451,0.7804318650096377,perimeter,2.220446049250313e-16
149061666-149061699-003,nc_aware_lambda_0p10,20260804,10,gaussian_noise,0.7900417449292021,0.7859343966188677,-0.005212461663199358,0.002287208969647423,-0.0074996706328465225,0.002287208969647423,0.0074996706328465225,perimeter,-2.5847379792054426e-16
149061666-149061699-003,nc_aware_lambda_0p10,20260804,20,gaussian_noise,0.7900417449292021,0.7311544228079858,-0.07746109959628267,-0.01948864322829151,-0.05797245636799088,0.01948864322829151,0.05797245636799088,perimeter,-2.7755575615628914e-16
149061666-149061699-003,nc_aware_lambda_0p10,20260804,30,gaussian_noise,0.7900417449292021,0.6833577863246868,-0.14506721805805253,-0.017822253907504273,-0.12724496415054806,0.017822253907504273,0.12724496415054806,perimeter,-1.942890293094024e-16
149095913-149095926-001,nc_aware_lambda_0p10,20260804,10,gaussian_noise,0.35778564639096155,0.3679614965872326,0.02804424987730307,-0.0317408247638057,0.05978507464110904,0.0317408247638057,0.05978507464110904,perimeter,-2.706168622523819e-16
149095913-149095926-001,nc_aware_lambda_0p10,20260804,20,gaussian_noise,0.35778564639096155,0.19247275942852454,-0.6199794197263871,-0.031237046415619613,-0.5887423733107674,0.031237046415619613,0.5887423733107674,perimeter,-1.1102230246251565e-16
149095913-149095926-001,nc_aware_lambda_0p10,20260804,30,gaussian_noise,0.35778564639096155,0.25179349629515957,-0.35132476155356096,-0.11169955175285014,-0.23962520980071061,0.11169955175285014,0.23962520980071061,perimeter,-2.220446049250313e-16
149097324-149097373-001,nc_aware_lambda_0p10,20260804,10,gaussian_noise,0.7374919023939216,0.7331001717386152,-0.005972755855771719,-0.007911649507339745,0.0019388936515681114,0.007911649507339745,0.0019388936515681114,area,-8.586881206085195e-17
149097324-149097373-001,nc_aware_lambda_0p10,20260804,20,gaussian_noise,0.7374919023939216,0.49204248911040627,-0.40469003560484407,0.0005433306300465222,-0.4052333662348906,0.0005433306300465222,0.4052333662348906,perimeter,0.0
149097324-149097373-001,nc_aware_lambda_0p10,20260804,30,gaussian_noise,0.7374919023939216,0.49215126681162175,-0.4044689862413343,-0.032309865557140535,-0.372159120684194,0.032309865557140535,0.372159120684194,perimeter,2.220446049250313e-16
149097594-149097637-001,nc_aware_lambda_0p10,20260804,10,gaussian_noise,0.5243467943998963,0.4491297987623492,-0.15484135671898053,-0.012903404835907841,-0.14193795188307268,0.012903404835907841,0.14193795188307268,perimeter,0.0
149097594-149097637-001,nc_aware_lambda_0p10,20260804,20,gaussian_noise,0.5243467943998963,0.39422422090699394,-0.2852334507628453,-0.05833557701296341,-0.22689787374988218,0.05833557701296341,0.22689787374988218,perimeter,2.7755575615628914e-16
149097594-149097637-001,nc_aware_lambda_0p10,20260804,30,gaussian_noise,0.5243467943998963,0.5621108383207327,0.06954576487170865,-0.10821358464023272,0.17775934951194144,0.10821358464023272,0.17775934951194144,perimeter,-8.326672684688674e-17
149097594-149097637-002,nc_aware_lambda_0p10,20260804,10,gaussian_noise,0.839910415738946,0.8282771387331802,-0.013947431222459072,-0.018715455811356023,0.0047680245888969235,0.018715455811356023,0.0047680245888969235,area,2.7755575615628914e-17
149097594-149097637-002,nc_aware_lambda_0p10,20260804,20,gaussian_noise,0.839910415738946,0.7772549054569464,-0.07752687800255029,-0.09104241464002889,0.013515536637478691,0.09104241464002889,0.013515536637478691,area,-8.326672684688674e-17
149097594-149097637-002,nc_aware_lambda_0p10,20260804,30,gaussian_noise,0.839910415738946,0.31932093436917025,-0.9670985773252556,-0.4629580503752403,-0.5041405269500154,0.4629580503752403,0.5041405269500154,perimeter,1.1102230246251565e-16
149098972-149098988-002,nc_aware_lambda_0p10,20260804,10,gaussian_noise,0.6570636609819291,0.5921017906338384,-0.10410234652055135,-0.005663269329261252,-0.09843907719128993,0.005663269329261252,0.09843907719128993,perimeter,-1.6653345369377348e-16
149098972-149098988-002,nc_aware_lambda_0p10,20260804,20,gaussian_noise,0.6570636609819291,0.6060667612676547,-0.08079076315247918,-0.0650599428926716,-0.015730820259807505,0.0650599428926716,0.015730820259807505,area,-8.326672684688674e-17
149098972-149098988-002,nc_aware_lambda_0p10,20260804,30,gaussian_noise,0.6570636609819291,0.5038744477435491,-0.2654537848442117,-0.15422308325921266,-0.111230701584999,0.15422308325921266,0.111230701584999,area,-5.551115123125783e-17
149099096-149099104-001,nc_aware_lambda_0p10,20260804,10,gaussian_noise,0.7421352919242251,0.7385206778421602,-0.004882459310499224,-0.010959013789719543,0.006076554479220353,0.010959013789719543,0.006076554479220353,area,-3.382710778154774e-17
149099096-149099104-001,nc_aware_lambda_0p10,20260804,20,gaussian_noise,0.7421352919242251,0.7498148795471303,0.010294788116782156,-0.08330263247399654,0.09359742059077888,0.08330263247399654,0.09359742059077888,perimeter,-1.9081958235744878e-16
149099096-149099104-001,nc_aware_lambda_0p10,20260804,30,gaussian_noise,0.7421352919242251,0.7069352014910837,-0.04859255175076034,-0.15649978862547284,0.10790723687471239,0.15649978862547284,0.10790723687471239,area,1.1102230246251565e-16
149099276-149099290-001,nc_aware_lambda_0p10,20260804,10,gaussian_noise,0.593886125171241,0.6148929270668764,0.03476055780036167,0.004861888030107056,0.029898669770254748,0.004861888030107056,0.029898669770254748,perimeter,-1.3183898417423734e-16
149099276-149099290-001,nc_aware_lambda_0p10,20260804,20,gaussian_noise,0.593886125171241,0.47599353371663056,-0.2212833230080831,-0.04207813685116355,-0.17920518615691947,0.04207813685116355,0.17920518615691947,perimeter,-8.326672684688674e-17
149099276-149099290-001,nc_aware_lambda_0p10,20260804,30,gaussian_noise,0.593886125171241,0.5058902152484891,-0.1603679126834236,-0.062148822252853245,-0.09821909043057016,0.062148822252853245,0.09821909043057016,perimeter,-1.942890293094024e-16
149099276-149099290-002,nc_aware_lambda_0p10,20260804,10,gaussian_noise,0.6476459807944601,0.6411680920926162,-0.010052564430258107,0.007281232110270341,-0.01733379654052844,0.007281232110270341,0.01733379654052844,perimeter,-6.938893903907228e-18
149099276-149099290-002,nc_aware_lambda_0p10,20260804,20,gaussian_noise,0.6476459807944601,0.6574586528873706,0.015037655604741886,-0.007040216817020761,0.022077872421762672,0.007040216817020761,0.022077872421762672,perimeter,-2.42861286636753e-17
149099276-149099290-002,nc_aware_lambda_0p10,20260804,30,gaussian_noise,0.6476459807944601,0.6219652070630926,-0.04046006715037392,-0.014130349915954436,-0.02632971723441977,0.014130349915954436,0.02632971723441977,perimeter,2.914335439641036e-16
149099502-149099525-002,nc_aware_lambda_0p10,20260804,10,gaussian_noise,0.7287371392577529,0.7413932108706497,0.017218043664739825,-0.010194329916764215,0.027412373581504067,0.010194329916764215,0.027412373581504067,perimeter,-2.7755575615628914e-17
149099502-149099525-002,nc_aware_lambda_0p10,20260804,20,gaussian_noise,0.7287371392577529,0.7195738369119187,-0.012653946240935835,-0.03061747647449139,0.017963530233555666,0.03061747647449139,0.017963530233555666,area,-1.0928757898653885e-16
149099502-149099525-002,nc_aware_lambda_0p10,20260804,30,gaussian_noise,0.7287371392577529,0.6864018526212702,-0.05984984262480539,-0.030900161988741365,-0.028949680636064158,0.030900161988741365,0.028949680636064158,area,1.3877787807814457e-16
149100006-149100028-002,nc_aware_lambda_0p10,20260804,10,gaussian_noise,0.5462793702536907,0.26809287214315725,-0.7117970536911283,0.0,-0.7117970536911283,0.0,0.7117970536911283,perimeter,0.0
149100006-149100028-002,nc_aware_lambda_0p10,20260804,20,gaussian_noise,0.5462793702536907,0.6572424180018479,0.18492241558182135,-0.27270561826222367,0.45762803384404505,0.27270561826222367,0.45762803384404505,perimeter,-2.7755575615628914e-17
149100006-149100028-002,nc_aware_lambda_0p10,20260804,30,gaussian_noise,0.5462793702536907,1.593410559265404,1.0705014917818372,-0.6863118839540878,1.7568133757359248,0.6863118839540878,1.7568133757359248,perimeter,2.220446049250313e-16
149100064-149100072-001,nc_aware_lambda_0p10,20260804,10,gaussian_noise,0.6686462666403533,0.625052219015307,-0.06741997420369827,-0.01163367459241804,-0.055786299611280545,0.01163367459241804,0.055786299611280545,perimeter,3.0531133177191805e-16
149100064-149100072-001,nc_aware_lambda_0p10,20260804,20,gaussian_noise,0.6686462666403533,0.5198607584621094,-0.2516941673446003,-0.11518100219682158,-0.13651316514777884,0.11518100219682158,0.13651316514777884,perimeter,1.1102230246251565e-16
149100064-149100072-001,nc_aware_lambda_0p10,20260804,30,gaussian_noise,0.6686462666403533,0.5553304528362104,-0.18569182379883195,-0.2065648727428188,0.02087304894398691,0.2065648727428188,0.02087304894398691,area,-8.326672684688674e-17
149101620-149101650-001,nc_aware_lambda_0p10,20260804,10,gaussian_noise,0.7478970064909979,0.746062591634868,-0.002455776957225533,-0.011024973861707707,0.008569196904482032,0.011024973861707707,0.008569196904482032,area,1.4224732503009818e-16
149101620-149101650-001,nc_aware_lambda_0p10,20260804,20,gaussian_noise,0.7478970064909979,0.7178969295715779,-0.04093927002221896,-0.04344533251663464,0.002506062494415554,0.04344533251663464,0.002506062494415554,area,1.249000902703301e-16
149101620-149101650-001,nc_aware_lambda_0p10,20260804,30,gaussian_noise,0.7478970064909979,0.6975792721018014,-0.06964911764062474,-0.08325514179845048,0.013606024157825719,0.08325514179845048,0.013606024157825719,area,1.3877787807814457e-17
149102442-149102451-001,nc_aware_lambda_0p10,20260804,10,gaussian_noise,0.8958515627993419,0.8909429532099818,-0.00549433288906339,-0.01821855115478899,0.012724218265725392,0.01821855115478899,0.012724218265725392,area,2.0816681711721685e-16
149102442-149102451-001,nc_aware_lambda_0p10,20260804,20,gaussian_noise,0.8958515627993419,0.5820943974823004,-0.43114210316610185,-0.1026998990167099,-0.3284422041493918,0.1026998990167099,0.3284422041493918,perimeter,-1.6653345369377348e-16
149102442-149102451-001,nc_aware_lambda_0p10,20260804,30,gaussian_noise,0.8958515627993419,0.5350554483981922,-0.5154043493407862,-0.2719160851736123,-0.2434882641671736,0.2719160851736123,0.2434882641671736,area,-2.220446049250313e-16
149102510-149102519-001,nc_aware_lambda_0p10,20260804,10,gaussian_noise,0.7884429336913865,0.7477653262546523,-0.05297083673707214,-0.02835146136608415,-0.0246193753709879,0.02835146136608415,0.0246193753709879,area,-9.020562075079397e-17
149102510-149102519-001,nc_aware_lambda_0p10,20260804,20,gaussian_noise,0.7884429336913865,0.6407651920041895,-0.207396955847944,-0.06372860775402589,-0.14366834809391815,0.06372860775402589,0.14366834809391815,perimeter,5.551115123125783e-17
149102510-149102519-001,nc_aware_lambda_0p10,20260804,30,gaussian_noise,0.7884429336913865,0.5299008721415621,-0.3973700751747504,-0.15849489404447029,-0.23887518113028033,0.15849489404447029,0.23887518113028033,perimeter,2.220446049250313e-16
149105003-149105050-001,nc_aware_lambda_0p10,20260804,10,gaussian_noise,0.6836572762478401,0.5863041360177121,-0.1536180755492891,-0.07045166095061135,-0.08316641459867802,0.07045166095061135,0.08316641459867802,perimeter,2.498001805406602e-16
149105003-149105050-001,nc_aware_lambda_0p10,20260804,20,gaussian_noise,0.6836572762478401,0.5285296408626821,-0.25735784530938227,-0.17419143071070436,-0.08316641459867802,0.17419143071070436,0.08316641459867802,area,1.1102230246251565e-16
149105003-149105050-001,nc_aware_lambda_0p10,20260804,30,gaussian_noise,0.6836572762478401,0.4582420556525896,-0.4000591836379248,-0.5837133395144832,0.18365415587655842,0.5837133395144832,0.18365415587655842,area,0.0
149105289-149105300-001,nc_aware_lambda_0p10,20260804,10,gaussian_noise,0.8503343108430187,0.8503864267698397,6.128687171813893e-05,-0.02657098230652306,0.026632269178241255,0.02657098230652306,0.026632269178241255,perimeter,-5.590417451878382e-17
149105289-149105300-001,nc_aware_lambda_0p10,20260804,20,gaussian_noise,0.8503343108430187,0.8104214783727824,-0.04807512302886472,-0.08584356183880726,0.0377684388099425,0.08584356183880726,0.0377684388099425,area,3.469446951953614e-17
149105289-149105300-001,nc_aware_lambda_0p10,20260804,30,gaussian_noise,0.8503343108430187,0.626954799880381,-0.3047551305042544,-0.16752159285307436,-0.13723353765117982,0.16752159285307436,0.13723353765117982,area,-2.220446049250313e-16
149105289-149105300-002,nc_aware_lambda_0p10,20260804,10,gaussian_noise,0.5886144100745018,0.5307987737881739,-0.1033883251124008,-0.03308499280714451,-0.0703033323052566,0.03308499280714451,0.0703033323052566,perimeter,3.0531133177191805e-16
149105289-149105300-002,nc_aware_lambda_0p10,20260804,20,gaussian_noise,0.5886144100745018,0.46740556166635394,-0.23057399625578037,-0.10831614348345887,-0.12225785277232123,0.10831614348345887,0.12225785277232123,perimeter,-2.498001805406602e-16
149105289-149105300-002,nc_aware_lambda_0p10,20260804,30,gaussian_noise,0.5886144100745018,0.201723856618573,-1.0708716017494913,-0.34218365816064433,-0.7286879435888469,0.34218365816064433,0.7286879435888469,perimeter,0.0
149105289-149105311-001,nc_aware_lambda_0p10,20260804,10,gaussian_noise,0.4508024540925899,0.2748907059674935,-0.4946556401881885,-0.23830419154489121,-0.25635144864329745,0.23830419154489121,0.25635144864329745,perimeter,1.6653345369377348e-16
149105289-149105311-001,nc_aware_lambda_0p10,20260804,20,gaussian_noise,0.4508024540925899,0.411403533377222,-0.09145466016387044,-0.6338306034035258,0.5423759432396554,0.6338306034035258,0.5423759432396554,area,-5.551115123125783e-17
149105289-149105311-001,nc_aware_lambda_0p10,20260804,30,gaussian_noise,0.4508024540925899,0.32495070181767444,-0.32735574190262046,-0.7631326079596483,0.435776866057028,0.7631326079596483,0.435776866057028,area,-1.1102230246251565e-16
149105289-149105311-003,nc_aware_lambda_0p10,20260804,10,gaussian_noise,0.5947405409788878,0.3581804292459398,-0.5070883931133556,-0.3682609526325133,-0.13882744048084247,0.3682609526325133,0.13882744048084247,area,1.1102230246251565e-16
149105289-149105311-003,nc_aware_lambda_0p10,20260804,20,gaussian_noise,0.5947405409788878,0.3299940043590929,-0.5890507591730187,-0.9574430129569038,0.368392253783885,0.9574430129569038,0.368392253783885,area,0.0
149105289-149105311-003,nc_aware_lambda_0p10,20260804,30,gaussian_noise,0.5947405409788878,0.23131244499071735,-0.9443558725270427,-1.2115826646400776,0.26722679211303485,1.2115826646400776,0.26722679211303485,area,0.0
149105289-149105311-004,nc_aware_lambda_0p10,20260804,10,gaussian_noise,0.41841235261471516,0.27609868278815647,-0.4157090876260448,-0.11903705576368163,-0.29667203186236335,0.11903705576368163,0.29667203186236335,perimeter,1.6653345369377348e-16
149105289-149105311-004,nc_aware_lambda_0p10,20260804,20,gaussian_noise,0.41841235261471516,0.1439264846055089,-1.0671647901310206,-0.4277027805160533,-0.6394620096149674,0.4277027805160533,0.6394620096149674,perimeter,0.0
149105289-149105311-004,nc_aware_lambda_0p10,20260804,30,gaussian_noise,0.41841235261471516,0.1524385886825941,-1.0097056179927646,-0.4075695200543554,-0.6021360979384094,0.4075695200543554,0.6021360979384094,perimeter,2.220446049250313e-16
149140081-149140096-002,nc_aware_lambda_0p10,20260804,10,gaussian_noise,0.5389590432850904,0.5293184479460249,-0.01804934980301632,-0.020022050905885526,0.0019727011028690153,0.020022050905885526,0.0019727011028690153,area,1.9081958235744878e-16
149140081-149140096-002,nc_aware_lambda_0p10,20260804,20,gaussian_noise,0.5389590432850904,0.47564960147844726,-0.12495812973191679,-0.0623341268375848,-0.06262400289433206,0.0623341268375848,0.06262400289433206,perimeter,6.938893903907228e-17
149140081-149140096-002,nc_aware_lambda_0p10,20260804,30,gaussian_noise,0.5389590432850904,0.4970231564105029,-0.0810029641513206,-0.15117205643837153,0.07016909228705077,0.15117205643837153,0.07016909228705077,area,1.5265566588595902e-16
149140849-149140856-001,nc_aware_lambda_0p10,20260804,10,gaussian_noise,0.571139075837806,0.565501040656752,-0.009920609592672465,-0.017477066033984526,0.007556456441312077,0.017477066033984526,0.007556456441312077,area,-1.5612511283791264e-17
149140849-149140856-001,nc_aware_lambda_0p10,20260804,20,gaussian_noise,0.571139075837806,0.587968767311665,0.02904108428200346,-0.05497949136547397,0.0840205756474771,0.05497949136547397,0.0840205756474771,perimeter,3.2959746043559335e-16
149140849-149140856-001,nc_aware_lambda_0p10,20260804,30,gaussian_noise,0.571139075837806,0.5897791076733186,0.032115327633902846,-0.13413948020786967,0.1662548078417723,0.13413948020786967,0.1662548078417723,perimeter,2.220446049250313e-16
149143028-149143108-002,nc_aware_lambda_0p10,20260804,10,gaussian_noise,0.7597035642263834,0.7512237898306252,-0.011224713625485208,-0.005520518752154498,-0.005704194873330511,0.005520518752154498,0.005704194873330511,perimeter,-1.9949319973733282e-16
149143028-149143108-002,nc_aware_lambda_0p10,20260804,20,gaussian_noise,0.7597035642263834,0.7251714678842874,-0.04652017580387841,-0.03277671503106373,-0.013743460772814646,0.03277671503106373,0.013743460772814646,area,-3.469446951953614e-17
149143028-149143108-002,nc_aware_lambda_0p10,20260804,30,gaussian_noise,0.7597035642263834,0.6220265767475814,-0.19994549040531256,-0.07637922065064236,-0.12356626975467017,0.07637922065064236,0.12356626975467017,perimeter,-5.551115123125783e-17
149143469-149143497-003,nc_aware_lambda_0p10,20260804,10,gaussian_noise,0.6266852270059086,0.6245587501463572,-0.0033989836445362364,0.0029420438990930215,-0.006341027543629414,0.0029420438990930215,0.006341027543629414,perimeter,1.5612511283791264e-16
149143469-149143497-003,nc_aware_lambda_0p10,20260804,20,gaussian_noise,0.6266852270059086,0.6286076249150975,0.0030628700053680945,-0.03966866261321247,0.04273153261858056,0.03966866261321247,0.04273153261858056,perimeter,4.336808689942018e-18
149143469-149143497-003,nc_aware_lambda_0p10,20260804,30,gaussian_noise,0.6266852270059086,0.521729317491936,-0.18329547975625765,-0.2024400854843777,0.019144605728120247,0.2024400854843777,0.019144605728120247,area,-1.942890293094024e-16
149146837-149146854-001,nc_aware_lambda_0p10,20260804,10,gaussian_noise,0.7606036049422009,0.7221596455216499,-0.05186610495482395,-0.005590510716885088,-0.04627559423793888,0.005590510716885088,0.04627559423793888,perimeter,1.3877787807814457e-17
149146837-149146854-001,nc_aware_lambda_0p10,20260804,20,gaussian_noise,0.7606036049422009,0.7645435423060151,0.005166643933837465,-0.016157710140534146,0.021324354074371606,0.016157710140534146,0.021324354074371606,perimeter,4.336808689942018e-18
149146837-149146854-001,nc_aware_lambda_0p10,20260804,30,gaussian_noise,0.7606036049422009,0.6340167493935527,-0.18203696239605774,-0.06279014722106034,-0.1192468151749975,0.06279014722106034,0.1192468151749975,perimeter,8.326672684688674e-17
149181904-149181927-001,nc_aware_lambda_0p10,20260804,10,gaussian_noise,0.8392576340736971,0.8344107864075407,-0.005791901378131909,-0.0031397200046677527,-0.0026521813734641003,0.0031397200046677527,0.0026521813734641003,area,-5.637851296924623e-17
149181904-149181927-001,nc_aware_lambda_0p10,20260804,20,gaussian_noise,0.8392576340736971,0.73186163600899,-0.1369262578746576,-0.04113925636658091,-0.09578700150807673,0.04113925636658091,0.09578700150807673,perimeter,5.551115123125783e-17
149181904-149181927-001,nc_aware_lambda_0p10,20260804,30,gaussian_noise,0.8392576340736971,0.507756132947553,-0.5025164530602655,-0.09383343821181124,-0.40868301484845393,0.09383343821181124,0.40868301484845393,perimeter,-3.3306690738754696e-16
149181904-149181951-001,nc_aware_lambda_0p10,20260804,10,gaussian_noise,0.8865896903441998,0.8005287408965489,-0.10210985846454827,-0.008984786407815297,-0.093125072056733,0.008984786407815297,0.093125072056733,perimeter,1.3877787807814457e-17
149181904-149181951-001,nc_aware_lambda_0p10,20260804,20,gaussian_noise,0.8865896903441998,0.5352270871044477,-0.504691175222662,-0.10208621596215234,-0.4026049592605099,0.10208621596215234,0.4026049592605099,perimeter,1.1102230246251565e-16
149181904-149181951-001,nc_aware_lambda_0p10,20260804,30,gaussian_noise,0.8865896903441998,0.1588157037888957,-1.71963785965569,-0.3504332830152564,-1.3692045766404337,0.3504332830152564,1.3692045766404337,perimeter,0.0
149182125-149182135-002,nc_aware_lambda_0p10,20260804,10,gaussian_noise,0.8082728598234148,0.755390006875589,-0.06766551804210313,-0.01724731351247805,-0.050418204529625116,0.01724731351247805,0.050418204529625116,perimeter,2.7755575615628914e-17
149182125-149182135-002,nc_aware_lambda_0p10,20260804,20,gaussian_noise,0.8082728598234148,0.5497003598338134,-0.3855263698485303,-0.05700941030083887,-0.32851695954769145,0.05700941030083887,0.32851695954769145,perimeter,5.551115123125783e-17
149182125-149182135-002,nc_aware_lambda_0p10,20260804,30,gaussian_noise,0.8082728598234148,0.27021727658341627,-1.0956733358502218,-0.2122781582231028,-0.883395177627119,0.2122781582231028,0.883395177627119,perimeter,2.220446049250313e-16
149182657-149182667-001,nc_aware_lambda_0p10,20260804,10,gaussian_noise,0.8862023074121668,0.8056563506660734,-0.09528797482711829,-0.02869049246292908,-0.0665974823641892,0.02869049246292908,0.0665974823641892,perimeter,0.0
149182657-149182667-001,nc_aware_lambda_0p10,20260804,20,gaussian_noise,0.8862023074121668,0.555733587221083,-0.4666562427343341,-0.14683741968364306,-0.31981882305069087,0.14683741968364306,0.31981882305069087,perimeter,-1.6653345369377348e-16
149182657-149182667-001,nc_aware_lambda_0p10,20260804,30,gaussian_noise,0.8862023074121668,0.21540759574520119,-1.4144132349353316,-0.6316435631175282,-0.7827696718178031,0.6316435631175282,0.7827696718178031,perimeter,-2.220446049250313e-16
149182657-149182681-002,nc_aware_lambda_0p10,20260804,10,gaussian_noise,0.7287869671196394,0.5963995843675682,-0.20047057714072755,-0.02787996787373569,-0.17259060926699207,0.02787996787373569,0.17259060926699207,perimeter,2.220446049250313e-16
149182657-149182681-002,nc_aware_lambda_0p10,20260804,20,gaussian_noise,0.7287869671196394,0.32192920097641137,-0.817049814504147,-0.12686180142258652,-0.6901880130815603,0.12686180142258652,0.6901880130815603,perimeter,-2.220446049250313e-16
149182657-149182681-002,nc_aware_lambda_0p10,20260804,30,gaussian_noise,0.7287869671196394,0.3178501216790335,-0.8298015069275461,-0.5001899195591111,-0.3296115873684352,0.5001899195591111,0.3296115873684352,area,2.220446049250313e-16
149182657-149182698-003,nc_aware_lambda_0p10,20260804,10,gaussian_noise,0.8583520414714556,0.8068830073875195,-0.061835634579159346,0.0006596306307780413,-0.06249526520993726,0.0006596306307780413,0.06249526520993726,perimeter,-1.249000902703301e-16
149182657-149182698-003,nc_aware_lambda_0p10,20260804,20,gaussian_noise,0.8583520414714556,0.7484258886923285,-0.13704213422681377,-0.0009902625004637746,-0.13605187172635022,0.0009902625004637746,0.13605187172635022,perimeter,2.220446049250313e-16
149182657-149182698-003,nc_aware_lambda_0p10,20260804,30,gaussian_noise,0.8583520414714556,0.30011177862611715,-1.050859319401119,-0.19460386887218414,-0.8562554505289353,0.19460386887218414,0.8562554505289353,perimeter,2.220446049250313e-16
149185604-149185616-001,nc_aware_lambda_0p10,20260804,10,gaussian_noise,0.5251505909808554,0.5200405575882469,-0.0097782575284344,-0.10050799687794168,0.09072973934950698,0.10050799687794168,0.09072973934950698,area,2.96637714392034e-16
149185604-149185616-001,nc_aware_lambda_0p10,20260804,20,gaussian_noise,0.5251505909808554,0.227352716343315,-0.8371824333764784,-0.20233618812822268,-0.6348462452482556,0.20233618812822268,0.6348462452482556,perimeter,0.0
149185604-149185616-001,nc_aware_lambda_0p10,20260804,30,gaussian_noise,0.5251505909808554,0.286118903965677,-0.6072775888721585,-1.0917236276729243,0.4844460388007656,1.0917236276729243,0.4844460388007656,area,1.1102230246251565e-16
149185604-149185645-003,nc_aware_lambda_0p10,20260804,10,gaussian_noise,0.8601982550288423,0.7853765567089835,-0.09099959894006569,-0.030283496587252295,-0.060716102352813675,0.030283496587252295,0.060716102352813675,perimeter,2.7755575615628914e-16
149185604-149185645-003,nc_aware_lambda_0p10,20260804,20,gaussian_noise,0.8601982550288423,0.2677673419476584,-1.1670444153737527,-0.23391393896599885,-0.9331304764077542,0.23391393896599885,0.9331304764077542,perimeter,2.220446049250313e-16
149185604-149185645-003,nc_aware_lambda_0p10,20260804,30,gaussian_noise,0.8601982550288423,0.1313693843540152,-1.8791498086640825,-0.8541076103545319,-1.0250421983095506,0.8541076103545319,1.0250421983095506,perimeter,-2.220446049250313e-16
149185604-149185657-001,nc_aware_lambda_0p10,20260804,10,gaussian_noise,0.7949365997854536,0.4721648599022356,-0.520934158721117,-0.09034989387622672,-0.4305842648448902,0.09034989387622672,0.4305842648448902,perimeter,-1.1102230246251565e-16
149185604-149185657-001,nc_aware_lambda_0p10,20260804,20,gaussian_noise,0.7949365997854536,0.3965519403112036,-0.6954553332793736,-0.22704918777730612,-0.46840614550206733,0.22704918777730612,0.46840614550206733,perimeter,-1.1102230246251565e-16
149185604-149185657-001,nc_aware_lambda_0p10,20260804,30,gaussian_noise,0.7949365997854536,0.19614857010943235,-1.3993899799288267,-1.0923110705913806,-0.3070789093374462,1.0923110705913806,0.3070789093374462,area,0.0
149185698-149185709-002,nc_aware_lambda_0p10,20260804,10,gaussian_noise,0.7702684929636098,0.5955625984902833,-0.2572326437473381,-0.019125474296857237,-0.238107169450481,0.019125474296857237,0.238107169450481,perimeter,1.1102230246251565e-16
149185698-149185709-002,nc_aware_lambda_0p10,20260804,20,gaussian_noise,0.7702684929636098,0.4017646481053736,-0.6508726815286705,-0.17728260888966246,-0.47359007263900804,0.17728260888966246,0.47359007263900804,perimeter,0.0
149185698-149185709-002,nc_aware_lambda_0p10,20260804,30,gaussian_noise,0.7702684929636098,0.13352183036645285,-1.752474158413243,-0.6971736455914338,-1.0553005128218094,0.6971736455914338,1.0553005128218094,perimeter,2.220446049250313e-16
149185788-149185824-001,nc_aware_lambda_0p10,20260804,10,gaussian_noise,0.6183805401538564,0.43772573218955363,-0.3455114966947258,-0.039910896584293115,-0.30560060011043255,0.039910896584293115,0.30560060011043255,perimeter,-1.1102230246251565e-16
149185788-149185824-001,nc_aware_lambda_0p10,20260804,20,gaussian_noise,0.6183805401538564,0.28837860571210927,-0.7628298087527824,-0.4243636427468594,-0.3384661660059231,0.4243636427468594,0.3384661660059231,area,1.1102230246251565e-16
149185788-149185824-001,nc_aware_lambda_0p10,20260804,30,gaussian_noise,0.6183805401538564,0.4855139174714991,-0.24189607513639225,-1.9242696874133347,1.6823736122769426,1.9242696874133347,1.6823736122769426,area,-1.3877787807814457e-16
149190861-149190868-001,nc_aware_lambda_0p10,20260804,10,gaussian_noise,0.7554421093227096,0.7543032518714693,-0.001508675166721271,-0.001508675166721271,-0.0,0.001508675166721271,0.0,area,0.0
149190861-149190868-001,nc_aware_lambda_0p10,20260804,20,gaussian_noise,0.7554421093227096,0.7378964303868019,-0.023499676605723642,-0.0016345008982493175,-0.021865175707474323,0.0016345008982493175,0.021865175707474323,perimeter,0.0
149190861-149190868-001,nc_aware_lambda_0p10,20260804,30,gaussian_noise,0.7554421093227096,0.7498142235377836,-0.007477679231060321,0.008008050803342751,-0.015485730034402817,0.008008050803342751,0.015485730034402817,perimeter,-2.5500435096859064e-16
149314453-149314465-001,nc_aware_lambda_0p10,20260804,10,gaussian_noise,0.8360307460029504,0.8277461175236542,-0.009958903904837226,-0.0037807228399060443,-0.0061781810649311365,0.0037807228399060443,0.0061781810649311365,perimeter,-4.5102810375396984e-17
149314453-149314465-001,nc_aware_lambda_0p10,20260804,20,gaussian_noise,0.8360307460029504,0.7939752165293793,-0.05161314260299896,-0.028063066066909934,-0.02355007653608901,0.028063066066909934,0.02355007653608901,area,-1.3877787807814457e-17
149314453-149314465-001,nc_aware_lambda_0p10,20260804,30,gaussian_noise,0.8360307460029504,0.8114931518861151,-0.029789441838993184,-0.0297894368021071,-5.036886013040236e-09,0.0297894368021071,5.036886013040236e-09,area,-7.28583859910259e-17
149314453-149314507-001,nc_aware_lambda_0p10,20260804,10,gaussian_noise,0.8993396369303598,0.8462184060700998,-0.060883267772449595,-0.016187403818657468,-0.04469586395379213,0.016187403818657468,0.04469586395379213,perimeter,0.0
149314453-149314507-001,nc_aware_lambda_0p10,20260804,20,gaussian_noise,0.8993396369303598,0.8084315299471626,-0.10656476959137559,-0.02712643723908914,-0.07943833235228628,0.02712643723908914,0.07943833235228628,perimeter,-1.6653345369377348e-16
149314453-149314507-001,nc_aware_lambda_0p10,20260804,30,gaussian_noise,0.8993396369303598,0.5882281549692079,-0.42454586596974336,-0.16341138828079455,-0.2611344776889486,0.16341138828079455,0.2611344776889486,perimeter,-2.220446049250313e-16
149314453-149314507-002,nc_aware_lambda_0p10,20260804,10,gaussian_noise,0.7951737819677572,0.7586371181530559,-0.04703712656964499,-0.002219756738312888,-0.04481736983133228,0.002219756738312888,0.04481736983133228,perimeter,1.734723475976807e-16
149314453-149314507-002,nc_aware_lambda_0p10,20260804,20,gaussian_noise,0.7951737819677572,0.7060688705463745,-0.11884790135186304,-0.04613294382824084,-0.07271495752362243,0.04613294382824084,0.07271495752362243,perimeter,2.220446049250313e-16
149314453-149314507-002,nc_aware_lambda_0p10,20260804,30,gaussian_noise,0.7951737819677572,0.6895168407919875,-0.14256956285734515,-0.09775218345987662,-0.044817379397468556,0.09775218345987662,0.044817379397468556,area,2.7755575615628914e-17
149314679-149314698-001,nc_aware_lambda_0p10,20260804,10,gaussian_noise,0.5786363558579924,0.5048089546353952,-0.13649417470426206,-0.029286481600598904,-0.10720769310366313,0.029286481600598904,0.10720769310366313,perimeter,-2.7755575615628914e-17
149314679-149314698-001,nc_aware_lambda_0p10,20260804,20,gaussian_noise,0.5786363558579924,0.3018004201082062,-0.6509082864091316,-0.1687554572672358,-0.48215282914189567,0.1687554572672358,0.48215282914189567,perimeter,-1.1102230246251565e-16
149314679-149314698-001,nc_aware_lambda_0p10,20260804,30,gaussian_noise,0.5786363558579924,0.3226749664284982,-0.5840287040705241,-0.8494682356287534,0.26543953155822897,0.8494682356287534,0.26543953155822897,area,3.3306690738754696e-16
149315229-149315310-001,nc_aware_lambda_0p10,20260804,10,gaussian_noise,0.8279360571266334,0.8163874698375954,-0.014046842960443368,-0.006613882449775573,-0.007432960510667487,0.006613882449775573,0.007432960510667487,perimeter,-3.0704605524789486e-16
149315229-149315310-001,nc_aware_lambda_0p10,20260804,20,gaussian_noise,0.8279360571266334,0.6625690063960064,-0.22281121267694637,-0.047242994338513686,-0.1755682183384327,0.047242994338513686,0.1755682183384327,perimeter,0.0
149315229-149315310-001,nc_aware_lambda_0p10,20260804,30,gaussian_noise,0.8279360571266334,0.5541916086605868,-0.40142543475233616,-0.1256129349328026,-0.27581249981953365,0.1256129349328026,0.27581249981953365,perimeter,1.1102230246251565e-16
149315671-149315731-001,nc_aware_lambda_0p10,20260804,10,gaussian_noise,0.7106405406535313,0.6506894313256572,-0.08813426889777387,-0.03286451618011856,-0.05526975271765534,0.03286451618011856,0.05526975271765534,perimeter,2.7755575615628914e-17
149315671-149315731-001,nc_aware_lambda_0p10,20260804,20,gaussian_noise,0.7106405406535313,0.3428844812739581,-0.7287731321082747,-0.1801472258228482,-0.5486259062854265,0.1801472258228482,0.5486259062854265,perimeter,0.0
149315671-149315731-001,nc_aware_lambda_0p10,20260804,30,gaussian_noise,0.7106405406535313,0.4808140613691425,-0.39068610468977805,-1.1232408828211495,0.7325547781313713,1.1232408828211495,0.7325547781313713,area,2.220446049250313e-16
149315671-149315740-001,nc_aware_lambda_0p10,20260804,10,gaussian_noise,0.7060272602479076,0.6329787431726461,-0.10921700850251755,-0.012557720485484841,-0.09665928801703227,0.012557720485484841,0.09665928801703227,perimeter,-4.3021142204224816e-16
149315671-149315740-001,nc_aware_lambda_0p10,20260804,20,gaussian_noise,0.7060272602479076,0.3845875460696449,-0.6074823978807664,-0.14140638857789745,-0.46607600930286897,0.14140638857789745,0.46607600930286897,perimeter,0.0
149315671-149315740-001,nc_aware_lambda_0p10,20260804,30,gaussian_noise,0.7060272602479076,0.25567583988794124,-1.0157434573276298,-0.3547751570932974,-0.6609683002343322,0.3547751570932974,0.6609683002343322,perimeter,-2.220446049250313e-16
149316426-149316462-004,nc_aware_lambda_0p10,20260804,10,gaussian_noise,0.7351554348520114,0.6787261942089213,-0.07986415519969722,-0.03382986451840487,-0.046034290681292306,0.03382986451840487,0.046034290681292306,perimeter,-5.551115123125783e-17
149316426-149316462-004,nc_aware_lambda_0p10,20260804,20,gaussian_noise,0.7351554348520114,0.5298667317312096,-0.3274564274804029,-0.11830292129325551,-0.2091535061871476,0.11830292129325551,0.2091535061871476,perimeter,2.220446049250313e-16
149316426-149316462-004,nc_aware_lambda_0p10,20260804,30,gaussian_noise,0.7351554348520114,0.2678761013661985,-1.0095573875657424,-0.35183566729798327,-0.6577217202677595,0.35183566729798327,0.6577217202677595,perimeter,4.440892098500626e-16
149316754-149316779-002,nc_aware_lambda_0p10,20260804,10,gaussian_noise,0.7162485087362737,0.6764008784324438,-0.057241270271779526,-0.04734421414854043,-0.009897056123239066,0.04734421414854043,0.009897056123239066,area,-2.7755575615628914e-17
149316754-149316779-002,nc_aware_lambda_0p10,20260804,20,gaussian_noise,0.7162485087362737,0.5711563658461521,-0.2263641682010636,-0.1442387618575684,-0.0821254063434952,0.1442387618575684,0.0821254063434952,area,0.0
149316754-149316779-002,nc_aware_lambda_0p10,20260804,30,gaussian_noise,0.7162485087362737,0.7311461473009374,0.02058618169193181,-0.21499814287024202,0.23558432456217412,0.21499814287024202,0.23558432456217412,perimeter,-2.949029909160572e-16
149317002-149317010-002,nc_aware_lambda_0p10,20260804,10,gaussian_noise,0.7375268480742612,0.6413129372046835,-0.13978495236342317,-0.0031397200046677527,-0.13664523235875511,0.0031397200046677527,0.13664523235875511,perimeter,-3.0531133177191805e-16
149317002-149317010-002,nc_aware_lambda_0p10,20260804,20,gaussian_noise,0.7375268480742612,0.5957963894343102,-0.2134035114887199,-0.04225980928988261,-0.17114370219883732,0.04225980928988261,0.17114370219883732,perimeter,5.551115123125783e-17
149317002-149317010-002,nc_aware_lambda_0p10,20260804,30,gaussian_noise,0.7375268480742612,0.5619741274473634,-0.271846679456401,-0.12470347850095725,-0.14714320095544334,0.12470347850095725,0.14714320095544334,perimeter,-3.885780586188048e-16
149317204-149317230-002,nc_aware_lambda_0p10,20260804,10,gaussian_noise,0.8264664462464529,0.7341058805001817,-0.11850604946008775,-0.02781744676932223,-0.09068860269076548,0.02781744676932223,0.09068860269076548,perimeter,-4.163336342344337e-17
149317204-149317230-002,nc_aware_lambda_0p10,20260804,20,gaussian_noise,0.8264664462464529,0.690010941717923,-0.18045186400623872,-0.13576242020685284,-0.04468944379938577,0.13576242020685284,0.04468944379938577,area,-1.1102230246251565e-16
149317204-149317230-002,nc_aware_lambda_0p10,20260804,30,gaussian_noise,0.8264664462464529,0.4137873696891434,-0.6918070769309312,-0.5058175646492841,-0.185989512281647,0.5058175646492841,0.185989512281647,area,-2.220446049250313e-16
149788987-149788996-003,nc_aware_lambda_0p10,20260804,10,gaussian_noise,0.7350102439375181,0.7012331531876456,-0.04704400387218085,-0.007363677421282293,-0.03968032645089862,0.007363677421282293,0.03968032645089862,perimeter,6.245004513516506e-17
149788987-149788996-003,nc_aware_lambda_0p10,20260804,20,gaussian_noise,0.7350102439375181,0.6817855038038733,-0.07516933862252907,-0.0013658871852083373,-0.07380345143732106,0.0013658871852083373,0.07380345143732106,perimeter,3.191891195797325e-16
149788987-149788996-003,nc_aware_lambda_0p10,20260804,30,gaussian_noise,0.7350102439375181,0.6589012067871228,-0.10931082700970522,-0.048593971166068735,-0.060716855843636515,0.048593971166068735,0.060716855843636515,perimeter,2.7755575615628914e-17
153268807-153268826-001,nc_aware_lambda_0p10,20260804,10,gaussian_noise,0.688437801350083,0.6898099368483348,0.0019911310768793446,0.001991131076879123,-0.0,0.001991131076879123,0.0,area,2.216109240560371e-16
153268807-153268826-001,nc_aware_lambda_0p10,20260804,20,gaussian_noise,0.688437801350083,0.6980797231986797,0.01390833813011621,-0.0039941955788408805,0.017902533708956964,0.0039941955788408805,0.017902533708956964,perimeter,1.2663481374630692e-16
153268807-153268826-001,nc_aware_lambda_0p10,20260804,30,gaussian_noise,0.688437801350083,0.6733182867941925,-0.02220681959485602,-0.013315290205796334,-0.008891529389059625,0.013315290205796334,0.008891529389059625,area,-6.245004513516506e-17
153276386-153276405-001,nc_aware_lambda_0p10,20260804,10,gaussian_noise,0.8120560571933118,0.807243453168344,-0.005944074167974112,-0.02810377863406474,0.022159704466090512,0.02810377863406474,0.022159704466090512,area,1.1709383462843448e-16
153276386-153276405-001,nc_aware_lambda_0p10,20260804,20,gaussian_noise,0.8120560571933118,0.581575507173945,-0.33382856123571736,-0.08143321523691592,-0.2523953459988012,0.08143321523691592,0.2523953459988012,perimeter,-2.220446049250313e-16
153276386-153276405-001,nc_aware_lambda_0p10,20260804,30,gaussian_noise,0.8120560571933118,0.40383556016454136,-0.6985616079246089,-0.2464280435123256,-0.4521335644122832,0.2464280435123256,0.4521335644122832,perimeter,0.0
153276386-153276405-002,nc_aware_lambda_0p10,20260804,10,gaussian_noise,0.3412441887887908,0.3199184891628909,-0.06453207518300556,-0.0536104869129342,-0.01092158827007109,0.0536104869129342,0.01092158827007109,area,-2.7755575615628914e-16
153276386-153276405-002,nc_aware_lambda_0p10,20260804,20,gaussian_noise,0.3412441887887908,0.17405180631853984,-0.6732453248014155,-0.3469668700313428,-0.3262784547700726,0.3469668700313428,0.3262784547700726,area,-1.1102230246251565e-16
153276386-153276405-002,nc_aware_lambda_0p10,20260804,30,gaussian_noise,0.3412441887887908,0.181765830411752,-0.6298791046160556,-0.6750776012300387,0.04519849661398307,0.6750776012300387,0.04519849661398307,area,0.0
153276386-153276414-001,nc_aware_lambda_0p10,20260804,10,gaussian_noise,0.8421769918538579,0.8195859934230714,-0.02719086956352334,-0.020564411633076058,-0.006626457930447226,0.020564411633076058,0.006626457930447226,area,-5.551115123125783e-17
153276386-153276414-001,nc_aware_lambda_0p10,20260804,20,gaussian_noise,0.8421769918538579,0.653047472303926,-0.2543403708396088,-0.05690489628250003,-0.1974354745571088,0.05690489628250003,0.1974354745571088,perimeter,0.0
153276386-153276414-001,nc_aware_lambda_0p10,20260804,30,gaussian_noise,0.8421769918538579,0.512555290511938,-0.49658160713526506,-0.15175890638378786,-0.3448227007514773,0.15175890638378786,0.3448227007514773,perimeter,1.1102230246251565e-16
153314466-153314473-003,nc_aware_lambda_0p10,20260804,10,gaussian_noise,0.9193139048484243,0.9755126798936816,0.059335522102514776,-0.02330540261363997,0.0826409247161548,0.02330540261363997,0.0826409247161548,perimeter,-5.551115123125783e-17
153314466-153314473-003,nc_aware_lambda_0p10,20260804,20,gaussian_noise,0.9193139048484243,0.8313688801056396,-0.10055404082400675,-0.03320822447748255,-0.06734581634652409,0.03320822447748255,0.06734581634652409,perimeter,-1.1102230246251565e-16
153314466-153314473-003,nc_aware_lambda_0p10,20260804,30,gaussian_noise,0.9193139048484243,0.950424024967207,0.03328059085482741,-0.03641221440242463,0.06969280525725183,0.03641221440242463,0.06969280525725183,perimeter,2.0816681711721685e-16
153654869-153654880-001,nc_aware_lambda_0p10,20260804,10,gaussian_noise,0.7754927153452347,0.7144945764708704,-0.08192318240072677,-0.01354422510775726,-0.0683789572929693,0.01354422510775726,0.0683789572929693,perimeter,-2.0816681711721685e-16
153654869-153654880-001,nc_aware_lambda_0p10,20260804,20,gaussian_noise,0.7754927153452347,0.3182005669350293,-0.8908166914821628,-0.12544968126177758,-0.765367010220385,0.12544968126177758,0.765367010220385,perimeter,-2.220446049250313e-16
153654869-153654880-001,nc_aware_lambda_0p10,20260804,30,gaussian_noise,0.7754927153452347,0.11055403685413984,-1.9479941663479674,-0.48597504001110386,-1.4620191263368634,0.48597504001110386,1.4620191263368634,perimeter,-2.220446049250313e-16
153655016-153655039-005,nc_aware_lambda_0p10,20260804,10,gaussian_noise,0.8254371435078046,0.65643959496442,-0.2290824381284027,-0.0017937224540268775,-0.22728871567437575,0.0017937224540268775,0.22728871567437575,perimeter,-8.326672684688674e-17
153655016-153655039-005,nc_aware_lambda_0p10,20260804,20,gaussian_noise,0.8254371435078046,0.4669112626163159,-0.5697738931184876,-0.1231738842912599,-0.44660000882722745,0.1231738842912599,0.44660000882722745,perimeter,-2.220446049250313e-16
153655016-153655039-005,nc_aware_lambda_0p10,20260804,30,gaussian_noise,0.8254371435078046,0.19797437491395517,-1.4277755142286028,-0.6441863533642436,-0.7835891608643594,0.6441863533642436,0.7835891608643594,perimeter,0.0
153655087-153655101-002,nc_aware_lambda_0p10,20260804,10,gaussian_noise,0.34902431096021735,0.19613020937898618,-0.5763628064632424,-0.03345382388669318,-0.5429089825765488,0.03345382388669318,0.5429089825765488,perimeter,-4.440892098500626e-16
153655087-153655101-002,nc_aware_lambda_0p10,20260804,20,gaussian_noise,0.34902431096021735,0.3018530092848885,-0.14520140402419257,-0.4950772667978514,0.34987586277365906,0.4950772667978514,0.34987586277365906,area,-2.220446049250313e-16
153655087-153655101-002,nc_aware_lambda_0p10,20260804,30,gaussian_noise,0.34902431096021735,1.6154297264026185,1.5322147060342357,-1.6491782410836144,3.1813929471178506,1.6491782410836144,3.1813929471178506,perimeter,-4.440892098500626e-16
153656862-153656873-001,nc_aware_lambda_0p10,20260804,10,gaussian_noise,0.8079630375781611,0.7852659736160461,-0.028493831614189072,0.0,-0.028493831614189283,0.0,0.028493831614189283,perimeter,2.1163626406917047e-16
153656862-153656873-001,nc_aware_lambda_0p10,20260804,20,gaussian_noise,0.8079630375781611,0.7657357501214925,-0.05367917541141983,-0.013500687218902576,-0.04017848819251745,0.013500687218902576,0.04017848819251745,perimeter,1.942890293094024e-16
153656862-153656873-001,nc_aware_lambda_0p10,20260804,30,gaussian_noise,0.8079630375781611,0.7077107180896519,-0.13248089197403395,-0.0306369694618898,-0.10184392251214397,0.0306369694618898,0.10184392251214397,perimeter,-1.942890293094024e-16
153657121-153657160-001,nc_aware_lambda_0p10,20260804,10,gaussian_noise,0.8184867204625299,0.7172959504900996,-0.13196865481664397,0.005108878646418183,-0.13707753346306206,0.005108878646418183,0.13707753346306206,perimeter,-8.326672684688674e-17
153657121-153657160-001,nc_aware_lambda_0p10,20260804,20,gaussian_noise,0.8184867204625299,0.6289527182834854,-0.2634010882287392,-0.050779947353689986,-0.21262114087504924,0.050779947353689986,0.21262114087504924,perimeter,0.0
153657121-153657160-001,nc_aware_lambda_0p10,20260804,30,gaussian_noise,0.8184867204625299,0.30556043710572556,-0.9853095832640462,-0.23171678202469792,-0.753592801239348,0.23171678202469792,0.753592801239348,perimeter,-2.220446049250313e-16
153659229-153659264-001,nc_aware_lambda_0p10,20260804,10,gaussian_noise,0.8088269040082504,0.7851265415121733,-0.029740027088430425,-0.01986912992305803,-0.009870897165372565,0.01986912992305803,0.009870897165372565,area,1.6653345369377348e-16
153659229-153659264-001,nc_aware_lambda_0p10,20260804,20,gaussian_noise,0.8088269040082504,0.7195141220489805,-0.11700877753618981,-0.041006734960462796,-0.07600204257572712,0.041006734960462796,0.07600204257572712,perimeter,1.1102230246251565e-16
153659229-153659264-001,nc_aware_lambda_0p10,20260804,30,gaussian_noise,0.8088269040082504,0.6051059019644834,-0.2901814439764573,-0.11249777541291565,-0.17768366856354176,0.11249777541291565,0.17768366856354176,perimeter,1.1102230246251565e-16
153697342-153697375-001,nc_aware_lambda_0p10,20260804,10,gaussian_noise,0.8029345395720382,0.7543485638955373,-0.062418643268117566,-0.022261193241468392,-0.0401574500266492,0.022261193241468392,0.0401574500266492,perimeter,2.7755575615628914e-17
153697342-153697375-001,nc_aware_lambda_0p10,20260804,20,gaussian_noise,0.8029345395720382,0.6366407288517066,-0.23206769926909931,-0.06425631427807166,-0.16781138499102777,0.06425631427807166,0.16781138499102777,perimeter,1.1102230246251565e-16
153697342-153697375-001,nc_aware_lambda_0p10,20260804,30,gaussian_noise,0.8029345395720382,0.45593795261218784,-0.5659164593650093,-0.21292917303155998,-0.3529872863334491,0.21292917303155998,0.3529872863334491,perimeter,-2.220446049250313e-16
153697342-153697384-001,nc_aware_lambda_0p10,20260804,10,gaussian_noise,0.8136705367041321,0.7906971165780567,-0.028640555606759262,-0.028640555606759262,-0.0,0.028640555606759262,0.0,area,0.0
153697342-153697384-001,nc_aware_lambda_0p10,20260804,20,gaussian_noise,0.8136705367041321,0.556999164422659,-0.3789917982197182,-0.04129619037202398,-0.3376956078476941,0.04129619037202398,0.3376956078476941,perimeter,-1.1102230246251565e-16
153697342-153697384-001,nc_aware_lambda_0p10,20260804,30,gaussian_noise,0.8136705367041321,0.5430691273145465,-0.4043189198875472,-0.13757302080744382,-0.2667458990801031,0.13757302080744382,0.2667458990801031,perimeter,-2.7755575615628914e-16
153697726-153697736-001,nc_aware_lambda_0p10,20260804,10,gaussian_noise,0.6716799151797993,0.6694548220408023,-0.0033182276454170644,0.002956991401921173,-0.006275219047338245,0.002956991401921173,0.006275219047338245,perimeter,7.37257477290143e-18
153697726-153697736-001,nc_aware_lambda_0p10,20260804,20,gaussian_noise,0.6716799151797993,0.6478219252281504,-0.036166058512289746,0.00013459855999853248,-0.03630065707228816,0.00013459855999853248,0.03630065707228816,perimeter,-1.1796119636642288e-16
153697726-153697736-001,nc_aware_lambda_0p10,20260804,30,gaussian_noise,0.6716799151797993,0.620123581203145,-0.0798631276537439,-0.024389791303085818,-0.055473336350657904,0.024389791303085818,0.055473336350657904,perimeter,-1.8041124150158794e-16
153701009-153701019-002,nc_aware_lambda_0p10,20260804,10,gaussian_noise,0.6292876015525678,0.668538578995124,0.0605057162951747,-0.02526579914277506,0.08577151543795022,0.02526579914277506,0.08577151543795022,perimeter,-4.649058915617843e-16
153701009-153701019-002,nc_aware_lambda_0p10,20260804,20,gaussian_noise,0.6292876015525678,0.6072015991243613,-0.03572752869046581,-0.07276700864216025,0.037039479951694876,0.07276700864216025,0.037039479951694876,area,-4.371503159461554e-16
153701009-153701019-002,nc_aware_lambda_0p10,20260804,30,gaussian_noise,0.6292876015525678,0.5916439026482836,-0.06168345026845801,-0.1219499200837744,0.06026646981531653,0.1219499200837744,0.06026646981531653,area,-1.457167719820518e-16
153701622-153701650-001,nc_aware_lambda_0p10,20260804,10,gaussian_noise,0.8031029084567772,0.7923866225581758,-0.013433428226501181,-0.013433423398964903,-4.8275361427842575e-09,0.013433423398964903,4.8275361427842575e-09,area,-1.3530843112619095e-16
153701622-153701650-001,nc_aware_lambda_0p10,20260804,20,gaussian_noise,0.8031029084567772,0.7286913334731924,-0.09723262925394469,-0.04379879270084804,-0.05343383655309646,0.04379879270084804,0.05343383655309646,perimeter,-1.8041124150158794e-16
153701622-153701650-001,nc_aware_lambda_0p10,20260804,30,gaussian_noise,0.8031029084567772,0.5968220490797149,-0.2968638670093842,-0.07955099725967851,-0.2173128697497055,0.07955099725967851,0.2173128697497055,perimeter,-1.6653345369377348e-16
153701949-153701958-001,nc_aware_lambda_0p10,20260804,10,gaussian_noise,0.7866922946568861,0.7434781122792666,-0.05649786007127957,-0.010517836386837492,-0.04598002368444196,0.010517836386837492,0.04598002368444196,perimeter,-1.1796119636642288e-16
153701949-153701958-001,nc_aware_lambda_0p10,20260804,20,gaussian_noise,0.7866922946568861,0.7450960616528391,-0.05432403489139517,-0.04014067641963612,-0.014183358471759057,0.04014067641963612,0.014183358471759057,area,0.0
153701949-153701958-001,nc_aware_lambda_0p10,20260804,30,gaussian_noise,0.7866922946568861,0.5906429163793182,-0.28662555437615667,-0.05653448619531251,-0.2300910681808442,0.05653448619531251,0.2300910681808442,perimeter,5.551115123125783e-17
153702037-153702051-003,nc_aware_lambda_0p10,20260804,10,gaussian_noise,0.6182370978614227,0.633624049159164,0.024583758775881058,0.0007500469130926245,0.023833711862788258,0.0007500469130926245,0.023833711862788258,perimeter,1.7694179454963432e-16
153702037-153702051-003,nc_aware_lambda_0p10,20260804,20,gaussian_noise,0.6182370978614227,0.5396549875553537,-0.13594201394637165,-0.0191275597637924,-0.11681445418257931,0.0191275597637924,0.11681445418257931,perimeter,5.551115123125783e-17
153702037-153702051-003,nc_aware_lambda_0p10,20260804,30,gaussian_noise,0.6182370978614227,0.3888066185110955,-0.4637899420180732,-0.09167769317675808,-0.37211224884131516,0.09167769317675808,0.37211224884131516,perimeter,0.0
153826963-153826970-001,nc_aware_lambda_0p10,20260804,10,gaussian_noise,0.4277582810390647,0.34561256564722953,-0.21323987691327384,-0.08671465575704874,-0.12652522115622516,0.08671465575704874,0.12652522115622516,perimeter,5.551115123125783e-17
153826963-153826970-001,nc_aware_lambda_0p10,20260804,20,gaussian_noise,0.4277582810390647,0.18557506151441835,-0.835098827631511,-0.3791548656552466,-0.4559439619762646,0.3791548656552466,0.4559439619762646,perimeter,2.220446049250313e-16
153826963-153826970-001,nc_aware_lambda_0p10,20260804,30,gaussian_noise,0.4277582810390647,0.12573797044450158,-1.2243581301804298,-0.6425795756091766,-0.581778554571253,0.6425795756091766,0.581778554571253,area,-2.220446049250313e-16
153826963-153826982-003,nc_aware_lambda_0p10,20260804,10,gaussian_noise,0.8171066061672694,0.7945988869521518,-0.027932128637903043,-0.004602086992471623,-0.023330041645431534,0.004602086992471623,0.023330041645431534,perimeter,1.1449174941446927e-16
153826963-153826982-003,nc_aware_lambda_0p10,20260804,20,gaussian_noise,0.8171066061672694,0.6889700443378495,-0.17057177819722172,-0.024846994360961976,-0.14572478383625978,0.024846994360961976,0.14572478383625978,perimeter,2.7755575615628914e-17
153826963-153826982-003,nc_aware_lambda_0p10,20260804,30,gaussian_noise,0.8171066061672694,0.23794902365863696,-1.2337131068303833,-0.2715577570325154,-0.962155349797868,0.2715577570325154,0.962155349797868,perimeter,2.220446049250313e-16
153827595-153827657-002,nc_aware_lambda_0p10,20260804,10,gaussian_noise,0.8128100240040145,0.7481250804825197,-0.08292722553906953,-0.023560738583553932,-0.059366486955515683,0.023560738583553932,0.059366486955515683,perimeter,8.326672684688674e-17
153827595-153827657-002,nc_aware_lambda_0p10,20260804,20,gaussian_noise,0.8128100240040145,0.6845293727223833,-0.1717658544136898,-0.09218213904097375,-0.07958371537271595,0.09218213904097375,0.07958371537271595,area,-1.1102230246251565e-16
153827595-153827657-002,nc_aware_lambda_0p10,20260804,30,gaussian_noise,0.8128100240040145,0.6122928769542062,-0.2832866842751694,-0.16486266109148937,-0.11842402318368013,0.16486266109148937,0.11842402318368013,area,1.1102230246251565e-16
153828877-153828902-002,nc_aware_lambda_0p10,20260804,10,gaussian_noise,0.7127726455234533,0.6946683796595778,-0.025727919207982296,-0.0015560169114611805,-0.024171902296521355,0.0015560169114611805,0.024171902296521355,perimeter,2.393918396847994e-16
153828877-153828902-002,nc_aware_lambda_0p10,20260804,20,gaussian_noise,0.7127726455234533,0.6720028416246647,-0.058899930208446194,-0.03105512718947263,-0.027844803018973508,0.03105512718947263,0.027844803018973508,area,-5.551115123125783e-17
153828877-153828902-002,nc_aware_lambda_0p10,20260804,30,gaussian_noise,0.7127726455234533,0.5453075535316088,-0.26781254542867555,-0.05814971336218531,-0.20966283206649045,0.05814971336218531,0.20966283206649045,perimeter,2.220446049250313e-16
153828952-153828970-001,nc_aware_lambda_0p10,20260804,10,gaussian_noise,0.8463675926955424,0.8652341896950806,0.02204643785260296,-0.009692282815703284,0.031738720668306214,0.009692282815703284,0.031738720668306214,perimeter,3.122502256758253e-17
153828952-153828970-001,nc_aware_lambda_0p10,20260804,20,gaussian_noise,0.8463675926955424,0.826187671953297,-0.024131818499571786,-0.02294101926741676,-0.0011907992321549383,0.02294101926741676,0.0011907992321549383,area,-9.020562075079397e-17
153828952-153828970-001,nc_aware_lambda_0p10,20260804,30,gaussian_noise,0.8463675926955424,0.5924474374695103,-0.35669161602541266,-0.09252469893995297,-0.26416691708545953,0.09252469893995297,0.26416691708545953,perimeter,-1.6653345369377348e-16
153828952-153829005-001,nc_aware_lambda_0p10,20260804,10,gaussian_noise,0.717727620252137,0.6676557663061433,-0.07231741728036249,-0.015003460077881284,-0.05731395720248139,0.015003460077881284,0.05731395720248139,perimeter,1.8041124150158794e-16
153828952-153829005-001,nc_aware_lambda_0p10,20260804,20,gaussian_noise,0.717727620252137,0.5812079534070272,-0.21098152203253095,-0.04543889548922803,-0.16554262654330298,0.04543889548922803,0.16554262654330298,perimeter,5.551115123125783e-17
153828952-153829005-001,nc_aware_lambda_0p10,20260804,30,gaussian_noise,0.717727620252137,0.48341630122378954,-0.3952119483736875,-0.1067075439807185,-0.2885044043929693,0.1067075439807185,0.2885044043929693,perimeter,2.7755575615628914e-16
153828952-153829005-002,nc_aware_lambda_0p10,20260804,10,gaussian_noise,0.7806314453448815,0.7118117531782339,-0.09228965264177207,-0.018412128810260175,-0.07387752383151164,0.018412128810260175,0.07387752383151164,perimeter,-2.498001805406602e-16
153828952-153829005-002,nc_aware_lambda_0p10,20260804,20,gaussian_noise,0.7806314453448815,0.7141266976080992,-0.08904274326451501,-0.04006213074400471,-0.0489806125205101,0.04006213074400471,0.0489806125205101,perimeter,-2.0816681711721685e-16
153828952-153829005-002,nc_aware_lambda_0p10,20260804,30,gaussian_noise,0.7806314453448815,0.3989130236884929,-0.6713597301081294,-0.1643030512912763,-0.507056678816853,0.1643030512912763,0.507056678816853,perimeter,-1.1102230246251565e-16
153829664-153829672-001,nc_aware_lambda_0p10,20260804,10,gaussian_noise,0.7243727504239243,0.70705879668291,-0.02419228248473129,0.0032649613786090654,-0.027457243863340062,0.0032649613786090654,0.027457243863340062,perimeter,-2.914335439641036e-16
153829664-153829672-001,nc_aware_lambda_0p10,20260804,20,gaussian_noise,0.7243727504239243,0.7416939104367187,0.02363052988223728,0.010748229621464793,0.01288230026077256,0.010748229621464793,0.01288230026077256,perimeter,-7.28583859910259e-17
153829664-153829672-001,nc_aware_lambda_0p10,20260804,30,gaussian_noise,0.7243727504239243,0.7058713377829233,-0.025873128763811377,-0.006418965054071053,-0.019454163709740235,0.006418965054071053,0.019454163709740235,perimeter,-9.020562075079397e-17
153829745-153829768-003,nc_aware_lambda_0p10,20260804,10,gaussian_noise,0.7671937119251341,0.7525296704054824,-0.01929890244451811,-0.0053951574567584005,-0.013903744987759748,0.0053951574567584005,0.013903744987759748,perimeter,3.8163916471489756e-17
153829745-153829768-003,nc_aware_lambda_0p10,20260804,20,gaussian_noise,0.7671937119251341,0.561230202212909,-0.3126081634198259,-0.04545773960882899,-0.267150423810997,0.04545773960882899,0.267150423810997,perimeter,1.1102230246251565e-16
153829745-153829768-003,nc_aware_lambda_0p10,20260804,30,gaussian_noise,0.7671937119251341,0.581049274684552,-0.2779037640164651,-0.12689175185462376,-0.15101201216184146,0.12689175185462376,0.15101201216184146,perimeter,1.1102230246251565e-16
153830680-153830827-002,nc_aware_lambda_0p10,20260804,10,gaussian_noise,0.8381097897693942,0.826971169475155,-0.013379273106908732,-0.008786808815074184,-0.004592464291834606,0.008786808815074184,0.004592464291834606,area,5.724587470723463e-17
153830680-153830827-002,nc_aware_lambda_0p10,20260804,20,gaussian_noise,0.8381097897693942,0.8149904892178843,-0.027972662443651868,-0.0335303391986796,0.005557676755027802,0.0335303391986796,0.005557676755027802,area,-6.938893903907228e-17
153830680-153830827-002,nc_aware_lambda_0p10,20260804,30,gaussian_noise,0.8381097897693942,0.6708200614392463,-0.22264816970616003,-0.08346938855375487,-0.13917878115240517,0.08346938855375487,0.13917878115240517,perimeter,0.0
153831352-153831372-004,nc_aware_lambda_0p10,20260804,10,gaussian_noise,0.4257609355065276,0.37855124708759663,-0.1175265455655572,-0.015187762274622494,-0.10233878329093446,0.015187762274622494,0.10233878329093446,perimeter,-2.3592239273284576e-16
153831352-153831372-004,nc_aware_lambda_0p10,20260804,20,gaussian_noise,0.4257609355065276,0.3548064465343006,-0.18230558473132874,-0.06043328355187794,-0.12187230117945094,0.06043328355187794,0.12187230117945094,perimeter,1.3877787807814457e-16
153831352-153831372-004,nc_aware_lambda_0p10,20260804,30,gaussian_noise,0.4257609355065276,0.29697744788892216,-0.3602218016038635,-0.1025905031724502,-0.2576312984314132,0.1025905031724502,0.2576312984314132,perimeter,-1.1102230246251565e-16
153915432-153915441-002,nc_aware_lambda_0p10,20260804,10,gaussian_noise,0.6379699990585141,0.7651293715690273,0.18175367387074676,-0.047169341008667404,0.2289230148794144,0.047169341008667404,0.2289230148794144,perimeter,-2.498001805406602e-16
153915432-153915441-002,nc_aware_lambda_0p10,20260804,20,gaussian_noise,0.6379699990585141,0.7675936604804744,0.1849692463953249,-0.10088731712116986,0.2858565635164948,0.10088731712116986,0.2858565635164948,perimeter,-5.551115123125783e-17
153915432-153915441-002,nc_aware_lambda_0p10,20260804,30,gaussian_noise,0.6379699990585141,0.7478880237914088,0.15896200713467012,-0.13993916636629783,0.2989011735009682,0.13993916636629783,0.2989011735009682,perimeter,-2.220446049250313e-16
153915432-153915472-001,nc_aware_lambda_0p10,20260804,10,gaussian_noise,0.5755418558448105,0.5573971995503005,-0.03203386414190949,-0.030338188060943343,-0.001695676080966036,0.030338188060943343,0.001695676080966036,area,-1.1102230246251565e-16
153915432-153915472-001,nc_aware_lambda_0p10,20260804,20,gaussian_noise,0.5755418558448105,0.7714360949765944,0.2929418811491451,-0.08053197711507698,0.3734738582642221,0.08053197711507698,0.3734738582642221,perimeter,0.0
153915432-153915472-001,nc_aware_lambda_0p10,20260804,30,gaussian_noise,0.5755418558448105,0.7674821784687756,0.28780330390784853,-0.14195217269061164,0.4297554765984603,0.14195217269061164,0.4297554765984603,perimeter,-1.6653345369377348e-16
153915726-153915736-001,nc_aware_lambda_0p10,20260804,10,gaussian_noise,0.6901187182260747,0.7154235175296987,0.03601106135231678,-0.031216138167077953,0.06722719951939456,0.031216138167077953,0.06722719951939456,perimeter,1.734723475976807e-16
153915726-153915736-001,nc_aware_lambda_0p10,20260804,20,gaussian_noise,0.6901187182260747,0.7486429162772917,0.08139848435217995,-0.21514807753801243,0.29654656189019246,0.21514807753801243,0.29654656189019246,perimeter,-8.326672684688674e-17
153915726-153915736-001,nc_aware_lambda_0p10,20260804,30,gaussian_noise,0.6901187182260747,0.5480402578893896,-0.2305148906400554,-0.5585842101030981,0.32806931946304274,0.5585842101030981,0.32806931946304274,area,-2.7755575615628914e-17
153916114-153916129-002,nc_aware_lambda_0p10,20260804,10,gaussian_noise,0.47039753320473876,0.4846856443105392,0.029922372199668673,-0.011040076804158616,0.040962449003827464,0.011040076804158616,0.040962449003827464,perimeter,-1.734723475976807e-16
153916114-153916129-002,nc_aware_lambda_0p10,20260804,20,gaussian_noise,0.47039753320473876,0.4081257245519264,-0.1420028771853465,-0.07569701821541902,-0.0663058589699276,0.07569701821541902,0.0663058589699276,area,1.3877787807814457e-16
153916114-153916129-002,nc_aware_lambda_0p10,20260804,30,gaussian_noise,0.47039753320473876,0.47222642224867495,0.0038804261832327052,-0.08737076603213233,0.09125119221536528,0.08737076603213233,0.09125119221536528,perimeter,-2.437286483747414e-16
153916114-153916150-001,nc_aware_lambda_0p10,20260804,10,gaussian_noise,0.7608689368832415,0.7682288351146774,0.009626532983080527,-0.0030710196880768897,0.01269755267115713,0.0030710196880768897,0.01269755267115713,perimeter,2.8622937353617317e-16
153916114-153916150-001,nc_aware_lambda_0p10,20260804,20,gaussian_noise,0.7608689368832415,0.7816118444638329,0.026897136566890793,-0.05313073218429526,0.08002786875118574,0.05313073218429526,0.08002786875118574,perimeter,3.122502256758253e-16
153916114-153916150-001,nc_aware_lambda_0p10,20260804,30,gaussian_noise,0.7608689368832415,0.5256127499058518,-0.3698963934835907,-0.17141915017316178,-0.19847724331042907,0.17141915017316178,0.19847724331042907,perimeter,1.1102230246251565e-16
153916114-153916167-001,nc_aware_lambda_0p10,20260804,10,gaussian_noise,0.8012824836917112,0.8176009516025861,0.020160834664239357,-0.04161311841130751,0.06177395307554693,0.04161311841130751,0.06177395307554693,perimeter,-5.898059818321144e-17
153916114-153916167-001,nc_aware_lambda_0p10,20260804,20,gaussian_noise,0.8012824836917112,0.6420361149133836,-0.22156899281506873,-0.13113405518334534,-0.09043493763172333,0.13113405518334534,0.09043493763172333,area,-5.551115123125783e-17
153916114-153916167-001,nc_aware_lambda_0p10,20260804,30,gaussian_noise,0.8012824836917112,0.47081665201595785,-0.531744804303797,-0.2878895198127572,-0.24385528449103994,0.2878895198127572,0.24385528449103994,area,1.1102230246251565e-16
153916569-153916586-001,nc_aware_lambda_0p10,20260804,10,gaussian_noise,0.7339314892969409,0.7234940140796415,-0.014323412947940794,-0.02621789805405904,0.011894485106118366,0.02621789805405904,0.011894485106118366,area,-1.214306433183765e-16
153916569-153916586-001,nc_aware_lambda_0p10,20260804,20,gaussian_noise,0.7339314892969409,0.5531067365647797,-0.28286468884854965,-0.14919223303407525,-0.1336724558144745,0.14919223303407525,0.1336724558144745,area,1.1102230246251565e-16
153916569-153916586-001,nc_aware_lambda_0p10,20260804,30,gaussian_noise,0.7339314892969409,0.3872753592742587,-0.6392797227356328,-0.4877032063451364,-0.15157651639049655,0.4877032063451364,0.15157651639049655,area,1.1102230246251565e-16
153956040-153956058-001,nc_aware_lambda_0p10,20260804,10,gaussian_noise,0.8326414458379064,0.8245839497751637,-0.009724156504621918,0.0032596070770373902,-0.012983763581659608,0.0032596070770373902,0.012983763581659608,perimeter,3.0010716134398763e-16
153956040-153956058-001,nc_aware_lambda_0p10,20260804,20,gaussian_noise,0.8326414458379064,0.8151140902887783,-0.0212750208049567,-0.005612736904957436,-0.01566228389999914,0.005612736904957436,0.01566228389999914,perimeter,-1.249000902703301e-16
153956040-153956058-001,nc_aware_lambda_0p10,20260804,30,gaussian_noise,0.8326414458379064,0.7031382205012093,-0.16904962462616333,-0.04093860579669774,-0.1281110188294657,0.04093860579669774,0.1281110188294657,perimeter,1.3877787807814457e-16
153956040-153956058-003,nc_aware_lambda_0p10,20260804,10,gaussian_noise,0.9660831855981699,0.9729069519078966,0.007038503547588731,0.004444451760423976,0.00259405178716505,0.004444451760423976,0.00259405178716505,area,-2.949029909160572e-16
153956040-153956058-003,nc_aware_lambda_0p10,20260804,20,gaussian_noise,0.9660831855981699,0.9203260751323918,-0.048521907221108364,-0.022143895994846573,-0.026378011226261537,0.022143895994846573,0.026378011226261537,perimeter,-2.5673907444456745e-16
153956040-153956058-003,nc_aware_lambda_0p10,20260804,30,gaussian_noise,0.9660831855981699,0.6810692753651912,-0.3495859170447745,-0.05414971250562882,-0.2954362045391455,0.05414971250562882,0.2954362045391455,perimeter,-1.6653345369377348e-16
153956040-153956072-003,nc_aware_lambda_0p10,20260804,10,gaussian_noise,0.7392634709274577,0.7246443750097884,-0.019973363707391677,0.0012523483164658734,-0.02122571202385742,0.0012523483164658734,0.02122571202385742,perimeter,-1.3183898417423734e-16
153956040-153956072-003,nc_aware_lambda_0p10,20260804,20,gaussian_noise,0.7392634709274577,0.6855137281629169,-0.07548585569354924,-0.017699577099400975,-0.05778627859414826,0.017699577099400975,0.05778627859414826,perimeter,0.0
153956040-153956072-003,nc_aware_lambda_0p10,20260804,30,gaussian_noise,0.7392634709274577,0.5769404204610047,-0.24791537724784146,-0.05870760082677792,-0.1892077764210633,0.05870760082677792,0.1892077764210633,perimeter,-2.498001805406602e-16
153956444-153956458-004,nc_aware_lambda_0p10,20260804,10,gaussian_noise,0.8455868791903067,0.8399149716719816,-0.006730255354067816,-0.006730255354067816,-0.0,0.006730255354067816,0.0,area,0.0
153956444-153956458-004,nc_aware_lambda_0p10,20260804,20,gaussian_noise,0.8455868791903067,0.832455683995351,-0.015650929868204634,-0.030073188288423695,0.014422258420219184,0.030073188288423695,0.014422258420219184,area,-1.249000902703301e-16
153956444-153956458-004,nc_aware_lambda_0p10,20260804,30,gaussian_noise,0.8455868791903067,0.7259938158909359,-0.152489421135935,-0.031802793793113064,-0.12068662734282214,0.031802793793113064,0.12068662734282214,perimeter,1.942890293094024e-16
153958154-153958211-001,nc_aware_lambda_0p10,20260804,10,gaussian_noise,0.6253384713676067,0.6576400508908047,0.050364689189635645,-0.021898685307637573,0.07226337449727313,0.021898685307637573,0.07226337449727313,perimeter,8.326672684688674e-17
153958154-153958211-001,nc_aware_lambda_0p10,20260804,20,gaussian_noise,0.6253384713676067,0.5743341445518113,-0.08508169702583115,-0.07494142129211873,-0.010140275733712444,0.07494142129211873,0.010140275733712444,area,1.3877787807814457e-17
153958154-153958211-001,nc_aware_lambda_0p10,20260804,30,gaussian_noise,0.6253384713676067,0.5665124740578407,-0.09879395759181135,-0.08865368315610063,-0.010140274435710665,0.08865368315610063,0.010140274435710665,area,-5.551115123125783e-17
153958547-153958572-002,nc_aware_lambda_0p10,20260804,10,gaussian_noise,0.8108720062387194,0.8195555072005076,0.01065190938554986,-0.03116041581506237,0.04181232520061235,0.03116041581506237,0.04181232520061235,perimeter,-1.214306433183765e-16
153958547-153958572-002,nc_aware_lambda_0p10,20260804,20,gaussian_noise,0.8108720062387194,0.7187852039964849,-0.12054764912763359,-0.0865591952048506,-0.033988453922782734,0.0865591952048506,0.033988453922782734,area,-2.636779683484747e-16
153958547-153958572-002,nc_aware_lambda_0p10,20260804,30,gaussian_noise,0.8108720062387194,0.4648919807826189,-0.5563051403036531,-0.20039433785364918,-0.355910802450004,0.20039433785364918,0.355910802450004,perimeter,1.1102230246251565e-16
153958547-153958572-006,nc_aware_lambda_0p10,20260804,10,gaussian_noise,0.8712462891288432,0.8149787219889891,-0.0667626979050558,-0.07512063046810806,0.008357932563052275,0.07512063046810806,0.008357932563052275,area,-1.3877787807814457e-17
153958547-153958572-006,nc_aware_lambda_0p10,20260804,20,gaussian_noise,0.8712462891288432,0.5409052524618333,-0.47668057338905023,-0.14529623420410895,-0.3313843391849411,0.14529623420410895,0.3313843391849411,perimeter,-2.220446049250313e-16
153958547-153958572-006,nc_aware_lambda_0p10,20260804,30,gaussian_noise,0.8712462891288432,0.5226623869077182,-0.5109889789217242,-0.325422400434628,-0.1855665784870967,0.325422400434628,0.1855665784870967,area,4.440892098500626e-16
153958547-153958572-008,nc_aware_lambda_0p10,20260804,10,gaussian_noise,0.6143911014610794,0.5372811527054855,-0.13411017909619818,-0.022135291111931552,-0.11197488798426665,0.022135291111931552,0.11197488798426665,perimeter,2.7755575615628914e-17
153958547-153958572-008,nc_aware_lambda_0p10,20260804,20,gaussian_noise,0.6143911014610794,0.5125568776548268,-0.18122001278499714,-0.13185737850668283,-0.04936263427831441,0.13185737850668283,0.04936263427831441,area,1.1102230246251565e-16
153958547-153958572-008,nc_aware_lambda_0p10,20260804,30,gaussian_noise,0.6143911014610794,0.4019183610587544,-0.4243827123778601,-0.2551192672488547,-0.16926344512900532,0.2551192672488547,0.16926344512900532,area,-1.1102230246251565e-16
153958547-153958572-009,nc_aware_lambda_0p10,20260804,10,gaussian_noise,0.7723449927369181,0.774100516017995,0.002270398827814379,-0.03931710334083481,0.04158750216864909,0.03931710334083481,0.04158750216864909,perimeter,9.6710833785707e-17
153958547-153958572-009,nc_aware_lambda_0p10,20260804,20,gaussian_noise,0.7723449927369181,0.6826438904831578,-0.12345799860177137,-0.04686430897621772,-0.0765936896255539,0.04686430897621772,0.0765936896255539,perimeter,2.498001805406602e-16
153958547-153958572-009,nc_aware_lambda_0p10,20260804,30,gaussian_noise,0.7723449927369181,0.7049339436800859,-0.09132723047166305,-0.09074231514827197,-0.0005849153233913957,0.09074231514827197,0.0005849153233913957,area,3.191891195797325e-16
153958547-153958590-002,nc_aware_lambda_0p10,20260804,10,gaussian_noise,0.4819116724483175,0.2913587760908048,-0.5032054297822882,-0.028918497555333312,-0.4742869322269549,0.028918497555333312,0.4742869322269549,perimeter,0.0
153958547-153958590-002,nc_aware_lambda_0p10,20260804,20,gaussian_noise,0.4819116724483175,0.7419918178808481,0.4315773709158676,-0.07266444970890569,0.5042418206247733,0.07266444970890569,0.5042418206247733,perimeter,0.0
153958547-153958590-002,nc_aware_lambda_0p10,20260804,30,gaussian_noise,0.4819116724483175,0.5625828452360333,0.1547775585775399,-0.33553371003894866,0.49031126861648855,0.33553371003894866,0.49031126861648855,perimeter,0.0
154519964-154519981-001,nc_aware_lambda_0p10,20260804,10,gaussian_noise,0.6512084928661549,0.633197652883784,-0.028047235227271757,-0.024308827977391787,-0.003738407249880041,0.024308827977391787,0.003738407249880041,area,7.28583859910259e-17
154519964-154519981-001,nc_aware_lambda_0p10,20260804,20,gaussian_noise,0.6512084928661549,0.5549737513259195,-0.15990903875417503,-0.03873264330237273,-0.12117639545180249,0.03873264330237273,0.12117639545180249,perimeter,1.942890293094024e-16
154519964-154519981-001,nc_aware_lambda_0p10,20260804,30,gaussian_noise,0.6512084928661549,0.5508458130726128,-0.16737491756521336,-0.11967951788187925,-0.047695399683334284,0.11967951788187925,0.047695399683334284,area,1.6653345369377348e-16
157181481-157181497-004,nc_aware_lambda_0p10,20260804,10,gaussian_noise,0.8386605772714238,0.7472297054048187,-0.11543342656889036,-0.042940407234028956,-0.07249301933486131,0.042940407234028956,0.07249301933486131,perimeter,-8.326672684688674e-17
157181481-157181497-004,nc_aware_lambda_0p10,20260804,20,gaussian_noise,0.8386605772714238,0.4904848075203722,-0.5364117632498914,-0.08685217934541863,-0.4495595839044726,0.08685217934541863,0.4495595839044726,perimeter,-1.1102230246251565e-16
157181481-157181497-004,nc_aware_lambda_0p10,20260804,30,gaussian_noise,0.8386605772714238,0.24123495242863904,-1.246034703399718,-0.31550274804911277,-0.9305319553506048,0.31550274804911277,0.9305319553506048,perimeter,-2.220446049250313e-16
157181671-157181697-001,nc_aware_lambda_0p10,20260804,10,gaussian_noise,0.7545700055489799,0.7545700055489799,0.0,0.0,-0.0,0.0,0.0,area,0.0
157181671-157181697-001,nc_aware_lambda_0p10,20260804,20,gaussian_noise,0.7545700055489799,0.7269237494544742,-0.037326469730247336,-0.04950598381345476,0.012179514083207327,0.04950598381345476,0.012179514083207327,area,9.71445146547012e-17
157181671-157181697-001,nc_aware_lambda_0p10,20260804,30,gaussian_noise,0.7545700055489799,0.7234371710202692,-0.042134355962188334,-0.06656800909017624,0.024433653127987558,0.06656800909017624,0.024433653127987558,area,3.469446951953614e-16
157183193-157183279-001,nc_aware_lambda_0p10,20260804,10,gaussian_noise,0.7449634506949415,0.7449634506949415,0.0,0.0,-0.0,0.0,0.0,area,0.0
157183193-157183279-001,nc_aware_lambda_0p10,20260804,20,gaussian_noise,0.7449634506949415,0.7449634506949415,0.0,0.0,-0.0,0.0,0.0,area,0.0
157183193-157183279-001,nc_aware_lambda_0p10,20260804,30,gaussian_noise,0.7449634506949415,0.7449634506949415,0.0,0.0,-0.0,0.0,0.0,area,0.0
157183828-157183877-001,nc_aware_lambda_0p10,20260804,10,gaussian_noise,0.7309120570281471,0.6974588495123251,-0.046849632649317886,0.009223739490583761,-0.056073372139901725,0.009223739490583761,0.056073372139901725,perimeter,7.632783294297951e-17
157183828-157183877-001,nc_aware_lambda_0p10,20260804,20,gaussian_noise,0.7309120570281471,0.7452179402273383,0.01938356532730029,0.01151644206155908,0.00786712326574099,0.01151644206155908,0.00786712326574099,area,2.185751579730777e-16
157183828-157183877-001,nc_aware_lambda_0p10,20260804,30,gaussian_noise,0.7309120570281471,0.735991754721779,0.006925768352960257,0.006925768352960036,-0.0,0.006925768352960036,0.0,area,2.211772431870429e-16
157183964-157183980-001,nc_aware_lambda_0p10,20260804,10,gaussian_noise,0.7096178899070738,0.7363454940466999,0.03697278791097561,0.03697278791097561,-0.0,0.03697278791097561,0.0,area,0.0
157183964-157183980-001,nc_aware_lambda_0p10,20260804,20,gaussian_noise,0.7096178899070738,0.7101535831610761,0.0007546190208563758,-0.011363758650315095,0.012118377671171384,0.011363758650315095,0.012118377671171384,perimeter,8.7061434450586e-17
157183964-157183980-001,nc_aware_lambda_0p10,20260804,30,gaussian_noise,0.7096178899070738,0.6817474398346332,-0.04006737549939871,-0.05218575317057019,0.012118377671171384,0.05218575317057019,0.012118377671171384,area,9.71445146547012e-17
157184013-157184031-001,nc_aware_lambda_0p10,20260804,10,gaussian_noise,0.39850921349902035,0.35534278957120957,-0.1146476904069372,-0.02654618123969441,-0.08810150916724291,0.02654618123969441,0.08810150916724291,perimeter,1.1102230246251565e-16
157184013-157184031-001,nc_aware_lambda_0p10,20260804,20,gaussian_noise,0.39850921349902035,1.9511151021927078,1.588425716981524,-0.4163643985662001,2.0047901155477237,0.4163643985662001,2.0047901155477237,perimeter,4.440892098500626e-16
157184013-157184031-001,nc_aware_lambda_0p10,20260804,30,gaussian_noise,0.39850921349902035,1.8541370386352578,1.537444040103479,-0.5141433767716287,2.0515874168751074,0.5141433767716287,2.0515874168751074,perimeter,4.440892098500626e-16
157184850-157184920-002,nc_aware_lambda_0p10,20260804,10,gaussian_noise,0.7095645553196452,0.613055514059747,-0.14619598641403167,-0.01767871616879409,-0.1285172702452375,0.01767871616879409,0.1285172702452375,perimeter,-5.551115123125783e-17
157184850-157184920-002,nc_aware_lambda_0p10,20260804,20,gaussian_noise,0.7095645553196452,0.48336010256687123,-0.38388954968788475,-0.09105522628021082,-0.29283432340767396,0.09105522628021082,0.29283432340767396,perimeter,5.551115123125783e-17
157184850-157184920-002,nc_aware_lambda_0p10,20260804,30,gaussian_noise,0.7095645553196452,0.32275619029662045,-0.7877542701289135,-0.2090782139473436,-0.5786760561815698,0.2090782139473436,0.5786760561815698,perimeter,-1.1102230246251565e-16
157184850-157184942-001,nc_aware_lambda_0p10,20260804,10,gaussian_noise,0.4096644526392633,0.31461176042974165,-0.2639990443301204,0.17887921260298179,-0.4428782569331024,0.17887921260298179,0.4428782569331024,perimeter,2.220446049250313e-16
157184850-157184942-001,nc_aware_lambda_0p10,20260804,20,gaussian_noise,0.4096644526392633,0.2824737368116582,-0.37175283719619845,0.014075728234184428,-0.38582856543038313,0.014075728234184428,0.38582856543038313,perimeter,2.7755575615628914e-16
157184850-157184942-001,nc_aware_lambda_0p10,20260804,30,gaussian_noise,0.4096644526392633,0.2391878861620991,-0.5380890387635804,-0.24892406215237728,-0.2891649766112033,0.24892406215237728,0.2891649766112033,perimeter,2.220446049250313e-16
157185208-157185238-001,nc_aware_lambda_0p10,20260804,10,gaussian_noise,0.7263713860484936,0.7263713860484936,0.0,0.0,-0.0,0.0,0.0,area,0.0
157185208-157185238-001,nc_aware_lambda_0p10,20260804,20,gaussian_noise,0.7263713860484936,0.7263713860484936,0.0,0.0,-0.0,0.0,0.0,area,0.0
157185208-157185238-001,nc_aware_lambda_0p10,20260804,30,gaussian_noise,0.7263713860484936,0.7263713860484936,0.0,0.0,-0.0,0.0,0.0,area,0.0
157185433-157185479-002,nc_aware_lambda_0p10,20260804,10,gaussian_noise,0.8744526239828618,0.7989110513606155,-0.09034850340065674,-0.022803489017576804,-0.06754501438308003,0.022803489017576804,0.06754501438308003,perimeter,9.71445146547012e-17
157185433-157185479-002,nc_aware_lambda_0p10,20260804,20,gaussian_noise,0.8744526239828618,0.7286519321829622,-0.1824019593083742,-0.1081928056353385,-0.07420915367303549,0.1081928056353385,0.07420915367303549,area,-1.942890293094024e-16
157185433-157185479-002,nc_aware_lambda_0p10,20260804,30,gaussian_noise,0.8744526239828618,0.36930477222836533,-0.861975873877186,-0.42270375249233383,-0.439272121384852,0.42270375249233383,0.439272121384852,perimeter,-1.1102230246251565e-16
157185433-157185479-003,nc_aware_lambda_0p10,20260804,10,gaussian_noise,0.8379433693201712,0.8105902777017466,-0.03318779965233777,-0.004928546201149093,-0.028259253451188775,0.004928546201149093,0.028259253451188775,perimeter,9.71445146547012e-17
157185433-157185479-003,nc_aware_lambda_0p10,20260804,20,gaussian_noise,0.8379433693201712,0.7370567116915199,-0.1282856812148823,-0.08299691957096791,-0.045288761643914356,0.08299691957096791,0.045288761643914356,area,-2.7755575615628914e-17
157185433-157185479-003,nc_aware_lambda_0p10,20260804,30,gaussian_noise,0.8379433693201712,0.5379859798272415,-0.4431180198001221,-0.20439224091326494,-0.23872577888685728,0.20439224091326494,0.23872577888685728,perimeter,1.1102230246251565e-16
157185433-157185479-004,nc_aware_lambda_0p10,20260804,10,gaussian_noise,0.958150445105843,0.8951249678097549,-0.06804146909616568,-0.0014936522567832536,-0.06654781683938216,0.0014936522567832536,0.06654781683938216,perimeter,-2.636779683484747e-16
157185433-157185479-004,nc_aware_lambda_0p10,20260804,20,gaussian_noise,0.958150445105843,0.9109271734568679,-0.05054185371772845,-0.025700583108580668,-0.024841270609147786,0.025700583108580668,0.024841270609147786,area,6.938893903907228e-18
157185433-157185479-004,nc_aware_lambda_0p10,20260804,30,gaussian_noise,0.958150445105843,0.6042888974114715,-0.46095241590640507,-0.15203848422307445,-0.30891393168333053,0.15203848422307445,0.30891393168333053,perimeter,-5.551115123125783e-17
157185433-157185479-006,nc_aware_lambda_0p10,20260804,10,gaussian_noise,0.937469632412661,0.9142618324805522,-0.02506736599986738,-0.029250698616901754,0.00418333261703424,0.029250698616901754,0.00418333261703424,area,1.3183898417423734e-16
157185433-157185479-006,nc_aware_lambda_0p10,20260804,20,gaussian_noise,0.937469632412661,0.7877352288460199,-0.17402233583339563,-0.09372098598555428,-0.08030134984784139,0.09372098598555428,0.08030134984784139,area,2.7755575615628914e-17
157185433-157185479-006,nc_aware_lambda_0p10,20260804,30,gaussian_noise,0.937469632412661,0.4400018113224242,-0.7564055216810623,-0.5019190829497875,-0.2544864387312751,0.5019190829497875,0.2544864387312751,area,2.220446049250313e-16
157185433-157185508-001,nc_aware_lambda_0p10,20260804,10,gaussian_noise,0.791154858968884,0.6841628638373215,-0.14529773049390365,-0.017772979675864286,-0.1275247508180393,0.017772979675864286,0.1275247508180393,perimeter,-8.326672684688674e-17
157185433-157185508-001,nc_aware_lambda_0p10,20260804,20,gaussian_noise,0.791154858968884,0.5032927623319442,-0.4523216915456648,-0.04197258769222312,-0.41034910385344187,0.04197258769222312,0.41034910385344187,perimeter,1.6653345369377348e-16
157185433-157185508-001,nc_aware_lambda_0p10,20260804,30,gaussian_noise,0.791154858968884,0.35857545724247664,-0.7913546064542908,-0.13026519483790147,-0.6610894116163891,0.13026519483790147,0.6610894116163891,perimeter,-2.220446049250313e-16
157185730-157185758-001,nc_aware_lambda_0p10,20260804,10,gaussian_noise,0.4650323549040793,0.37665807686634506,-0.2107691656070013,-0.035837168321609394,-0.17493199728539174,0.035837168321609394,0.17493199728539174,perimeter,-1.3877787807814457e-16
157185730-157185758-001,nc_aware_lambda_0p10,20260804,20,gaussian_noise,0.4650323549040793,0.2236395212704818,-0.7320715080751169,-0.18741020861499522,-0.5446612994601215,0.18741020861499522,0.5446612994601215,perimeter,-1.1102230246251565e-16
157185730-157185758-001,nc_aware_lambda_0p10,20260804,30,gaussian_noise,0.4650323549040793,0.15063653677069735,-1.1272370896252493,-0.651850472700334,-0.4753866169249149,0.651850472700334,0.4753866169249149,area,-2.220446049250313e-16
157185781-157185793-003,nc_aware_lambda_0p10,20260804,10,gaussian_noise,0.8179998742423201,0.771249845159312,-0.05884980841104677,-0.07874653121208969,0.01989672280104289,0.07874653121208969,0.01989672280104289,area,2.7755575615628914e-17
157185781-157185793-003,nc_aware_lambda_0p10,20260804,20,gaussian_noise,0.8179998742423201,0.7461304084034965,-0.09196178774614605,-0.24768651931021296,0.15572473156406688,0.24768651931021296,0.15572473156406688,area,2.7755575615628914e-17
157185781-157185793-003,nc_aware_lambda_0p10,20260804,30,gaussian_noise,0.8179998742423201,0.5026290993184793,-0.4870096618616513,-0.551344195634872,0.06433453377322053,0.551344195634872,0.06433453377322053,area,2.220446049250313e-16
157222534-157222607-001,nc_aware_lambda_0p10,20260804,10,gaussian_noise,0.7995867624796966,0.7902348705208697,-0.011764841579586483,-0.01176484157958637,-0.0,0.01176484157958637,0.0,area,-1.1275702593849246e-16
157222534-157222607-001,nc_aware_lambda_0p10,20260804,20,gaussian_noise,0.7995867624796966,0.7577594233416233,-0.05372909549997749,0.03730705241281061,-0.091036147912788,0.03730705241281061,0.091036147912788,perimeter,-1.0408340855860843e-16
157222534-157222607-001,nc_aware_lambda_0p10,20260804,30,gaussian_noise,0.7995867624796966,0.8154013780881991,0.019585433148767133,0.05129329438755048,-0.0317078612387833,0.05129329438755048,0.0317078612387833,area,-4.5102810375396984e-17
157222647-157222687-001,nc_aware_lambda_0p10,20260804,10,gaussian_noise,0.6829831341080381,0.720480647494643,0.0534483898248382,-0.016378892084039743,0.06982728190887791,0.016378892084039743,0.06982728190887791,perimeter,2.7755575615628914e-17
157222647-157222687-001,nc_aware_lambda_0p10,20260804,20,gaussian_noise,0.6829831341080381,0.6913053640459303,0.012111476854637529,0.005400553180000289,0.006710923674637505,0.005400553180000289,0.006710923674637505,perimeter,-2.654126918244515e-16
157222647-157222687-001,nc_aware_lambda_0p10,20260804,30,gaussian_noise,0.6829831341080381,0.7074425653075983,0.03518628101788786,-0.013935396671563864,0.04912167768945147,0.013935396671563864,0.04912167768945147,perimeter,2.498001805406602e-16
157222801-157222811-001,nc_aware_lambda_0p10,20260804,10,gaussian_noise,1.01859677944071,1.045982503159803,0.0265306644094991,0.0265306644094991,-0.0,0.0265306644094991,0.0,area,0.0
157222801-157222811-001,nc_aware_lambda_0p10,20260804,20,gaussian_noise,1.01859677944071,1.0409963906650395,0.02175234873362105,0.012616122809168434,0.00913622592445289,0.012616122809168434,0.00913622592445289,area,-2.740863092043355e-16
157222801-157222811-001,nc_aware_lambda_0p10,20260804,30,gaussian_noise,1.01859677944071,1.0298807252136568,0.01101702106003594,-0.02418863206695054,0.03520565312698683,0.02418863206695054,0.03520565312698683,perimeter,-3.469446951953614e-16
157223549-157223570-001,nc_aware_lambda_0p10,20260804,10,gaussian_noise,0.8364722419335833,0.8766449219738145,0.046908696069726356,0.046908696069726356,-0.0,0.046908696069726356,0.0,area,0.0
157223549-157223570-001,nc_aware_lambda_0p10,20260804,20,gaussian_noise,0.8364722419335833,0.7979504939497998,-0.04714677842570208,-0.04714677842570196,-0.0,0.04714677842570196,0.0,area,-1.1796119636642288e-16
157223549-157223570-001,nc_aware_lambda_0p10,20260804,30,gaussian_noise,0.8364722419335833,0.8932616120535659,0.06568616030491009,0.027896716581154543,0.03778944372375556,0.027896716581154543,0.03778944372375556,perimeter,-1.3877787807814457e-17
157224412-157224429-001,nc_aware_lambda_0p10,20260804,10,gaussian_noise,0.9475552976935385,0.9206742963405304,-0.02877896455004329,-0.028778964550043404,-0.0,0.028778964550043404,0.0,area,1.1449174941446927e-16
157224412-157224429-001,nc_aware_lambda_0p10,20260804,20,gaussian_noise,0.9475552976935385,0.8820328568955811,-0.07165598890643517,-0.07165598890643517,-0.0,0.07165598890643517,0.0,area,0.0
157224412-157224429-001,nc_aware_lambda_0p10,20260804,30,gaussian_noise,0.9475552976935385,1.4358251907177437,0.41560971177914263,0.2511174033566158,0.1644923084225267,0.2511174033566158,0.1644923084225267,area,1.1102230246251565e-16
157224458-157224464-001,nc_aware_lambda_0p10,20260804,10,gaussian_noise,0.3271159112958288,0.39691299439848376,0.19340252209958056,-0.029247367711164266,0.22264988981074482,0.029247367711164266,0.22264988981074482,perimeter,0.0
157224458-157224464-001,nc_aware_lambda_0p10,20260804,20,gaussian_noise,0.3271159112958288,0.6578447547082789,0.6986543915118374,-0.061104164951809745,0.7597585564636473,0.061104164951809745,0.7597585564636473,perimeter,-2.220446049250313e-16
157224458-157224464-001,nc_aware_lambda_0p10,20260804,30,gaussian_noise,0.3271159112958288,0.41327465401754354,0.23379781688363016,-0.16599805144782648,0.3997958683314565,0.16599805144782648,0.3997958683314565,perimeter,1.1102230246251565e-16
157224458-157224483-001,nc_aware_lambda_0p10,20260804,10,gaussian_noise,0.7480178616501633,0.7480178616501633,0.0,0.0,-0.0,0.0,0.0,area,0.0
157224458-157224483-001,nc_aware_lambda_0p10,20260804,20,gaussian_noise,0.7480178616501633,0.7978857190935075,0.06453852113757116,0.06453852113757116,-0.0,0.06453852113757116,0.0,area,0.0
157224458-157224483-001,nc_aware_lambda_0p10,20260804,30,gaussian_noise,0.7480178616501633,0.7812630999457261,0.04348511193973889,0.04348511193973889,-0.0,0.04348511193973889,0.0,area,0.0
157227058-157227087-001,nc_aware_lambda_0p10,20260804,10,gaussian_noise,0.5314494244233576,0.6132137117989344,0.14310547085432035,-0.04904892985854569,0.19215440071286619,0.04904892985854569,0.19215440071286619,perimeter,-1.3877787807814457e-16
157227058-157227087-001,nc_aware_lambda_0p10,20260804,20,gaussian_noise,0.5314494244233576,0.36672583492389776,-0.37099351187414,-0.22217377590282586,-0.1488197359713141,0.22217377590282586,0.1488197359713141,area,0.0
157227058-157227087-001,nc_aware_lambda_0p10,20260804,30,gaussian_noise,0.5314494244233576,0.3990228224085157,-0.28658942267544935,-0.2846680766287028,-0.0019213460467465233,0.2846680766287028,0.0019213460467465233,area,0.0
157227461-157227503-003,nc_aware_lambda_0p10,20260804,10,gaussian_noise,0.8754377999509244,0.844122774673241,-0.03642615239005632,0.02464667887271797,-0.061072831262774206,0.02464667887271797,0.061072831262774206,perimeter,-7.632783294297951e-17
157227461-157227503-003,nc_aware_lambda_0p10,20260804,20,gaussian_noise,0.8754377999509244,0.5602247093351336,-0.44638613411581207,-0.05218575317057019,-0.39420038094524174,0.05218575317057019,0.39420038094524174,perimeter,-1.6653345369377348e-16
157227461-157227503-003,nc_aware_lambda_0p10,20260804,30,gaussian_noise,0.8754377999509244,0.4385211019605274,-0.6913161703175127,-0.1778119662879796,-0.5135042040295333,0.1778119662879796,0.5135042040295333,perimeter,2.220446049250313e-16
157266930-157266947-001,nc_aware_lambda_0p10,20260804,10,gaussian_noise,0.7455328671128194,0.6924545559545304,-0.0738566078362683,-0.06417026482702028,-0.00968634300924805,0.06417026482702028,0.00968634300924805,area,2.7755575615628914e-17
157266930-157266947-001,nc_aware_lambda_0p10,20260804,20,gaussian_noise,0.7455328671128194,0.46468133770966275,-0.472747345156917,-0.25923840001179765,-0.21350894514511906,0.25923840001179765,0.21350894514511906,area,-2.7755575615628914e-16
157266930-157266947-001,nc_aware_lambda_0p10,20260804,30,gaussian_noise,0.7455328671128194,0.28807257721528845,-0.9508867679661466,-0.4688992669026823,-0.48198750106346405,0.4688992669026823,0.48198750106346405,perimeter,-2.220446049250313e-16
158986766-158986776-001,nc_aware_lambda_0p10,20260804,10,gaussian_noise,0.8119316350126344,0.8056686978885775,-0.007743530081723626,-0.0016701465260110246,-0.006073383555712788,0.0016701465260110246,0.006073383555712788,perimeter,1.8648277366750676e-16
158986766-158986776-001,nc_aware_lambda_0p10,20260804,20,gaussian_noise,0.8119316350126344,0.8066787336690296,-0.006490653818451487,-0.0004172751990444437,-0.0060733786194071375,0.0004172751990444437,0.0060733786194071375,perimeter,9.454242944073599e-17
158986766-158986776-001,nc_aware_lambda_0p10,20260804,30,gaussian_noise,0.8119316350126344,0.7565976462422617,-0.07058454205607664,-0.030497916412927702,-0.040086625643148875,0.030497916412927702,0.040086625643148875,perimeter,-6.938893903907228e-17
158986813-158986820-001,nc_aware_lambda_0p10,20260804,10,gaussian_noise,0.8403693557202077,0.8049030135785088,-0.04311971425076074,-0.014677745157278061,-0.028441969093482868,0.014677745157278061,0.028441969093482868,perimeter,1.8735013540549517e-16
158986813-158986820-001,nc_aware_lambda_0p10,20260804,20,gaussian_noise,0.8403693557202077,0.7965341610637389,-0.05357148698501531,-0.02170627858186306,-0.031865208403152046,0.02170627858186306,0.031865208403152046,perimeter,-2.0122792321330962e-16
158986813-158986820-001,nc_aware_lambda_0p10,20260804,30,gaussian_noise,0.8403693557202077,0.7183802040003068,-0.15684254345486065,-0.04871347999317413,-0.10812906346168648,0.04871347999317413,0.10812906346168648,perimeter,-5.551115123125783e-17
158986920-158986928-004,nc_aware_lambda_0p10,20260804,10,gaussian_noise,0.4012035629444426,0.34235221144055406,-0.1586288716313287,0.10991444611118414,-0.26854331774251267,0.10991444611118414,0.26854331774251267,perimeter,-1.6653345369377348e-16
158986920-158986928-004,nc_aware_lambda_0p10,20260804,20,gaussian_noise,0.4012035629444426,0.3947225909613281,-0.016285719959029443,-0.15692076470107397,0.1406350447420445,0.15692076470107397,0.1406350447420445,area,2.7755575615628914e-17
158986920-158986928-004,nc_aware_lambda_0p10,20260804,30,gaussian_noise,0.4012035629444426,0.4654316569244569,0.148496332682415,-0.4808506275451958,0.6293469602276108,0.4808506275451958,0.6293469602276108,perimeter,-2.7755575615628914e-17
204870858-204870872-001,nc_aware_lambda_0p10,20260804,10,gaussian_noise,0.738479183867902,0.6610794858241651,-0.11071883103927034,-0.018939960100921614,-0.09177887093834859,0.018939960100921614,0.09177887093834859,perimeter,-1.3877787807814457e-16
204870858-204870872-001,nc_aware_lambda_0p10,20260804,20,gaussian_noise,0.738479183867902,0.3722113309629104,-0.6851311275748675,-0.093136184420556,-0.5919949431543116,0.093136184420556,0.5919949431543116,perimeter,1.1102230246251565e-16
204870858-204870872-001,nc_aware_lambda_0p10,20260804,30,gaussian_noise,0.738479183867902,0.39847301120906226,-0.6169531445429229,-0.2142712073322149,-0.40268193721070816,0.2142712073322149,0.40268193721070816,perimeter,1.1102230246251565e-16
204870951-204870961-002,nc_aware_lambda_0p10,20260804,10,gaussian_noise,0.5144878739803774,0.5077358570799151,-0.013210640474136667,-0.01032093523277409,-0.0028897052413624966,0.01032093523277409,0.0028897052413624966,area,-7.979727989493313e-17
204870951-204870961-002,nc_aware_lambda_0p10,20260804,20,gaussian_noise,0.5144878739803774,0.44228320835223034,-0.15122156667712994,-0.04754094476900002,-0.10368062190812985,0.04754094476900002,0.10368062190812985,perimeter,-5.551115123125783e-17
204870951-204870961-002,nc_aware_lambda_0p10,20260804,30,gaussian_noise,0.5144878739803774,0.4473436776498903,-0.13984483344532092,-0.137450627427413,-0.0023942060179079567,0.137450627427413,0.0023942060179079567,area,5.551115123125783e-17
204871030-204871038-001,nc_aware_lambda_0p10,20260804,10,gaussian_noise,0.6748948267286976,0.669006852992235,-0.008762562767367685,-0.010613788575306347,0.00185122580793857,0.010613788575306347,0.00185122580793857,area,9.194034422677078e-17
204871030-204871038-001,nc_aware_lambda_0p10,20260804,20,gaussian_noise,0.6748948267286976,0.6483377978744116,-0.040145012936419214,-0.041453849034213716,0.0013088360977947325,0.041453849034213716,0.0013088360977947325,area,-2.2898349882893854e-16
204871030-204871038-001,nc_aware_lambda_0p10,20260804,30,gaussian_noise,0.6748948267286976,0.6097474707676516,-0.10151197737386274,-0.07123841039174124,-0.03027356698212135,0.07123841039174124,0.03027356698212135,area,-1.5265566588595902e-16
204871030-204871038-002,nc_aware_lambda_0p10,20260804,10,gaussian_noise,0.6720911304288508,0.6800475618279068,0.011768797502702632,0.0030219559038851453,0.008746841598817471,0.0030219559038851453,0.008746841598817471,perimeter,1.5612511283791264e-17
204871030-204871038-002,nc_aware_lambda_0p10,20260804,20,gaussian_noise,0.6720911304288508,0.6259809584688539,-0.07107398922997558,-0.02041346006898624,-0.050660529160989135,0.02041346006898624,0.050660529160989135,perimeter,-2.0816681711721685e-16
204871030-204871038-002,nc_aware_lambda_0p10,20260804,30,gaussian_noise,0.6720911304288508,0.6234714196566213,-0.07509101657854292,-0.05160255390091679,-0.023488462677626123,0.05160255390091679,0.023488462677626123,area,0.0
209047342-209047443-001,nc_aware_lambda_0p10,20260804,10,gaussian_noise,0.6146444427775622,0.615303558601371,0.0010717784591935098,0.04215041691233849,-0.0410786384531447,0.04215041691233849,0.0410786384531447,area,-2.7972416050126014e-16
209047342-209047443-001,nc_aware_lambda_0p10,20260804,20,gaussian_noise,0.6146444427775622,0.6544615945308185,0.06276894573798254,0.010518504191220317,0.05225044154676223,0.010518504191220317,0.05225044154676223,perimeter,0.0
209047342-209047443-001,nc_aware_lambda_0p10,20260804,30,gaussian_noise,0.6146444427775622,0.6104025164981015,-0.006925356127927997,0.03415328232521717,-0.0410786384531447,0.03415328232521717,0.0410786384531447,perimeter,-4.666406150377611e-16
209047526-209047626-001,nc_aware_lambda_0p10,20260804,10,gaussian_noise,0.29296241483324764,0.29004915395209274,-0.009993918765077247,0.009118604216434338,-0.019112522981511497,0.009118604216434338,0.019112522981511497,perimeter,-8.847089727481716e-17
209047526-209047626-001,nc_aware_lambda_0p10,20260804,20,gaussian_noise,0.29296241483324764,0.3238373461742816,0.10019704798926746,-0.06409756663353833,0.1642946146228056,0.06409756663353833,0.1642946146228056,perimeter,1.942890293094024e-16
209047526-209047626-001,nc_aware_lambda_0p10,20260804,30,gaussian_noise,0.29296241483324764,0.29944302336583895,0.021879836509333138,-0.03997417759791557,0.06185401410724854,0.03997417759791557,0.06185401410724854,perimeter,1.6653345369377348e-16
209047526-209047798-001,nc_aware_lambda_0p10,20260804,10,gaussian_noise,1.0562664850206955,1.0319564423004184,-0.0232840475922524,-0.03414713555258004,0.010863087960327599,0.03414713555258004,0.010863087960327599,area,4.163336342344337e-17
209047526-209047798-001,nc_aware_lambda_0p10,20260804,20,gaussian_noise,1.0562664850206955,2.219635868045925,0.7426026523405005,0.7162754110724632,0.02632724126803721,0.7162754110724632,0.02632724126803721,area,1.1102230246251565e-16
209047526-209047798-001,nc_aware_lambda_0p10,20260804,30,gaussian_noise,1.0562664850206955,1.1835511647911672,0.11377887411250384,0.8364853646326752,-0.7227064905201712,0.8364853646326752,0.7227064905201712,area,-1.3877787807814457e-16
209307421-209307504-001,nc_aware_lambda_0p10,20260804,10,gaussian_noise,0.6914211165784842,0.5822617591718015,-0.17182896414150012,0.0,-0.17182896414150006,0.0,0.17182896414150006,perimeter,-5.551115123125783e-17
209307421-209307504-001,nc_aware_lambda_0p10,20260804,20,gaussian_noise,0.6914211165784842,1.0938738288384433,0.4587315774122395,-0.14831727066961004,0.6070488480818497,0.14831727066961004,0.6070488480818497,perimeter,-1.1102230246251565e-16
209307421-209307504-001,nc_aware_lambda_0p10,20260804,30,gaussian_noise,0.6914211165784842,1.2254327120733601,0.5723002261626011,0.09857383955101497,0.4737263866115861,0.09857383955101497,0.4737263866115861,perimeter,0.0
209522474-209522522-001,nc_aware_lambda_0p10,20260804,10,gaussian_noise,0.7086877333035193,0.6986860919060905,-0.014213437250055501,-0.014213437250055501,-0.0,0.014213437250055501,0.0,area,0.0
209522474-209522522-001,nc_aware_lambda_0p10,20260804,20,gaussian_noise,0.7086877333035193,0.6976915555940594,-0.015637889269860407,-0.024491020008295755,0.008853130738435487,0.024491020008295755,0.008853130738435487,area,-1.3877787807814457e-16
209522474-209522522-001,nc_aware_lambda_0p10,20260804,30,gaussian_noise,0.7086877333035193,0.6795091953948936,-0.04204423084745919,0.08684335212155411,-0.12888758296901318,0.08684335212155411,0.12888758296901318,perimeter,-1.249000902703301e-16
209522940-209522970-001,nc_aware_lambda_0p10,20260804,10,gaussian_noise,0.8207639341422888,0.8087872188495502,-0.014699668593954496,-0.011709735672908094,-0.0029899329210461185,0.011709735672908094,0.0029899329210461185,area,-2.8275992658421956e-16
209522940-209522970-001,nc_aware_lambda_0p10,20260804,20,gaussian_noise,0.8207639341422888,0.8402612113086054,0.023477275775086154,-0.011709735672908094,0.035187011447994326,0.011709735672908094,0.035187011447994326,perimeter,-7.632783294297951e-17
209522940-209522970-001,nc_aware_lambda_0p10,20260804,30,gaussian_noise,0.8207639341422888,0.9852992318216174,0.18270985012305357,0.11480356587016577,0.06790628425288796,0.11480356587016577,0.06790628425288796,area,-1.6653345369377348e-16
209565409-209565503-001,nc_aware_lambda_0p10,20260804,10,gaussian_noise,0.7942394232669163,0.8005899517045516,0.007963939092287464,0.007963939092287464,-0.0,0.007963939092287464,0.0,area,0.0
209565409-209565503-001,nc_aware_lambda_0p10,20260804,20,gaussian_noise,0.7942394232669163,0.8096092714736741,0.01916679395536387,-0.0446940869474286,0.06386088090279228,0.0446940869474286,0.06386088090279228,perimeter,1.9081958235744878e-16
209565409-209565503-001,nc_aware_lambda_0p10,20260804,30,gaussian_noise,0.7942394232669163,0.7925459490168804,-0.0021344725286324582,-0.002134472528632681,-0.0,0.002134472528632681,0.0,area,2.229119666630197e-16
209565409-209565600-001,nc_aware_lambda_0p10,20260804,10,gaussian_noise,0.6887346856341086,0.6845912283007483,-0.006034212074267559,-0.006034212074267448,-0.0,0.006034212074267448,0.0,area,-1.1102230246251565e-16
209565409-209565600-001,nc_aware_lambda_0p10,20260804,20,gaussian_noise,0.6887346856341086,0.6928781429674687,0.005998018648553409,0.00599801864855363,-0.0,0.00599801864855363,0.0,area,-2.211772431870429e-16
209565409-209565600-001,nc_aware_lambda_0p10,20260804,30,gaussian_noise,0.6887346856341086,0.7039273625230962,0.021819047394639673,0.021819047394639673,-0.0,0.021819047394639673,0.0,area,0.0
209565864-209565890-001,nc_aware_lambda_0p10,20260804,10,gaussian_noise,0.7232325613629446,0.7263080342853429,0.004243382415714961,-0.0019184658162287025,0.006161848231943804,0.0019184658162287025,0.006161848231943804,perimeter,-1.4051260155412137e-16
209565864-209565890-001,nc_aware_lambda_0p10,20260804,20,gaussian_noise,0.7232325613629446,0.7412321660177003,0.024583058614280312,-0.04208057249346738,0.0666636311077476,0.04208057249346738,0.0666636311077476,perimeter,9.020562075079397e-17
209565864-209565890-001,nc_aware_lambda_0p10,20260804,30,gaussian_noise,0.7232325613629446,0.7429872648635758,0.026948072341257484,-0.04608658686440608,0.07303465920566352,0.04608658686440608,0.07303465920566352,perimeter,4.85722573273506e-17
209565864-209565911-001,nc_aware_lambda_0p10,20260804,10,gaussian_noise,0.718900540388831,0.7161928170728655,-0.003773589383639491,-0.003773589383639491,-0.0,0.003773589383639491,0.0,area,0.0
209565864-209565911-001,nc_aware_lambda_0p10,20260804,20,gaussian_noise,0.718900540388831,0.7143876681955552,-0.006297250029036442,-0.0062972500290363305,-0.0,0.0062972500290363305,0.0,area,-1.1188966420050406e-16
209565864-209565911-001,nc_aware_lambda_0p10,20260804,30,gaussian_noise,0.718900540388831,0.7121312320989174,-0.00946080850422896,-0.00946080850422896,-0.0,0.00946080850422896,0.0,area,0.0
209566047-209566095-001,nc_aware_lambda_0p10,20260804,10,gaussian_noise,0.6997498707276198,0.7107913940232091,0.015656045100589898,0.009693129205659751,0.005962915894930352,0.009693129205659751,0.005962915894930352,area,-2.0469737016526324e-16
209566047-209566095-001,nc_aware_lambda_0p10,20260804,20,gaussian_noise,0.6997498707276198,0.7244831763411166,0.03473559677512509,-0.014953549667058358,0.04968914644218349,0.014953549667058358,0.04968914644218349,perimeter,-4.163336342344337e-17
209566047-209566095-001,nc_aware_lambda_0p10,20260804,30,gaussian_noise,0.6997498707276198,0.7151982007043197,0.021836764407665254,-0.03396552915563027,0.055802293563295344,0.03396552915563027,0.055802293563295344,perimeter,1.7694179454963432e-16
209566205-209566247-001,nc_aware_lambda_0p10,20260804,10,gaussian_noise,0.760262244890467,0.758029462967147,-0.002941178590816151,-0.0029411785908162623,-0.0,0.0029411785908162623,0.0,area,1.1145598333150986e-16
209566205-209566247-001,nc_aware_lambda_0p10,20260804,20,gaussian_noise,0.760262244890467,0.7532942284708353,-0.00920753968620577,-0.01703114101828519,0.007823601332079285,0.01703114101828519,0.007823601332079285,area,1.3357370765021415e-16
209566205-209566247-001,nc_aware_lambda_0p10,20260804,30,gaussian_noise,0.760262244890467,0.7216640551003517,-0.052103699864248634,0.0036643500144918025,-0.055768049878740525,0.0036643500144918025,0.055768049878740525,perimeter,9.020562075079397e-17
209566205-209566289-001,nc_aware_lambda_0p10,20260804,10,gaussian_noise,0.6456167042534088,0.6459937082145408,0.0005837735097200243,0.006997113095948572,-0.006413339586228584,0.006997113095948572,0.006413339586228584,area,3.5778671692021646e-17
209566205-209566289-001,nc_aware_lambda_0p10,20260804,20,gaussian_noise,0.6456167042534088,0.6456167042534088,0.0,0.0,-0.0,0.0,0.0,area,0.0
209566205-209566289-001,nc_aware_lambda_0p10,20260804,30,gaussian_noise,0.6456167042534088,0.651661097037525,0.009318646349869227,0.009318646349869227,-0.0,0.009318646349869227,0.0,area,0.0
209566399-209566485-001,nc_aware_lambda_0p10,20260804,10,gaussian_noise,0.7386487601288707,0.7341871233227232,-0.006058584671706045,-0.006058584671706045,-0.0,0.006058584671706045,0.0,area,0.0
209566399-209566485-001,nc_aware_lambda_0p10,20260804,20,gaussian_noise,0.7386487601288707,0.7234786987426267,-0.0207514135233728,-0.035522860658512866,0.01477144713513997,0.035522860658512866,0.01477144713513997,area,9.71445146547012e-17
209566399-209566485-001,nc_aware_lambda_0p10,20260804,30,gaussian_noise,0.7386487601288707,0.715931980744616,-0.031237353714512583,-0.04600880084965242,0.01477144713513997,0.04600880084965242,0.01477144713513997,area,-1.3183898417423734e-16
148495842-148495854-001,baseline,20260805,10,gaussian_noise,0.661517876210706,0.7153595497422705,0.07824827613129205,0.0037327404296839204,0.07451553570160821,0.0037327404296839204,0.07451553570160821,perimeter,-8.326672684688674e-17
148495842-148495854-001,baseline,20260805,20,gaussian_noise,0.661517876210706,0.6138357168250408,-0.07480967676820077,-0.03539855794327461,-0.039411118824926206,0.03539855794327461,0.039411118824926206,perimeter,4.163336342344337e-17
148495842-148495854-001,baseline,20260805,30,gaussian_noise,0.661517876210706,0.4984008590240152,-0.2831323159048064,-0.08626371340339914,-0.19686860250140753,0.08626371340339914,0.19686860250140753,perimeter,2.7755575615628914e-16
148497551-148497588-001,baseline,20260805,10,gaussian_noise,0.8780786295534037,0.8486469731267686,-0.034092860016181885,-0.004748867372070884,-0.029343992644111035,0.004748867372070884,0.029343992644111035,perimeter,3.469446951953614e-17
148497551-148497588-001,baseline,20260805,20,gaussian_noise,0.8780786295534037,0.8459689854022991,-0.037253446272035834,-0.030338989890718912,-0.006914456381317015,0.030338989890718912,0.006914456381317015,area,9.020562075079397e-17
148497551-148497588-001,baseline,20260805,30,gaussian_noise,0.8780786295534037,0.7434081609484048,-0.16649090925259505,-0.02996340303184361,-0.13652750622075133,0.02996340303184361,0.13652750622075133,perimeter,-1.1102230246251565e-16
148497788-148497816-002,baseline,20260805,10,gaussian_noise,0.6786430130460437,0.6829669980441052,0.0063513039685248835,0.003740319615723177,0.0026109843528016336,0.003740319615723177,0.0026109843528016336,area,7.28583859910259e-17
148497788-148497816-002,baseline,20260805,20,gaussian_noise,0.6786430130460437,0.6448215274810891,-0.05112165839222658,-0.03597118062050475,-0.015150477771722003,0.03597118062050475,0.015150477771722003,area,1.734723475976807e-16
148497788-148497816-002,baseline,20260805,30,gaussian_noise,0.6786430130460437,0.55607557616494,-0.19919102195197766,-0.20550032652949501,0.006309304577517144,0.20550032652949501,0.006309304577517144,area,2.220446049250313e-16
148503209-148503222-001,baseline,20260805,10,gaussian_noise,0.5000176285404612,0.49603297284738634,-0.008000952851310547,-0.0020885219255229025,-0.005912430925787734,0.0020885219255229025,0.005912430925787734,perimeter,8.847089727481716e-17
148503209-148503222-001,baseline,20260805,20,gaussian_noise,0.5000176285404612,0.47905071266737215,-0.04283689111778709,-0.0016061680292021804,-0.04123072308858482,0.0016061680292021804,0.04123072308858482,perimeter,-9.020562075079397e-17
148503209-148503222-001,baseline,20260805,30,gaussian_noise,0.5000176285404612,0.44208482811673616,-0.12314157240181454,-0.024532137584009253,-0.09860943481780542,0.024532137584009253,0.09860943481780542,perimeter,1.249000902703301e-16
148503209-148503231-001,baseline,20260805,10,gaussian_noise,0.5559288138815448,0.6041530883030771,0.08318736980876479,-0.00969312920565968,0.09288049901442444,0.00969312920565968,0.09288049901442444,perimeter,2.7755575615628914e-17
148503209-148503231-001,baseline,20260805,20,gaussian_noise,0.5559288138815448,0.5668323274211831,0.01942328769386185,0.008715039597437867,0.010708248096424091,0.008715039597437867,0.010708248096424091,perimeter,-1.0755285551056204e-16
148503209-148503231-001,baseline,20260805,30,gaussian_noise,0.5559288138815448,0.5606631623533482,0.008480048117122505,-0.01966330152550958,0.028143349642632137,0.01966330152550958,0.028143349642632137,perimeter,-5.0306980803327406e-17
148503400-148503432-001,baseline,20260805,10,gaussian_noise,0.6907677839703373,0.6909886159660404,0.0003196395509272373,0.004044123158829814,-0.0037244836079024534,0.004044123158829814,0.0037244836079024534,area,-1.2332799712022613e-16
148503400-148503432-001,baseline,20260805,20,gaussian_noise,0.6907677839703373,0.7019133537143069,0.01600625929307852,-0.016529301951210582,0.032535561244289087,0.016529301951210582,0.032535561244289087,perimeter,1.734723475976807e-17
148503400-148503432-001,baseline,20260805,30,gaussian_noise,0.6907677839703373,0.5843974743158541,-0.1672223513317514,-0.04733607359396814,-0.11988627773778329,0.04733607359396814,0.11988627773778329,perimeter,2.7755575615628914e-17
148503568-148503580-002,baseline,20260805,10,gaussian_noise,0.6852451565708719,0.5524817003321201,-0.21535635576551146,-0.04484828001996432,-0.17050807574554727,0.04484828001996432,0.17050807574554727,perimeter,1.3877787807814457e-16
148503568-148503580-002,baseline,20260805,20,gaussian_noise,0.6852451565708719,0.5511422305076304,-0.21778375960258192,-0.00800604726659955,-0.20977771233598236,0.00800604726659955,0.20977771233598236,perimeter,-2.7755575615628914e-17
148503568-148503580-002,baseline,20260805,30,gaussian_noise,0.6852451565708719,0.5342382443277441,-0.24893477714689197,0.024856699945985803,-0.2737914770928779,0.024856699945985803,0.2737914770928779,perimeter,1.1102230246251565e-16
148718455-148718461-001,baseline,20260805,10,gaussian_noise,0.6702325535131959,0.6374261004840711,-0.050186397453418206,-0.006300245847642789,-0.04388615160577552,0.006300245847642789,0.04388615160577552,perimeter,1.0408340855860843e-16
148718455-148718461-001,baseline,20260805,20,gaussian_noise,0.6702325535131959,0.5923032634689475,-0.12360597386529795,-0.034555886223131896,-0.08905008764216615,0.034555886223131896,0.08905008764216615,perimeter,9.71445146547012e-17
148718455-148718461-001,baseline,20260805,30,gaussian_noise,0.6702325535131959,0.54215682680733,-0.21206943901787073,-0.07697129496978043,-0.13509814404809034,0.07697129496978043,0.13509814404809034,perimeter,5.551115123125783e-17
148719308-148719348-004,baseline,20260805,10,gaussian_noise,0.8533124921944306,0.8480272113834278,-0.00621310112497825,-0.02360711989126758,0.017394018766289626,0.02360711989126758,0.017394018766289626,area,-2.96637714392034e-16
148719308-148719348-004,baseline,20260805,20,gaussian_noise,0.8533124921944306,0.7361055217230665,-0.1477523449391482,-0.05753707621963288,-0.09021526871951502,0.05753707621963288,0.09021526871951502,perimeter,-3.0531133177191805e-16
148719308-148719348-004,baseline,20260805,30,gaussian_noise,0.8533124921944306,0.4837899533104728,-0.5674749935413552,-0.09796857747093485,-0.4695064160704205,0.09796857747093485,0.4695064160704205,perimeter,1.1102230246251565e-16
148719308-148719357-001,baseline,20260805,10,gaussian_noise,0.7710736739956418,0.7691321224406187,-0.002521159948794527,-0.0025211610689047643,1.1201104491515252e-09,0.0025211610689047643,1.1201104491515252e-09,area,-2.1206994493816467e-16
148719308-148719357-001,baseline,20260805,20,gaussian_noise,0.7710736739956418,0.7695365144161885,-0.001995521126771184,-0.013034217838906915,0.011038696712135757,0.013034217838906915,0.011038696712135757,area,-2.6020852139652106e-17
148719308-148719357-001,baseline,20260805,30,gaussian_noise,0.7710736739956418,0.7483369074076482,-0.029930637869991995,-0.07815599941879327,0.04822536154880131,0.07815599941879327,0.04822536154880131,area,-3.8163916471489756e-17
148848523-148848559-002,baseline,20260805,10,gaussian_noise,0.8813278487610208,0.8339973054747849,-0.05519951773646916,-0.017606826659233632,-0.03759269107723535,0.017606826659233632,0.03759269107723535,perimeter,-1.8041124150158794e-16
148848523-148848559-002,baseline,20260805,20,gaussian_noise,0.8813278487610208,0.701548012053188,-0.2281403500579325,-0.056633014432682746,-0.17150733562524995,0.056633014432682746,0.17150733562524995,perimeter,1.942890293094024e-16
148848523-148848559-002,baseline,20260805,30,gaussian_noise,0.8813278487610208,0.41448667691404273,-0.7543888577331928,-0.24849865215665518,-0.5058902055765376,0.24849865215665518,0.5058902055765376,perimeter,0.0
148881870-148882178-002,baseline,20260805,10,gaussian_noise,0.7525645800848673,0.6111448443436276,-0.20815282145551622,-0.031197001833952076,-0.176955819621564,0.031197001833952076,0.176955819621564,perimeter,-1.3877787807814457e-16
148881870-148882178-002,baseline,20260805,20,gaussian_noise,0.7525645800848673,0.4453436284840436,-0.5246406306367722,-0.02639507183854484,-0.4982455587982276,0.02639507183854484,0.4982455587982276,perimeter,2.220446049250313e-16
148881870-148882178-002,baseline,20260805,30,gaussian_noise,0.7525645800848673,0.44744779737840834,-0.5199269366441152,-0.11788024100275404,-0.4020466956413613,0.11788024100275404,0.4020466956413613,perimeter,2.220446049250313e-16
148882307-148882323-001,baseline,20260805,10,gaussian_noise,0.6951141571741482,0.6969905901119309,0.0026958231093595062,0.002695823109359285,-0.0,0.002695823109359285,0.0,area,2.211772431870429e-16
148882307-148882323-001,baseline,20260805,20,gaussian_noise,0.6951141571741482,0.6898654259839432,-0.007579543239595979,-0.004208001400205077,-0.0033715418393909036,0.004208001400205077,0.0033715418393909036,area,1.734723475976807e-18
148882307-148882323-001,baseline,20260805,30,gaussian_noise,0.6951141571741482,0.6845342996463866,-0.01533733447774617,-0.03510203201193115,0.019764697534184878,0.03510203201193115,0.019764697534184878,area,1.0061396160665481e-16
148882535-148882616-001,baseline,20260805,10,gaussian_noise,0.22072141225453412,0.2184219162937926,-0.01047274012049405,0.006000656371626829,-0.01647339649212085,0.006000656371626829,0.01647339649212085,perimeter,-3.122502256758253e-17
148882535-148882616-001,baseline,20260805,20,gaussian_noise,0.22072141225453412,0.20548334870127852,-0.07153632585143574,-0.005908057256994761,-0.0656282685944411,0.005908057256994761,0.0656282685944411,perimeter,1.249000902703301e-16
148882535-148882616-001,baseline,20260805,30,gaussian_noise,0.22072141225453412,0.16815106890651732,-0.27203853325804206,0.024914345889843825,-0.29695287914788604,0.024914345889843825,0.29695287914788604,perimeter,1.6653345369377348e-16
148882671-148882687-001,baseline,20260805,10,gaussian_noise,0.40432274515413985,0.37351080152734767,-0.07926650926831821,0.007299302481611535,-0.08656581174992976,0.007299302481611535,0.08656581174992976,perimeter,1.3877787807814457e-17
148882671-148882687-001,baseline,20260805,20,gaussian_noise,0.40432274515413985,0.5360870474155599,0.28208311660478613,-0.025279543720846162,0.30736266032563225,0.025279543720846162,0.30736266032563225,perimeter,5.551115123125783e-17
148882671-148882687-001,baseline,20260805,30,gaussian_noise,0.40432274515413985,0.45538886265833717,0.11893826398157414,-0.1009835486267517,0.21992181260832588,0.1009835486267517,0.21992181260832588,perimeter,-4.163336342344337e-17
149011613-149011656-001,baseline,20260805,10,gaussian_noise,0.7303328300821951,0.7288828499560982,-0.0019873424102557426,0.002196354935202995,-0.004183697345458509,0.002196354935202995,0.004183697345458509,perimeter,-2.2854981795994433e-16
149011613-149011656-001,baseline,20260805,20,gaussian_noise,0.7303328300821951,0.7327561222633057,0.0033125728864976983,-0.0008798944694393926,0.004192467355937197,0.0008798944694393926,0.004192467355937197,perimeter,-1.0625181290357943e-16
149011613-149011656-001,baseline,20260805,30,gaussian_noise,0.7303328300821951,0.7382388925443251,0.01076711299802245,0.006574645642085385,0.004192467355937197,0.006574645642085385,0.004192467355937197,area,-1.3357370765021415e-16
149013033-149013072-001,baseline,20260805,10,gaussian_noise,0.8291261225460664,0.8235549364092306,-0.006742023465162571,0.0015082959118848814,-0.008250319377047632,0.0015082959118848814,0.008250319377047632,perimeter,1.7867651802561113e-16
149013033-149013072-001,baseline,20260805,20,gaussian_noise,0.8291261225460664,0.7772676409753242,-0.06458753640065196,-0.0022667180086910323,-0.06232081839196096,0.0022667180086910323,0.06232081839196096,perimeter,2.7755575615628914e-17
149013033-149013072-001,baseline,20260805,30,gaussian_noise,0.8291261225460664,0.7713881580632566,-0.07218058730824944,-0.009859768916288276,-0.06232081839196096,0.009859768916288276,0.06232081839196096,perimeter,-2.0816681711721685e-16
149014929-149014984-001,baseline,20260805,10,gaussian_noise,0.6084655836142546,0.5763406002244928,-0.054241545673687504,-0.006332217943677705,-0.04790932773000972,0.006332217943677705,0.04790932773000972,perimeter,-7.632783294297951e-17
149014929-149014984-001,baseline,20260805,20,gaussian_noise,0.6084655836142546,0.6016688669979644,-0.011233112290570918,-0.07170177083049091,0.06046865853991993,0.07170177083049091,0.06046865853991993,area,6.245004513516506e-17
149014929-149014984-001,baseline,20260805,30,gaussian_noise,0.6084655836142546,0.4290518793004544,-0.3493625090563133,-0.13217968979329223,-0.21718281926302116,0.13217968979329223,0.21718281926302116,perimeter,1.1102230246251565e-16
149014929-149015008-003,baseline,20260805,10,gaussian_noise,0.5892807335304455,0.4874968612511841,-0.1896188455289237,-0.028768070176442517,-0.16085077535248107,0.028768070176442517,0.16085077535248107,perimeter,-1.1102230246251565e-16
149014929-149015008-003,baseline,20260805,20,gaussian_noise,0.5892807335304455,0.5917090997505619,0.004112431071086362,-0.04647940319935952,0.050591834270445744,0.04647940319935952,0.050591834270445744,perimeter,1.3530843112619095e-16
149014929-149015008-003,baseline,20260805,30,gaussian_noise,0.5892807335304455,0.5168391733522147,-0.13117094806112195,-0.08844679321576439,-0.042724154845357486,0.08844679321576439,0.042724154845357486,area,-8.326672684688674e-17
149014929-149015022-001,baseline,20260805,10,gaussian_noise,0.5878792183104121,0.5204368345391878,-0.12185299042349425,-0.00775470928739364,-0.11409828113610036,0.00775470928739364,0.11409828113610036,perimeter,-2.498001805406602e-16
149014929-149015022-001,baseline,20260805,20,gaussian_noise,0.5878792183104121,0.5530806805551901,-0.06101762876014451,-0.014322585919268108,-0.04669504284087637,0.014322585919268108,0.04669504284087637,perimeter,-2.7755575615628914e-17
149014929-149015022-001,baseline,20260805,30,gaussian_noise,0.5878792183104121,0.44906729464363043,-0.2693487625384426,-0.028130749360904515,-0.24121801317753805,0.028130749360904515,0.24121801317753805,perimeter,0.0
149014929-149015022-002,baseline,20260805,10,gaussian_noise,0.6447584833334221,0.591497169691659,-0.0862189037902557,-0.010038913743723458,-0.07617999004653203,0.010038913743723458,0.07617999004653203,perimeter,-2.0816681711721685e-16
149014929-149015022-002,baseline,20260805,20,gaussian_noise,0.6447584833334221,0.6297749658855324,-0.023513243661199335,-0.03081288642953502,0.007299642768335828,0.03081288642953502,0.007299642768335828,area,-1.4224732503009818e-16
149014929-149015022-002,baseline,20260805,30,gaussian_noise,0.6447584833334221,0.6259454014053365,-0.029612653135607656,-0.06140234595212058,0.03178969281651292,0.06140234595212058,0.03178969281651292,area,3.469446951953614e-18
149053341-149053350-001,baseline,20260805,10,gaussian_noise,0.8108625046703066,0.7962421248871278,-0.018195185141981436,-0.026809901129488098,0.00861471598750677,0.026809901129488098,0.00861471598750677,area,-1.0755285551056204e-16
149053341-149053350-001,baseline,20260805,20,gaussian_noise,0.8108625046703066,0.786918567809096,-0.029973730316949398,-0.0480542234106283,0.01808049309367889,0.0480542234106283,0.01808049309367889,area,1.3877787807814457e-17
149053341-149053350-001,baseline,20260805,30,gaussian_noise,0.8108625046703066,0.5418255270085122,-0.4031544579993306,-0.05778986141774175,-0.3453645965815889,0.05778986141774175,0.3453645965815889,perimeter,5.551115123125783e-17
149053945-149053969-001,baseline,20260805,10,gaussian_noise,0.7865961700670903,0.8392539052295884,0.0647982980723904,-0.01500894058850049,0.07980723866089055,0.01500894058850049,0.07980723866089055,perimeter,3.3306690738754696e-16
149053945-149053969-001,baseline,20260805,20,gaussian_noise,0.7865961700670903,0.7110376286920131,-0.10098963899415303,-0.06224931754343674,-0.03874032145071651,0.06224931754343674,0.03874032145071651,area,2.220446049250313e-16
149053945-149053969-001,baseline,20260805,30,gaussian_noise,0.7865961700670903,0.7761648221417005,-0.013350093717704618,-0.1161133074340881,0.10276321371638324,0.1161133074340881,0.10276321371638324,area,2.42861286636753e-16
149053945-149053976-001,baseline,20260805,10,gaussian_noise,0.7817788291918524,0.7758287616327845,-0.007640045588320473,0.016622525803827323,-0.024262571392147755,0.016622525803827323,0.024262571392147755,perimeter,-4.0766001685454967e-17
149053945-149053976-001,baseline,20260805,20,gaussian_noise,0.7817788291918524,0.7818834644451615,0.00013383356993533073,0.03932431564213605,-0.03919048207220066,0.03932431564213605,0.03919048207220066,area,-5.968532959532702e-17
149053945-149053976-001,baseline,20260805,30,gaussian_noise,0.7817788291918524,0.8070837372560559,0.031855553103325183,0.071046035175526,-0.03919048207220066,0.071046035175526,0.03919048207220066,area,-1.5959455978986625e-16
149054642-149054677-003,baseline,20260805,10,gaussian_noise,0.78247438138324,0.7579169031656721,-0.031887429229578684,0.006876029841708183,-0.03876345907128709,0.006876029841708183,0.03876345907128709,perimeter,2.220446049250313e-16
149054642-149054677-003,baseline,20260805,20,gaussian_noise,0.78247438138324,0.7221350515530639,-0.08024900901868859,0.051546252271411915,-0.13179526129010044,0.051546252271411915,0.13179526129010044,perimeter,-5.551115123125783e-17
149054642-149054677-003,baseline,20260805,30,gaussian_noise,0.78247438138324,0.6595463622978331,-0.17090891358277402,-0.030829158019901833,-0.14007975556287214,0.030829158019901833,0.14007975556287214,perimeter,-5.551115123125783e-17
149056321-149056343-001,baseline,20260805,10,gaussian_noise,0.6799254039474276,0.6603861280035571,-0.02915838569584636,-0.005551941106264486,-0.023606444589581884,0.005551941106264486,0.023606444589581884,perimeter,6.938893903907228e-18
149056321-149056343-001,baseline,20260805,20,gaussian_noise,0.6799254039474276,0.6951007765189675,0.022073745163209684,-0.011793748493544063,0.03386749365675398,0.011793748493544063,0.03386749365675398,perimeter,-2.3592239273284576e-16
149056321-149056343-001,baseline,20260805,30,gaussian_noise,0.6799254039474276,0.6837734798428058,0.00564360087790968,-0.023228126119207194,0.028871726997116893,0.023228126119207194,0.028871726997116893,perimeter,-1.8214596497756474e-17
149056321-149056360-001,baseline,20260805,10,gaussian_noise,0.7969133899618458,0.7542051811101685,-0.055081548347414404,-0.004878058453432855,-0.05020348989398165,0.004878058453432855,0.05020348989398165,perimeter,1.0408340855860843e-16
149056321-149056360-001,baseline,20260805,20,gaussian_noise,0.7969133899618458,0.6833786656249823,-0.15369688162183065,-0.057587874872961214,-0.09610900674886973,0.057587874872961214,0.09610900674886973,perimeter,2.7755575615628914e-16
149056321-149056360-001,baseline,20260805,30,gaussian_noise,0.7969133899618458,0.5595687828528042,-0.3535795463414361,-0.01753200585795755,-0.33604754048347907,0.01753200585795755,0.33604754048347907,perimeter,4.996003610813204e-16
149056410-149056458-001,baseline,20260805,10,gaussian_noise,0.8752256228083394,0.75808184695397,-0.14369035043186962,-0.010937039389894388,-0.13275331104197513,0.010937039389894388,0.13275331104197513,perimeter,-1.1102230246251565e-16
149056410-149056458-001,baseline,20260805,20,gaussian_noise,0.8752256228083394,0.5652747109425701,-0.4371698807165906,-0.07371757589656756,-0.3634523048200231,0.07371757589656756,0.3634523048200231,perimeter,1.1102230246251565e-16
149056410-149056458-001,baseline,20260805,30,gaussian_noise,0.8752256228083394,0.31394801382719806,-1.0252542966152938,-0.0744985208796389,-0.9507557757356545,0.0744985208796389,0.9507557757356545,perimeter,-4.440892098500626e-16
149056873-149056884-001,baseline,20260805,10,gaussian_noise,0.8302812120208308,0.8137542742110003,-0.020106007075640954,0.013444676838297472,-0.033550683913938444,0.013444676838297472,0.033550683913938444,perimeter,1.734723475976807e-17
149056873-149056884-001,baseline,20260805,20,gaussian_noise,0.8302812120208308,0.6326270627734369,-0.271883362884858,-0.018028349524158015,-0.25385501336070004,0.018028349524158015,0.25385501336070004,perimeter,5.551115123125783e-17
149056873-149056884-001,baseline,20260805,30,gaussian_noise,0.8302812120208308,0.482532512897935,-0.5427161503180129,-0.0562352437996924,-0.4864809065183203,0.0562352437996924,0.4864809065183203,perimeter,-2.220446049250313e-16
149056873-149056884-002,baseline,20260805,10,gaussian_noise,0.7629557271665788,0.7404508334351778,-0.029940769855418128,0.004724949728653004,-0.034665719584071365,0.004724949728653004,0.034665719584071365,perimeter,2.3245294578089215e-16
149056873-149056884-002,baseline,20260805,20,gaussian_noise,0.7629557271665788,0.6574234094988748,-0.14887173510503057,0.002702704347885073,-0.15157443945291593,0.002702704347885073,0.15157443945291593,perimeter,2.7755575615628914e-16
149056873-149056884-002,baseline,20260805,30,gaussian_noise,0.7629557271665788,0.6096584669104591,-0.22430109485805172,-0.030222080348581412,-0.1940790145094704,0.030222080348581412,0.1940790145094704,perimeter,1.1102230246251565e-16
149056933-149056982-002,baseline,20260805,10,gaussian_noise,0.8186909905012634,0.7858651069017679,-0.04092155369888421,-0.0033140046900373347,-0.03760754900884702,0.0033140046900373347,0.03760754900884702,perimeter,1.457167719820518e-16
149056933-149056982-002,baseline,20260805,20,gaussian_noise,0.8186909905012634,0.7917346401803999,-0.03348042628662107,0.004127121004650827,-0.037607547291272136,0.004127121004650827,0.037607547291272136,perimeter,2.42861286636753e-16
149056933-149056982-002,baseline,20260805,30,gaussian_noise,0.8186909905012634,0.672218264676918,-0.1971236252680288,-0.021739986636405875,-0.17538363863162287,0.021739986636405875,0.17538363863162287,perimeter,-5.551115123125783e-17
149057756-149057766-002,baseline,20260805,10,gaussian_noise,0.828888594306174,0.7818998873748882,-0.05835904937667137,0.00225903710528016,-0.06061808648195135,0.00225903710528016,0.06061808648195135,perimeter,-1.8041124150158794e-16
149057756-149057766-002,baseline,20260805,20,gaussian_noise,0.828888594306174,0.7608850771130277,-0.08560342962934897,0.030623159366140854,-0.11622658899549008,0.030623159366140854,0.11622658899549008,perimeter,2.636779683484747e-16
149057756-149057766-002,baseline,20260805,30,gaussian_noise,0.828888594306174,0.6327322599119817,-0.27003839792299744,0.026043138536019875,-0.29608153645901747,0.026043138536019875,0.29608153645901747,perimeter,1.6653345369377348e-16
149057756-149057788-002,baseline,20260805,10,gaussian_noise,0.8489435762537246,0.833472213761913,-0.018392360220915435,0.004025446221524346,-0.02241780644243977,0.004025446221524346,0.02241780644243977,perimeter,-1.0408340855860843e-17
149057756-149057788-002,baseline,20260805,20,gaussian_noise,0.8489435762537246,0.8150260856033208,-0.0407726054338455,-0.005338522749248892,-0.0354340826845968,0.005338522749248892,0.0354340826845968,perimeter,1.942890293094024e-16
149057756-149057788-002,baseline,20260805,30,gaussian_noise,0.8489435762537246,0.764818522895118,-0.10435414432720035,-0.003555846643081497,-0.10079829768411902,0.003555846643081497,0.10079829768411902,perimeter,1.6653345369377348e-16
149057812-149057825-003,baseline,20260805,10,gaussian_noise,0.7724168772933033,0.7533252718685932,-0.0250272982914758,0.0033377281754958382,-0.028365026466971567,0.0033377281754958382,0.028365026466971567,perimeter,-7.28583859910259e-17
149057812-149057825-003,baseline,20260805,20,gaussian_noise,0.7724168772933033,0.7074386335316081,-0.08787351207533257,0.019861280042611326,-0.10773479211794412,0.019861280042611326,0.10773479211794412,perimeter,2.220446049250313e-16
149057812-149057825-003,baseline,20260805,30,gaussian_noise,0.7724168772933033,0.5815512902937233,-0.283825229275439,0.03407749959555119,-0.31790272887099036,0.03407749959555119,0.31790272887099036,perimeter,1.6653345369377348e-16
149057812-149057825-005,baseline,20260805,10,gaussian_noise,0.8928979254712162,0.8456469634031967,-0.05437029758964834,0.00848030076593335,-0.06285059835558184,0.00848030076593335,0.06285059835558184,perimeter,1.457167719820518e-16
149057812-149057825-005,baseline,20260805,20,gaussian_noise,0.8928979254712162,0.7557083348524682,-0.1668167678800642,0.02958926397616841,-0.19640603185623262,0.02958926397616841,0.19640603185623262,perimeter,2.7755575615628914e-17
149057812-149057825-005,baseline,20260805,30,gaussian_noise,0.8928979254712162,0.7156613764600693,-0.22126515197444488,0.08296915275667252,-0.30423430473111746,0.08296915275667252,0.30423430473111746,perimeter,5.551115123125783e-17
149057812-149057847-004,baseline,20260805,10,gaussian_noise,0.854530384481649,0.8179668472733178,-0.04373025334747331,0.02451961717431866,-0.06824987052179185,0.02451961717431866,0.06824987052179185,perimeter,-1.249000902703301e-16
149057812-149057847-004,baseline,20260805,20,gaussian_noise,0.854530384481649,0.7820100551481686,-0.0886844614147896,0.059144405206855884,-0.1478288666216455,0.059144405206855884,0.1478288666216455,perimeter,1.3877787807814457e-17
149057812-149057847-004,baseline,20260805,30,gaussian_noise,0.854530384481649,0.6565097470785174,-0.2636145194554785,0.03297698943301414,-0.29659150888849295,0.03297698943301414,0.29659150888849295,perimeter,3.3306690738754696e-16
149057812-149057847-005,baseline,20260805,10,gaussian_noise,0.8171083325673598,0.8109555881623437,-0.007558393277417287,0.013579258126380854,-0.021137651403798197,0.013579258126380854,0.021137651403798197,perimeter,5.551115123125783e-17
149057812-149057847-005,baseline,20260805,20,gaussian_noise,0.8171083325673598,0.7838225007108922,-0.041589091508232395,0.027187803244451404,-0.06877689475268364,0.027187803244451404,0.06877689475268364,perimeter,-1.5265566588595902e-16
149057812-149057847-005,baseline,20260805,30,gaussian_noise,0.8171083325673598,0.7041570056726912,-0.14877033335698486,0.0538616080280587,-0.20263194138504334,0.0538616080280587,0.20263194138504334,perimeter,-2.220446049250313e-16
149058262-149058272-003,baseline,20260805,10,gaussian_noise,0.7847946242295525,0.7501978597258426,-0.045085073661661514,0.023397598214038706,-0.06848267187570004,0.023397598214038706,0.06848267187570004,perimeter,-1.8735013540549517e-16
149058262-149058272-003,baseline,20260805,20,gaussian_noise,0.7847946242295525,0.5966599220940227,-0.2740747520175172,0.014989140264631957,-0.2890638922821492,0.014989140264631957,0.2890638922821492,perimeter,5.551115123125783e-17
149058262-149058272-003,baseline,20260805,30,gaussian_noise,0.7847946242295525,0.4997496901418854,-0.4513147050132108,-0.01025650016718911,-0.44105820484602165,0.01025650016718911,0.44105820484602165,perimeter,-5.551115123125783e-17
149061666-149061699-003,baseline,20260805,10,gaussian_noise,0.8033210518546668,0.7953557844885203,-0.00996490734979596,0.014982698862071004,-0.02494760621186712,0.014982698862071004,0.02494760621186712,perimeter,1.5785983631388945e-16
149061666-149061699-003,baseline,20260805,20,gaussian_noise,0.8033210518546668,0.7404216905960026,-0.08153457350111633,0.031238324719667986,-0.11277289822078468,0.031238324719667986,0.11277289822078468,perimeter,3.608224830031759e-16
149061666-149061699-003,baseline,20260805,30,gaussian_noise,0.8033210518546668,0.603739500579651,-0.28561163508070314,0.0297442261300558,-0.31535586121075915,0.0297442261300558,0.31535586121075915,perimeter,2.220446049250313e-16
149095913-149095926-001,baseline,20260805,10,gaussian_noise,0.43104870455167515,0.4448091545279111,0.03142423662790751,0.018280911882333842,0.013143324745573615,0.018280911882333842,0.013143324745573615,area,5.551115123125783e-17
149095913-149095926-001,baseline,20260805,20,gaussian_noise,0.43104870455167515,0.18408345274571083,-0.8508318850010664,0.08018701823010409,-0.9310189032311709,0.08018701823010409,0.9310189032311709,perimeter,3.3306690738754696e-16
149095913-149095926-001,baseline,20260805,30,gaussian_noise,0.43104870455167515,0.1933369292722262,-0.8017866729361843,-0.03889556276836495,-0.7628911101678193,0.03889556276836495,0.7628911101678193,perimeter,-1.1102230246251565e-16
149097324-149097373-001,baseline,20260805,10,gaussian_noise,0.7425676837151698,0.743662506856488,0.001473289058851181,-0.006405878688841292,0.00787916774769256,0.006405878688841292,0.00787916774769256,perimeter,-8.673617379884035e-17
149097324-149097373-001,baseline,20260805,20,gaussian_noise,0.7425676837151698,0.6819395761223171,-0.08517296718379536,0.05652474041401746,-0.1416977075978129,0.05652474041401746,0.1416977075978129,perimeter,6.938893903907228e-17
149097324-149097373-001,baseline,20260805,30,gaussian_noise,0.7425676837151698,0.6179050134472537,-0.1837792773199896,0.02677626501324289,-0.21055554233323245,0.02677626501324289,0.21055554233323245,perimeter,-5.551115123125783e-17
149097594-149097637-001,baseline,20260805,10,gaussian_noise,0.40146507875267945,0.43804634718217006,0.08720416761340871,0.009655247421333998,0.07754892019207481,0.009655247421333998,0.07754892019207481,perimeter,-9.71445146547012e-17
149097594-149097637-001,baseline,20260805,20,gaussian_noise,0.40146507875267945,0.33305224447723314,-0.18682118465291467,-0.018182319083190474,-0.168638865569724,0.018182319083190474,0.168638865569724,perimeter,-1.942890293094024e-16
149097594-149097637-001,baseline,20260805,30,gaussian_noise,0.40146507875267945,0.6379553669970318,0.46314777056335327,-0.08355236281783893,0.5467001333811924,0.08355236281783893,0.5467001333811924,perimeter,-1.6653345369377348e-16
149097594-149097637-002,baseline,20260805,10,gaussian_noise,0.8297161221849713,0.8038295857028019,-0.03169633219248735,-0.00821740873200002,-0.023478923460487612,0.00821740873200002,0.023478923460487612,perimeter,2.7755575615628914e-16
149097594-149097637-002,baseline,20260805,20,gaussian_noise,0.8297161221849713,0.7741346497851539,-0.0693377962340085,-0.03820749906736053,-0.031130297166648155,0.03820749906736053,0.031130297166648155,area,1.8041124150158794e-16
149097594-149097637-002,baseline,20260805,30,gaussian_noise,0.8297161221849713,0.5766616623559913,-0.36382790003340276,-0.21702450731771405,-0.14680339271568862,0.21702450731771405,0.14680339271568862,area,-5.551115123125783e-17
149098972-149098988-002,baseline,20260805,10,gaussian_noise,0.6071524447768885,0.6183529640715183,0.018279529558337775,-0.01889076246955406,0.037170292027891655,0.01889076246955406,0.037170292027891655,perimeter,1.8041124150158794e-16
149098972-149098988-002,baseline,20260805,20,gaussian_noise,0.6071524447768885,0.6118745269887063,0.007747336096616211,-0.059845198550164354,0.06759253464678051,0.059845198550164354,0.06759253464678051,perimeter,5.117434254131581e-17
149098972-149098988-002,baseline,20260805,30,gaussian_noise,0.6071524447768885,0.6030274568222418,-0.006817174743243011,-0.16171659121185372,0.15489941646861088,0.16171659121185372,0.15489941646861088,area,-1.734723475976807e-16
149099096-149099104-001,baseline,20260805,10,gaussian_noise,0.7897226714519201,0.7701557134907165,-0.025089115318410637,-0.025089123301355497,7.982944987661319e-09,0.025089123301355497,7.982944987661319e-09,area,-1.2836953722228372e-16
149099096-149099104-001,baseline,20260805,20,gaussian_noise,0.7897226714519201,0.7380685980528727,-0.06764506346205235,-0.06605933341204466,-0.0015857300500076443,0.06605933341204466,0.0015857300500076443,area,-4.163336342344337e-17
149099096-149099104-001,baseline,20260805,30,gaussian_noise,0.7897226714519201,0.5501896205937334,-0.3614188515092795,-0.16854181119593709,-0.19287704031334263,0.16854181119593709,0.19287704031334263,perimeter,2.220446049250313e-16
149099276-149099290-001,baseline,20260805,10,gaussian_noise,0.5199599655406227,0.45937302357804394,-0.12388925172398177,-0.0004827419837894886,-0.12340650974019209,0.0004827419837894886,0.12340650974019209,perimeter,-1.942890293094024e-16
149099276-149099290-001,baseline,20260805,20,gaussian_noise,0.5199599655406227,0.44526803415670435,-0.15507539447705662,0.013899097465626684,-0.16897449194268352,0.013899097465626684,0.16897449194268352,perimeter,2.220446049250313e-16
149099276-149099290-001,baseline,20260805,30,gaussian_noise,0.5199599655406227,0.40080252436666897,-0.260282971195832,-0.09671077407834323,-0.1635721971174885,0.09671077407834323,0.1635721971174885,perimeter,-2.7755575615628914e-16
149099276-149099290-002,baseline,20260805,10,gaussian_noise,0.6351157767278944,0.6505738364059112,0.024047490839397605,0.002542733394298501,0.021504757445099287,0.002542733394298501,0.021504757445099287,perimeter,-1.8388068845354155e-16
149099276-149099290-002,baseline,20260805,20,gaussian_noise,0.6351157767278944,0.6505464721371451,0.024005428212920416,-0.001982161203991211,0.025987589416911535,0.001982161203991211,0.025987589416911535,perimeter,9.367506770274758e-17
149099276-149099290-002,baseline,20260805,30,gaussian_noise,0.6351157767278944,0.6357049287310059,0.0009271993173993614,-0.007952328190495035,0.008879527507894497,0.007952328190495035,0.008879527507894497,perimeter,-1.0126448291014611e-16
149099502-149099525-002,baseline,20260805,10,gaussian_noise,0.7363904432834576,0.7367855025341461,0.00053633683237935,0.00053633683237935,-0.0,0.00053633683237935,0.0,area,0.0
149099502-149099525-002,baseline,20260805,20,gaussian_noise,0.7363904432834576,0.7286562933191919,-0.010558327758492194,-0.005918768960176693,-0.004639558798315458,0.005918768960176693,0.004639558798315458,area,-4.336808689942018e-17
149099502-149099525-002,baseline,20260805,30,gaussian_noise,0.7363904432834576,0.6969865562910448,-0.05499434904523933,0.004816707198552034,-0.05981105624379133,0.004816707198552034,0.05981105624379133,perimeter,-3.469446951953614e-17
149100006-149100028-002,baseline,20260805,10,gaussian_noise,0.23340478642390142,0.24883920937595236,0.06403271537497326,0.00158856268513774,0.062444152689835365,0.00158856268513774,0.062444152689835365,perimeter,1.6653345369377348e-16
149100006-149100028-002,baseline,20260805,20,gaussian_noise,0.23340478642390142,0.31589255076440775,0.3026278995090882,-0.23957349413175022,0.5422013936408384,0.23957349413175022,0.5422013936408384,perimeter,0.0
149100006-149100028-002,baseline,20260805,30,gaussian_noise,0.23340478642390142,0.4118295187430192,0.5678352472281325,-0.5118860692524297,1.0797213164805621,0.5118860692524297,1.0797213164805621,perimeter,1.1102230246251565e-16
149100064-149100072-001,baseline,20260805,10,gaussian_noise,0.6323657753870715,0.6624965644937427,0.04654738692252644,-0.005184893591192027,0.05173228051371879,0.005184893591192027,0.05173228051371879,perimeter,-3.191891195797325e-16
149100064-149100072-001,baseline,20260805,20,gaussian_noise,0.6323657753870715,0.6295554241921179,-0.004454090860958587,-0.02731581064696298,0.022861719786004635,0.02731581064696298,0.022861719786004635,area,-2.437286483747414e-16
149100064-149100072-001,baseline,20260805,30,gaussian_noise,0.6323657753870715,0.5107928024926722,-0.21350395185194856,-0.05080634881557817,-0.1626976030363702,0.05080634881557817,0.1626976030363702,perimeter,-1.942890293094024e-16
149101620-149101650-001,baseline,20260805,10,gaussian_noise,0.7602627297068385,0.7639258815253361,0.00480670022646854,-0.0013789935533927047,0.006185693779861203,0.0013789935533927047,0.006185693779861203,perimeter,4.0766001685454967e-17
149101620-149101650-001,baseline,20260805,20,gaussian_noise,0.7602627297068385,0.7287355324034929,-0.042353185675552026,-0.015274539043854807,-0.027078646631697203,0.015274539043854807,0.027078646631697203,perimeter,-1.3877787807814457e-17
149101620-149101650-001,baseline,20260805,30,gaussian_noise,0.7602627297068385,0.7617175171032255,0.00191170396921134,-0.02370550233265417,0.025617206301865137,0.02370550233265417,0.025617206301865137,perimeter,3.7426658994199613e-16
149102442-149102451-001,baseline,20260805,10,gaussian_noise,0.7641756187228362,0.760301622103402,-0.005082404452792302,-0.031563827553310594,0.02648142310051808,0.031563827553310594,0.02648142310051808,area,2.1163626406917047e-16
149102442-149102451-001,baseline,20260805,20,gaussian_noise,0.7641756187228362,0.6189304461830464,-0.21080472862741323,-0.05105517080028418,-0.1597495578271291,0.05105517080028418,0.1597495578271291,perimeter,5.551115123125783e-17
149102442-149102451-001,baseline,20260805,30,gaussian_noise,0.7641756187228362,0.5641250519594304,-0.30352167993591916,-0.19342368192928225,-0.11009799800663723,0.19342368192928225,0.11009799800663723,area,3.3306690738754696e-16
149102510-149102519-001,baseline,20260805,10,gaussian_noise,0.7674356595661839,0.7626604383549378,-0.006241747457615538,-0.0005624297111139867,-0.0056793177465017325,0.0005624297111139867,0.0056793177465017325,perimeter,1.8127860323957634e-16
149102510-149102519-001,baseline,20260805,20,gaussian_noise,0.7674356595661839,0.6376494956158989,-0.1852658922952289,-0.03315536615097477,-0.1521105261442541,0.03315536615097477,0.1521105261442541,perimeter,-2.7755575615628914e-17
149102510-149102519-001,baseline,20260805,30,gaussian_noise,0.7674356595661839,0.5720635159598221,-0.29380461766029214,-0.08811096667222175,-0.20569365098807063,0.08811096667222175,0.20569365098807063,perimeter,2.220446049250313e-16
149105003-149105050-001,baseline,20260805,10,gaussian_noise,0.6966775595066773,0.7139329221610136,0.024466319549099256,-0.11139997914125095,0.1358662986903499,0.11139997914125095,0.1358662986903499,perimeter,2.949029909160572e-16
149105003-149105050-001,baseline,20260805,20,gaussian_noise,0.6966775595066773,0.36529672961855136,-0.6456127106537475,-0.12617974758239348,-0.5194329630713541,0.12617974758239348,0.5194329630713541,perimeter,1.1102230246251565e-16
149105003-149105050-001,baseline,20260805,30,gaussian_noise,0.6966775595066773,0.2915988721425991,-0.8709435595207403,-0.37092870295649955,-0.5000148565642406,0.37092870295649955,0.5000148565642406,perimeter,-1.1102230246251565e-16
149105289-149105300-001,baseline,20260805,10,gaussian_noise,0.8704281469897112,0.8608379103229828,-0.011078984332036454,-0.01107898433203623,-0.0,0.01107898433203623,0.0,area,-2.237793284010081e-16
149105289-149105300-001,baseline,20260805,20,gaussian_noise,0.8704281469897112,0.8126712971702834,-0.06865849430306441,-0.05167995995427598,-0.01697853434878849,0.05167995995427598,0.01697853434878849,area,6.938893903907228e-17
149105289-149105300-001,baseline,20260805,30,gaussian_noise,0.8704281469897112,0.6897999219408686,-0.23258362623175283,-0.0689553965483123,-0.16362822968344068,0.0689553965483123,0.16362822968344068,perimeter,1.6653345369377348e-16
149105289-149105300-002,baseline,20260805,10,gaussian_noise,0.6867679687513712,0.6161500156829004,-0.10850602370506848,-0.013119159221952687,-0.0953868644831157,0.013119159221952687,0.0953868644831157,perimeter,-9.71445146547012e-17
149105289-149105300-002,baseline,20260805,20,gaussian_noise,0.6867679687513712,0.5528765258580687,-0.21686179349672155,-0.03510957414895761,-0.18175221934776392,0.03510957414895761,0.18175221934776392,perimeter,-2.7755575615628914e-17
149105289-149105300-002,baseline,20260805,30,gaussian_noise,0.6867679687513712,0.4045356718101346,-0.5292565695150949,-0.07094797776765395,-0.4583085917474409,0.07094797776765395,0.4583085917474409,perimeter,-1.1102230246251565e-16
149105289-149105311-001,baseline,20260805,10,gaussian_noise,0.5576770316345742,0.4136033790014132,-0.2988725055667592,-0.1618246148385368,-0.13704789072822252,0.1618246148385368,0.13704789072822252,area,1.1102230246251565e-16
149105289-149105311-001,baseline,20260805,20,gaussian_noise,0.5576770316345742,0.3896571179378815,-0.35851283082081115,-0.3143748675437136,-0.0441379632770977,0.3143748675437136,0.0441379632770977,area,1.1102230246251565e-16
149105289-149105311-001,baseline,20260805,30,gaussian_noise,0.5576770316345742,0.47518074301227226,-0.16008475519698667,-0.304473796561002,0.14438904136401548,0.304473796561002,0.14438904136401548,area,-1.6653345369377348e-16
149105289-149105311-003,baseline,20260805,10,gaussian_noise,0.18935438787520228,0.18198954065582199,-0.03967111093525426,-0.013659859523257777,-0.026011251411996436,0.013659859523257777,0.026011251411996436,perimeter,-4.163336342344337e-17
149105289-149105311-003,baseline,20260805,20,gaussian_noise,0.18935438787520228,0.47546818515021744,0.9206796441089633,-0.19472146540315402,1.1154011095121175,0.19472146540315402,1.1154011095121175,perimeter,-1.1102230246251565e-16
149105289-149105311-003,baseline,20260805,30,gaussian_noise,0.18935438787520228,0.6633848677394872,1.2537349886556477,-0.28975695766283177,1.5434919463184797,0.28975695766283177,1.5434919463184797,perimeter,-2.220446049250313e-16
149105289-149105311-004,baseline,20260805,10,gaussian_noise,0.188889514410028,0.1920694747118188,0.016694889749062383,-0.01919250830405377,0.03588739805311608,0.01919250830405377,0.03588739805311608,perimeter,6.938893903907228e-17
149105289-149105311-004,baseline,20260805,20,gaussian_noise,0.188889514410028,0.1598106042384668,-0.16717287371490475,-0.07260834677895607,-0.09456452693594852,0.07260834677895607,0.09456452693594852,perimeter,-1.6653345369377348e-16
149105289-149105311-004,baseline,20260805,30,gaussian_noise,0.188889514410028,0.2768474147585218,0.3823042408818337,0.019321879282270117,0.3629823615995636,0.019321879282270117,0.3629823615995636,perimeter,-5.551115123125783e-17
149140081-149140096-002,baseline,20260805,10,gaussian_noise,0.4894603030145232,0.4856504728276988,-0.007814188228384936,-0.015527964638711577,0.007713776410326424,0.015527964638711577,0.007713776410326424,area,2.1684043449710089e-16
149140081-149140096-002,baseline,20260805,20,gaussian_noise,0.4894603030145232,0.4504503129157425,-0.08305558390304997,-0.02367543938836235,-0.059380144514687816,0.02367543938836235,0.059380144514687816,perimeter,1.942890293094024e-16
149140081-149140096-002,baseline,20260805,30,gaussian_noise,0.4894603030145232,0.44122298383171615,-0.10375298174451222,-0.05755012523200723,-0.04620285651250501,0.05755012523200723,0.04620285651250501,area,2.7755575615628914e-17
149140849-149140856-001,baseline,20260805,10,gaussian_noise,0.5810587729352633,0.5498325529211666,-0.055238127333817985,-0.010538938272407605,-0.04469918906141069,0.010538938272407605,0.04469918906141069,perimeter,3.0531133177191805e-16
149140849-149140856-001,baseline,20260805,20,gaussian_noise,0.5810587729352633,0.5458757381918198,-0.062460545857940176,-0.029979361862632233,-0.03248118399530811,0.029979361862632233,0.03248118399530811,perimeter,1.6653345369377348e-16
149140849-149140856-001,baseline,20260805,30,gaussian_noise,0.5810587729352633,0.5880433664595385,0.011948787689239253,-0.08268588516231117,0.09463467285155029,0.08268588516231117,0.09463467285155029,perimeter,1.2663481374630692e-16
149143028-149143108-002,baseline,20260805,10,gaussian_noise,0.7626815578686392,0.7581735970153615,-0.005928209587854161,0.005608989064182243,-0.011537198652036323,0.005608989064182243,0.011537198652036323,perimeter,-8.066464163292153e-17
149143028-149143108-002,baseline,20260805,20,gaussian_noise,0.7626815578686392,0.7192432447367411,-0.05864097852433793,-0.016201245415424215,-0.04243973310891379,0.016201245415424215,0.04243973310891379,perimeter,6.938893903907228e-17
149143028-149143108-002,baseline,20260805,30,gaussian_noise,0.7626815578686392,0.711716566829627,-0.06916083695686329,-0.0347470067124938,-0.034413830244369344,0.0347470067124938,0.034413830244369344,area,-1.3877787807814457e-16
149143469-149143497-003,baseline,20260805,10,gaussian_noise,0.6947234429116518,0.6712347851625156,-0.03439486336232427,-0.005687219120589576,-0.028707644241734644,0.005687219120589576,0.028707644241734644,perimeter,-5.551115123125783e-17
149143469-149143497-003,baseline,20260805,20,gaussian_noise,0.6947234429116518,0.6512636956143212,-0.06459921992341634,-0.0075901692666755964,-0.05700905065674041,0.0075901692666755964,0.05700905065674041,perimeter,-3.3306690738754696e-16
149143469-149143497-003,baseline,20260805,30,gaussian_noise,0.6947234429116518,0.6397719889032485,-0.08240199696719591,-0.03364084646661819,-0.04876115050057785,0.03364084646661819,0.04876115050057785,perimeter,1.3877787807814457e-16
149146837-149146854-001,baseline,20260805,10,gaussian_noise,0.8154880704321416,0.7969490639281877,-0.022996026425488293,-0.004887709020588213,-0.018108317404900015,0.004887709020588213,0.018108317404900015,perimeter,-6.591949208711867e-17
149146837-149146854-001,baseline,20260805,20,gaussian_noise,0.8154880704321416,0.7779205059651984,-0.04716245188675635,-0.003721800062585856,-0.04344065182417053,0.003721800062585856,0.04344065182417053,perimeter,3.469446951953614e-17
149146837-149146854-001,baseline,20260805,30,gaussian_noise,0.8154880704321416,0.6878966765122243,-0.17014814625482622,0.02385981505082914,-0.19400796130565537,0.02385981505082914,0.19400796130565537,perimeter,0.0
149181904-149181927-001,baseline,20260805,10,gaussian_noise,0.868295940803518,0.8293138687574966,-0.04593390740995155,0.0004423800116383839,-0.04637628742158977,0.0004423800116383839,0.04637628742158977,perimeter,-1.5959455978986625e-16
149181904-149181927-001,baseline,20260805,20,gaussian_noise,0.868295940803518,0.8073234070253981,-0.07280826198753956,-0.020112409787095525,-0.05269585220044423,0.020112409787095525,0.05269585220044423,perimeter,1.942890293094024e-16
149181904-149181927-001,baseline,20260805,30,gaussian_noise,0.868295940803518,0.6019365590881839,-0.366380545996634,-0.03787648429049833,-0.32850406170613555,0.03787648429049833,0.32850406170613555,perimeter,-1.1102230246251565e-16
149181904-149181951-001,baseline,20260805,10,gaussian_noise,0.8615411225028602,0.795646970728109,-0.07956720507933962,0.004756765725943456,-0.08432397080528306,0.004756765725943456,0.08432397080528306,perimeter,-1.3877787807814457e-17
149181904-149181951-001,baseline,20260805,20,gaussian_noise,0.8615411225028602,0.6007974094185645,-0.3604649998821856,-0.03081229668362402,-0.3296527031985613,0.03081229668362402,0.3296527031985613,perimeter,-2.7755575615628914e-16
149181904-149181951-001,baseline,20260805,30,gaussian_noise,0.8615411225028602,0.48543061218445205,-0.5736864312393605,-0.0630658306128177,-0.5106206006265428,0.0630658306128177,0.5106206006265428,perimeter,0.0
149182125-149182135-002,baseline,20260805,10,gaussian_noise,0.7751928160845978,0.7281867867719629,-0.06255420283378248,0.0015637219761827589,-0.06411792480996506,0.0015637219761827589,0.06411792480996506,perimeter,-1.8041124150158794e-16
149182125-149182135-002,baseline,20260805,20,gaussian_noise,0.7751928160845978,0.5455542033837589,-0.35130962843025065,-0.022793009528556573,-0.32851661890169376,0.022793009528556573,0.32851661890169376,perimeter,-3.3306690738754696e-16
149182125-149182135-002,baseline,20260805,30,gaussian_noise,0.7751928160845978,0.42071065301563604,-0.6111664809615981,-0.17502430297001134,-0.43614217799158667,0.17502430297001134,0.43614217799158667,perimeter,-1.1102230246251565e-16
149182657-149182667-001,baseline,20260805,10,gaussian_noise,0.8701066386574513,0.7578536223385489,-0.1381255206837809,-0.012332709999474131,-0.1257928106843068,0.012332709999474131,0.1257928106843068,perimeter,5.551115123125783e-17
149182657-149182667-001,baseline,20260805,20,gaussian_noise,0.8701066386574513,0.5023750050327466,-0.5492689145193634,-0.09016704633917855,-0.45910186818018495,0.09016704633917855,0.45910186818018495,perimeter,0.0
149182657-149182667-001,baseline,20260805,30,gaussian_noise,0.8701066386574513,0.4109401861786118,-0.7501681058134078,-0.14825095770007002,-0.6019171481133376,0.14825095770007002,0.6019171481133376,perimeter,-1.1102230246251565e-16
149182657-149182681-002,baseline,20260805,10,gaussian_noise,0.750299693627593,0.6649990898099115,-0.12068704627037281,0.02450963383650928,-0.145196680106882,0.02450963383650928,0.145196680106882,perimeter,-9.71445146547012e-17
149182657-149182681-002,baseline,20260805,20,gaussian_noise,0.750299693627593,0.3705967756059339,-0.7053581048746674,-0.04484527228904319,-0.6605128325856243,0.04484527228904319,0.6605128325856243,perimeter,1.1102230246251565e-16
149182657-149182681-002,baseline,20260805,30,gaussian_noise,0.750299693627593,0.37023809813739006,-0.7063264110634857,-0.11872115587672691,-0.5876052551867589,0.11872115587672691,0.5876052551867589,perimeter,1.1102230246251565e-16
149182657-149182698-003,baseline,20260805,10,gaussian_noise,0.8553674356082025,0.8210762601960924,-0.04091513376930356,0.01898245091229003,-0.059897584681593646,0.01898245091229003,0.059897584681593646,perimeter,5.551115123125783e-17
149182657-149182698-003,baseline,20260805,20,gaussian_noise,0.8553674356082025,0.7547028504208485,-0.12520702969406397,0.054580568304136406,-0.17978759799820013,0.054580568304136406,0.17978759799820013,perimeter,-2.498001805406602e-16
149182657-149182698-003,baseline,20260805,30,gaussian_noise,0.8553674356082025,0.48823507245804715,-0.5607341301435786,0.004866189651172906,-0.5656003197947516,0.004866189651172906,0.5656003197947516,perimeter,0.0
149185604-149185616-001,baseline,20260805,10,gaussian_noise,0.3668071858609061,0.44015937115981907,0.18230053764352525,0.021645866774692508,0.16065467086883248,0.021645866774692508,0.16065467086883248,perimeter,2.498001805406602e-16
149185604-149185616-001,baseline,20260805,20,gaussian_noise,0.3668071858609061,0.2664889588939511,-0.31950351816281103,0.06631484188885323,-0.3858183600516646,0.06631484188885323,0.3858183600516646,perimeter,3.3306690738754696e-16
149185604-149185616-001,baseline,20260805,30,gaussian_noise,0.3668071858609061,0.16587106558005252,-0.7936255576837533,-0.19067141853430808,-0.6029541391494451,0.19067141853430808,0.6029541391494451,perimeter,-1.1102230246251565e-16
149185604-149185645-003,baseline,20260805,10,gaussian_noise,0.8579847804020068,0.8102549598713339,-0.05723739745989396,-0.0022029136310417175,-0.05503448382885206,0.0022029136310417175,0.05503448382885206,perimeter,-1.8041124150158794e-16
149185604-149185645-003,baseline,20260805,20,gaussian_noise,0.8579847804020068,0.33314286872481996,-0.9460149276906107,-0.16295049103795492,-0.7830644366526558,0.16295049103795492,0.7830644366526558,perimeter,0.0
149185604-149185645-003,baseline,20260805,30,gaussian_noise,0.8579847804020068,0.3777297555938923,-0.8204073532291001,-0.21826549286077687,-0.6021418603683234,0.21826549286077687,0.6021418603683234,perimeter,2.220446049250313e-16
149185604-149185657-001,baseline,20260805,10,gaussian_noise,0.8172924980445733,0.6746985170792781,-0.19173109579592337,-0.01999233601138962,-0.17173875978453343,0.01999233601138962,0.17173875978453343,perimeter,-3.3306690738754696e-16
149185604-149185657-001,baseline,20260805,20,gaussian_noise,0.8172924980445733,0.5852728423408087,-0.33391890986417594,-0.04598996467869768,-0.287928945185478,0.04598996467869768,0.287928945185478,perimeter,-2.220446049250313e-16
149185604-149185657-001,baseline,20260805,30,gaussian_noise,0.8172924980445733,0.12043301477532112,-1.914903341146828,-0.43030721640854525,-1.4845961247382826,0.43030721640854525,1.4845961247382826,perimeter,0.0
149185698-149185709-002,baseline,20260805,10,gaussian_noise,0.7835573726479436,0.5979360438398756,-0.27036048708286103,-0.0008892841848841728,-0.2694712028979772,0.0008892841848841728,0.2694712028979772,perimeter,3.3306690738754696e-16
149185698-149185709-002,baseline,20260805,20,gaussian_noise,0.7835573726479436,0.5660911310181276,-0.3250892111047842,-0.045772499680111295,-0.2793167114246728,0.045772499680111295,0.2793167114246728,perimeter,-1.6653345369377348e-16
149185698-149185709-002,baseline,20260805,30,gaussian_noise,0.7835573726479436,0.19383989369125418,-1.3968117571408045,-0.4375292683620103,-0.959282488778794,0.4375292683620103,0.959282488778794,perimeter,-2.220446049250313e-16
149185788-149185824-001,baseline,20260805,10,gaussian_noise,0.7730176725543695,0.6901434669132935,-0.11340241158047118,-0.005273081898158115,-0.10812932968231298,0.005273081898158115,0.10812932968231298,perimeter,-8.326672684688674e-17
149185788-149185824-001,baseline,20260805,20,gaussian_noise,0.7730176725543695,0.4419103168357568,-0.5591949522179576,-0.11450142378544362,-0.44469352843251414,0.11450142378544362,0.44469352843251414,perimeter,2.220446049250313e-16
149185788-149185824-001,baseline,20260805,30,gaussian_noise,0.7730176725543695,0.17536970413525152,-1.4834055700304563,-0.38354336827997504,-1.099862201750481,0.38354336827997504,1.099862201750481,perimeter,-2.220446049250313e-16
149190861-149190868-001,baseline,20260805,10,gaussian_noise,0.7447160444493843,0.7469645392122933,0.0030147157380638777,0.006148672093087493,-0.0031339563550235273,0.006148672093087493,0.0031339563550235273,area,-8.760353553682876e-17
149190861-149190868-001,baseline,20260805,20,gaussian_noise,0.7447160444493843,0.7466973908005617,0.0026570063940519945,0.0026570063940519945,-0.0,0.0026570063940519945,0.0,area,0.0
149190861-149190868-001,baseline,20260805,30,gaussian_noise,0.7447160444493843,0.7467874519983425,0.002777611833503457,0.002777611833503457,-0.0,0.002777611833503457,0.0,area,0.0
149314453-149314465-001,baseline,20260805,10,gaussian_noise,0.8329817794011946,0.8251829316051925,-0.009406671425592551,-0.003087102782484949,-0.006319568643107851,0.003087102782484949,0.006319568643107851,perimeter,2.480654570646834e-16
149314453-149314465-001,baseline,20260805,20,gaussian_noise,0.8329817794011946,0.8125471255214655,-0.024837855295937215,-0.013298068304631488,-0.011539786991305449,0.013298068304631488,0.011539786991305449,area,-2.7755575615628914e-16
149314453-149314465-001,baseline,20260805,30,gaussian_noise,0.8329817794011946,0.7908862057549522,-0.05185767228634845,0.002199253140663112,-0.05405692542701142,0.002199253140663112,0.05405692542701142,perimeter,-1.457167719820518e-16
149314453-149314507-001,baseline,20260805,10,gaussian_noise,0.9214421749478274,0.8417013695455549,-0.09051474080019162,0.0009324009999511908,-0.09144714180014264,0.0009324009999511908,0.09144714180014264,perimeter,-1.6653345369377348e-16
149314453-149314507-001,baseline,20260805,20,gaussian_noise,0.9214421749478274,0.7987831158057909,-0.14285055976470734,0.009285117775679478,-0.1521356775403871,0.009285117775679478,0.1521356775403871,perimeter,2.7755575615628914e-16
149314453-149314507-001,baseline,20260805,30,gaussian_noise,0.9214421749478274,0.4424499269394073,-0.7336127255487923,-0.14102206435368023,-0.5925906611951122,0.14102206435368023,0.5925906611951122,perimeter,1.1102230246251565e-16
149314453-149314507-002,baseline,20260805,10,gaussian_noise,0.7882506756929355,0.7921704656288451,0.004960447403493631,-0.002768167857613043,0.007728615261106552,0.002768167857613043,0.007728615261106552,perimeter,1.214306433183765e-16
149314453-149314507-002,baseline,20260805,20,gaussian_noise,0.7882506756929355,0.7405673281108274,-0.06239960355710817,-0.022362916554145844,-0.04003668700296221,0.022362916554145844,0.04003668700296221,perimeter,-1.1796119636642288e-16
149314453-149314507-002,baseline,20260805,30,gaussian_noise,0.7882506756929355,0.7546362615578983,-0.04358029524295082,-0.03588144330916603,-0.007698851933784866,0.03588144330916603,0.007698851933784866,area,8.326672684688674e-17
149314679-149314698-001,baseline,20260805,10,gaussian_noise,0.6699185527466972,0.6381914456478885,-0.04851783205025063,-0.006811282830770798,-0.04170654921948005,0.006811282830770798,0.04170654921948005,perimeter,2.1510571102112408e-16
149314679-149314698-001,baseline,20260805,20,gaussian_noise,0.6699185527466972,0.5375868627123929,-0.22006578993955123,-0.04606077337653451,-0.17400501656301653,0.04606077337653451,0.17400501656301653,perimeter,-1.6653345369377348e-16
149314679-149314698-001,baseline,20260805,30,gaussian_noise,0.6699185527466972,0.22659267250888554,-1.084002130537397,-0.34414720167063545,-0.7398549288667615,0.34414720167063545,0.7398549288667615,perimeter,0.0
149315229-149315310-001,baseline,20260805,10,gaussian_noise,0.818391148137583,0.7890931237202781,-0.03645605711020784,-0.00016093988929882476,-0.036295117220909,0.00016093988929882476,0.036295117220909,perimeter,-1.3877787807814457e-17
149315229-149315310-001,baseline,20260805,20,gaussian_noise,0.818391148137583,0.6726940505663644,-0.19604977763904677,-0.029228956421360853,-0.16682082121768596,0.029228956421360853,0.16682082121768596,perimeter,5.551115123125783e-17
149315229-149315310-001,baseline,20260805,30,gaussian_noise,0.818391148137583,0.6143749031117995,-0.286735065320888,-0.0415665587330662,-0.24516850658782188,0.0415665587330662,0.24516850658782188,perimeter,1.1102230246251565e-16
149315671-149315731-001,baseline,20260805,10,gaussian_noise,0.5947573879130282,0.4255982382358707,-0.3346577724502646,-0.09137756061048306,-0.2432802118397816,0.09137756061048306,0.2432802118397816,perimeter,5.551115123125783e-17
149315671-149315731-001,baseline,20260805,20,gaussian_noise,0.5947573879130282,0.22525230455612555,-0.970932443445859,-0.23996872000919822,-0.7309637234366612,0.23996872000919822,0.7309637234366612,perimeter,3.3306690738754696e-16
149315671-149315731-001,baseline,20260805,30,gaussian_noise,0.5947573879130282,0.29716644764349137,-0.6938611593890982,-1.096484628290993,0.40262346890189477,1.096484628290993,0.40262346890189477,area,0.0
149315671-149315740-001,baseline,20260805,10,gaussian_noise,0.6972957075539995,0.5151733453277649,-0.30270614149995523,-0.02201542706060975,-0.2806907144393456,0.02201542706060975,0.2806907144393456,perimeter,1.6653345369377348e-16
149315671-149315740-001,baseline,20260805,20,gaussian_noise,0.6972957075539995,0.4868101901959976,-0.35933528448036256,-0.1129672058663177,-0.24636807861404483,0.1129672058663177,0.24636807861404483,perimeter,0.0
149315671-149315740-001,baseline,20260805,30,gaussian_noise,0.6972957075539995,0.39142267702936034,-0.5774215868691626,-0.11204766557163919,-0.46537392129752325,0.11204766557163919,0.46537392129752325,perimeter,-1.1102230246251565e-16
149316426-149316462-004,baseline,20260805,10,gaussian_noise,0.7103578889773019,0.6325312081879115,-0.11603935162437959,-0.009735820990081665,-0.10630353063429801,0.009735820990081665,0.10630353063429801,perimeter,8.326672684688674e-17
149316426-149316462-004,baseline,20260805,20,gaussian_noise,0.7103578889773019,0.5857512370614613,-0.19287372270433092,-0.05329858172436196,-0.1395751409799689,0.05329858172436196,0.1395751409799689,perimeter,-8.326672684688674e-17
149316426-149316462-004,baseline,20260805,30,gaussian_noise,0.7103578889773019,0.4987033509579781,-0.3537574801015206,-0.10190628078973879,-0.2518511993117818,0.10190628078973879,0.2518511993117818,perimeter,0.0
149316754-149316779-002,baseline,20260805,10,gaussian_noise,0.6602643416594349,0.6896011441733045,0.04347310603164186,0.0020554991820959595,0.0414176068495458,0.0020554991820959595,0.0414176068495458,perimeter,1.0408340855860843e-16
149316754-149316779-002,baseline,20260805,20,gaussian_noise,0.6602643416594349,0.7241403243981381,0.09234491933437126,-0.03987936623159644,0.13222428556596766,0.03987936623159644,0.13222428556596766,perimeter,4.163336342344337e-17
149316754-149316779-002,baseline,20260805,30,gaussian_noise,0.6602643416594349,0.5757321598944111,-0.13699772013402595,-0.062254893746432845,-0.07474282638759326,0.062254893746432845,0.07474282638759326,perimeter,1.6653345369377348e-16
149317002-149317010-002,baseline,20260805,10,gaussian_noise,0.7315916631312951,0.702444605633078,-0.04065597615241867,0.029887955713764895,-0.07054393186618378,0.029887955713764895,0.07054393186618378,perimeter,2.1510571102112408e-16
149317002-149317010-002,baseline,20260805,20,gaussian_noise,0.7315916631312951,0.5067282146845733,-0.36724772691420576,0.021771969135585045,-0.38901969604979075,0.021771969135585045,0.38901969604979075,perimeter,-5.551115123125783e-17
149317002-149317010-002,baseline,20260805,30,gaussian_noise,0.7315916631312951,0.4843021108551438,-0.41251361309084456,0.024097551579060524,-0.43661116466990507,0.024097551579060524,0.43661116466990507,perimeter,0.0
149317204-149317230-002,baseline,20260805,10,gaussian_noise,0.7421739330150787,0.7209735016356306,-0.028981242398433627,-0.011488876968888062,-0.01749236542954524,0.011488876968888062,0.01749236542954524,perimeter,-3.2612801348363973e-16
149317204-149317230-002,baseline,20260805,20,gaussian_noise,0.7421739330150787,0.5867670869417699,-0.23495567112944443,-0.025061552606100667,-0.20989411852334364,0.025061552606100667,0.20989411852334364,perimeter,-1.3877787807814457e-16
149317204-149317230-002,baseline,20260805,30,gaussian_noise,0.7421739330150787,0.5450415368575069,-0.3087216205924158,-0.16411608298185998,-0.14460553761055567,0.16411608298185998,0.14460553761055567,area,-1.6653345369377348e-16
149788987-149788996-003,baseline,20260805,10,gaussian_noise,0.7170813107401429,0.7263131148947242,0.012791971310274495,-0.0011833320626873354,0.013975303372961911,0.0011833320626873354,0.013975303372961911,perimeter,-8.153200337090993e-17
149788987-149788996-003,baseline,20260805,20,gaussian_noise,0.7170813107401429,0.6719894812886192,-0.06494655071415328,0.00555978182220268,-0.07050633253635574,0.00555978182220268,0.07050633253635574,perimeter,-2.220446049250313e-16
149788987-149788996-003,baseline,20260805,30,gaussian_noise,0.7170813107401429,0.7059618116497905,-0.015628093387821437,-0.014121885048048795,-0.001506208339772605,0.014121885048048795,0.001506208339772605,area,-3.8163916471489756e-17
153268807-153268826-001,baseline,20260805,10,gaussian_noise,0.6849171223583698,0.6853960016608402,0.0006989341539115788,0.0006989341539115788,-0.0,0.0006989341539115788,0.0,area,0.0
153268807-153268826-001,baseline,20260805,20,gaussian_noise,0.6849171223583698,0.6813734621259436,-0.005187283318358529,-0.0015743902491084719,-0.0036128930692499806,0.0015743902491084719,0.0036128930692499806,perimeter,-7.632783294297951e-17
153268807-153268826-001,baseline,20260805,30,gaussian_noise,0.6849171223583698,0.6935011686275265,0.01245508318428136,-0.005081935058785825,0.017537018243067068,0.005081935058785825,0.017537018243067068,perimeter,1.1796119636642288e-16
153276386-153276405-001,baseline,20260805,10,gaussian_noise,0.79686453184188,0.780119254593501,-0.021237893246791865,-0.01655456117398558,-0.004683332072806481,0.01655456117398558,0.004683332072806481,area,1.942890293094024e-16
153276386-153276405-001,baseline,20260805,20,gaussian_noise,0.79686453184188,0.5806541768374297,-0.3165293327001659,-0.06792895527367668,-0.24860037742648922,0.06792895527367668,0.24860037742648922,perimeter,0.0
153276386-153276405-001,baseline,20260805,30,gaussian_noise,0.79686453184188,0.47978232040402014,-0.5073521898665533,-0.07443833545919351,-0.43291385440735963,0.07443833545919351,0.43291385440735963,perimeter,-1.1102230246251565e-16
153276386-153276405-002,baseline,20260805,10,gaussian_noise,0.682746735295483,0.5801803352936494,-0.16278500051004213,0.0086414363953408,-0.1714264369053826,0.0086414363953408,0.1714264369053826,perimeter,-3.3306690738754696e-16
153276386-153276405-002,baseline,20260805,20,gaussian_noise,0.682746735295483,0.44965110777409245,-0.41765201265022134,-0.0805450839237157,-0.33710692872650555,0.0805450839237157,0.33710692872650555,perimeter,-1.1102230246251565e-16
153276386-153276405-002,baseline,20260805,30,gaussian_noise,0.682746735295483,0.24028121212241255,-1.0443140240501847,-0.2547989326776981,-0.7895150913724864,0.2547989326776981,0.7895150913724864,perimeter,-2.220446049250313e-16
153276386-153276414-001,baseline,20260805,10,gaussian_noise,0.8370338334106344,0.8154748911598699,-0.026093859823915967,-0.005530854546465858,-0.020563005277450197,0.005530854546465858,0.020563005277450197,perimeter,8.673617379884035e-17
153276386-153276414-001,baseline,20260805,20,gaussian_noise,0.8370338334106344,0.7663969512260527,-0.08816424330404643,-0.013520244579944706,-0.07464399872410192,0.013520244579944706,0.07464399872410192,perimeter,1.942890293094024e-16
153276386-153276414-001,baseline,20260805,30,gaussian_noise,0.8370338334106344,0.5765340975105883,-0.37283000822215395,-0.008186898604582112,-0.3646431096175721,0.008186898604582112,0.3646431096175721,perimeter,2.7755575615628914e-16
153314466-153314473-003,baseline,20260805,10,gaussian_noise,0.817958509758658,0.8409507435292665,0.027721475577071532,0.022818713612559067,0.00490276196451231,0.022818713612559067,0.00490276196451231,area,1.5612511283791264e-16
153314466-153314473-003,baseline,20260805,20,gaussian_noise,0.817958509758658,0.8345112131698411,0.020034566253702434,0.03869412835321838,-0.01865956209951588,0.03869412835321838,0.01865956209951588,area,-6.591949208711867e-17
153314466-153314473-003,baseline,20260805,30,gaussian_noise,0.817958509758658,0.9632628531921253,0.16351471323556904,0.18985261888090454,-0.026337905645335682,0.18985261888090454,0.026337905645335682,area,1.6653345369377348e-16
153654869-153654880-001,baseline,20260805,10,gaussian_noise,0.5412558524799825,0.5448884045186606,0.006688919191207855,-0.012520057441809005,0.019208976633017055,0.012520057441809005,0.019208976633017055,perimeter,-1.942890293094024e-16
153654869-153654880-001,baseline,20260805,20,gaussian_noise,0.5412558524799825,0.22990691605991212,-0.856217577932399,-0.1837565800427902,-0.6724609978896087,0.1837565800427902,0.6724609978896087,perimeter,-2.220446049250313e-16
153654869-153654880-001,baseline,20260805,30,gaussian_noise,0.5412558524799825,0.15846278980978723,-1.2283722910054917,-0.3849060745733889,-0.8434662164321028,0.3849060745733889,0.8434662164321028,perimeter,0.0
153655016-153655039-005,baseline,20260805,10,gaussian_noise,0.7837431579811472,0.6647405315159716,-0.16468457571533499,0.01954048937268334,-0.1842250650880186,0.01954048937268334,0.1842250650880186,perimeter,2.7755575615628914e-16
153655016-153655039-005,baseline,20260805,20,gaussian_noise,0.7837431579811472,0.5562013776694973,-0.34295094333175813,-0.02383365632841971,-0.3191172870033384,0.02383365632841971,0.3191172870033384,perimeter,0.0
153655016-153655039-005,baseline,20260805,30,gaussian_noise,0.7837431579811472,0.24164147105672817,-1.1766262590053527,-0.3784618975338915,-0.7981643614714613,0.3784618975338915,0.7981643614714613,perimeter,2.220446049250313e-16
153655087-153655101-002,baseline,20260805,10,gaussian_noise,0.7739936879315791,0.48419162916022207,-0.4690829620545107,0.019847546890114066,-0.4889305089446247,0.019847546890114066,0.4889305089446247,perimeter,-1.1102230246251565e-16
153655087-153655101-002,baseline,20260805,20,gaussian_noise,0.7739936879315791,0.2798285887599937,-1.0173864857206114,-0.13927523380377463,-0.8781112519168366,0.13927523380377463,0.8781112519168366,perimeter,-2.220446049250313e-16
153655087-153655101-002,baseline,20260805,30,gaussian_noise,0.7739936879315791,0.1355388198399454,-1.7423056258571938,-0.9182973256390236,-0.8240083002181702,0.9182973256390236,0.8240083002181702,area,-2.220446049250313e-16
153656862-153656873-001,baseline,20260805,10,gaussian_noise,0.7976691484939138,0.8038862202700827,0.0077638314931894785,0.0077638314931894785,-0.0,0.0077638314931894785,0.0,area,0.0
153656862-153656873-001,baseline,20260805,20,gaussian_noise,0.7976691484939138,0.777154049050203,-0.026055318551938222,0.01987672126589065,-0.04593203981782882,0.01987672126589065,0.04593203981782882,perimeter,-5.204170427930421e-17
153656862-153656873-001,baseline,20260805,30,gaussian_noise,0.7976691484939138,0.8027296458739889,0.006324066555898747,0.03891181039159642,-0.032587743835697784,0.03891181039159642,0.032587743835697784,area,1.1102230246251565e-16
153657121-153657160-001,baseline,20260805,10,gaussian_noise,0.79145670139395,0.7622939570688075,-0.03754292160405255,0.004903868389693126,-0.042446789993745696,0.004903868389693126,0.042446789993745696,perimeter,2.0816681711721685e-17
153657121-153657160-001,baseline,20260805,20,gaussian_noise,0.79145670139395,0.6132509017084196,-0.2551010198178549,-0.040929805420041494,-0.21417121439781328,0.040929805420041494,0.21417121439781328,perimeter,-1.1102230246251565e-16
153657121-153657160-001,baseline,20260805,30,gaussian_noise,0.79145670139395,0.47677360895160104,-0.5068334094658561,-0.07186151732589839,-0.4349718921399576,0.07186151732589839,0.4349718921399576,perimeter,-1.1102230246251565e-16
153659229-153659264-001,baseline,20260805,10,gaussian_noise,0.7987204649328019,0.7920957436689364,-0.008328755419259384,-0.008328754419815336,-9.994440827999166e-10,0.008328754419815336,9.994440827999166e-10,area,3.469446951953614e-17
153659229-153659264-001,baseline,20260805,20,gaussian_noise,0.7987204649328019,0.7563210505440969,-0.054545072333532105,-0.017289889714756684,-0.0372551826187754,0.017289889714756684,0.0372551826187754,perimeter,-2.7755575615628914e-17
153659229-153659264-001,baseline,20260805,30,gaussian_noise,0.7987204649328019,0.6769925758782752,-0.16535072175238463,-0.04091415617185712,-0.12443656558052742,0.04091415617185712,0.12443656558052742,perimeter,-1.1102230246251565e-16
153697342-153697375-001,baseline,20260805,10,gaussian_noise,0.8016332479593983,0.7538217897151523,-0.06149521955649349,0.009884759232541925,-0.07137997878903578,0.009884759232541925,0.07137997878903578,perimeter,3.677613769070831e-16
153697342-153697375-001,baseline,20260805,20,gaussian_noise,0.8016332479593983,0.7369624052131635,-0.08411432614304293,0.0012409515553216527,-0.08535527769836466,0.0012409515553216527,0.08535527769836466,perimeter,8.326672684688674e-17
153697342-153697375-001,baseline,20260805,30,gaussian_noise,0.8016332479593983,0.5537335726546689,-0.36996755118130853,-0.011657084542212865,-0.3583104666390957,0.011657084542212865,0.3583104666390957,perimeter,5.551115123125783e-17
153697342-153697384-001,baseline,20260805,10,gaussian_noise,0.7984696412390316,0.7720225701226329,-0.03368316168651747,-0.0012549677447127928,-0.03242819394180456,0.0012549677447127928,0.03242819394180456,perimeter,-1.1796119636642288e-16
153697342-153697384-001,baseline,20260805,20,gaussian_noise,0.7984696412390316,0.7067020342031832,-0.12208782104777888,0.021915286838449947,-0.14400310788622908,0.021915286838449947,0.14400310788622908,perimeter,2.498001805406602e-16
153697342-153697384-001,baseline,20260805,30,gaussian_noise,0.7984696412390316,0.6254174901605255,-0.24427753620301793,-0.02497484304909234,-0.21930269315392542,0.02497484304909234,0.21930269315392542,perimeter,-1.6653345369377348e-16
153697726-153697736-001,baseline,20260805,10,gaussian_noise,0.6848114135693284,0.6728613085585452,-0.017604262700284,0.01007832426630036,-0.027682586966584405,0.01007832426630036,0.027682586966584405,perimeter,4.5102810375396984e-17
153697726-153697736-001,baseline,20260805,20,gaussian_noise,0.6848114135693284,0.6809020650449682,-0.005725006398789523,0.0037248945556230054,-0.009449900954412727,0.0037248945556230054,0.009449900954412727,perimeter,1.986258379993444e-16
153697726-153697736-001,baseline,20260805,30,gaussian_noise,0.6848114135693284,0.6152196808933302,-0.10716408297121709,0.005051858656918271,-0.11221594162813545,0.005051858656918271,0.11221594162813545,perimeter,8.326672684688674e-17
153701009-153701019-002,baseline,20260805,10,gaussian_noise,0.6227414504099174,0.6216939071420613,-0.0016835643714679996,-0.0032804840791618353,0.0015969197076938148,0.0032804840791618353,0.0015969197076938148,area,2.0816681711721685e-17
153701009-153701019-002,baseline,20260805,20,gaussian_noise,0.6227414504099174,0.5664086793256912,-0.09481555935000958,-0.03601189312816817,-0.05880366622184162,0.03601189312816817,0.05880366622184162,perimeter,2.0816681711721685e-16
153701009-153701019-002,baseline,20260805,30,gaussian_noise,0.6227414504099174,0.5046345141407965,-0.21029699240180708,0.005443671581176673,-0.2157406639829835,0.005443671581176673,0.2157406639829835,perimeter,-2.498001805406602e-16
153701622-153701650-001,baseline,20260805,10,gaussian_noise,0.7899686985835724,0.7915350233423984,0.0019808050392103537,0.003958311013399564,-0.0019775059741890103,0.003958311013399564,0.0019775059741890103,area,-2.0036056147532122e-16
153701622-153701650-001,baseline,20260805,20,gaussian_noise,0.7899686985835724,0.7075929675906761,-0.11012429879018246,0.016260520871780326,-0.1263848196619627,0.016260520871780326,0.1263848196619627,perimeter,-9.71445146547012e-17
153701622-153701650-001,baseline,20260805,30,gaussian_noise,0.7899686985835724,0.6511008222808067,-0.19332881947780114,0.04624354840351389,-0.23957236788131508,0.04624354840351389,0.23957236788131508,perimeter,5.551115123125783e-17
153701949-153701958-001,baseline,20260805,10,gaussian_noise,0.6490991512145697,0.6553136679237075,0.009528522929717112,-0.001046572570671027,0.01057509550038807,0.001046572570671027,0.01057509550038807,perimeter,6.938893903907228e-17
153701949-153701958-001,baseline,20260805,20,gaussian_noise,0.6490991512145697,0.5665457751495587,-0.13602759975920975,-0.01865266114572017,-0.11737493861348958,0.01865266114572017,0.11737493861348958,perimeter,0.0
153701949-153701958-001,baseline,20260805,30,gaussian_noise,0.6490991512145697,0.648719913273878,-0.0005844234560312889,0.000871307888180587,-0.001455731344211828,0.000871307888180587,0.001455731344211828,perimeter,-4.8030156241107846e-17
153702037-153702051-003,baseline,20260805,10,gaussian_noise,0.6457652815877272,0.6259321485122853,-0.031194120295147277,0.0022645791900959317,-0.03345869948524296,0.0022645791900959317,0.03345869948524296,perimeter,-2.498001805406602e-16
153702037-153702051-003,baseline,20260805,20,gaussian_noise,0.6457652815877272,0.6144933249085857,-0.049638030254228194,0.024632706550672703,-0.07427073680490096,0.024632706550672703,0.07427073680490096,perimeter,5.551115123125783e-17
153702037-153702051-003,baseline,20260805,30,gaussian_noise,0.6457652815877272,0.5076715880159339,-0.2406013383263251,-0.007585850904025967,-0.23301548742229888,0.007585850904025967,0.23301548742229888,perimeter,-2.498001805406602e-16
153826963-153826970-001,baseline,20260805,10,gaussian_noise,0.6788870798060951,0.6339357364723771,-0.06850722278700125,-0.020017075239763413,-0.048490147547237364,0.020017075239763413,0.048490147547237364,perimeter,-4.718447854656915e-16
153826963-153826970-001,baseline,20260805,20,gaussian_noise,0.6788870798060951,0.28584534326625316,-0.8650039033084849,-0.40546510810816444,-0.4595387952003205,0.40546510810816444,0.4595387952003205,perimeter,0.0
153826963-153826970-001,baseline,20260805,30,gaussian_noise,0.6788870798060951,0.0975667103312972,-1.9399184574898114,-0.7835312420282143,-1.156387215461597,0.7835312420282143,1.156387215461597,perimeter,0.0
153826963-153826982-003,baseline,20260805,10,gaussian_noise,0.7871243558928414,0.7535766820651261,-0.04355546777956712,0.001000000083333275,-0.044555467862900267,0.001000000083333275,0.044555467862900267,perimeter,-1.249000902703301e-16
153826963-153826982-003,baseline,20260805,20,gaussian_noise,0.7871243558928414,0.5923597218252789,-0.2842721599400206,-0.02362181707872745,-0.2606503428612934,0.02362181707872745,0.2606503428612934,perimeter,2.7755575615628914e-16
153826963-153826982-003,baseline,20260805,30,gaussian_noise,0.7871243558928414,0.20522144112752314,-1.344296651741473,-0.5164553590998452,-0.8278412926416279,0.5164553590998452,0.8278412926416279,perimeter,2.220446049250313e-16
153827595-153827657-002,baseline,20260805,10,gaussian_noise,0.7550657158656195,0.7380757529276986,-0.02275832076660096,0.0013348166609271615,-0.024093137427527955,0.0013348166609271615,0.024093137427527955,perimeter,-1.6653345369377348e-16
153827595-153827657-002,baseline,20260805,20,gaussian_noise,0.7550657158656195,0.6978508584277812,-0.07879937628532854,-0.028450778748444597,-0.050348597536884185,0.028450778748444597,0.050348597536884185,perimeter,2.3592239273284576e-16
153827595-153827657-002,baseline,20260805,30,gaussian_noise,0.7550657158656195,0.6153906385133179,-0.20454753560612257,-0.04089620326950077,-0.1636513323366216,0.04089620326950077,0.1636513323366216,perimeter,-1.942890293094024e-16
153828877-153828902-002,baseline,20260805,10,gaussian_noise,0.7295438822385103,0.7020795130041146,-0.038372856011149134,0.003713532119019589,-0.04208638813016871,0.003713532119019589,0.04208638813016871,perimeter,-1.3877787807814457e-17
153828877-153828902-002,baseline,20260805,20,gaussian_noise,0.7295438822385103,0.6630561351889502,-0.09555986494878912,-0.018506629834251966,-0.0770532351145372,0.018506629834251966,0.0770532351145372,perimeter,4.163336342344337e-17
153828877-153828902-002,baseline,20260805,30,gaussian_noise,0.7295438822385103,0.63647707244073,-0.1364711239646158,0.003713532119019589,-0.14018465608363526,0.003713532119019589,0.14018465608363526,perimeter,-1.3877787807814457e-16
153828952-153828970-001,baseline,20260805,10,gaussian_noise,0.8596035318802154,0.8605659655879995,0.001118998807532925,0.008846260140856259,-0.0077272613333234695,0.008846260140856259,0.0077272613333234695,area,1.3574211199518516e-16
153828952-153828970-001,baseline,20260805,20,gaussian_noise,0.8596035318802154,0.8082482795347788,-0.061601985535172515,0.002028912691941293,-0.06363089822711375,0.002028912691941293,0.06363089822711375,perimeter,-5.551115123125783e-17
153828952-153828970-001,baseline,20260805,30,gaussian_noise,0.8596035318802154,0.7044432047281602,-0.19906356326453117,-0.027018239365316124,-0.1720453238992152,0.027018239365316124,0.1720453238992152,perimeter,1.6653345369377348e-16
153828952-153829005-001,baseline,20260805,10,gaussian_noise,0.53275205582293,0.5342133513320473,0.0027391636373495483,-0.001816059650765458,0.004555223288114836,0.001816059650765458,0.004555223288114836,perimeter,1.700029006457271e-16
153828952-153829005-001,baseline,20260805,20,gaussian_noise,0.53275205582293,0.48990713401946945,-0.08384027912614919,-0.01330743708317705,-0.07053284204297212,0.01330743708317705,0.07053284204297212,perimeter,-1.3877787807814457e-17
153828952-153829005-001,baseline,20260805,30,gaussian_noise,0.53275205582293,0.4563173007509637,-0.15486772734627832,-0.08123142151721917,-0.07363630582905914,0.08123142151721917,0.07363630582905914,area,-2.7755575615628914e-17
153828952-153829005-002,baseline,20260805,10,gaussian_noise,0.7090466072948047,0.7060526392164792,-0.004231466525096824,-0.009063506153346964,0.004832039628250094,0.009063506153346964,0.004832039628250094,area,4.597017211338539e-17
153828952-153829005-002,baseline,20260805,20,gaussian_noise,0.7090466072948047,0.6340660073376647,-0.11176819949773864,-0.020663147813720983,-0.09110505168401753,0.020663147813720983,0.09110505168401753,perimeter,-1.249000902703301e-16
153828952-153829005-002,baseline,20260805,30,gaussian_noise,0.7090466072948047,0.4614001293239494,-0.42965563501001797,-0.09521995831049646,-0.33443567669952173,0.09521995831049646,0.33443567669952173,perimeter,2.220446049250313e-16
153829664-153829672-001,baseline,20260805,10,gaussian_noise,0.6752696004865913,0.6756530527665746,0.0005676894814930351,-0.0028503582243564747,0.003418047705849651,0.0028503582243564747,0.003418047705849651,perimeter,-1.4105470264036413e-16
153829664-153829672-001,baseline,20260805,20,gaussian_noise,0.6752696004865913,0.6800746498259171,0.007090552042003119,0.007090552042003119,-0.0,0.007090552042003119,0.0,area,0.0
153829664-153829672-001,baseline,20260805,30,gaussian_noise,0.6752696004865913,0.5997903606161834,-0.11853182406954356,-0.04181737695121219,-0.0767144471183316,0.04181737695121219,0.0767144471183316,perimeter,2.3592239273284576e-16
153829745-153829768-001,baseline,20260805,10,gaussian_noise,0.6952034017940871,0.6931343440506522,-0.002980628138138012,-0.0029806281381377893,-0.0,0.0029806281381377893,0.0,area,-2.224782857940255e-16
153829745-153829768-001,baseline,20260805,20,gaussian_noise,0.6952034017940871,0.688328352162771,-0.00993848706539287,-0.05742105336870716,0.047482566303314294,0.05742105336870716,0.047482566303314294,area,-1.734723475976807e-18
153829745-153829768-001,baseline,20260805,30,gaussian_noise,0.6952034017940871,0.6526945525554962,-0.06309520760827214,-0.14809267774334314,0.08499747013507103,0.14809267774334314,0.08499747013507103,area,-2.7755575615628914e-17
153829745-153829768-003,baseline,20260805,10,gaussian_noise,0.7720337578963968,0.7399824067131846,-0.042401865710135656,-0.011691481576802491,-0.030710384133333345,0.011691481576802491,0.030710384133333345,perimeter,1.8041124150158794e-16
153829745-153829768-003,baseline,20260805,20,gaussian_noise,0.7720337578963968,0.6922067102132468,-0.10914365172135157,-0.05699888967739707,-0.052144762043954546,0.05699888967739707,0.052144762043954546,area,5.551115123125783e-17
153829745-153829768-003,baseline,20260805,30,gaussian_noise,0.7720337578963968,0.5468749453365461,-0.34480811975797143,-0.10682527552681552,-0.23798284423115587,0.10682527552681552,0.23798284423115587,perimeter,-5.551115123125783e-17
153830680-153830827-002,baseline,20260805,10,gaussian_noise,0.809614175065927,0.7915923683189438,-0.02251123425569987,-0.0065083210533751525,-0.016002913202324862,0.0065083210533751525,0.016002913202324862,perimeter,1.457167719820518e-16
153830680-153830827-002,baseline,20260805,20,gaussian_noise,0.809614175065927,0.7810856122639027,-0.03587304449981111,-0.017670616858913066,-0.018202427640897925,0.017670616858913066,0.018202427640897925,perimeter,-1.1796119636642288e-16
153830680-153830827-002,baseline,20260805,30,gaussian_noise,0.809614175065927,0.7614984987297625,-0.06126960623885584,-0.03029536925620239,-0.03097423698265371,0.03029536925620239,0.03097423698265371,perimeter,2.636779683484747e-16
153831352-153831372-004,baseline,20260805,10,gaussian_noise,0.4378950307867106,0.5385644214517542,0.20692789481875326,-0.010479963539219511,0.21740785835797283,0.010479963539219511,0.21740785835797283,perimeter,-5.551115123125783e-17
153831352-153831372-004,baseline,20260805,20,gaussian_noise,0.4378950307867106,0.4404778758530504,0.00588099312039015,0.004379968677477722,0.0015010244429124288,0.004379968677477722,0.0015010244429124288,area,-8.673617379884035e-19
153831352-153831372-004,baseline,20260805,30,gaussian_noise,0.4378950307867106,0.2924970539477668,-0.4035246312685753,0.02144199395419919,-0.42496662522277456,0.02144199395419919,0.42496662522277456,perimeter,5.551115123125783e-17
153915432-153915441-002,baseline,20260805,10,gaussian_noise,0.6171327865617271,0.6334433296644693,0.02608632584522889,-0.0456603920970442,0.07174671794227325,0.0456603920970442,0.07174671794227325,perimeter,-1.5612511283791264e-16
153915432-153915441-002,baseline,20260805,20,gaussian_noise,0.6171327865617271,0.6602484911286106,0.0675320518930776,-0.1129572372745023,0.18048928916758,0.1129572372745023,0.18048928916758,perimeter,-1.1102230246251565e-16
153915432-153915441-002,baseline,20260805,30,gaussian_noise,0.6171327865617271,0.6130998414456182,-0.006556417820780713,-0.1175895559227819,0.1110331381020013,0.1175895559227819,0.1110331381020013,area,-1.0755285551056204e-16
153915432-153915472-001,baseline,20260805,10,gaussian_noise,0.5140905611636374,0.516010710735234,0.0037280835349456335,-0.026772102722914137,0.03050018625785997,0.026772102722914137,0.03050018625785997,perimeter,-2.0079424234431542e-16
153915432-153915472-001,baseline,20260805,20,gaussian_noise,0.5140905611636374,0.5773178676582953,0.11599357300471294,-0.08963467335236215,0.20562824635707522,0.08963467335236215,0.20562824635707522,perimeter,-1.249000902703301e-16
153915432-153915472-001,baseline,20260805,30,gaussian_noise,0.5140905611636374,0.6557080390133555,0.24331618842473263,-0.15643474645708183,0.39975093488181473,0.15643474645708183,0.39975093488181473,perimeter,-2.7755575615628914e-16
153915726-153915736-001,baseline,20260805,10,gaussian_noise,0.5207495671835378,0.6235246626072773,0.18011907044155562,-0.1065357420241401,0.28665481246569574,0.1065357420241401,0.28665481246569574,perimeter,-2.7755575615628914e-17
153915726-153915736-001,baseline,20260805,20,gaussian_noise,0.5207495671835378,0.5663664816810003,0.08397211380519481,-0.06959710111258562,0.1535692149177806,0.06959710111258562,0.1535692149177806,perimeter,-1.8041124150158794e-16
153915726-153915736-001,baseline,20260805,30,gaussian_noise,0.5207495671835378,0.3326558421921598,-0.4481608003867018,-0.2608432231061297,-0.18731757728057236,0.2608432231061297,0.18731757728057236,area,2.220446049250313e-16
153916114-153916129-002,baseline,20260805,10,gaussian_noise,0.39516399083584136,0.4150705236874377,0.04914759697304531,-0.0041938037407884725,0.053341400713833864,0.0041938037407884725,0.053341400713833864,perimeter,-7.632783294297951e-17
153916114-153916129-002,baseline,20260805,20,gaussian_noise,0.39516399083584136,0.37152762569113773,-0.061677621462981745,-0.04252130831471358,-0.019156313148268368,0.04252130831471358,0.019156313148268368,area,2.0122792321330962e-16
153916114-153916129-002,baseline,20260805,30,gaussian_noise,0.39516399083584136,0.4268147803412504,0.07704930401441455,-0.03109522422430231,0.10814452823871674,0.03109522422430231,0.10814452823871674,perimeter,1.249000902703301e-16
153916114-153916150-001,baseline,20260805,10,gaussian_noise,0.7044002158642486,0.6679085156764928,-0.053195471495552996,-0.00941449243122509,-0.04378097906432804,0.00941449243122509,0.04378097906432804,perimeter,1.3877787807814457e-16
153916114-153916150-001,baseline,20260805,20,gaussian_noise,0.7044002158642486,0.6266675979390821,-0.11693042984545284,-0.012825524732287957,-0.10410490511316499,0.012825524732287957,0.10410490511316499,perimeter,1.1102230246251565e-16
153916114-153916150-001,baseline,20260805,30,gaussian_noise,0.7044002158642486,0.5481808072482078,-0.2507415103095752,-0.043668370443029715,-0.20707313986654569,0.043668370443029715,0.20707313986654569,perimeter,2.220446049250313e-16
153916114-153916167-001,baseline,20260805,10,gaussian_noise,0.751652789859217,0.7187635202539127,-0.044742098990929915,-0.035127578626698616,-0.009614520364231261,0.035127578626698616,0.009614520364231261,area,-4.163336342344337e-17
153916114-153916167-001,baseline,20260805,20,gaussian_noise,0.751652789859217,0.6427193743474879,-0.15656630454803291,-0.04605279742743928,-0.11051350712059352,0.04605279742743928,0.11051350712059352,perimeter,-1.1102230246251565e-16
153916114-153916167-001,baseline,20260805,30,gaussian_noise,0.751652789859217,0.5593289686447379,-0.2955367067615381,-0.09768185633529623,-0.19785485042624193,0.09768185633529623,0.19785485042624193,perimeter,5.551115123125783e-17
153916569-153916586-001,baseline,20260805,10,gaussian_noise,0.6246950594071724,0.7464191609559954,0.17802369464301626,-0.04327598348182184,0.2212996781248381,0.04327598348182184,0.2212996781248381,perimeter,0.0
153916569-153916586-001,baseline,20260805,20,gaussian_noise,0.6246950594071724,0.6659555399768474,0.06395928579700665,-0.08235911396244094,0.14631839975944766,0.08235911396244094,0.14631839975944766,perimeter,-6.938893903907228e-17
153916569-153916586-001,baseline,20260805,30,gaussian_noise,0.6246950594071724,0.262513554655227,-0.8669609082431654,-0.36037927550248494,-0.5065816327406802,0.36037927550248494,0.5065816327406802,perimeter,-2.220446049250313e-16
153956040-153956058-001,baseline,20260805,10,gaussian_noise,0.8289971582745947,0.8111718028811146,-0.021736854763032023,-0.003315181819125404,-0.018421672943906547,0.003315181819125404,0.018421672943906547,perimeter,-7.28583859910259e-17
153956040-153956058-001,baseline,20260805,20,gaussian_noise,0.8289971582745947,0.7675798738709929,-0.07697418299723215,-0.014765688607120828,-0.062208494390111405,0.014765688607120828,0.062208494390111405,perimeter,8.326672684688674e-17
153956040-153956058-001,baseline,20260805,30,gaussian_noise,0.8289971582745947,0.6143767163711807,-0.2996084426497873,-0.052413742684040164,-0.24719469996574697,0.052413742684040164,0.24719469996574697,perimeter,-1.6653345369377348e-16
153956040-153956058-003,baseline,20260805,10,gaussian_noise,0.9507397917920858,0.9355519906948505,-0.016103690273583056,0.013521126875925873,-0.029624817149509066,0.013521126875925873,0.029624817149509066,perimeter,1.3877787807814457e-16
153956040-153956058-003,baseline,20260805,20,gaussian_noise,0.9507397917920858,0.8639987726852462,-0.09566906144543591,0.01786738507583694,-0.11353644652127261,0.01786738507583694,0.11353644652127261,perimeter,-2.498001805406602e-16
153956040-153956058-003,baseline,20260805,30,gaussian_noise,0.9507397917920858,0.3076618607656497,-1.1282390845125656,0.05022576377872366,-1.1784648482912894,0.05022576377872366,1.1784648482912894,perimeter,2.220446049250313e-16
153956040-153956072-003,baseline,20260805,10,gaussian_noise,0.7083706529275098,0.65605548155207,-0.07672211688394734,0.06726426258633361,-0.1439863794702811,0.06726426258633361,0.1439863794702811,perimeter,1.3877787807814457e-16
153956040-153956072-003,baseline,20260805,20,gaussian_noise,0.7083706529275098,0.6358845724674801,-0.1079504207505759,0.09725969472381012,-0.2052101154743858,0.09725969472381012,0.2052101154743858,perimeter,-2.0816681711721685e-16
153956040-153956072-003,baseline,20260805,30,gaussian_noise,0.7083706529275098,0.4671633017818679,-0.4162885986278198,0.14959341477283383,-0.5658820134006534,0.14959341477283383,0.5658820134006534,perimeter,-2.7755575615628914e-16
153956444-153956458-004,baseline,20260805,10,gaussian_noise,0.8459033798080866,0.8180945792288558,-0.03342719237114861,-0.006146987782424602,-0.027280204588724027,0.006146987782424602,0.027280204588724027,perimeter,1.3877787807814457e-17
153956444-153956458-004,baseline,20260805,20,gaussian_noise,0.8459033798080866,0.833128614119446,-0.015217115867883603,-0.025389234004819464,0.010172118136935906,0.025389234004819464,0.010172118136935906,area,-4.5102810375396984e-17
153956444-153956458-004,baseline,20260805,30,gaussian_noise,0.8459033798080866,0.7233404189539712,-0.15652519121197245,-0.021397212735282025,-0.1351279784766904,0.021397212735282025,0.1351279784766904,perimeter,-2.7755575615628914e-17
153958154-153958211-001,baseline,20260805,10,gaussian_noise,0.613640913757442,0.612326557021521,-0.0021441959445419063,0.004175371410480592,-0.0063195673550228695,0.004175371410480592,0.0063195673550228695,perimeter,3.712308238590367e-16
153958154-153958211-001,baseline,20260805,20,gaussian_noise,0.613640913757442,0.6009715287636126,-0.02086236574524491,-0.04899939107677543,0.02813702533153037,0.04899939107677543,0.02813702533153037,area,1.491862189340054e-16
153958154-153958211-001,baseline,20260805,30,gaussian_noise,0.613640913757442,0.5598856376418829,-0.09167738167572098,-0.02175312361568908,-0.06992425806003218,0.02175312361568908,0.06992425806003218,perimeter,2.7755575615628914e-16
153958547-153958572-002,baseline,20260805,10,gaussian_noise,0.7452684670672989,0.6893736403627581,-0.07796109421504839,-0.013556466083607964,-0.0644046281314407,0.013556466083607964,0.0644046281314407,perimeter,2.636779683484747e-16
153958547-153958572-002,baseline,20260805,20,gaussian_noise,0.7452684670672989,0.5609221983830772,-0.28416229984955654,-0.009923401233726887,-0.27423889861582956,0.009923401233726887,0.27423889861582956,perimeter,-1.1102230246251565e-16
153958547-153958572-002,baseline,20260805,30,gaussian_noise,0.7452684670672989,0.35240512867646423,-0.7489630644240614,-0.06585596548645689,-0.6831070989376045,0.06585596548645689,0.6831070989376045,perimeter,0.0
153958547-153958572-006,baseline,20260805,10,gaussian_noise,0.7892515245155018,0.6719883551974126,-0.16084404723876203,-0.04169042705420909,-0.11915362018455279,0.04169042705420909,0.11915362018455279,perimeter,-1.3877787807814457e-16
153958547-153958572-006,baseline,20260805,20,gaussian_noise,0.7892515245155018,0.5037044082110842,-0.44909545466329664,-0.09798040836020379,-0.3511150463030931,0.09798040836020379,0.3511150463030931,perimeter,2.220446049250313e-16
153958547-153958572-006,baseline,20260805,30,gaussian_noise,0.7892515245155018,0.5099355643191166,-0.4368006857725754,-0.14695441295666337,-0.28984627281591224,0.14695441295666337,0.28984627281591224,perimeter,1.6653345369377348e-16
153958547-153958572-008,baseline,20260805,10,gaussian_noise,0.6435693174330734,0.5995188362362723,-0.07090234674922591,-0.006331997637507187,-0.06457034911171868,0.006331997637507187,0.06457034911171868,perimeter,-4.163336342344337e-17
153958547-153958572-008,baseline,20260805,20,gaussian_noise,0.6435693174330734,0.5256675789179857,-0.20236070692230146,-0.09153013750295613,-0.11083056941934533,0.09153013750295613,0.11083056941934533,perimeter,0.0
153958547-153958572-008,baseline,20260805,30,gaussian_noise,0.6435693174330734,0.4981404518278064,-0.25614767158966933,-0.1421995366846606,-0.11394813490500898,0.1421995366846606,0.11394813490500898,area,2.220446049250313e-16
153958547-153958572-009,baseline,20260805,10,gaussian_noise,0.8083383060722225,0.8056609352951544,-0.0033176883412041175,-0.00834033191621895,0.005022643575014696,0.00834033191621895,0.005022643575014696,area,1.3747683547116196e-16
153958547-153958572-009,baseline,20260805,20,gaussian_noise,0.8083383060722225,0.7091612625095766,-0.13089771520912166,-0.00583092031079321,-0.12506679489832856,0.00583092031079321,0.12506679489832856,perimeter,1.1102230246251565e-16
153958547-153958572-009,baseline,20260805,30,gaussian_noise,0.8083383060722225,0.7616743572392706,-0.05946155488539031,-0.015063046311095628,-0.044398508574294844,0.015063046311095628,0.044398508574294844,perimeter,1.5959455978986625e-16
153958547-153958590-002,baseline,20260805,10,gaussian_noise,0.3417143762803959,0.8746290060284498,0.939824572287,0.12632155605777293,0.8135030162292273,0.12632155605777293,0.8135030162292273,perimeter,-2.220446049250313e-16
153958547-153958590-002,baseline,20260805,20,gaussian_noise,0.3417143762803959,0.307743844989765,-0.10470746621847533,0.2576798221479821,-0.36238728836645756,0.2576798221479821,0.36238728836645756,perimeter,1.5265566588595902e-16
153958547-153958590-002,baseline,20260805,30,gaussian_noise,0.3417143762803959,0.7931575764629398,0.8420466801299135,-0.29372106966854905,1.1357677497984624,0.29372106966854905,1.1357677497984624,perimeter,1.1102230246251565e-16
154519964-154519981-001,baseline,20260805,10,gaussian_noise,0.5550168227548451,0.5353631109987683,-0.03605319573473753,-0.0014191948452621562,-0.03463400088947551,0.0014191948452621562,0.03463400088947551,perimeter,1.3877787807814457e-16
154519964-154519981-001,baseline,20260805,20,gaussian_noise,0.5550168227548451,0.5592096471243331,0.007526017866700249,-0.052030650858127,0.05955666872482725,0.052030650858127,0.05955666872482725,perimeter,0.0
154519964-154519981-001,baseline,20260805,30,gaussian_noise,0.5550168227548451,0.5638318314122204,0.015757611224194976,-0.06841057087680442,0.08416818210099926,0.06841057087680442,0.08416818210099926,perimeter,1.4224732503009818e-16
157181481-157181497-004,baseline,20260805,10,gaussian_noise,0.8394541974457355,0.7655739748185274,-0.0921260693258556,-0.008554372096658632,-0.08357169722919694,0.008554372096658632,0.08357169722919694,perimeter,-2.7755575615628914e-17
157181481-157181497-004,baseline,20260805,20,gaussian_noise,0.8394541974457355,0.6359417182905831,-0.27764499446985275,-0.052459579900812466,-0.22518541456904043,0.052459579900812466,0.22518541456904043,perimeter,1.6653345369377348e-16
157181481-157181497-004,baseline,20260805,30,gaussian_noise,0.8394541974457355,0.5384117185224244,-0.4441283721517255,-0.09462898086790156,-0.34949939128382373,0.09462898086790156,0.34949939128382373,perimeter,-2.220446049250313e-16
157181671-157181697-001,baseline,20260805,10,gaussian_noise,0.6111106323509476,0.6321565342303809,0.03385903376500523,0.033859033765005014,-0.0,0.033859033765005014,0.0,area,2.1510571102112408e-16
157181671-157181697-001,baseline,20260805,20,gaussian_noise,0.6111106323509476,0.5729022837934605,-0.0645628426780836,0.01895192541586691,-0.08351476809395036,0.01895192541586691,0.08351476809395036,perimeter,-1.3877787807814457e-16
157181671-157181697-001,baseline,20260805,30,gaussian_noise,0.6111106323509476,0.5924031640136738,-0.031090587070031005,-0.03109058707003112,-0.0,0.03109058707003112,0.0,area,1.1449174941446927e-16
157183193-157183279-001,baseline,20260805,10,gaussian_noise,0.7436587861578225,0.7407329241439443,-0.003942174808366062,-0.015915455305899568,0.011973280497533436,0.015915455305899568,0.011973280497533436,area,7.025630077706069e-17
157183193-157183279-001,baseline,20260805,20,gaussian_noise,0.7436587861578225,0.7632287542146073,0.025975486403260736,0.025975486403260736,-0.0,0.025975486403260736,0.0,area,0.0
157183193-157183279-001,baseline,20260805,30,gaussian_noise,0.7436587861578225,0.7488774443062985,0.006993035490970604,0.006993035490970604,-0.0,0.006993035490970604,0.0,area,0.0
157183828-157183877-001,baseline,20260805,10,gaussian_noise,0.712410179012211,0.7189506679438203,0.009138903676202348,0.009138903676202348,-0.0,0.009138903676202348,0.0,area,0.0
157183828-157183877-001,baseline,20260805,20,gaussian_noise,0.712410179012211,0.7295160731410353,0.02372756116095488,0.023727561160955098,-0.0,0.023727561160955098,0.0,area,-2.185751579730777e-16
157183828-157183877-001,baseline,20260805,30,gaussian_noise,0.712410179012211,0.7189506679438203,0.009138903676202348,0.009138903676202348,-0.0,0.009138903676202348,0.0,area,0.0
157183964-157183980-001,baseline,20260805,10,gaussian_noise,0.7256544523908495,0.6800586062649748,-0.06489496048514273,-0.007393749024938265,-0.0575012114602046,0.007393749024938265,0.0575012114602046,perimeter,1.3877787807814457e-16
157183964-157183980-001,baseline,20260805,20,gaussian_noise,0.7256544523908495,0.7047428891941346,-0.029240900509397035,-0.04135927818056853,0.012118377671171384,0.04135927818056853,0.012118377671171384,area,1.1449174941446927e-16
157183964-157183980-001,baseline,20260805,30,gaussian_noise,0.7256544523908495,0.7052926918406697,-0.028461058239040625,0.02904015322116365,-0.0575012114602046,0.02904015322116365,0.0575012114602046,perimeter,3.2612801348363973e-16
157184013-157184031-001,baseline,20260805,10,gaussian_noise,1.3803350802718881,1.4497767392336023,0.04908329014876477,0.03711000965123117,0.011973280497533436,0.03711000965123117,0.011973280497533436,area,1.6653345369377348e-16
157184013-157184031-001,baseline,20260805,20,gaussian_noise,1.3803350802718881,1.2348153112507274,-0.11140486813540385,-0.13542354077656052,0.024018672641156535,0.13542354077656052,0.024018672641156535,area,1.3877787807814457e-16
157184013-157184031-001,baseline,20260805,30,gaussian_noise,1.3803350802718881,1.2418384874618476,-0.10573334873252073,-0.249965082508773,0.1442317337762522,0.249965082508773,0.1442317337762522,area,6.938893903907228e-17
157184850-157184920-002,baseline,20260805,10,gaussian_noise,0.732336565358831,0.7227969294653381,-0.013111886434422718,-0.017124717270974317,0.00401283083655168,0.017124717270974317,0.00401283083655168,area,-8.153200337090993e-17
157184850-157184920-002,baseline,20260805,20,gaussian_noise,0.732336565358831,0.583629605203886,-0.22697365308257209,-0.06344622173896224,-0.16352743134361003,0.06344622173896224,0.16352743134361003,perimeter,1.942890293094024e-16
157184850-157184920-002,baseline,20260805,30,gaussian_noise,0.732336565358831,0.4710543000073761,-0.44126682302114184,-0.0728477325414341,-0.3684190904797077,0.0728477325414341,0.3684190904797077,perimeter,0.0
157184850-157184942-001,baseline,20260805,10,gaussian_noise,0.5278527781500456,0.5373097275539209,0.01775728651731165,0.005319161477600027,0.012438125039711688,0.005319161477600027,0.012438125039711688,perimeter,-6.591949208711867e-17
157184850-157184942-001,baseline,20260805,20,gaussian_noise,0.5278527781500456,0.49905605822615967,-0.0560989849885638,0.06703540133615829,-0.12313438632472225,0.06703540133615829,0.12313438632472225,perimeter,1.5959455978986625e-16
157184850-157184942-001,baseline,20260805,30,gaussian_noise,0.5278527781500456,0.568562244259489,0.07429338021536909,0.09893994785490365,-0.024646567639534607,0.09893994785490365,0.024646567639534607,area,4.163336342344337e-17
157185208-157185238-001,baseline,20260805,10,gaussian_noise,0.6967376813480097,0.6967376813480097,0.0,0.0,-0.0,0.0,0.0,area,0.0
157185208-157185238-001,baseline,20260805,20,gaussian_noise,0.6967376813480097,0.6934763585898304,-0.004691836864254917,0.005805531545320496,-0.01049736840957516,0.005805531545320496,0.01049736840957516,perimeter,-2.5326962749261384e-16
157185208-157185238-001,baseline,20260805,30,gaussian_noise,0.6967376813480097,0.7129644686865368,0.023022599588315547,0.023022599588315547,-0.0,0.023022599588315547,0.0,area,0.0
157185433-157185479-002,baseline,20260805,10,gaussian_noise,0.9181064633130923,0.783949433554362,-0.1579688367511473,0.010200166899562949,-0.16816900365071014,0.010200166899562949,0.16816900365071014,perimeter,-1.1102230246251565e-16
157185433-157185479-002,baseline,20260805,20,gaussian_noise,0.9181064633130923,0.6373304723661862,-0.36502504103610073,0.0031496089028962013,-0.36817464993899673,0.0031496089028962013,0.36817464993899673,perimeter,-2.220446049250313e-16
157185433-157185479-002,baseline,20260805,30,gaussian_noise,0.9181064633130923,0.4658561922410526,-0.6784363708464001,-0.1791719478910584,-0.49926442295534157,0.1791719478910584,0.49926442295534157,perimeter,-1.1102230246251565e-16
157185433-157185479-003,baseline,20260805,10,gaussian_noise,0.8512399608147251,0.7916957562635781,-0.07251689205174733,0.022839491969822736,-0.09535638402156993,0.022839491969822736,0.09535638402156993,perimeter,-1.3877787807814457e-16
157185433-157185479-003,baseline,20260805,20,gaussian_noise,0.8512399608147251,0.7525136687561751,-0.12327490301320837,0.01420012937911491,-0.13747503239232348,0.01420012937911491,0.13747503239232348,perimeter,1.942890293094024e-16
157185433-157185479-003,baseline,20260805,30,gaussian_noise,0.8512399608147251,0.6630672120560103,-0.24981770323351116,0.00219780308247944,-0.2520155063159907,0.00219780308247944,0.2520155063159907,perimeter,8.326672684688674e-17
157185433-157185479-004,baseline,20260805,10,gaussian_noise,0.8867028856026183,0.8796811093872595,-0.007950494595349291,-0.05626261183371141,0.04831211723836217,0.05626261183371141,0.04831211723836217,area,-5.377642775528102e-17
157185433-157185479-004,baseline,20260805,20,gaussian_noise,0.8867028856026183,0.8395270174382842,-0.05467130192420763,-0.06287785095243063,0.008206549028222902,0.06287785095243063,0.008206549028222902,area,9.71445146547012e-17
157185433-157185479-004,baseline,20260805,30,gaussian_noise,0.8867028856026183,0.6207588027527774,-0.3565673555755218,-0.06287785095243063,-0.293689504623091,0.06287785095243063,0.293689504623091,perimeter,-1.6653345369377348e-16
157185433-157185479-006,baseline,20260805,10,gaussian_noise,1.0612825819987195,0.9901207570043091,-0.06940652622217788,-0.049126242142684344,-0.02028028407949337,0.049126242142684344,0.02028028407949337,area,-1.6653345369377348e-16
157185433-157185479-006,baseline,20260805,20,gaussian_noise,1.0612825819987195,0.7616517215661038,-0.3317440457928229,-0.12283610350777467,-0.20890794228504822,0.12283610350777467,0.20890794228504822,perimeter,0.0
157185433-157185479-006,baseline,20260805,30,gaussian_noise,1.0612825819987195,0.6302736936005434,-0.521079279351379,-0.657067596307525,0.13598831695614616,0.657067596307525,0.13598831695614616,area,-2.220446049250313e-16
157185433-157185508-001,baseline,20260805,10,gaussian_noise,0.8227174452173972,0.759100209922448,-0.08047902122071639,0.016238516492908018,-0.09671753771362446,0.016238516492908018,0.09671753771362446,perimeter,5.551115123125783e-17
157185433-157185508-001,baseline,20260805,20,gaussian_noise,0.8227174452173972,0.6302358235871337,-0.2665187462863058,0.020257276087825855,-0.2867760223741318,0.020257276087825855,0.2867760223741318,perimeter,1.6653345369377348e-16
157185433-157185508-001,baseline,20260805,30,gaussian_noise,0.8227174452173972,0.5237923849331515,-0.45151742493592106,0.07298670451644151,-0.5245041294523627,0.07298670451644151,0.5245041294523627,perimeter,1.1102230246251565e-16
157185730-157185758-001,baseline,20260805,10,gaussian_noise,0.6176309439337605,0.637803772852226,0.03213956899918944,-0.06338209170655452,0.09552166070574404,0.06338209170655452,0.09552166070574404,perimeter,-7.632783294297951e-17
157185730-157185758-001,baseline,20260805,20,gaussian_noise,0.6176309439337605,0.44127967303634263,-0.33621224731420296,-0.38139139812553835,0.045179150811335195,0.38139139812553835,0.045179150811335195,area,2.220446049250313e-16
157185730-157185758-001,baseline,20260805,30,gaussian_noise,0.6176309439337605,0.26626906168298853,-0.8413837933386074,-0.21723646645593905,-0.6241473268826683,0.21723646645593905,0.6241473268826683,perimeter,0.0
157185781-157185793-003,baseline,20260805,10,gaussian_noise,0.8791911604941955,0.8532869689736307,-0.029906434910511637,-0.03581700924805202,0.005910574337540241,0.03581700924805202,0.005910574337540241,area,1.4224732503009818e-16
157185781-157185793-003,baseline,20260805,20,gaussian_noise,0.8791911604941955,0.7569979277182953,-0.1496418330645224,-0.1107350259985183,-0.03890680706600427,0.1107350259985183,0.03890680706600427,area,1.6653345369377348e-16
157185781-157185793-003,baseline,20260805,30,gaussian_noise,0.8791911604941955,0.519868322399628,-0.5254267956521246,-0.4076437582073865,-0.11778303744473827,0.4076437582073865,0.11778303744473827,area,2.220446049250313e-16
157222534-157222607-001,baseline,20260805,10,gaussian_noise,0.7806959605743472,0.8317130399488806,0.06330169841512816,-0.010666767804195192,0.07396846621932342,0.010666767804195192,0.07396846621932342,perimeter,-6.938893903907228e-17
157222534-157222607-001,baseline,20260805,20,gaussian_noise,0.7806959605743472,0.7462309949279065,-0.04515058205623229,0.026179505581771078,-0.07133008763800334,0.026179505581771078,0.07133008763800334,perimeter,-2.7755575615628914e-17
157222534-157222607-001,baseline,20260805,30,gaussian_noise,0.7806959605743472,0.7655134495772062,-0.019638994398823825,0.05169109323917972,-0.07133008763800334,0.05169109323917972,0.07133008763800334,perimeter,-1.97758476261356e-16
157222647-157222687-001,baseline,20260805,10,gaussian_noise,0.7233851971681277,0.7312623499503578,0.010830430774369591,0.010830430774369591,-0.0,0.010830430774369591,0.0,area,0.0
157222647-157222687-001,baseline,20260805,20,gaussian_noise,0.7233851971681277,0.6850997503650871,-0.054377407818633205,0.0018132371241807218,-0.05619064494281426,0.0018132371241807218,0.05619064494281426,perimeter,3.3306690738754696e-16
157222647-157222687-001,baseline,20260805,30,gaussian_noise,0.7233851971681277,0.716820903182936,-0.009115833408009382,-0.009115833408009493,-0.0,0.009115833408009493,0.0,area,1.1102230246251565e-16
157222801-157222811-001,baseline,20260805,10,gaussian_noise,0.7257746297372288,0.7133187394290521,-0.017311178878875667,0.0,-0.017311178878875913,0.0,0.017311178878875913,perimeter,2.463307335887066e-16
157222801-157222811-001,baseline,20260805,20,gaussian_noise,0.7257746297372288,0.730480611794859,0.006463150559121502,0.015137469747228209,-0.008674319188106443,0.015137469747228209,0.008674319188106443,area,-2.636779683484747e-16
157222801-157222811-001,baseline,20260805,30,gaussian_noise,0.7257746297372288,0.7375716786542287,0.016123735613700858,-0.008616616260878852,0.02474035187457977,0.008616616260878852,0.02474035187457977,perimeter,-5.898059818321144e-17
157223549-157223570-001,baseline,20260805,10,gaussian_noise,0.66147344395011,0.6636746866920404,0.00332226219197786,0.00332226219197786,-0.0,0.00332226219197786,0.0,area,0.0
157223549-157223570-001,baseline,20260805,20,gaussian_noise,0.66147344395011,0.6221785370185687,-0.06124274898974999,0.0016625107736134572,-0.0629052597633637,0.0016625107736134572,0.0629052597633637,perimeter,2.498001805406602e-16
157223549-157223570-001,baseline,20260805,30,gaussian_noise,0.66147344395011,0.6581715798372142,-0.00500418058457595,-0.005004180584575839,-0.0,0.005004180584575839,0.0,area,-1.1102230246251565e-16
157224412-157224429-001,baseline,20260805,10,gaussian_noise,1.0745050267395813,1.0745050267395813,0.0,0.0,-0.0,0.0,0.0,area,0.0
157224412-157224429-001,baseline,20260805,20,gaussian_noise,1.0745050267395813,1.0745050267395813,0.0,0.0,-0.0,0.0,0.0,area,0.0
157224412-157224429-001,baseline,20260805,30,gaussian_noise,1.0745050267395813,1.161448265490717,0.07780761581549861,0.0778076158154988,-0.0,0.0778076158154988,0.0,area,-1.942890293094024e-16
157224458-157224464-001,baseline,20260805,10,gaussian_noise,1.045363585410399,1.0890667289587248,0.04095636399171339,0.04095636399171339,-0.0,0.04095636399171339,0.0,area,0.0
157224458-157224464-001,baseline,20260805,20,gaussian_noise,1.045363585410399,1.1358915256176454,0.08305307420101458,0.08305307420101439,-0.0,0.08305307420101439,0.0,area,1.942890293094024e-16
157224458-157224464-001,baseline,20260805,30,gaussian_noise,1.045363585410399,1.0276100621825357,-0.017128975394992692,-0.004114462509094431,-0.01301451288589814,0.004114462509094431,0.01301451288589814,perimeter,-1.214306433183765e-16
157224458-157224483-001,baseline,20260805,10,gaussian_noise,0.8089065078105051,0.8089065078105051,0.0,0.0,-0.0,0.0,0.0,area,0.0
157224458-157224483-001,baseline,20260805,20,gaussian_noise,0.8089065078105051,0.8089065078105051,0.0,0.0,-0.0,0.0,0.0,area,0.0
157224458-157224483-001,baseline,20260805,30,gaussian_noise,0.8089065078105051,0.7944617487424603,-0.018018505502678365,-0.018018505502678365,-0.0,0.018018505502678365,0.0,area,0.0
157227058-157227087-001,baseline,20260805,10,gaussian_noise,0.3379971518574896,0.3078353394050189,-0.09347244129429745,0.025959803695797812,-0.11943224499009522,0.025959803695797812,0.11943224499009522,perimeter,-4.163336342344337e-17
157227058-157227087-001,baseline,20260805,20,gaussian_noise,0.3379971518574896,0.29041607340662784,-0.15172283837507697,-0.16883492992206162,0.017112091546984787,0.16883492992206162,0.017112091546984787,area,-1.3877787807814457e-16
157227058-157227087-001,baseline,20260805,30,gaussian_noise,0.3379971518574896,0.16552106086250074,-0.7139390263028488,-0.19302079185910145,-0.5209182344437472,0.19302079185910145,0.5209182344437472,perimeter,-1.1102230246251565e-16
157227461-157227503-003,baseline,20260805,10,gaussian_noise,0.8360768247780758,0.8224668828894599,-0.016412286665378913,-0.0019743343037176295,-0.014437952361661089,0.0019743343037176295,0.014437952361661089,perimeter,-1.942890293094024e-16
157227461-157227503-003,baseline,20260805,20,gaussian_noise,0.8360768247780758,0.6461686429342598,-0.25765997764322424,-0.03737626135463358,-0.22028371628859073,0.03737626135463358,0.22028371628859073,perimeter,5.551115123125783e-17
157227461-157227503-003,baseline,20260805,30,gaussian_noise,0.8360768247780758,0.5857831573340943,-0.35577082211332195,-0.23604695615011767,-0.11972386596320428,0.23604695615011767,0.11972386596320428,area,0.0
157266930-157266947-001,baseline,20260805,10,gaussian_noise,0.6882217186124762,0.6015073279950763,-0.13467233323362546,-0.05528925441724501,-0.0793830788163805,0.05528925441724501,0.0793830788163805,perimeter,5.551115123125783e-17
157266930-157266947-001,baseline,20260805,20,gaussian_noise,0.6882217186124762,0.41849909312893235,-0.4974363284708798,-0.168202800992762,-0.329233527478118,0.168202800992762,0.329233527478118,perimeter,2.220446049250313e-16
157266930-157266947-001,baseline,20260805,30,gaussian_noise,0.6882217186124762,0.3674871556393708,-0.6274226840411703,-0.2554657566397855,-0.3719569274013846,0.2554657566397855,0.3719569274013846,perimeter,-2.220446049250313e-16
157268504-157268544-001,baseline,20260805,10,gaussian_noise,0.7760987271171127,0.7824084728660322,0.008097210232619303,0.008097210232619303,-0.0,0.008097210232619303,0.0,area,0.0
157268504-157268544-001,baseline,20260805,20,gaussian_noise,0.7760987271171127,0.6751896811300335,-0.13928607727869813,0.03984590854719978,-0.17913198582589776,0.03984590854719978,0.17913198582589776,perimeter,-1.3877787807814457e-16
157268504-157268544-001,baseline,20260805,30,gaussian_noise,0.7760987271171127,0.7274892521432206,-0.06468051250688148,0.032002731086173734,-0.096683243593055,0.032002731086173734,0.096683243593055,perimeter,-2.220446049250313e-16
158986766-158986776-001,baseline,20260805,10,gaussian_noise,0.8047932603994635,0.8106434691214962,0.00724291356035779,-0.0012167918759462676,0.008459705436304215,0.0012167918759462676,0.008459705436304215,perimeter,-1.5699247457590104e-16
158986766-158986776-001,baseline,20260805,20,gaussian_noise,0.8047932603994635,0.8126600813878634,0.009727492988692056,-0.0012167918759462676,0.010944284864638477,0.0012167918759462676,0.010944284864638477,perimeter,-1.5439038936193583e-16
158986766-158986776-001,baseline,20260805,30,gaussian_noise,0.8047932603994635,0.7805308291663701,-0.03061118662762305,-0.027117520308103493,-0.003493666319519552,0.027117520308103493,0.003493666319519552,area,-3.469446951953614e-18
158986813-158986820-001,baseline,20260805,10,gaussian_noise,0.8478212756992378,0.8478212786116307,3.435149492287558e-09,0.0,3.435149501137747e-09,0.0,3.435149501137747e-09,perimeter,-8.85018900780083e-18
158986813-158986820-001,baseline,20260805,20,gaussian_noise,0.8478212756992378,0.8148618411860825,-0.03965127493665919,-0.0061728591070809675,-0.033478415829578126,0.0061728591070809675,0.033478415829578126,perimeter,-9.71445146547012e-17
158986813-158986820-001,baseline,20260805,30,gaussian_noise,0.8478212756992378,0.7222093848722864,-0.16035475019298626,-0.0023103591331842584,-0.15804439105980211,0.0023103591331842584,0.15804439105980211,perimeter,1.1102230246251565e-16
158986920-158986928-004,baseline,20260805,10,gaussian_noise,1.0806253270967128,2.0481655129876724,0.6394046406527348,-0.9923900754128022,1.631794716065537,0.9923900754128022,1.631794716065537,perimeter,0.0
158986920-158986928-004,baseline,20260805,20,gaussian_noise,1.0806253270967128,0.383492198082713,-1.0359758825117928,-0.08076135664445847,-0.9552145258673345,0.08076135664445847,0.9552145258673345,perimeter,0.0
158986920-158986928-004,baseline,20260805,30,gaussian_noise,1.0806253270967128,0.643430225949991,-0.5184815669544753,-0.7282385003712154,0.20975693341674012,0.7282385003712154,0.20975693341674012,area,0.0
204870858-204870872-001,baseline,20260805,10,gaussian_noise,0.7633984339754106,0.7260004149801189,-0.050229502504995076,-0.02903125654273851,-0.02119824596225663,0.02903125654273851,0.02119824596225663,area,6.245004513516506e-17
204870858-204870872-001,baseline,20260805,20,gaussian_noise,0.7633984339754106,0.4985705342854718,-0.4260350164847983,-0.11153171294383388,-0.31450330354096473,0.11153171294383388,0.31450330354096473,perimeter,2.7755575615628914e-16
204870858-204870872-001,baseline,20260805,30,gaussian_noise,0.7633984339754106,0.4890863783071957,-0.4452409722972089,-0.16749335548068423,-0.2777476168165248,0.16749335548068423,0.2777476168165248,perimeter,1.6653345369377348e-16
204870951-204870961-002,baseline,20260805,10,gaussian_noise,0.5059368406606577,0.5014075936726289,-0.008992510119020938,-0.02681443522656316,0.0178219251075423,0.02681443522656316,0.0178219251075423,area,-7.632783294297951e-17
204870951-204870961-002,baseline,20260805,20,gaussian_noise,0.5059368406606577,0.4806817127560083,-0.05120650943738103,-0.04836633936349109,-0.002840170073889756,0.04836633936349109,0.002840170073889756,area,-1.8041124150158794e-16
204870951-204870961-002,baseline,20260805,30,gaussian_noise,0.5059368406606577,0.39292901211305115,-0.2527828758699913,-0.09580730671351463,-0.15697556915647673,0.09580730671351463,0.15697556915647673,perimeter,5.551115123125783e-17
204871030-204871038-001,baseline,20260805,10,gaussian_noise,0.6861691244478316,0.6790316026776804,-0.010456464989421203,-0.004084416842224736,-0.00637204814719637,0.004084416842224736,0.00637204814719637,perimeter,-9.71445146547012e-17
204871030-204871038-001,baseline,20260805,20,gaussian_noise,0.6861691244478316,0.6735427723516374,-0.018572633027861586,-0.023090635571465755,0.004518002543604127,0.023090635571465755,0.004518002543604127,area,4.163336342344337e-17
204871030-204871038-001,baseline,20260805,30,gaussian_noise,0.6861691244478316,0.6064807221702272,-0.12345119193236315,-0.03076741275185461,-0.09268377918050849,0.03076741275185461,0.09268377918050849,perimeter,-4.163336342344337e-17
204871030-204871038-002,baseline,20260805,10,gaussian_noise,0.6740183790824752,0.6886067990243294,0.02141304533882081,-9.147038652611113e-05,0.02150451572534686,9.147038652611113e-05,0.02150451572534686,perimeter,5.898059818321144e-17
204871030-204871038-002,baseline,20260805,20,gaussian_noise,0.6740183790824752,0.6309449788980905,-0.06603871714449774,-0.00036593175781133235,-0.06567278538668643,0.00036593175781133235,0.06567278538668643,perimeter,1.3877787807814457e-17
204871030-204871038-002,baseline,20260805,30,gaussian_noise,0.6740183790824752,0.647801563137226,-0.039672959481010156,-0.009650366700293045,-0.03002259278071714,0.009650366700293045,0.03002259278071714,perimeter,2.7755575615628914e-17
209047342-209047443-001,baseline,20260805,10,gaussian_noise,0.7245880115325505,0.7300755655711052,0.007544809887458452,0.01663240004914205,-0.009087590161683416,0.01663240004914205,0.009087590161683416,area,-1.8214596497756474e-16
209047342-209047443-001,baseline,20260805,20,gaussian_noise,0.7245880115325505,0.7301255638603121,0.007613291260631827,0.06000783280039688,-0.052394541539765055,0.06000783280039688,0.052394541539765055,area,4.336808689942018e-18
209047342-209047443-001,baseline,20260805,30,gaussian_noise,0.7245880115325505,0.6980923954313754,-0.03725176769848714,0.08342353678124081,-0.12067530447972782,0.08342353678124081,0.12067530447972782,perimeter,-1.3183898417423734e-16
209047526-209047626-001,baseline,20260805,10,gaussian_noise,1.1344465271979685,1.2141169722552423,0.0678721499970262,0.07553348914494283,-0.007661339147916704,0.07553348914494283,0.007661339147916704,area,8.326672684688674e-17
209047526-209047626-001,baseline,20260805,20,gaussian_noise,1.1344465271979685,1.1259703253031978,-0.0074997154746357705,0.062217713169170824,-0.06971742864380623,0.062217713169170824,0.06971742864380623,perimeter,-3.660266534311063e-16
209047526-209047626-001,baseline,20260805,30,gaussian_noise,1.1344465271979685,1.1684313732338563,0.029517251858236185,0.029517251858236185,-0.0,0.029517251858236185,0.0,area,0.0
209047526-209047798-001,baseline,20260805,10,gaussian_noise,0.7177251025932924,0.7147502704804372,-0.004153420638591185,-0.015915455305899568,0.011762034667308217,0.015915455305899568,0.011762034667308217,area,1.6653345369377348e-16
209047526-209047798-001,baseline,20260805,20,gaussian_noise,0.7177251025932924,0.7147502704804372,-0.004153420638591185,-0.015915455305899568,0.011762034667308217,0.015915455305899568,0.011762034667308217,area,1.6653345369377348e-16
209047526-209047798-001,baseline,20260805,30,gaussian_noise,0.7177251025932924,0.7475645976121713,0.04073408947369026,-0.09566111856911272,0.13639520804280295,0.09566111856911272,0.13639520804280295,perimeter,3.469446951953614e-17
209307421-209307504-001,baseline,20260805,10,gaussian_noise,1.54500134158478,1.5503106245455525,0.0034305350967892222,0.0034305350967892222,-0.0,0.0034305350967892222,0.0,area,0.0
209307421-209307504-001,baseline,20260805,20,gaussian_noise,1.54500134158478,1.5276255064404336,-0.01131020539158667,-0.011310205391586446,-0.0,0.011310205391586446,0.0,area,-2.237793284010081e-16
209307421-209307504-001,baseline,20260805,30,gaussian_noise,1.54500134158478,1.5971288470178184,0.03318276795174906,0.03318276795174906,-0.0,0.03318276795174906,0.0,area,0.0
209522474-209522522-001,baseline,20260805,10,gaussian_noise,1.37446678266044,1.421958521085699,0.03396930005821473,0.03396930005821473,-0.0,0.03396930005821473,0.0,area,0.0
209522474-209522522-001,baseline,20260805,20,gaussian_noise,1.37446678266044,1.4566281264432128,0.058058400792011085,0.04374454896285696,0.01431385182915408,0.04374454896285696,0.01431385182915408,area,4.163336342344337e-17
209522474-209522522-001,baseline,20260805,30,gaussian_noise,1.37446678266044,1.4578101275439828,0.05886953560604243,0.05886953560604265,-0.0,0.05886953560604265,0.0,area,-2.1510571102112408e-16
209522940-209522970-001,baseline,20260805,10,gaussian_noise,0.8185471782702766,0.8061449482964843,-0.015267472130788646,-0.01526747213078842,-0.0,0.01526747213078842,0.0,area,-2.255140518769849e-16
209522940-209522970-001,baseline,20260805,20,gaussian_noise,0.8185471782702766,0.8154466207768285,-0.003795070968551721,-0.0037950709685516094,-0.0,0.0037950709685516094,0.0,area,-1.1145598333150986e-16
209522940-209522970-001,baseline,20260805,30,gaussian_noise,0.8185471782702766,0.8073029892443574,-0.013831985903083025,-0.006333143397022585,-0.007498842506059989,0.006333143397022585,0.007498842506059989,perimeter,-4.49293380277993e-16
209565409-209565503-001,baseline,20260805,10,gaussian_noise,0.7729155395498184,0.7554436257278615,-0.0228646189873866,0.022736586321049565,-0.045601205308436164,0.022736586321049565,0.045601205308436164,perimeter,0.0
209565409-209565503-001,baseline,20260805,20,gaussian_noise,0.7729155395498184,0.7530401361563576,-0.02605125137430679,0.01179954693115503,-0.03785079830546176,0.01179954693115503,0.03785079830546176,perimeter,-6.245004513516506e-17
209565409-209565503-001,baseline,20260805,30,gaussian_noise,0.7729155395498184,0.7827632715670363,0.012660535692699834,0.020558727021036567,-0.00789819132833704,0.020558727021036567,0.00789819132833704,area,3.0704605524789486e-16
209565409-209565600-001,baseline,20260805,10,gaussian_noise,0.7844226467264453,0.7991859336786369,0.018645661371462896,0.018645661371462896,-0.0,0.018645661371462896,0.0,area,0.0
209565409-209565600-001,baseline,20260805,20,gaussian_noise,0.7844226467264453,0.7829463180312262,-0.001883831012373524,-0.001883831012373524,-0.0,0.001883831012373524,0.0,area,0.0
209565409-209565600-001,baseline,20260805,30,gaussian_noise,0.7844226467264453,0.7696593597742538,-0.018999938244903942,-0.018999938244903942,-0.0,0.018999938244903942,0.0,area,0.0
209565864-209565890-001,baseline,20260805,10,gaussian_noise,0.7628002960088894,0.7413696547762627,-0.028496901527578083,0.01142216872801714,-0.03991907025559539,0.01142216872801714,0.03991907025559539,perimeter,1.700029006457271e-16
209565864-209565890-001,baseline,20260805,20,gaussian_noise,0.7628002960088894,0.72263053493389,-0.05409818692560209,0.02495875444555037,-0.07905694137115242,0.02495875444555037,0.07905694137115242,perimeter,-4.163336342344337e-17
209565864-209565890-001,baseline,20260805,30,gaussian_noise,0.7628002960088894,0.7478369265784733,-0.019811320171237736,0.052584820720481665,-0.07239614089171913,0.052584820720481665,0.07239614089171913,perimeter,-2.740863092043355e-16
209565864-209565911-001,baseline,20260805,10,gaussian_noise,0.7235405652234826,0.7224533517520725,-0.0015037596818662875,-0.0015037596818662875,-0.0,0.0015037596818662875,0.0,area,0.0
209565864-209565911-001,baseline,20260805,20,gaussian_noise,0.7235405652234826,0.6878769073209988,-0.05054670438625992,0.004497758706831612,-0.05504446309309134,0.004497758706831612,0.05504446309309134,perimeter,-1.8735013540549517e-16
209565864-209565911-001,baseline,20260805,30,gaussian_noise,0.7235405652234826,0.7338690932018797,0.014174053037363852,0.014174053037363413,-0.0,0.014174053037363413,0.0,area,4.388850394221322e-16
209566047-209566095-001,baseline,20260805,10,gaussian_noise,0.700676118734576,0.696353181241098,-0.006188776844215652,-0.006188776844215764,-0.0,0.006188776844215764,0.0,area,1.1188966420050406e-16
209566047-209566095-001,baseline,20260805,20,gaussian_noise,0.700676118734576,0.7028375874813151,0.0030800845705644853,0.0030800845705644853,-0.0,0.0030800845705644853,0.0,area,0.0
209566047-209566095-001,baseline,20260805,30,gaussian_noise,0.700676118734576,0.7051311006934079,0.00633799117027689,0.018844458837386533,-0.012506467667109725,0.018844458837386533,0.012506467667109725,area,8.239936510889834e-17
209566205-209566247-001,baseline,20260805,10,gaussian_noise,0.7291823064479876,0.7280482748671976,-0.0015564205476583065,-0.0015564205476581953,-0.0,0.0015564205476581953,0.0,area,-1.1123914289701275e-16
209566205-209566247-001,baseline,20260805,20,gaussian_noise,0.7291823064479876,0.7337184327711477,0.006201570263281107,0.006201570263281107,-0.0,0.006201570263281107,0.0,area,0.0
209566205-209566247-001,baseline,20260805,30,gaussian_noise,0.7291823064479876,0.7043016075817045,-0.034717093903758704,0.029120831699388817,-0.06383792560314722,0.029120831699388817,0.06383792560314722,perimeter,-3.0531133177191805e-16
209566205-209566289-001,baseline,20260805,10,gaussian_noise,0.6266438461629349,0.6266438461629349,0.0,0.0,-0.0,0.0,0.0,area,0.0
209566205-209566289-001,baseline,20260805,20,gaussian_noise,0.6266438461629349,0.62541883391781,-0.001956791230180485,-0.009195467093100275,0.007238675862919904,0.009195467093100275,0.007238675862919904,area,-1.1449174941446927e-16
209566205-209566289-001,baseline,20260805,30,gaussian_noise,0.6266438461629349,0.5963854779266599,-0.049491117754129316,0.033011249550101325,-0.08250236730423059,0.033011249550101325,0.08250236730423059,perimeter,-4.85722573273506e-17
209566399-209566485-001,baseline,20260805,10,gaussian_noise,0.7416231846663024,0.7416231846663024,0.0,0.0,-0.0,0.0,0.0,area,0.0
209566399-209566485-001,baseline,20260805,20,gaussian_noise,0.7416231846663024,0.7260093898401384,-0.02127832839209574,0.013939820814109587,-0.03521814920620556,0.013939820814109587,0.03521814920620556,perimeter,2.2898349882893854e-16
209566399-209566485-001,baseline,20260805,30,gaussian_noise,0.7416231846663024,0.7236394603163173,-0.024547991434859123,0.017887194360739274,-0.042435185795598754,0.017887194360739274,0.042435185795598754,perimeter,3.5735303605122226e-16
148495842-148495854-001,nc_aware_lambda_0p10,20260805,10,gaussian_noise,0.6388792895352916,0.5769550979446245,-0.1019510876404628,-0.010008423826839221,-0.09194266381362352,0.010008423826839221,0.09194266381362352,perimeter,-5.551115123125783e-17
148495842-148495854-001,nc_aware_lambda_0p10,20260805,20,gaussian_noise,0.6388792895352916,0.32167636983092507,-0.6861695537737028,-0.3698016240701565,-0.3163679297035464,0.3698016240701565,0.3163679297035464,area,1.1102230246251565e-16
148497551-148497588-001,nc_aware_lambda_0p10,20260805,10,gaussian_noise,0.8825893515224909,0.8231963441417,-0.06966528838926798,-0.01562829597701157,-0.05403699241225648,0.01562829597701157,0.05403699241225648,perimeter,6.938893903907228e-17
148497551-148497588-001,nc_aware_lambda_0p10,20260805,20,gaussian_noise,0.8825893515224909,0.45918976838073505,-0.6533964685100417,-0.17029133651741243,-0.4831051319926292,0.17029133651741243,0.4831051319926292,perimeter,-1.1102230246251565e-16
148497551-148497588-001,nc_aware_lambda_0p10,20260805,30,gaussian_noise,0.8825893515224909,0.4490700211943748,-0.6756812070749237,-1.937248825844876,1.2615676187699525,1.937248825844876,1.2615676187699525,area,-3.3306690738754696e-16
148497788-148497816-002,nc_aware_lambda_0p10,20260805,10,gaussian_noise,0.34521421061054114,0.3817134375442162,0.10050503892340974,-0.14289183538408634,0.24339687430749615,0.14289183538408634,0.24339687430749615,perimeter,-6.938893903907228e-17
148497788-148497816-002,nc_aware_lambda_0p10,20260805,20,gaussian_noise,0.34521421061054114,0.3795396950961724,0.09479406510162194,-2.7581999847876815,2.852994049889303,2.7581999847876815,2.852994049889303,perimeter,2.498001805406602e-16
148503209-148503222-001,nc_aware_lambda_0p10,20260805,10,gaussian_noise,0.35446203396325227,0.3444467025340062,-0.028661873953595107,-0.00903939225556225,-0.019622481698032868,0.00903939225556225,0.019622481698032868,perimeter,1.0408340855860843e-17
148503209-148503222-001,nc_aware_lambda_0p10,20260805,20,gaussian_noise,0.35446203396325227,0.33126814024032736,-0.06767310402235194,-0.00345224738722951,-0.0642208566351225,0.00345224738722951,0.0642208566351225,perimeter,6.938893903907228e-17
148503209-148503222-001,nc_aware_lambda_0p10,20260805,30,gaussian_noise,0.35446203396325227,0.1628220815623797,-0.7779431623097688,-0.22132632543035374,-0.5566168368794151,0.22132632543035374,0.5566168368794151,perimeter,0.0
148503209-148503231-001,nc_aware_lambda_0p10,20260805,10,gaussian_noise,0.6235282488855327,0.5978633047369555,-0.04203193062314766,0.008074327274048032,-0.050106257897195465,0.008074327274048032,0.050106257897195465,perimeter,-2.2898349882893854e-16
148503209-148503231-001,nc_aware_lambda_0p10,20260805,20,gaussian_noise,0.6235282488855327,0.5820808220596115,-0.06878476343911118,0.048655038164226755,-0.1174398016033381,0.048655038164226755,0.1174398016033381,perimeter,1.6653345369377348e-16
148503209-148503231-001,nc_aware_lambda_0p10,20260805,30,gaussian_noise,0.6235282488855327,0.3927176784939367,-0.4623030926667384,0.05039098227843765,-0.5126940749451758,0.05039098227843765,0.5126940749451758,perimeter,-2.220446049250313e-16
148503400-148503432-001,nc_aware_lambda_0p10,20260805,10,gaussian_noise,0.2047372635049298,0.1907161320962514,-0.0709414125584956,-0.029267688156776755,-0.04167372440171898,0.029267688156776755,0.04167372440171898,perimeter,1.249000902703301e-16
148503400-148503432-001,nc_aware_lambda_0p10,20260805,20,gaussian_noise,0.2047372635049298,0.16108388456221315,-0.23980226426912243,-0.15828620345625893,-0.08151606081286353,0.15828620345625893,0.08151606081286353,area,2.7755575615628914e-17
148503400-148503432-001,nc_aware_lambda_0p10,20260805,30,gaussian_noise,0.2047372635049298,0.2471652557987578,0.18832964903518984,-0.6907011948316849,0.8790308438668747,0.6907011948316849,0.8790308438668747,perimeter,5.551115123125783e-17
148503568-148503580-002,nc_aware_lambda_0p10,20260805,10,gaussian_noise,0.6500994996644611,0.5672374352842372,-0.13634745439303048,-0.04887364010754131,-0.08747381428548924,0.04887364010754131,0.08747381428548924,perimeter,8.326672684688674e-17
148503568-148503580-002,nc_aware_lambda_0p10,20260805,20,gaussian_noise,0.6500994996644611,0.30147887839606885,-0.7684254689393611,-0.8356794724333385,0.06725400349397709,0.8356794724333385,0.06725400349397709,area,3.3306690738754696e-16
148503568-148503580-002,nc_aware_lambda_0p10,20260805,30,gaussian_noise,0.6500994996644611,0.4568719047745098,-0.3527223718758092,-3.0084529539053935,2.6557305820295842,3.0084529539053935,2.6557305820295842,area,5.551115123125783e-17
148718455-148718461-001,nc_aware_lambda_0p10,20260805,10,gaussian_noise,0.1260761917273422,0.09657058659852914,-0.26661221214976033,-0.05536244882006758,-0.2112497633296928,0.05536244882006758,0.2112497633296928,perimeter,5.551115123125783e-17
148718455-148718461-001,nc_aware_lambda_0p10,20260805,20,gaussian_noise,0.1260761917273422,0.18294604336791767,0.372304843936917,-0.06901699082945932,0.44132183476637626,0.06901699082945932,0.44132183476637626,perimeter,5.551115123125783e-17
148718455-148718461-001,nc_aware_lambda_0p10,20260805,30,gaussian_noise,0.1260761917273422,0.1055087592716044,-0.1780924447043566,-0.2830218916476953,0.1049294469433387,0.2830218916476953,0.1049294469433387,area,2.7755575615628914e-17
148719308-148719348-004,nc_aware_lambda_0p10,20260805,10,gaussian_noise,0.7441198703212989,0.6971991219962714,-0.06513108356183181,-0.0470566517977288,-0.0180744317641031,0.0470566517977288,0.0180744317641031,area,8.326672684688674e-17
148719308-148719348-004,nc_aware_lambda_0p10,20260805,20,gaussian_noise,0.7441198703212989,0.4344791781249165,-0.5380541157830159,-0.3115488281687561,-0.22650528761425978,0.3115488281687561,0.22650528761425978,area,0.0
148719308-148719348-004,nc_aware_lambda_0p10,20260805,30,gaussian_noise,0.7441198703212989,0.8783737707073838,0.16587007212508612,-2.9686134745380985,3.1344835466631844,2.9686134745380985,3.1344835466631844,perimeter,2.498001805406602e-16
148719308-148719357-001,nc_aware_lambda_0p10,20260805,10,gaussian_noise,0.7845294187432841,0.7590795774825695,-0.03297745439358425,-0.014117881545784932,-0.01885957284779937,0.014117881545784932,0.01885957284779937,perimeter,4.85722573273506e-17
148719308-148719357-001,nc_aware_lambda_0p10,20260805,20,gaussian_noise,0.7845294187432841,0.7484595886058066,-0.04706685889784187,-0.06842817525284339,0.021361316355001447,0.06842817525284339,0.021361316355001447,area,6.938893903907228e-17
148719308-148719357-001,nc_aware_lambda_0p10,20260805,30,gaussian_noise,0.7845294187432841,0.5692800716584417,-0.3207115411083919,-0.5151483970679946,0.194436855959603,0.5151483970679946,0.194436855959603,area,-2.7755575615628914e-16
148848523-148848559-002,nc_aware_lambda_0p10,20260805,10,gaussian_noise,0.8174547388445937,0.7423020147929774,-0.09643934753415191,-0.01981342649055997,-0.07662592104359194,0.01981342649055997,0.07662592104359194,perimeter,-1.3877787807814457e-17
148848523-148848559-002,nc_aware_lambda_0p10,20260805,20,gaussian_noise,0.8174547388445937,0.694091717545223,-0.16359142629010962,-0.36059085990729317,0.19699943361718353,0.36059085990729317,0.19699943361718353,area,2.7755575615628914e-17
148848523-148848559-002,nc_aware_lambda_0p10,20260805,30,gaussian_noise,0.8174547388445937,0.18644848472939746,-1.478040556273329,-2.1977646799688464,0.7197241236955177,2.1977646799688464,0.7197241236955177,area,-2.220446049250313e-16
148881870-148882178-002,nc_aware_lambda_0p10,20260805,10,gaussian_noise,0.7378894087608411,0.6394246274768084,-0.14322520831808994,-0.06110200847458783,-0.08212319984350215,0.06110200847458783,0.08212319984350215,perimeter,5.551115123125783e-17
148881870-148882178-002,nc_aware_lambda_0p10,20260805,20,gaussian_noise,0.7378894087608411,0.6386942181167005,-0.1443681527980005,-0.24939419518704,0.10502604238903952,0.24939419518704,0.10502604238903952,area,-2.7755575615628914e-17
148881870-148882178-002,nc_aware_lambda_0p10,20260805,30,gaussian_noise,0.7378894087608411,0.4015985715948714,-0.6083409491583438,-1.4165661447449933,0.8082251955866495,1.4165661447449933,0.8082251955866495,area,0.0
148882307-148882323-001,nc_aware_lambda_0p10,20260805,10,gaussian_noise,0.6478656806380407,0.6328247308296151,-0.02348989462127471,0.0014513790646469855,-0.0249412736859216,0.0014513790646469855,0.0249412736859216,perimeter,-9.367506770274758e-17
148882307-148882323-001,nc_aware_lambda_0p10,20260805,20,gaussian_noise,0.6478656806380407,0.6753719421666039,0.041580172645563275,-0.011981440817694427,0.05356161346325766,0.011981440817694427,0.05356161346325766,perimeter,4.163336342344337e-17
148882307-148882323-001,nc_aware_lambda_0p10,20260805,30,gaussian_noise,0.6478656806380407,0.6701814321096157,0.03386507802013304,-0.05232581900173979,0.08619089702187258,0.05232581900173979,0.08619089702187258,perimeter,2.5673907444456745e-16
148882535-148882616-001,nc_aware_lambda_0p10,20260805,10,gaussian_noise,0.20870229982401922,0.22303925720871015,0.06643896347838106,-0.027236544235674183,0.09367550771405504,0.027236544235674183,0.09367550771405504,perimeter,2.0816681711721685e-16
148882535-148882616-001,nc_aware_lambda_0p10,20260805,20,gaussian_noise,0.20870229982401922,0.18600154918621614,-0.1151538311462848,-0.06767287332605444,-0.04748095782023032,0.06767287332605444,0.04748095782023032,area,-4.163336342344337e-17
148882535-148882616-001,nc_aware_lambda_0p10,20260805,30,gaussian_noise,0.20870229982401922,0.14597261277460463,-0.35748981340622943,-0.13500010369937843,-0.22248970970685117,0.13500010369937843,0.22248970970685117,perimeter,1.6653345369377348e-16
148882671-148882687-001,nc_aware_lambda_0p10,20260805,10,gaussian_noise,0.6130068525577372,0.6243474884878952,0.018330971352580924,-0.02512357665416577,0.04345454800674656,0.02512357665416577,0.04345454800674656,perimeter,1.3530843112619095e-16
148882671-148882687-001,nc_aware_lambda_0p10,20260805,20,gaussian_noise,0.6130068525577372,0.49116125457552934,-0.2216036199972761,-0.12662886306175206,-0.09497475693552389,0.12662886306175206,0.09497475693552389,area,-1.3877787807814457e-16
148882671-148882687-001,nc_aware_lambda_0p10,20260805,30,gaussian_noise,0.6130068525577372,0.2184593268571734,-1.031776264496244,-0.6152045786635254,-0.4165716858327187,0.6152045786635254,0.4165716858327187,area,0.0
149011613-149011656-001,nc_aware_lambda_0p10,20260805,10,gaussian_noise,0.727658677521346,0.7269947553703229,-0.000912825257359689,-0.000912825257359689,-0.0,0.000912825257359689,0.0,area,0.0
149011613-149011656-001,nc_aware_lambda_0p10,20260805,20,gaussian_noise,0.727658677521346,0.7230991617681334,-0.006285722733380996,-0.010548137241031796,0.004262414507650665,0.010548137241031796,0.004262414507650665,area,1.3444106938820255e-16
149011613-149011656-001,nc_aware_lambda_0p10,20260805,30,gaussian_noise,0.727658677521346,0.7020962815508017,-0.03576154086633455,-0.04002395537398531,0.004262414507650665,0.04002395537398531,0.004262414507650665,area,9.71445146547012e-17
149013033-149013072-001,nc_aware_lambda_0p10,20260805,10,gaussian_noise,0.7094749959490486,0.7483224196670855,0.05330867325033539,-0.01710174215214341,0.07041041540247865,0.01710174215214341,0.07041041540247865,perimeter,1.5265566588595902e-16
149013033-149013072-001,nc_aware_lambda_0p10,20260805,20,gaussian_noise,0.7094749959490486,0.45749452041253347,-0.4387603467842726,-0.21849139659270791,-0.2202689501915649,0.21849139659270791,0.2202689501915649,perimeter,1.6653345369377348e-16
149013033-149013072-001,nc_aware_lambda_0p10,20260805,30,gaussian_noise,0.7094749959490486,2.7408932245289646,1.3515138864233815,-4.932779735351459,6.28429362177484,4.932779735351459,6.28429362177484,perimeter,0.0
149014929-149014984-001,nc_aware_lambda_0p10,20260805,10,gaussian_noise,0.8549423014130791,0.8379406978442545,-0.020086651249846658,-0.0058479698824231,-0.014238681367423492,0.0058479698824231,0.014238681367423492,perimeter,-6.591949208711867e-17
149014929-149014984-001,nc_aware_lambda_0p10,20260805,20,gaussian_noise,0.8549423014130791,0.715578312371038,-0.17794293867275973,-0.11360083117886922,-0.06434210749389083,0.11360083117886922,0.06434210749389083,area,3.3306690738754696e-16
149014929-149014984-001,nc_aware_lambda_0p10,20260805,30,gaussian_noise,0.8549423014130791,0.5664362231641722,-0.41166948927107977,-0.647091094416092,0.23542160514501204,0.647091094416092,0.23542160514501204,area,2.220446049250313e-16
149014929-149015008-003,nc_aware_lambda_0p10,20260805,10,gaussian_noise,0.8322673273872098,0.8212382077089855,-0.013340485427285659,-0.02359905583228033,0.010258570404994607,0.02359905583228033,0.010258570404994607,area,6.245004513516506e-17
149014929-149015008-003,nc_aware_lambda_0p10,20260805,20,gaussian_noise,0.8322673273872098,0.5642205329481645,-0.3887085052321466,-0.04445176257083381,-0.34425674266131295,0.04445176257083381,0.34425674266131295,perimeter,1.6653345369377348e-16
149014929-149015008-003,nc_aware_lambda_0p10,20260805,30,gaussian_noise,0.8322673273872098,0.4866268517420086,-0.5366560849704575,-0.6605710101253326,0.12391492515487504,0.6605710101253326,0.12391492515487504,area,1.1102230246251565e-16
149014929-149015022-001,nc_aware_lambda_0p10,20260805,10,gaussian_noise,0.6804977748102721,0.6217879432455591,-0.09022544480037607,-0.00962954897584312,-0.08059589582453291,0.00962954897584312,0.08059589582453291,perimeter,-4.163336342344337e-17
149014929-149015022-001,nc_aware_lambda_0p10,20260805,20,gaussian_noise,0.6804977748102721,0.6325928786155534,-0.07299749867054793,-0.040821994520255166,-0.032175504150292814,0.040821994520255166,0.032175504150292814,area,4.163336342344337e-17
149014929-149015022-001,nc_aware_lambda_0p10,20260805,30,gaussian_noise,0.6804977748102721,0.15499046089858678,-1.479460979717041,-0.5895381979409254,-0.8899227817761157,0.5895381979409254,0.8899227817761157,perimeter,2.220446049250313e-16
149014929-149015022-002,nc_aware_lambda_0p10,20260805,10,gaussian_noise,0.6916074921123905,0.6965322965297521,0.007095575128878835,-0.008028864540080088,0.01512443966895895,0.008028864540080088,0.01512443966895895,perimeter,-2.688821387764051e-17
149014929-149015022-002,nc_aware_lambda_0p10,20260805,20,gaussian_noise,0.6916074921123905,0.6142257035130064,-0.11865613086572618,-0.03335727242579091,-0.0852988584399351,0.03335727242579091,0.0852988584399351,perimeter,-1.8041124150158794e-16
149014929-149015022-002,nc_aware_lambda_0p10,20260805,30,gaussian_noise,0.6916074921123905,0.4962866491814041,-0.33186490523515055,-0.23464059750182478,-0.09722430773332569,0.23464059750182478,0.09722430773332569,area,-1.1102230246251565e-16
149053341-149053350-001,nc_aware_lambda_0p10,20260805,10,gaussian_noise,0.7800923475346203,0.731687793179729,-0.06405839602111671,-0.00784493544777949,-0.05621346057333739,0.00784493544777949,0.05621346057333739,perimeter,1.6653345369377348e-16
149053341-149053350-001,nc_aware_lambda_0p10,20260805,20,gaussian_noise,0.7800923475346203,0.7954649172779586,0.019514438381261233,-0.021210181401016655,0.04072461978227789,0.021210181401016655,0.04072461978227789,perimeter,-3.469446951953614e-18
149053341-149053350-001,nc_aware_lambda_0p10,20260805,30,gaussian_noise,0.7800923475346203,0.7390071033686465,-0.05410477391254429,-0.08670697225074148,0.0326021983381972,0.08670697225074148,0.0326021983381972,area,-1.3877787807814457e-17
149053945-149053969-001,nc_aware_lambda_0p10,20260805,10,gaussian_noise,0.6000052095252697,0.6872694753614487,0.1357881270265048,-0.061397013794231806,0.19718514082073665,0.061397013794231806,0.19718514082073665,perimeter,-2.7755575615628914e-17
149053945-149053969-001,nc_aware_lambda_0p10,20260805,20,gaussian_noise,0.6000052095252697,0.7568353775215392,0.23220742512106654,-0.20299627790562663,0.4352037030266933,0.20299627790562663,0.4352037030266933,perimeter,-1.3877787807814457e-16
149053945-149053969-001,nc_aware_lambda_0p10,20260805,30,gaussian_noise,0.6000052095252697,0.7049957502874785,0.16125343711250756,-0.501472394946645,0.6627258320591528,0.501472394946645,0.6627258320591528,perimeter,-2.7755575615628914e-16
149053945-149053976-001,nc_aware_lambda_0p10,20260805,10,gaussian_noise,0.7815687434417139,0.8029583694449982,0.026999759373186924,-0.007807847473046237,0.03480760684623313,0.007807847473046237,0.03480760684623313,perimeter,3.122502256758253e-17
149053945-149053976-001,nc_aware_lambda_0p10,20260805,20,gaussian_noise,0.7815687434417139,0.7769311344599309,-0.005951393048986278,-0.045907693705316645,0.03995630065633041,0.045907693705316645,0.03995630065633041,area,-3.9898639947466563e-17
149053945-149053976-001,nc_aware_lambda_0p10,20260805,30,gaussian_noise,0.7815687434417139,0.6403345953515837,-0.19931226447453831,-0.1254024776048224,-0.07390978686971589,0.1254024776048224,0.07390978686971589,area,-2.7755575615628914e-17
149054642-149054677-003,nc_aware_lambda_0p10,20260805,10,gaussian_noise,0.8457764383705745,0.6396877386199568,-0.27927491855757824,-0.024513256478331222,-0.2547616620792471,0.024513256478331222,0.2547616620792471,perimeter,1.1102230246251565e-16
149054642-149054677-003,nc_aware_lambda_0p10,20260805,20,gaussian_noise,0.8457764383705745,0.6056325588794503,-0.33398160374989966,-0.0759033047723962,-0.2580782989775038,0.0759033047723962,0.2580782989775038,perimeter,3.3306690738754696e-16
149054642-149054677-003,nc_aware_lambda_0p10,20260805,30,gaussian_noise,0.8457764383705745,0.14890315783318184,-1.7369589202291857,-0.5804593155247915,-1.1564996047043943,0.5804593155247915,1.1564996047043943,perimeter,0.0
149056321-149056343-001,nc_aware_lambda_0p10,20260805,10,gaussian_noise,0.6991156106695182,0.6489005363424948,-0.07453667476681869,-0.005412955068512754,-0.06912371969830612,0.005412955068512754,0.06912371969830612,perimeter,1.8041124150158794e-16
149056321-149056343-001,nc_aware_lambda_0p10,20260805,20,gaussian_noise,0.6991156106695182,0.690155365654672,-0.012899383074312537,-0.009368134911440642,-0.0035312481628718096,0.009368134911440642,0.0035312481628718096,area,-8.500145032286355e-17
149056321-149056343-001,nc_aware_lambda_0p10,20260805,30,gaussian_noise,0.6991156106695182,0.7051078489739856,0.00853464544584293,-0.033095229616302915,0.041629875062145695,0.033095229616302915,0.041629875062145695,perimeter,1.5092094240998222e-16
149056321-149056360-001,nc_aware_lambda_0p10,20260805,10,gaussian_noise,0.8120315670705711,0.7966320428357669,-0.019146320671322156,-0.013423020332140661,-0.005723300339181503,0.013423020332140661,0.005723300339181503,area,1.0408340855860843e-17
149056321-149056360-001,nc_aware_lambda_0p10,20260805,20,gaussian_noise,0.8120315670705711,0.705526131388642,-0.1405954049714673,-0.12112193692189813,-0.01947346804956931,0.12112193692189813,0.01947346804956931,area,1.3877787807814457e-16
149056321-149056360-001,nc_aware_lambda_0p10,20260805,30,gaussian_noise,0.8120315670705711,0.3020424620080967,-0.9889716049416545,-1.029915757381875,0.04094415244022037,1.029915757381875,0.04094415244022037,area,1.1102230246251565e-16
149056410-149056458-001,nc_aware_lambda_0p10,20260805,10,gaussian_noise,0.835335051724361,0.6662669904882312,-0.22614242709212068,-0.02220070998019253,-0.20394171711192824,0.02220070998019253,0.20394171711192824,perimeter,8.326672684688674e-17
149056410-149056458-001,nc_aware_lambda_0p10,20260805,20,gaussian_noise,0.835335051724361,0.5593129719917975,-0.401123709096676,-0.16923392203858684,-0.23188978705808935,0.16923392203858684,0.23188978705808935,perimeter,1.6653345369377348e-16
149056410-149056458-001,nc_aware_lambda_0p10,20260805,30,gaussian_noise,0.835335051724361,0.20478036582929224,-1.4058948853225302,-1.1187742619584538,-0.28712062336407634,1.1187742619584538,0.28712062336407634,area,0.0
149056873-149056884-001,nc_aware_lambda_0p10,20260805,10,gaussian_noise,0.8385345805622858,0.7573619427187561,-0.1018145544568906,0.018498895313927538,-0.12031344977081802,0.018498895313927538,0.12031344977081802,perimeter,-1.1102230246251565e-16
149056873-149056884-001,nc_aware_lambda_0p10,20260805,20,gaussian_noise,0.8385345805622858,0.6189847759391217,-0.3035751436170159,-0.06347739661201708,-0.24009774700499917,0.06347739661201708,0.24009774700499917,perimeter,3.885780586188048e-16
149056873-149056884-001,nc_aware_lambda_0p10,20260805,30,gaussian_noise,0.8385345805622858,0.5080361249354269,-0.5011032642657904,-0.9589219769652355,0.457818712699445,0.9589219769652355,0.457818712699445,area,0.0
149056873-149056884-002,nc_aware_lambda_0p10,20260805,10,gaussian_noise,0.7731264674639383,0.7494017804006534,-0.03116737911405253,-0.0020826109575265675,-0.029084768156526324,0.0020826109575265675,0.029084768156526324,perimeter,3.608224830031759e-16
149056873-149056884-002,nc_aware_lambda_0p10,20260805,20,gaussian_noise,0.7731264674639383,0.5702753359556633,-0.30432335150306117,-0.0475773077442227,-0.2567460437588384,0.0475773077442227,0.2567460437588384,perimeter,-5.551115123125783e-17
149056873-149056884-002,nc_aware_lambda_0p10,20260805,30,gaussian_noise,0.7731264674639383,0.30732089457419215,-0.9225501803554729,-1.140388274848246,0.21783809449277275,1.140388274848246,0.21783809449277275,area,3.3306690738754696e-16
149056933-149056982-002,nc_aware_lambda_0p10,20260805,10,gaussian_noise,0.815785488637487,0.8201613500469783,0.005349650418936882,-0.003530453799382645,0.008880104218319347,0.003530453799382645,0.008880104218319347,perimeter,1.7954387976359953e-16
149056933-149056982-002,nc_aware_lambda_0p10,20260805,20,gaussian_noise,0.815785488637487,0.6802517732884921,-0.18168845435421985,-0.035878287664901906,-0.1458101666893182,0.035878287664901906,0.1458101666893182,perimeter,2.498001805406602e-16
149056933-149056982-002,nc_aware_lambda_0p10,20260805,30,gaussian_noise,0.815785488637487,0.32919918633567663,-0.9074884416744451,-0.5902566732150625,-0.3172317684593828,0.5902566732150625,0.3172317684593828,area,2.220446049250313e-16
149057756-149057766-002,nc_aware_lambda_0p10,20260805,10,gaussian_noise,0.8202063746596399,0.7886219116917111,-0.03926897839092991,0.005125400200622945,-0.04439437859155264,0.005125400200622945,0.04439437859155264,perimeter,-2.1510571102112408e-16
149057756-149057766-002,nc_aware_lambda_0p10,20260805,20,gaussian_noise,0.8202063746596399,0.7368707363742929,-0.10714349982326818,-0.024146789840780777,-0.08299670998248704,0.024146789840780777,0.08299670998248704,perimeter,-3.608224830031759e-16
149057756-149057766-002,nc_aware_lambda_0p10,20260805,30,gaussian_noise,0.8202063746596399,0.170865754924365,-1.5686777957466123,-1.873363314093623,0.3046855183470108,1.873363314093623,0.3046855183470108,area,0.0
149057756-149057788-002,nc_aware_lambda_0p10,20260805,10,gaussian_noise,0.8664898993208281,0.8545559486361798,-0.01386847651294306,-0.0021208915691376244,-0.011747584943805232,0.0021208915691376244,0.011747584943805232,perimeter,-2.0469737016526324e-16
149057756-149057788-002,nc_aware_lambda_0p10,20260805,20,gaussian_noise,0.8664898993208281,0.8131889156417261,-0.06348700109877277,-0.029773949243192467,-0.033713051855580226,0.029773949243192467,0.033713051855580226,perimeter,-6.938893903907228e-17
149057756-149057788-002,nc_aware_lambda_0p10,20260805,30,gaussian_noise,0.8664898993208281,0.6479296637680696,-0.2906683053229976,-0.08393445148515052,-0.20673385383784684,0.08393445148515052,0.20673385383784684,perimeter,-2.220446049250313e-16
149057812-149057825-003,nc_aware_lambda_0p10,20260805,10,gaussian_noise,0.7827454496845055,0.7649326598790673,-0.023019743297089848,-0.003897193389476952,-0.019122549907612956,0.003897193389476952,0.019122549907612956,perimeter,5.898059818321144e-17
149057812-149057825-003,nc_aware_lambda_0p10,20260805,20,gaussian_noise,0.7827454496845055,0.7073208679898435,-0.10132313960821032,0.0007406036257787273,-0.10206374323398887,0.0007406036257787273,0.10206374323398887,perimeter,-1.8041124150158794e-16
149057812-149057825-003,nc_aware_lambda_0p10,20260805,30,gaussian_noise,0.7827454496845055,0.699870210430814,-0.11191264276531128,-0.0396727508505473,-0.07223989191476393,0.0396727508505473,0.07223989191476393,perimeter,-4.163336342344337e-17
149057812-149057825-005,nc_aware_lambda_0p10,20260805,10,gaussian_noise,0.8729121495095512,0.8721177114907493,-0.0009105151624527725,0.0018083187567836808,-0.0027188339192364104,0.0018083187567836808,0.0027188339192364104,perimeter,-4.2825985813177425e-17
149057812-149057825-005,nc_aware_lambda_0p10,20260805,20,gaussian_noise,0.8729121495095512,0.7085311878924979,-0.2086408424325295,-0.08053302393734327,-0.1281078184951861,0.08053302393734327,0.1281078184951861,perimeter,-1.3877787807814457e-16
149057812-149057825-005,nc_aware_lambda_0p10,20260805,30,gaussian_noise,0.8729121495095512,1.1454006957012821,0.2716748871440032,-3.481240089335692,3.7529149764796945,3.481240089335692,3.7529149764796945,perimeter,4.996003610813204e-16
149057812-149057847-004,nc_aware_lambda_0p10,20260805,10,gaussian_noise,0.8339855392954918,0.8225425948029307,-0.013815794941123042,0.012113632348042986,-0.025929427289166227,0.012113632348042986,0.025929427289166227,perimeter,1.9949319973733282e-16
149057812-149057847-004,nc_aware_lambda_0p10,20260805,20,gaussian_noise,0.8339855392954918,0.7581467506907961,-0.09533909383591341,-0.019430663128714224,-0.0759084307071991,0.019430663128714224,0.0759084307071991,perimeter,-8.326672684688674e-17
149057812-149057847-004,nc_aware_lambda_0p10,20260805,30,gaussian_noise,0.8339855392954918,0.21037256253531314,-1.3773359970752508,-1.0409729128950418,-0.33636308418020877,1.0409729128950418,0.33636308418020877,area,-2.220446049250313e-16
149057812-149057847-005,nc_aware_lambda_0p10,20260805,10,gaussian_noise,0.8061629817412268,0.7833593602546379,-0.028694388886763754,0.00041884817366257844,-0.02911323706042629,0.00041884817366257844,0.02911323706042629,perimeter,-4.163336342344337e-17
149057812-149057847-005,nc_aware_lambda_0p10,20260805,20,gaussian_noise,0.8061629817412268,0.7390931070537119,-0.08686202904940207,0.00334588350618548,-0.09020791255558734,0.00334588350618548,0.09020791255558734,perimeter,-2.0816681711721685e-16
149057812-149057847-005,nc_aware_lambda_0p10,20260805,30,gaussian_noise,0.8061629817412268,0.649300709353082,-0.21638998065907195,-0.16520866202290982,-0.05118131863616202,0.16520866202290982,0.05118131863616202,area,-1.1102230246251565e-16
149058262-149058272-003,nc_aware_lambda_0p10,20260805,10,gaussian_noise,0.7890177850594849,0.7818468386276438,-0.009129999028498837,0.012722093168005284,-0.02185209219650435,0.012722093168005284,0.02185209219650435,perimeter,2.3071822230491534e-16
149058262-149058272-003,nc_aware_lambda_0p10,20260805,20,gaussian_noise,0.7890177850594849,0.6014331320337483,-0.27147350131225895,-0.05883470928290584,-0.2126387920293533,0.05883470928290584,0.2126387920293533,perimeter,1.6653345369377348e-16
149058262-149058272-003,nc_aware_lambda_0p10,20260805,30,gaussian_noise,0.7890177850594849,0.22727362441920548,-1.2446341763639635,-0.40250751400451984,-0.8421266623594438,0.40250751400451984,0.8421266623594438,perimeter,2.220446049250313e-16
149061666-149061699-003,nc_aware_lambda_0p10,20260805,10,gaussian_noise,0.7925269859076696,0.7982370880073675,0.007179099299443448,0.0026963278890424344,0.0044827714104011184,0.0026963278890424344,0.0044827714104011184,perimeter,-1.0495077029659683e-16
149061666-149061699-003,nc_aware_lambda_0p10,20260805,20,gaussian_noise,0.7925269859076696,0.637983867819573,-0.21691355931435663,-0.014618652311237797,-0.20229490700311908,0.014618652311237797,0.20229490700311908,perimeter,2.498001805406602e-16
149061666-149061699-003,nc_aware_lambda_0p10,20260805,30,gaussian_noise,0.7925269859076696,0.1902603603700691,-1.4268331049210279,-1.7478507820920026,0.32101767717097446,1.7478507820920026,0.32101767717097446,area,2.220446049250313e-16
149095913-149095926-001,nc_aware_lambda_0p10,20260805,10,gaussian_noise,0.2141231307396786,0.18814752516811906,-0.1293248633956356,-0.026267926820610188,-0.10305693657502553,0.026267926820610188,0.10305693657502553,perimeter,1.1102230246251565e-16
149095913-149095926-001,nc_aware_lambda_0p10,20260805,20,gaussian_noise,0.2141231307396786,0.34209517958864033,0.4685377743902759,-0.05024421223813112,0.5187819866284069,0.05024421223813112,0.5187819866284069,perimeter,1.1102230246251565e-16
149095913-149095926-001,nc_aware_lambda_0p10,20260805,30,gaussian_noise,0.2141231307396786,0.23844757805843184,0.10759826082800049,-0.08778867978819173,0.19538694061619222,0.08778867978819173,0.19538694061619222,perimeter,0.0
149097324-149097373-001,nc_aware_lambda_0p10,20260805,10,gaussian_noise,0.6866273803844064,0.676200766524801,-0.015301734596178465,-0.013465549996588094,-0.0018361845995907003,0.013465549996588094,0.0018361845995907003,area,3.2959746043559335e-16
149097324-149097373-001,nc_aware_lambda_0p10,20260805,20,gaussian_noise,0.6866273803844064,0.6041540178355953,-0.12796259660106812,-0.06473086413819033,-0.06323173246287801,0.06473086413819033,0.06323173246287801,area,2.220446049250313e-16
149097324-149097373-001,nc_aware_lambda_0p10,20260805,30,gaussian_noise,0.6866273803844064,0.260263943524978,-0.9700954749610442,-1.3049815047891893,0.33488602982814486,1.3049815047891893,0.33488602982814486,area,2.220446049250313e-16
149097594-149097637-001,nc_aware_lambda_0p10,20260805,10,gaussian_noise,0.4533804246186756,0.45168327797521546,-0.0037503407280633327,-0.0037503392470438894,-1.4810193066440004e-09,0.0037503392470438894,1.4810193066440004e-09,area,-1.3660947373317356e-16
149097594-149097637-001,nc_aware_lambda_0p10,20260805,20,gaussian_noise,0.4533804246186756,0.5124666112204522,0.12250399754977045,-0.07810608147140884,0.20061007902117917,0.07810608147140884,0.20061007902117917,perimeter,1.249000902703301e-16
149097594-149097637-001,nc_aware_lambda_0p10,20260805,30,gaussian_noise,0.4533804246186756,0.5391536531803077,0.17326903861710422,-0.7825922409118721,0.9558612795289765,0.7825922409118721,0.9558612795289765,perimeter,-1.942890293094024e-16
149097594-149097637-002,nc_aware_lambda_0p10,20260805,10,gaussian_noise,0.5174569756358242,0.8452749577812322,0.49073558543670426,-0.04173408783750504,0.5324696732742096,0.04173408783750504,0.5324696732742096,perimeter,-2.7755575615628914e-16
149097594-149097637-002,nc_aware_lambda_0p10,20260805,20,gaussian_noise,0.5174569756358242,0.4104507653170788,-0.2316703994422567,-0.43983107019830286,0.20816067075604636,0.43983107019830286,0.20816067075604636,area,-1.942890293094024e-16
149097594-149097637-002,nc_aware_lambda_0p10,20260805,30,gaussian_noise,0.5174569756358242,0.1260170839941883,-1.4125088977995046,-1.92780148171207,0.5152925839125654,1.92780148171207,0.5152925839125654,area,2.220446049250313e-16
149098972-149098988-002,nc_aware_lambda_0p10,20260805,10,gaussian_noise,0.7218554062511334,0.6676703941932985,-0.07803022058851304,0.008745136625358632,-0.08677535721387188,0.008745136625358632,0.08677535721387188,perimeter,2.0816681711721685e-16
149098972-149098988-002,nc_aware_lambda_0p10,20260805,20,gaussian_noise,0.7218554062511334,0.5457590337907715,-0.27964730220960915,-0.04767089618544779,-0.23197640602416114,0.04767089618544779,0.23197640602416114,perimeter,-2.220446049250313e-16
149098972-149098988-002,nc_aware_lambda_0p10,20260805,30,gaussian_noise,0.7218554062511334,0.21770028708558645,-1.1987055635254658,-0.9667291575013044,-0.23197640602416114,0.9667291575013044,0.23197640602416114,area,-2.220446049250313e-16
149099096-149099104-001,nc_aware_lambda_0p10,20260805,10,gaussian_noise,0.7313929841943477,0.7777953747202844,0.06151256171287819,-0.036797247125219194,0.09830980883809734,0.036797247125219194,0.09830980883809734,perimeter,4.163336342344337e-17
149099096-149099104-001,nc_aware_lambda_0p10,20260805,20,gaussian_noise,0.7313929841943477,0.7632766719799345,0.04266966290504584,-0.13391377743575897,0.17658344034080478,0.13391377743575897,0.17658344034080478,perimeter,2.7755575615628914e-17
149099096-149099104-001,nc_aware_lambda_0p10,20260805,30,gaussian_noise,0.7313929841943477,0.35759438372628033,-0.71555157566018,-1.7038564292279434,0.9883048535677633,1.7038564292279434,0.9883048535677633,area,1.1102230246251565e-16
149099276-149099290-001,nc_aware_lambda_0p10,20260805,10,gaussian_noise,0.5186270203382067,0.44876552281490545,-0.1446844437767905,-0.0041388884101146405,-0.14054555536667604,0.0041388884101146405,0.14054555536667604,perimeter,1.942890293094024e-16
149099276-149099290-001,nc_aware_lambda_0p10,20260805,20,gaussian_noise,0.5186270203382067,0.33942989332644086,-0.4239175483121096,-0.07874326166611223,-0.3451742866459975,0.07874326166611223,0.3451742866459975,perimeter,1.1102230246251565e-16
149099276-149099290-001,nc_aware_lambda_0p10,20260805,30,gaussian_noise,0.5186270203382067,0.35248696943459457,-0.38617131878593886,-0.19888757350817557,-0.18728374527776362,0.19888757350817557,0.18728374527776362,area,3.3306690738754696e-16
149099276-149099290-002,nc_aware_lambda_0p10,20260805,10,gaussian_noise,0.6358584616228695,0.6386480792225312,0.004377571970134175,0.004377571970134175,-0.0,0.004377571970134175,0.0,area,0.0
149099276-149099290-002,nc_aware_lambda_0p10,20260805,20,gaussian_noise,0.6358584616228695,0.638035478738081,0.0034178971507221436,-0.022180005449788723,0.02559790260051105,0.022180005449788723,0.02559790260051105,perimeter,-1.8301332671555315e-16
149099276-149099290-002,nc_aware_lambda_0p10,20260805,30,gaussian_noise,0.6358584616228695,0.5944839570742994,-0.06728226376583805,-0.07602920233161574,0.008746938565777877,0.07602920233161574,0.008746938565777877,area,-1.942890293094024e-16
149099502-149099525-002,nc_aware_lambda_0p10,20260805,10,gaussian_noise,0.6910850952956754,0.6989176608635017,0.01126997545242988,-0.015094626222485016,0.026364601674914803,0.015094626222485016,0.026364601674914803,perimeter,9.367506770274758e-17
149099502-149099525-002,nc_aware_lambda_0p10,20260805,20,gaussian_noise,0.6910850952956754,0.7181041406531556,0.038351636997343556,-0.04374672394684365,0.0820983609441871,0.04374672394684365,0.0820983609441871,perimeter,1.1102230246251565e-16
149099502-149099525-002,nc_aware_lambda_0p10,20260805,30,gaussian_noise,0.6910850952956754,0.6627274569756699,-0.04189913400591488,-0.16576594147686835,0.12386680747095323,0.16576594147686835,0.12386680747095323,area,2.42861286636753e-16
149100006-149100028-002,nc_aware_lambda_0p10,20260805,10,gaussian_noise,0.6167929431399733,0.5856849969345319,-0.05175128394756132,0.03670136685042796,-0.08845265079798925,0.03670136685042796,0.08845265079798925,perimeter,-3.469446951953614e-17
149100006-149100028-002,nc_aware_lambda_0p10,20260805,20,gaussian_noise,0.6167929431399733,0.3322772424091698,-0.618563693161506,-0.02763697412432884,-0.5909267190371773,0.02763697412432884,0.5909267190371773,perimeter,2.220446049250313e-16
149100006-149100028-002,nc_aware_lambda_0p10,20260805,30,gaussian_noise,0.6167929431399733,0.2533050853581421,-0.8899387478707423,-0.45577511824736616,-0.43416362962337635,0.45577511824736616,0.43416362962337635,area,2.220446049250313e-16
149100064-149100072-001,nc_aware_lambda_0p10,20260805,10,gaussian_noise,0.6444580987237498,0.6460328886358732,0.0024406070390927685,-0.01018527323578137,0.012625880274874086,0.01018527323578137,0.012625880274874086,perimeter,5.2475385148298415e-17
149100064-149100072-001,nc_aware_lambda_0p10,20260805,20,gaussian_noise,0.6444580987237498,0.6266601482483382,-0.0280054412782084,-0.043942421737550995,0.015936980459342637,0.043942421737550995,0.015936980459342637,area,-4.163336342344337e-17
149100064-149100072-001,nc_aware_lambda_0p10,20260805,30,gaussian_noise,0.6444580987237498,0.6352037842127316,-0.014463939219693658,-0.09461949254306959,0.0801555533233761,0.09461949254306959,0.0801555533233761,area,-1.6306400674181987e-16
149101620-149101650-001,nc_aware_lambda_0p10,20260805,10,gaussian_noise,0.6940849099797203,0.7176482540598319,0.03338525046018894,-0.011417349142810488,0.04480259960299937,0.011417349142810488,0.04480259960299937,perimeter,5.551115123125783e-17
149101620-149101650-001,nc_aware_lambda_0p10,20260805,20,gaussian_noise,0.6940849099797203,0.6541574854196262,-0.059246175834125635,-0.03669675393194971,-0.02254942190217607,0.03669675393194971,0.02254942190217607,area,1.457167719820518e-16
149101620-149101650-001,nc_aware_lambda_0p10,20260805,30,gaussian_noise,0.6940849099797203,0.3429661642544923,-0.70496250588507,-0.28603814638699754,-0.41892435949807244,0.28603814638699754,0.41892435949807244,perimeter,-1.1102230246251565e-16
149102442-149102451-001,nc_aware_lambda_0p10,20260805,10,gaussian_noise,0.7645843946875354,0.6634889580493186,-0.14182019962261477,-0.06342903491755199,-0.07839116470506285,0.06342903491755199,0.07839116470506285,perimeter,5.551115123125783e-17
149102442-149102451-001,nc_aware_lambda_0p10,20260805,20,gaussian_noise,0.7645843946875354,0.5617583207646694,-0.30826068810510354,-0.4942119510100062,0.18595126290490271,0.4942119510100062,0.18595126290490271,area,-5.551115123125783e-17
149102510-149102519-001,nc_aware_lambda_0p10,20260805,10,gaussian_noise,0.7575128626798785,0.7824983014920813,0.03245123411996257,-0.012862832769769907,0.04531406688973234,0.012862832769769907,0.04531406688973234,perimeter,1.3183898417423734e-16
149102510-149102519-001,nc_aware_lambda_0p10,20260805,20,gaussian_noise,0.7575128626798785,0.5909780012591956,-0.24826172387321552,-0.17456979930257535,-0.0736919245706403,0.17456979930257535,0.0736919245706403,area,1.3877787807814457e-16
149105003-149105050-001,nc_aware_lambda_0p10,20260805,10,gaussian_noise,0.6179252683296895,0.2928584873015609,-0.746678011260384,-0.20189127565455064,-0.5447867356058336,0.20189127565455064,0.5447867356058336,perimeter,2.220446049250313e-16
149105003-149105050-001,nc_aware_lambda_0p10,20260805,20,gaussian_noise,0.6179252683296895,0.14015794155386108,-1.4835975844348166,-0.39454641430305076,-1.0890511701317656,0.39454641430305076,1.0890511701317656,perimeter,-2.220446049250313e-16
149105003-149105050-001,nc_aware_lambda_0p10,20260805,30,gaussian_noise,0.6179252683296895,0.4040247692869511,-0.42489133891482744,-1.3229498699749271,0.8980585310601,1.3229498699749271,0.8980585310601,area,-3.3306690738754696e-16
149105289-149105300-001,nc_aware_lambda_0p10,20260805,10,gaussian_noise,0.8829505212374358,0.8712972209630482,-0.013286004492487643,-0.006035683617924154,-0.007250320874563389,0.006035683617924154,0.007250320874563389,perimeter,-1.0061396160665481e-16
149105289-149105300-001,nc_aware_lambda_0p10,20260805,20,gaussian_noise,0.8829505212374358,0.6930677065091706,-0.2421414691873135,-0.12017923027841916,-0.12196223890889439,0.12017923027841916,0.12196223890889439,perimeter,5.551115123125783e-17
149105289-149105300-001,nc_aware_lambda_0p10,20260805,30,gaussian_noise,0.8829505212374358,0.2922808822470938,-1.105553898777092,-1.2381007454679278,0.1325468466908356,1.2381007454679278,0.1325468466908356,area,2.220446049250313e-16
149105289-149105300-002,nc_aware_lambda_0p10,20260805,10,gaussian_noise,0.4944771374044862,0.322234127539925,-0.4282225307380385,-0.08224587703895889,-0.3459766536990797,0.08224587703895889,0.3459766536990797,perimeter,1.1102230246251565e-16
149105289-149105300-002,nc_aware_lambda_0p10,20260805,20,gaussian_noise,0.4944771374044862,0.2275719965783646,-0.776034259429792,-0.18259385087324081,-0.593440408556551,0.18259385087324081,0.593440408556551,perimeter,-2.220446049250313e-16
149105289-149105300-002,nc_aware_lambda_0p10,20260805,30,gaussian_noise,0.4944771374044862,0.12897728802301742,-1.343864589207646,-0.5993975078654555,-0.7444670813421904,0.5993975078654555,0.7444670813421904,perimeter,0.0
149105289-149105311-001,nc_aware_lambda_0p10,20260805,10,gaussian_noise,0.5361148603921996,0.402786806603608,-0.2859410237936138,0.02671914673350964,-0.31266017052712347,0.02671914673350964,0.31266017052712347,perimeter,5.551115123125783e-17
149105289-149105311-001,nc_aware_lambda_0p10,20260805,20,gaussian_noise,0.5361148603921996,0.26223567438270856,-0.7151048099104614,-0.144366336793519,-0.5707384731169425,0.144366336793519,0.5707384731169425,perimeter,1.1102230246251565e-16
149105289-149105311-001,nc_aware_lambda_0p10,20260805,30,gaussian_noise,0.5361148603921996,1.3257189125949695,0.905361736932716,-2.213802236356034,3.11916397328875,2.213802236356034,3.11916397328875,perimeter,2.220446049250313e-16
149105289-149105311-003,nc_aware_lambda_0p10,20260805,10,gaussian_noise,0.5129446009107386,0.13619699451656794,-1.3260655221318995,-0.01938045154966246,-1.3066850705822373,0.01938045154966246,1.3066850705822373,perimeter,2.220446049250313e-16
149105289-149105311-003,nc_aware_lambda_0p10,20260805,20,gaussian_noise,0.5129446009107386,0.12642192095951343,-1.400542956923041,-0.30510748916564,-1.095435467757401,0.30510748916564,1.095435467757401,perimeter,0.0
149105289-149105311-003,nc_aware_lambda_0p10,20260805,30,gaussian_noise,0.5129446009107386,0.14846815509538905,-1.2397973574676726,-0.5778553380492936,-0.6619420194183793,0.5778553380492936,0.6619420194183793,perimeter,2.220446049250313e-16
149105289-149105311-004,nc_aware_lambda_0p10,20260805,10,gaussian_noise,0.16384991579125807,0.15561691696266347,-0.051553534532339074,-0.06817323663390734,0.016619702101568153,0.06817323663390734,0.016619702101568153,area,1.1102230246251565e-16
149105289-149105311-004,nc_aware_lambda_0p10,20260805,20,gaussian_noise,0.16384991579125807,0.1838098725879534,0.11495106102619397,-0.23039769022972956,0.3453487512559237,0.23039769022972956,0.3453487512559237,perimeter,-1.5265566588595902e-16
149105289-149105311-004,nc_aware_lambda_0p10,20260805,30,gaussian_noise,0.16384991579125807,0.16998031914883363,0.03673179942900033,-0.4391907428162006,0.475922542245201,0.4391907428162006,0.475922542245201,perimeter,-6.938893903907228e-17
149140081-149140096-002,nc_aware_lambda_0p10,20260805,10,gaussian_noise,0.8015098328453606,0.7887870438777213,-0.016000861979231625,-0.005874624410421845,-0.010126237568809579,0.005874624410421845,0.010126237568809579,perimeter,-2.0122792321330962e-16
149140081-149140096-002,nc_aware_lambda_0p10,20260805,20,gaussian_noise,0.8015098328453606,0.7411429377203491,-0.07830373492684527,-0.05394379703296504,-0.024359937893880433,0.05394379703296504,0.024359937893880433,area,2.0816681711721685e-16
149140081-149140096-002,nc_aware_lambda_0p10,20260805,30,gaussian_noise,0.8015098328453606,0.7388017974171217,-0.08146755881905055,-0.12071603396630223,0.039248475147251626,0.12071603396630223,0.039248475147251626,area,5.551115123125783e-17
149140849-149140856-001,nc_aware_lambda_0p10,20260805,10,gaussian_noise,0.4864428206413381,0.4912276014774545,0.009788204552110989,-0.023200816498765656,0.03298902105087657,0.023200816498765656,0.03298902105087657,perimeter,7.806255641895632e-17
149140849-149140856-001,nc_aware_lambda_0p10,20260805,20,gaussian_noise,0.4864428206413381,0.6040688251975002,0.21656877781056155,-0.08953253079426221,0.3061013086048239,0.08953253079426221,0.3061013086048239,perimeter,-1.1102230246251565e-16
149140849-149140856-001,nc_aware_lambda_0p10,20260805,30,gaussian_noise,0.4864428206413381,0.6352407351011387,0.2668846748089543,-0.1798871193849448,0.446771794193899,0.1798871193849448,0.446771794193899,perimeter,1.1102230246251565e-16
149143028-149143108-002,nc_aware_lambda_0p10,20260805,10,gaussian_noise,0.7616232278025997,0.7378898517578021,-0.0316574206019395,-0.011294646567767706,-0.02036277403417158,0.011294646567767706,0.02036277403417158,perimeter,-2.1510571102112408e-16
149143028-149143108-002,nc_aware_lambda_0p10,20260805,20,gaussian_noise,0.7616232278025997,0.283425940516022,-0.9885011254095971,-0.4831348236208048,-0.5053663017887924,0.4831348236208048,0.5053663017887924,perimeter,1.1102230246251565e-16
149143469-149143497-003,nc_aware_lambda_0p10,20260805,10,gaussian_noise,0.675198651416598,0.7020521152470728,0.03900069354377069,-0.023090635571465755,0.06209132911523628,0.023090635571465755,0.06209132911523628,perimeter,1.6653345369377348e-16
149143469-149143497-003,nc_aware_lambda_0p10,20260805,20,gaussian_noise,0.675198651416598,0.5735960817358403,-0.16308148771259515,-0.1976559207940613,0.03457443308146622,0.1976559207940613,0.03457443308146622,area,-5.551115123125783e-17
149143469-149143497-003,nc_aware_lambda_0p10,20260805,30,gaussian_noise,0.675198651416598,0.2997417663911838,-0.8120856206927791,-2.5477075510270306,1.7356219303342515,2.5477075510270306,1.7356219303342515,area,0.0
149146837-149146854-001,nc_aware_lambda_0p10,20260805,10,gaussian_noise,0.8135015827692437,0.7691374091569454,-0.056078233233292155,-0.020416224923827758,-0.03566200830946462,0.020416224923827758,0.03566200830946462,perimeter,2.220446049250313e-16
149146837-149146854-001,nc_aware_lambda_0p10,20260805,20,gaussian_noise,0.8135015827692437,0.2755848215025895,-1.0824524090371774,-0.6421630162115954,-0.44028939282558194,0.6421630162115954,0.44028939282558194,area,0.0
149146837-149146854-001,nc_aware_lambda_0p10,20260805,30,gaussian_noise,0.8135015827692437,1.6646373855973162,0.716014719981334,-6.1470427789264255,6.86305749890776,6.1470427789264255,6.86305749890776,perimeter,-4.440892098500626e-16
149181904-149181927-001,nc_aware_lambda_0p10,20260805,10,gaussian_noise,0.856036310876695,0.8202393929833584,-0.0427165541765825,-0.0022909517465558244,-0.04042560243002686,0.0022909517465558244,0.04042560243002686,perimeter,1.8041124150158794e-16
149181904-149181927-001,nc_aware_lambda_0p10,20260805,20,gaussian_noise,0.856036310876695,0.4838265949063615,-0.5705862269565881,-0.12254262832135963,-0.44804359863522863,0.12254262832135963,0.44804359863522863,perimeter,1.1102230246251565e-16
149181904-149181927-001,nc_aware_lambda_0p10,20260805,30,gaussian_noise,0.856036310876695,0.5243610585498546,-0.4901323044165905,-1.4767650117781719,0.986632707361581,1.4767650117781719,0.986632707361581,area,3.3306690738754696e-16
149181904-149181951-001,nc_aware_lambda_0p10,20260805,10,gaussian_noise,0.873979215320246,0.806354585386703,-0.0805330162682651,-0.0008877053401406589,-0.07964531092812428,0.0008877053401406589,0.07964531092812428,perimeter,-1.6653345369377348e-16
149181904-149181951-001,nc_aware_lambda_0p10,20260805,20,gaussian_noise,0.873979215320246,0.2556767972660458,-1.2291424581126198,-0.3900564827553194,-0.8390859753573006,0.3900564827553194,0.8390859753573006,perimeter,2.220446049250313e-16
149181904-149181951-001,nc_aware_lambda_0p10,20260805,30,gaussian_noise,0.873979215320246,0.37069631990759094,-0.8576734115813404,-2.8841797876482436,2.0265063760669033,2.8841797876482436,2.0265063760669033,area,-1.1102230246251565e-16
149182125-149182135-002,nc_aware_lambda_0p10,20260805,10,gaussian_noise,0.8308638276719451,0.7578486941597107,-0.09198216201986004,-0.011479717905261854,-0.08050244411459828,0.011479717905261854,0.08050244411459828,perimeter,9.71445146547012e-17
149182125-149182135-002,nc_aware_lambda_0p10,20260805,20,gaussian_noise,0.8308638276719451,0.33946444928354585,-0.8950966892181378,-0.5026159155147518,-0.3924807737033859,0.5026159155147518,0.3924807737033859,area,0.0
149182657-149182667-001,nc_aware_lambda_0p10,20260805,10,gaussian_noise,0.8741653652140812,0.7714954500734199,-0.124938788530037,-0.026750115075914883,-0.09818867345412204,0.026750115075914883,0.09818867345412204,perimeter,-6.938893903907228e-17
149182657-149182667-001,nc_aware_lambda_0p10,20260805,20,gaussian_noise,0.8741653652140812,0.3601693370827507,-0.8866952611677413,-0.8712371148210863,-0.015458146346654973,0.8712371148210863,0.015458146346654973,area,0.0
149182657-149182667-001,nc_aware_lambda_0p10,20260805,30,gaussian_noise,0.8741653652140812,1.1430091005163991,0.26815006291076565,-6.13599769784028,6.404147760751046,6.13599769784028,6.404147760751046,perimeter,-1.6653345369377348e-16
149182657-149182681-002,nc_aware_lambda_0p10,20260805,10,gaussian_noise,0.7383486783860415,0.501758678358233,-0.3862968932555474,0.07997667710135752,-0.46627357035690503,0.07997667710135752,0.46627357035690503,perimeter,1.1102230246251565e-16
149182657-149182681-002,nc_aware_lambda_0p10,20260805,20,gaussian_noise,0.7383486783860415,0.28300127677350245,-0.9589647677620472,-0.1048837576035037,-0.8540810101585434,0.1048837576035037,0.8540810101585434,perimeter,-1.1102230246251565e-16
149182657-149182681-002,nc_aware_lambda_0p10,20260805,30,gaussian_noise,0.7383486783860415,1.3645649851668273,0.6141747876781851,-2.6061290697462933,3.2203038574244784,2.6061290697462933,3.2203038574244784,perimeter,0.0
149182657-149182698-003,nc_aware_lambda_0p10,20260805,10,gaussian_noise,0.8189619854695962,0.6355320691218008,-0.2535751148119676,-0.06096290863855667,-0.19261220617341102,0.06096290863855667,0.19261220617341102,perimeter,1.1102230246251565e-16
149182657-149182698-003,nc_aware_lambda_0p10,20260805,20,gaussian_noise,0.8189619854695962,0.3561267769440737,-0.832750884518212,-1.0459090880085504,0.21315820349033832,1.0459090880085504,0.21315820349033832,area,1.1102230246251565e-16
149182657-149182698-003,nc_aware_lambda_0p10,20260805,30,gaussian_noise,0.8189619854695962,1.2177009259641842,0.39668220594550413,-3.6838669122903918,4.080549118235896,3.6838669122903918,4.080549118235896,perimeter,-2.7755575615628914e-16
149185604-149185616-001,nc_aware_lambda_0p10,20260805,10,gaussian_noise,0.44720054172663354,0.2073603858403161,-0.7685488593255481,-0.6876813284427291,-0.08086753088281896,0.6876813284427291,0.08086753088281896,area,0.0
149185604-149185645-003,nc_aware_lambda_0p10,20260805,10,gaussian_noise,0.5470265873089901,0.3193918031222513,-0.5380788348346404,-0.31921836957004746,-0.21886046526459282,0.31921836957004746,0.21886046526459282,area,-1.1102230246251565e-16
149185604-149185645-003,nc_aware_lambda_0p10,20260805,20,gaussian_noise,0.5470265873089901,0.3284484457688322,-0.5101175196147493,-1.1296632666795439,0.6195457470647945,1.1296632666795439,0.6195457470647945,area,1.1102230246251565e-16
149185604-149185645-003,nc_aware_lambda_0p10,20260805,30,gaussian_noise,0.5470265873089901,1.2031465466902536,0.7881981193286649,-2.5145030820884404,3.302701201417105,2.5145030820884404,3.302701201417105,perimeter,2.220446049250313e-16
149185604-149185657-001,nc_aware_lambda_0p10,20260805,10,gaussian_noise,0.7747940065002787,0.2938428557529851,-0.9695520757598044,-0.2688085006293693,-0.7007435751304348,0.2688085006293693,0.7007435751304348,perimeter,-2.220446049250313e-16
149185604-149185657-001,nc_aware_lambda_0p10,20260805,20,gaussian_noise,0.7747940065002787,0.1482622792241681,-1.653614333691815,-1.5420794733458645,-0.11153486034595046,1.5420794733458645,0.11153486034595046,area,0.0
149185604-149185657-001,nc_aware_lambda_0p10,20260805,30,gaussian_noise,0.7747940065002787,1.4987088319559192,0.659762041752909,-3.133862450541244,3.7936244922941533,3.133862450541244,3.7936244922941533,perimeter,-3.3306690738754696e-16
149185698-149185709-002,nc_aware_lambda_0p10,20260805,10,gaussian_noise,0.3833182646243741,0.29719546066432895,-0.2544755831872209,-0.30378548001835964,0.049309896831138435,0.30378548001835964,0.049309896831138435,area,2.7755575615628914e-16
149185698-149185709-002,nc_aware_lambda_0p10,20260805,20,gaussian_noise,0.3833182646243741,0.39861492257806935,0.039130222313275356,-1.7440783504148205,1.7832085727280957,1.7440783504148205,1.7832085727280957,perimeter,1.249000902703301e-16
149185698-149185709-002,nc_aware_lambda_0p10,20260805,30,gaussian_noise,0.3833182646243741,0.4419927644854687,0.14242788976033596,-2.321475311467804,2.4639032012281397,2.321475311467804,2.4639032012281397,perimeter,2.498001805406602e-16
149185788-149185824-001,nc_aware_lambda_0p10,20260805,10,gaussian_noise,0.2840391574110628,0.22678180849139765,-0.22512374770175728,-0.0810816688059555,-0.14404207889580195,0.0810816688059555,0.14404207889580195,perimeter,1.942890293094024e-16
149185788-149185824-001,nc_aware_lambda_0p10,20260805,20,gaussian_noise,0.2840391574110628,0.2802862878892549,-0.013300569301133476,-2.225662512656753,2.2123619433556194,2.225662512656753,2.2123619433556194,area,-3.9898639947466563e-17
149185788-149185824-001,nc_aware_lambda_0p10,20260805,30,gaussian_noise,0.2840391574110628,0.4780805713075238,0.5206671706428607,-2.9188096932166983,3.439476863859559,2.9188096932166983,3.439476863859559,perimeter,0.0
149190861-149190868-001,nc_aware_lambda_0p10,20260805,10,gaussian_noise,0.7331807574622944,0.7378724017143033,0.006378641220634159,0.0031812713729523078,0.0031973698476815433,0.0031812713729523078,0.0031973698476815433,perimeter,3.0878077872387166e-16
149190861-149190868-001,nc_aware_lambda_0p10,20260805,20,gaussian_noise,0.7331807574622944,0.6240315541076482,-0.16119133645412456,-0.04217178773921622,-0.11901954871490861,0.04217178773921622,0.11901954871490861,perimeter,2.498001805406602e-16
149190861-149190868-001,nc_aware_lambda_0p10,20260805,30,gaussian_noise,0.7331807574622944,0.611886813276363,-0.18084495124434902,-0.07212949963301543,-0.10871545161133356,0.07212949963301543,0.10871545161133356,perimeter,-2.7755575615628914e-17
149314453-149314465-001,nc_aware_lambda_0p10,20260805,10,gaussian_noise,0.8234722208072905,0.8108807507836933,-0.015408812387270612,0.0,-0.015408812387270583,0.0,0.015408812387270583,perimeter,-2.949029909160572e-17
149314453-149314465-001,nc_aware_lambda_0p10,20260805,20,gaussian_noise,0.8234722208072905,0.693988505658349,-0.17107441804940846,-0.06310944994250939,-0.10796496810689919,0.06310944994250939,0.10796496810689919,perimeter,1.3877787807814457e-16
149314453-149314465-001,nc_aware_lambda_0p10,20260805,30,gaussian_noise,0.8234722208072905,0.338807792583975,-0.8880968529106972,-0.41141614421072514,-0.4766807086999719,0.41141614421072514,0.4766807086999719,perimeter,-1.1102230246251565e-16
149314453-149314507-001,nc_aware_lambda_0p10,20260805,10,gaussian_noise,0.907689306665024,0.7820407483190837,-0.14899529975759418,-0.0133462419528946,-0.13564905780469969,0.0133462419528946,0.13564905780469969,perimeter,1.1102230246251565e-16
149314453-149314507-001,nc_aware_lambda_0p10,20260805,20,gaussian_noise,0.907689306665024,0.6586836145781226,-0.32065882682677704,-0.0495006437730307,-0.27115818305374656,0.0495006437730307,0.27115818305374656,perimeter,2.220446049250313e-16
149314453-149314507-001,nc_aware_lambda_0p10,20260805,30,gaussian_noise,0.907689306665024,0.254355265529127,-1.2721701738123732,-0.5260930958967791,-0.7460770779155941,0.5260930958967791,0.7460770779155941,perimeter,0.0
149314453-149314507-002,nc_aware_lambda_0p10,20260805,10,gaussian_noise,0.8158944254268404,0.781656412836935,-0.0428696917689629,-0.011958288988873623,-0.030911402780089196,0.011958288988873623,0.030911402780089196,perimeter,-8.326672684688674e-17
149314453-149314507-002,nc_aware_lambda_0p10,20260805,20,gaussian_noise,0.8158944254268404,0.7435865336951712,-0.09279981991447463,-0.09419638722584577,0.001396567311371071,0.09419638722584577,0.001396567311371071,area,6.938893903907228e-17
149314453-149314507-002,nc_aware_lambda_0p10,20260805,30,gaussian_noise,0.8158944254268404,0.4767364258466327,-0.5373211941813241,-0.6104790504548947,0.07315785627357045,0.6104790504548947,0.07315785627357045,area,2.220446049250313e-16
149314679-149314698-001,nc_aware_lambda_0p10,20260805,10,gaussian_noise,0.4953886585093297,0.22941748314925978,-0.7697992088917973,-0.2745838036720453,-0.495215405219752,0.2745838036720453,0.495215405219752,perimeter,0.0
149314679-149314698-001,nc_aware_lambda_0p10,20260805,20,gaussian_noise,0.4953886585093297,0.14096100378465495,-1.2568593399679335,-0.5868564322768994,-0.6700029076910342,0.5868564322768994,0.6700029076910342,perimeter,2.220446049250313e-16
149314679-149314698-001,nc_aware_lambda_0p10,20260805,30,gaussian_noise,0.4953886585093297,0.18516404940214556,-0.9841004375209115,-1.0237733466177341,0.039672909096822855,1.0237733466177341,0.039672909096822855,area,-2.220446049250313e-16
149315229-149315310-001,nc_aware_lambda_0p10,20260805,10,gaussian_noise,0.6204653119814864,0.526428497138165,-0.16435418530180662,-0.012788729625346194,-0.1515654556764605,0.012788729625346194,0.1515654556764605,perimeter,5.551115123125783e-17
149315229-149315310-001,nc_aware_lambda_0p10,20260805,20,gaussian_noise,0.6204653119814864,0.4149882679989641,-0.402219449799305,-0.18598970202249182,-0.216229747776813,0.18598970202249182,0.216229747776813,perimeter,-2.220446049250313e-16
149315229-149315310-001,nc_aware_lambda_0p10,20260805,30,gaussian_noise,0.6204653119814864,1.9172118125750468,1.1281575288862722,-3.228180230410936,4.356337759297208,3.228180230410936,4.356337759297208,perimeter,2.220446049250313e-16
149315671-149315731-001,nc_aware_lambda_0p10,20260805,10,gaussian_noise,0.7960905362435416,0.4814276584043542,-0.5029569405761938,-0.39175401402715226,-0.11120292654904139,0.39175401402715226,0.11120292654904139,area,-1.1102230246251565e-16
149315671-149315731-001,nc_aware_lambda_0p10,20260805,20,gaussian_noise,0.7960905362435416,1.000157738346669,0.22820008651340365,-2.1000608288825715,2.3282609153959752,2.1000608288825715,2.3282609153959752,perimeter,-8.326672684688674e-17
149315671-149315731-001,nc_aware_lambda_0p10,20260805,30,gaussian_noise,0.7960905362435416,1.3863056695592253,0.554684777865804,-3.1141157295226183,3.668800507388422,3.1141157295226183,3.668800507388422,perimeter,2.220446049250313e-16
149315671-149315740-001,nc_aware_lambda_0p10,20260805,10,gaussian_noise,0.5153981377946754,0.3489391617715075,-0.39004209965033554,-0.1492522404114709,-0.24078985923886453,0.1492522404114709,0.24078985923886453,perimeter,-1.1102230246251565e-16
149315671-149315740-001,nc_aware_lambda_0p10,20260805,20,gaussian_noise,0.5153981377946754,0.30974758097798644,-0.5091819742015014,-1.2764379015236367,0.7672559273221352,1.2764379015236367,0.7672559273221352,area,1.1102230246251565e-16
149316426-149316462-004,nc_aware_lambda_0p10,20260805,10,gaussian_noise,0.5203167285664752,0.5575753267454084,0.06915988989498639,-0.07547278743313596,0.14463267732812246,0.07547278743313596,0.14463267732812246,perimeter,-1.1102230246251565e-16
149316426-149316462-004,nc_aware_lambda_0p10,20260805,20,gaussian_noise,0.5203167285664752,0.3296070898398371,-0.45653641131007694,-0.342340484989645,-0.11419592632043232,0.342340484989645,0.11419592632043232,area,3.3306690738754696e-16
149316426-149316462-004,nc_aware_lambda_0p10,20260805,30,gaussian_noise,0.5203167285664752,1.6170362762841628,1.1339125740880407,-3.8501476017100584,4.984060175798099,3.8501476017100584,4.984060175798099,perimeter,0.0
149316754-149316779-002,nc_aware_lambda_0p10,20260805,10,gaussian_noise,0.8427766783136911,0.8299438575713762,-0.015343952851218956,0.0051050572289016395,-0.020449010080120598,0.0051050572289016395,0.020449010080120598,perimeter,1.734723475976807e-18
149316754-149316779-002,nc_aware_lambda_0p10,20260805,20,gaussian_noise,0.8427766783136911,0.7635349785615305,-0.0987430728244027,-0.04386138569645887,-0.05488168712794386,0.04386138569645887,0.05488168712794386,perimeter,2.7755575615628914e-17
149316754-149316779-002,nc_aware_lambda_0p10,20260805,30,gaussian_noise,0.8427766783136911,0.35990446178086744,-0.8508633975862339,-0.7607349654029142,-0.09012843218331965,0.7607349654029142,0.09012843218331965,area,0.0
149317002-149317010-002,nc_aware_lambda_0p10,20260805,10,gaussian_noise,0.7943434231231751,0.5742483381573578,-0.3244539429320545,0.019778147791643712,-0.34423209072369804,0.019778147791643712,0.34423209072369804,perimeter,-1.6653345369377348e-16
149317002-149317010-002,nc_aware_lambda_0p10,20260805,20,gaussian_noise,0.7943434231231751,0.5498665993945328,-0.36784018830931026,-0.06113192900180911,-0.30670825930750095,0.06113192900180911,0.30670825930750095,perimeter,-1.6653345369377348e-16
149317002-149317010-002,nc_aware_lambda_0p10,20260805,30,gaussian_noise,0.7943434231231751,0.16183066395641532,-1.5909653862390811,-1.4929040961781488,-0.0980612900609325,1.4929040961781488,0.0980612900609325,area,2.220446049250313e-16
149317204-149317230-002,nc_aware_lambda_0p10,20260805,10,gaussian_noise,0.8056723425246077,0.722352478045688,-0.10916392042871222,-0.011689529155784098,-0.09747439127292816,0.011689529155784098,0.09747439127292816,perimeter,4.163336342344337e-17
149317204-149317230-002,nc_aware_lambda_0p10,20260805,20,gaussian_noise,0.8056723425246077,0.43029883115347056,-0.6271972134432098,-0.47299648189259275,-0.1542007315506167,0.47299648189259275,0.1542007315506167,area,-3.3306690738754696e-16
149317204-149317230-002,nc_aware_lambda_0p10,20260805,30,gaussian_noise,0.8056723425246077,1.1430091005163991,0.3497424887882579,-5.889985378158128,6.239727866946386,5.889985378158128,6.239727866946386,perimeter,5.551115123125783e-17
149788987-149788996-003,nc_aware_lambda_0p10,20260805,10,gaussian_noise,0.6760803388197543,0.6828996151587456,0.010035959037747266,-0.007268983200630941,0.017304942238378414,0.007268983200630941,0.017304942238378414,perimeter,-2.0643209364124004e-16
149788987-149788996-003,nc_aware_lambda_0p10,20260805,20,gaussian_noise,0.6760803388197543,0.65556685644351,-0.030811622337797353,-0.03438332031115612,0.003571697973358851,0.03438332031115612,0.003571697973358851,area,-8.673617379884035e-17
149788987-149788996-003,nc_aware_lambda_0p10,20260805,30,gaussian_noise,0.6760803388197543,0.5785863261936542,-0.15572415369898882,-0.13296495292904625,-0.02275920076994239,0.13296495292904625,0.02275920076994239,area,-1.6653345369377348e-16
153268807-153268826-001,nc_aware_lambda_0p10,20260805,10,gaussian_noise,0.6743794282565754,0.6723846163015668,-0.00296237996832574,-0.00296237996832574,-0.0,0.00296237996832574,0.0,area,0.0
153268807-153268826-001,nc_aware_lambda_0p10,20260805,20,gaussian_noise,0.6743794282565754,0.7022401200065123,0.0404824943799252,-0.015501105294409748,0.05598359967433522,0.015501105294409748,0.05598359967433522,perimeter,-2.706168622523819e-16
153268807-153268826-001,nc_aware_lambda_0p10,20260805,30,gaussian_noise,0.6743794282565754,0.6717292461719808,-0.003937550599057365,-0.04497178804586863,0.04103423744681152,0.04497178804586863,0.04103423744681152,area,-2.5760643618255585e-16
153276386-153276405-001,nc_aware_lambda_0p10,20260805,10,gaussian_noise,0.5917439883938562,0.4120602194711416,-0.3619045868787004,-0.12588390699505958,-0.23602067988364106,0.12588390699505958,0.23602067988364106,perimeter,2.220446049250313e-16
153276386-153276405-001,nc_aware_lambda_0p10,20260805,20,gaussian_noise,0.5917439883938562,0.44978729552955093,-0.2742992948956831,-1.009351866574236,0.7350525716785529,1.009351866574236,0.7350525716785529,area,5.551115123125783e-17
153276386-153276405-001,nc_aware_lambda_0p10,20260805,30,gaussian_noise,0.5917439883938562,1.006099442469353,0.5307621058352703,-5.626121188405679,6.1568832942409495,5.626121188405679,6.1568832942409495,perimeter,-2.220446049250313e-16
153276386-153276405-002,nc_aware_lambda_0p10,20260805,10,gaussian_noise,0.46240592654542845,0.4561216128137263,-0.013683665474934003,-0.03200481305538348,0.018321147580449584,0.03200481305538348,0.018321147580449584,area,-1.0408340855860843e-16
153276386-153276405-002,nc_aware_lambda_0p10,20260805,20,gaussian_noise,0.46240592654542845,0.16022128253624374,-1.0598872585997423,-0.4443683300537971,-0.6155189285459451,0.4443683300537971,0.6155189285459451,perimeter,0.0
153276386-153276405-002,nc_aware_lambda_0p10,20260805,30,gaussian_noise,0.46240592654542845,0.5228526577234327,0.12285656497918791,-2.0258461616100503,2.148702726589238,2.0258461616100503,2.148702726589238,perimeter,-4.163336342344337e-17
153276386-153276414-001,nc_aware_lambda_0p10,20260805,10,gaussian_noise,0.49797051077357046,0.3774662161213943,-0.2770597889911246,-0.21808318960943673,-0.05897659938168779,0.21808318960943673,0.05897659938168779,area,-5.551115123125783e-17
153276386-153276414-001,nc_aware_lambda_0p10,20260805,20,gaussian_noise,0.49797051077357046,0.21206833152517926,-0.8536323187036858,-0.5045248236139687,-0.34910749508971745,0.5045248236139687,0.34910749508971745,area,2.220446049250313e-16
153276386-153276414-001,nc_aware_lambda_0p10,20260805,30,gaussian_noise,0.49797051077357046,0.14053887076044314,-1.2650567492301446,-1.2070825358412995,-0.05797421338884504,1.2070825358412995,0.05797421338884504,area,0.0
153314466-153314473-003,nc_aware_lambda_0p10,20260805,10,gaussian_noise,0.6272203225267474,0.7476629219737407,0.17565436683457247,0.0008523333139052919,0.17480203352066742,0.0008523333139052919,0.17480203352066742,perimeter,-2.498001805406602e-16
153314466-153314473-003,nc_aware_lambda_0p10,20260805,20,gaussian_noise,0.6272203225267474,0.6261502790337329,-0.0017074658551156634,-0.05296642752241621,0.05125896166730063,0.05296642752241621,0.05125896166730063,area,-8.261620554339544e-17
153314466-153314473-003,nc_aware_lambda_0p10,20260805,30,gaussian_noise,0.6272203225267474,0.6516449349651383,0.038201964816656525,-0.14077503265349492,0.17897699747015153,0.14077503265349492,0.17897699747015153,perimeter,-8.326672684688674e-17
153654869-153654880-001,nc_aware_lambda_0p10,20260805,10,gaussian_noise,0.3015323451342587,0.23158617576788426,-0.2639252373278025,-0.11458747892526887,-0.14933775840253372,0.11458747892526887,0.14933775840253372,perimeter,1.1102230246251565e-16
153654869-153654880-001,nc_aware_lambda_0p10,20260805,20,gaussian_noise,0.3015323451342587,0.14037153233142874,-0.7645845812629934,-0.45568964310639126,-0.3088949381566022,0.45568964310639126,0.3088949381566022,area,0.0
153654869-153654880-001,nc_aware_lambda_0p10,20260805,30,gaussian_noise,0.3015323451342587,0.16115963689072813,-0.6264818839010992,-0.7188004548276669,0.09231857092656756,0.7188004548276669,0.09231857092656756,area,1.1102230246251565e-16
153655016-153655039-005,nc_aware_lambda_0p10,20260805,10,gaussian_noise,0.4928700463754225,0.27275239878378543,-0.5916811221968041,-0.2898702571323338,-0.3018108650644705,0.2898702571323338,0.3018108650644705,perimeter,2.220446049250313e-16
153655016-153655039-005,nc_aware_lambda_0p10,20260805,20,gaussian_noise,0.4928700463754225,1.3232230374788678,0.9875801928673177,-1.7983384403260976,2.785918633193415,1.7983384403260976,2.785918633193415,perimeter,1.1102230246251565e-16
153655016-153655039-005,nc_aware_lambda_0p10,20260805,30,gaussian_noise,0.4928700463754225,1.0165796556742441,0.7239534510091113,-2.5318951592239194,3.255848610233031,2.5318951592239194,3.255848610233031,perimeter,-3.3306690738754696e-16
153655087-153655101-002,nc_aware_lambda_0p10,20260805,10,gaussian_noise,0.9683381062713403,2.54413708962801,0.9659655008110174,-0.6760527472006452,1.6420182480116625,0.6760527472006452,1.6420182480116625,perimeter,1.1102230246251565e-16
153655087-153655101-002,nc_aware_lambda_0p10,20260805,20,gaussian_noise,0.9683381062713403,11.658692825267272,2.4882260363804307,-1.5149117389419842,4.003137775322415,1.5149117389419842,4.003137775322415,perimeter,0.0
153655087-153655101-002,nc_aware_lambda_0p10,20260805,30,gaussian_noise,0.9683381062713403,1.6404279187948436,0.5271311032478543,-1.2570826296398843,1.7842137328877388,1.2570826296398843,1.7842137328877388,perimeter,-2.220446049250313e-16
153656862-153656873-001,nc_aware_lambda_0p10,20260805,10,gaussian_noise,0.6557352487860859,0.6909191427391118,0.052265678757038365,-0.03246358375554493,0.0847292625125834,0.03246358375554493,0.0847292625125834,perimeter,-1.1102230246251565e-16
153656862-153656873-001,nc_aware_lambda_0p10,20260805,20,gaussian_noise,0.6557352487860859,0.4669947901310613,-0.3394390217441313,-0.1780032280598553,-0.16143579368427574,0.1780032280598553,0.16143579368427574,area,-2.7755575615628914e-16
153656862-153656873-001,nc_aware_lambda_0p10,20260805,30,gaussian_noise,0.6557352487860859,0.1793936543311582,-1.296174545936615,-0.9622834215910234,-0.3338911243455913,0.9622834215910234,0.3338911243455913,area,-2.220446049250313e-16
153657121-153657160-001,nc_aware_lambda_0p10,20260805,10,gaussian_noise,0.8179725124863578,0.6102219205755299,-0.29300603749190496,-0.04181090468066574,-0.25119513281123873,0.04181090468066574,0.25119513281123873,perimeter,-4.996003610813204e-16
153657121-153657160-001,nc_aware_lambda_0p10,20260805,20,gaussian_noise,0.8179725124863578,0.9119085312307775,0.10871095762065465,-3.6395649589586476,3.7482759165793027,3.6395649589586476,3.7482759165793027,perimeter,-4.3021142204224816e-16
153659229-153659264-001,nc_aware_lambda_0p10,20260805,10,gaussian_noise,0.791513250070447,0.7666267239059714,-0.03194660699750696,-0.024887831181585586,-0.007058775815921495,0.024887831181585586,0.007058775815921495,area,1.1796119636642288e-16
153659229-153659264-001,nc_aware_lambda_0p10,20260805,20,gaussian_noise,0.791513250070447,0.5761082589280034,-0.3176510270729691,-0.2396909274599895,-0.07796009961297966,0.2396909274599895,0.07796009961297966,area,5.551115123125783e-17
153697342-153697375-001,nc_aware_lambda_0p10,20260805,10,gaussian_noise,0.7777790986862865,0.7262280186178723,-0.06857850826600416,-0.0189725523233338,-0.049605955942670504,0.0189725523233338,0.049605955942670504,perimeter,1.5265566588595902e-16
153697342-153697375-001,nc_aware_lambda_0p10,20260805,20,gaussian_noise,0.7777790986862865,0.5797645446924004,-0.2938204853201833,-0.24769959106324413,-0.04612089425693919,0.24769959106324413,0.04612089425693919,area,5.551115123125783e-17
153697342-153697375-001,nc_aware_lambda_0p10,20260805,30,gaussian_noise,0.7777790986862865,0.6685928234853704,-0.151267308726712,-1.9272908625192446,1.7760235537925326,1.9272908625192446,1.7760235537925326,area,0.0
153697342-153697384-001,nc_aware_lambda_0p10,20260805,10,gaussian_noise,0.8017355734181577,0.7263429724451322,-0.09875652743686993,-0.016529301951210582,-0.08222722548565924,0.016529301951210582,0.08222722548565924,perimeter,-1.1102230246251565e-16
153697342-153697384-001,nc_aware_lambda_0p10,20260805,20,gaussian_noise,0.8017355734181577,0.5561078397796825,-0.365816612663909,-0.1616564887371163,-0.20416012392679267,0.1616564887371163,0.20416012392679267,perimeter,-5.551115123125783e-17
153697342-153697384-001,nc_aware_lambda_0p10,20260805,30,gaussian_noise,0.8017355734181577,0.4331347179420549,-0.6157300380461318,-1.995887385074064,1.380157347027932,1.995887385074064,1.380157347027932,area,1.1102230246251565e-16
153697726-153697736-001,nc_aware_lambda_0p10,20260805,10,gaussian_noise,0.6603880537816096,0.5754099016103432,-0.13774496332436423,-0.012083000861605584,-0.12566196246275826,0.012083000861605584,0.12566196246275826,perimeter,-3.885780586188048e-16
153697726-153697736-001,nc_aware_lambda_0p10,20260805,20,gaussian_noise,0.6603880537816096,0.6098743639574542,-0.07957464728566778,-0.019782610338956747,-0.05979203694671119,0.019782610338956747,0.05979203694671119,perimeter,1.5265566588595902e-16
153697726-153697736-001,nc_aware_lambda_0p10,20260805,30,gaussian_noise,0.6603880537816096,0.5754071790809012,-0.137749694796442,-0.10196654224778841,-0.035783152548653184,0.10196654224778841,0.035783152548653184,area,-4.163336342344337e-16
153701009-153701019-002,nc_aware_lambda_0p10,20260805,10,gaussian_noise,0.6341965818772599,0.6504133722301036,0.025249145602488893,-0.004303030079741427,0.029552175682230147,0.004303030079741427,0.029552175682230147,perimeter,1.734723475976807e-16
153701009-153701019-002,nc_aware_lambda_0p10,20260805,20,gaussian_noise,0.6341965818772599,0.6092141552900298,-0.04018911581132487,-0.07945907387775256,0.039269958066427565,0.07945907387775256,0.039269958066427565,area,1.1796119636642288e-16
153701009-153701019-002,nc_aware_lambda_0p10,20260805,30,gaussian_noise,0.6341965818772599,0.30961062597693834,-0.7170435096716061,-1.461602531711315,0.7445590220397086,1.461602531711315,0.7445590220397086,area,3.3306690738754696e-16
153701622-153701650-001,nc_aware_lambda_0p10,20260805,10,gaussian_noise,0.7911628772641969,0.7616899790526037,-0.03796423841005094,-0.006744513244682995,-0.031219725165367973,0.006744513244682995,0.031219725165367973,perimeter,2.7755575615628914e-17
153701622-153701650-001,nc_aware_lambda_0p10,20260805,20,gaussian_noise,0.7911628772641969,0.6695747570411783,-0.16686103977300332,-0.043594275659572204,-0.12326676411343099,0.043594275659572204,0.12326676411343099,perimeter,-1.1102230246251565e-16
153701622-153701650-001,nc_aware_lambda_0p10,20260805,30,gaussian_noise,0.7911628772641969,0.9681883928939302,0.20192282942549478,-4.011997614523826,4.213920443949321,4.011997614523826,4.213920443949321,perimeter,-3.3306690738754696e-16
153701949-153701958-001,nc_aware_lambda_0p10,20260805,10,gaussian_noise,0.7437393830026617,0.6975028586226681,-0.06418406973267102,0.012937510911190508,-0.07712158064386163,0.012937510911190508,0.07712158064386163,perimeter,9.71445146547012e-17
153701949-153701958-001,nc_aware_lambda_0p10,20260805,20,gaussian_noise,0.7437393830026617,0.599350476062268,-0.21584415285315117,-0.003928175645993299,-0.21191597720715796,0.003928175645993299,0.21191597720715796,perimeter,8.326672684688674e-17
153701949-153701958-001,nc_aware_lambda_0p10,20260805,30,gaussian_noise,0.7437393830026617,0.2784951515886637,-0.9822900316051124,-0.2877754213433306,-0.6945146102617819,0.2877754213433306,0.6945146102617819,perimeter,0.0
153702037-153702051-003,nc_aware_lambda_0p10,20260805,10,gaussian_noise,0.5067191922586515,0.42558285196903545,-0.17449734294093427,-0.102026351607161,-0.07247099133377319,0.102026351607161,0.07247099133377319,area,-8.326672684688674e-17
153702037-153702051-003,nc_aware_lambda_0p10,20260805,20,gaussian_noise,0.5067191922586515,0.14748139478057748,-1.2342549579874158,-0.4843892772219801,-0.7498656807654356,0.4843892772219801,0.7498656807654356,perimeter,-2.220446049250313e-16
153702037-153702051-003,nc_aware_lambda_0p10,20260805,30,gaussian_noise,0.5067191922586515,0.7778965149424969,0.42863651238797873,-2.4644396414385947,2.893076153826573,2.4644396414385947,2.893076153826573,perimeter,4.440892098500626e-16
153826963-153826970-001,nc_aware_lambda_0p10,20260805,10,gaussian_noise,0.6517320445393912,0.35144612382521484,-0.6175770783526476,-0.06208890405694062,-0.555488174295707,0.06208890405694062,0.555488174295707,perimeter,-1.1102230246251565e-16
153826963-153826970-001,nc_aware_lambda_0p10,20260805,20,gaussian_noise,0.6517320445393912,0.12846133630467052,-1.6240055285487895,-0.7702955302071172,-0.8537099983416722,0.7702955302071172,0.8537099983416722,perimeter,-2.220446049250313e-16
153826963-153826970-001,nc_aware_lambda_0p10,20260805,30,gaussian_noise,0.6517320445393912,0.09178202120177706,-1.9602170718499696,-0.8183995136674176,-1.1418175581825523,0.8183995136674176,1.1418175581825523,perimeter,2.220446049250313e-16
153826963-153826982-003,nc_aware_lambda_0p10,20260805,10,gaussian_noise,0.773089379757522,0.6841076685206784,-0.12227935366222424,-0.06696849639166123,-0.055310857270562945,0.06696849639166123,0.055310857270562945,area,-6.938893903907228e-17
153826963-153826982-003,nc_aware_lambda_0p10,20260805,20,gaussian_noise,0.773089379757522,0.27270492875113495,-1.0420043054319568,-1.1329776386337889,0.09097333320183215,1.1329776386337889,0.09097333320183215,area,0.0
153826963-153826982-003,nc_aware_lambda_0p10,20260805,30,gaussian_noise,0.773089379757522,0.6797858182285128,-0.12861689365273865,-1.5115668355122607,1.382949941859522,1.5115668355122607,1.382949941859522,area,1.1102230246251565e-16
153827595-153827657-002,nc_aware_lambda_0p10,20260805,10,gaussian_noise,0.7376579386096603,0.6817204510452128,-0.07886054134819712,-0.020086758566737344,-0.058773782781459755,0.020086758566737344,0.058773782781459755,perimeter,-1.3877787807814457e-17
153827595-153827657-002,nc_aware_lambda_0p10,20260805,20,gaussian_noise,0.7376579386096603,0.6211151150823214,-0.17196378407584428,-0.04107849837415209,-0.13088528570169228,0.04107849837415209,0.13088528570169228,perimeter,8.326672684688674e-17
153827595-153827657-002,nc_aware_lambda_0p10,20260805,30,gaussian_noise,0.7376579386096603,0.23910276245261816,-1.1265867913906937,-0.7486358661775986,-0.3779509252130952,0.7486358661775986,0.3779509252130952,area,0.0
153828877-153828902-002,nc_aware_lambda_0p10,20260805,10,gaussian_noise,0.6695887966607142,0.578832448250876,-0.14565073320960759,-0.0034552294669186216,-0.14219550374268916,0.0034552294669186216,0.14219550374268916,perimeter,1.942890293094024e-16
153828877-153828902-002,nc_aware_lambda_0p10,20260805,20,gaussian_noise,0.6695887966607142,0.5113750637996275,-0.2695604866339869,-0.09175227406558767,-0.1778082125683992,0.09175227406558767,0.1778082125683992,perimeter,0.0
153828877-153828902-002,nc_aware_lambda_0p10,20260805,30,gaussian_noise,0.6695887966607142,0.17519097691454302,-1.3407871120977692,-1.1218759141239356,-0.2189111979738338,1.1218759141239356,0.2189111979738338,area,2.220446049250313e-16
153828952-153828970-001,nc_aware_lambda_0p10,20260805,10,gaussian_noise,0.7751525771370985,0.7894375622340164,0.018260861666011537,-0.008204679230359464,0.026465540896370862,0.008204679230359464,0.026465540896370862,perimeter,1.3877787807814457e-16
153828952-153828970-001,nc_aware_lambda_0p10,20260805,20,gaussian_noise,0.7751525771370985,0.7516940988976049,-0.03073042589135505,-0.12257097560392015,0.09184054971256513,0.12257097560392015,0.09184054971256513,area,-2.7755575615628914e-17
153828952-153828970-001,nc_aware_lambda_0p10,20260805,30,gaussian_noise,0.7751525771370985,0.4232707715631391,-0.6050477875472281,-1.6640126191250622,1.0589648315778342,1.6640126191250622,1.0589648315778342,area,-1.1102230246251565e-16
153828952-153829005-001,nc_aware_lambda_0p10,20260805,10,gaussian_noise,0.6118220434620066,0.5652169375513325,-0.07923184385075792,-0.009687912154597763,-0.06954393169615987,0.009687912154597763,0.06954393169615987,perimeter,-2.914335439641036e-16
153828952-153829005-001,nc_aware_lambda_0p10,20260805,20,gaussian_noise,0.6118220434620066,0.5237554799528842,-0.15541652747235055,-0.05109598067219783,-0.10432054680015287,0.05109598067219783,0.10432054680015287,perimeter,1.6653345369377348e-16
153828952-153829005-001,nc_aware_lambda_0p10,20260805,30,gaussian_noise,0.6118220434620066,0.28152854962061497,-0.7762075995226185,-0.4950605288554463,-0.2811470706671721,0.4950605288554463,0.2811470706671721,area,-1.1102230246251565e-16
153828952-153829005-002,nc_aware_lambda_0p10,20260805,10,gaussian_noise,0.645197113930729,0.642609509801924,-0.00401862758501977,-0.01573254206575631,0.011713914480736713,0.01573254206575631,0.011713914480736713,area,-1.7433970933566911e-16
153828952-153829005-002,nc_aware_lambda_0p10,20260805,20,gaussian_noise,0.645197113930729,0.5416723549206918,-0.1748945656694323,-0.05005300040119763,-0.12484156526823446,0.05005300040119763,0.12484156526823446,perimeter,-1.942890293094024e-16
153828952-153829005-002,nc_aware_lambda_0p10,20260805,30,gaussian_noise,0.645197113930729,0.28961933429010694,-0.8009884527675185,-0.5039853499636117,-0.29700310280390685,0.5039853499636117,0.29700310280390685,area,0.0
153829664-153829672-001,nc_aware_lambda_0p10,20260805,10,gaussian_noise,0.6612770789894625,0.6599076897260066,-0.0020729723597514367,0.009702449261020953,-0.01177542162077208,0.009702449261020953,0.01177542162077208,perimeter,-3.0921445959286586e-16
153829664-153829672-001,nc_aware_lambda_0p10,20260805,20,gaussian_noise,0.6612770789894625,0.6459627850602523,-0.02343103968951027,-0.014197810309317035,-0.009233229380192996,0.014197810309317035,0.009233229380192996,area,-2.3592239273284576e-16
153829664-153829672-001,nc_aware_lambda_0p10,20260805,30,gaussian_noise,0.6612770789894625,0.6664358276220727,0.007770918798913348,-0.057763107209073225,0.06553402600798688,0.057763107209073225,0.06553402600798688,perimeter,-3.1138286393783687e-16
153829745-153829768-001,nc_aware_lambda_0p10,20260805,10,gaussian_noise,0.7050730446362002,0.7040750643890152,-0.0014164308317134733,-0.0014164308317134733,-0.0,0.0014164308317134733,0.0,area,0.0
153829745-153829768-001,nc_aware_lambda_0p10,20260805,20,gaussian_noise,0.7050730446362002,0.7037521453795633,-0.0018751789122654786,-0.0071023025820664614,0.005227123669801061,0.0071023025820664614,0.005227123669801061,area,-7.827939685345342e-17
153829745-153829768-001,nc_aware_lambda_0p10,20260805,30,gaussian_noise,0.7050730446362002,0.6927565591643705,-0.01762275486062649,-0.06959966762207494,0.05197691276144832,0.06959966762207494,0.05197691276144832,area,1.249000902703301e-16
153829745-153829768-003,nc_aware_lambda_0p10,20260805,10,gaussian_noise,0.642179178910209,0.5112095566703183,-0.22808776215536306,-0.02162934192338151,-0.20645842023198177,0.02162934192338151,0.20645842023198177,perimeter,2.220446049250313e-16
153829745-153829768-003,nc_aware_lambda_0p10,20260805,20,gaussian_noise,0.642179178910209,0.3969736506416274,-0.4809974523212001,-0.11432771574298718,-0.3666697365782132,0.11432771574298718,0.3666697365782132,perimeter,2.7755575615628914e-16
153829745-153829768-003,nc_aware_lambda_0p10,20260805,30,gaussian_noise,0.642179178910209,0.31455344755061193,-0.7137133534073357,-0.4518352952963482,-0.26187805811098763,0.4518352952963482,0.26187805811098763,area,2.220446049250313e-16
153830680-153830827-002,nc_aware_lambda_0p10,20260805,10,gaussian_noise,0.8212291118536851,0.7960824044570483,-0.031099431224938127,-0.007625686866636743,-0.02347374435830166,0.007625686866636743,0.02347374435830166,perimeter,2.7755575615628914e-16
153830680-153830827-002,nc_aware_lambda_0p10,20260805,20,gaussian_noise,0.8212291118536851,0.7770048164864217,-0.05535558572575392,-0.045205436768046794,-0.010150148957707364,0.045205436768046794,0.010150148957707364,area,2.3592239273284576e-16
153830680-153830827-002,nc_aware_lambda_0p10,20260805,30,gaussian_noise,0.8212291118536851,0.32280754773644743,-0.9337458166928048,-0.5722994780856587,-0.3614463386071458,0.5722994780856587,0.3614463386071458,area,-2.220446049250313e-16
153831352-153831372-004,nc_aware_lambda_0p10,20260805,10,gaussian_noise,0.2819163753990671,0.30140812367901443,0.06685475315481682,-0.046778765569746465,0.11363351872456305,0.046778765569746465,0.11363351872456305,perimeter,2.220446049250313e-16
153831352-153831372-004,nc_aware_lambda_0p10,20260805,20,gaussian_noise,0.2819163753990671,0.28280347307885817,0.0031417291666086043,-0.18944176391734457,0.19258349308395298,0.18944176391734457,0.19258349308395298,perimeter,2.0079424234431542e-16
153831352-153831372-004,nc_aware_lambda_0p10,20260805,30,gaussian_noise,0.2819163753990671,0.4561509178842967,0.4812132292086602,-1.1121260078348325,1.5933392370434927,1.1121260078348325,1.5933392370434927,perimeter,5.551115123125783e-17
153915432-153915441-002,nc_aware_lambda_0p10,20260805,10,gaussian_noise,0.8122027893429762,0.772568641532261,-0.050029188375010476,-0.0032457022975715963,-0.046783486077438985,0.0032457022975715963,0.046783486077438985,perimeter,1.0408340855860843e-16
153915432-153915441-002,nc_aware_lambda_0p10,20260805,20,gaussian_noise,0.8122027893429762,0.7335537732204869,-0.10184914419852639,0.004203724864642175,-0.10605286906316848,0.004203724864642175,0.10605286906316848,perimeter,-8.326672684688674e-17
153915432-153915441-002,nc_aware_lambda_0p10,20260805,30,gaussian_noise,0.8122027893429762,0.40247067960702476,-0.7021278010434521,-0.3792403880969541,-0.32288741294649825,0.3792403880969541,0.32288741294649825,area,3.3306690738754696e-16
153915432-153915472-001,nc_aware_lambda_0p10,20260805,10,gaussian_noise,0.6696069266955009,0.6568171126252954,-0.01928525130507553,-0.003101739459467092,-0.016183511845608543,0.003101739459467092,0.016183511845608543,perimeter,1.0408340855860843e-16
153915432-153915472-001,nc_aware_lambda_0p10,20260805,20,gaussian_noise,0.6696069266955009,0.7804015826367539,0.15311777307929614,-0.020651547452626394,0.1737693205319223,0.020651547452626394,0.1737693205319223,perimeter,2.498001805406602e-16
153915432-153915472-001,nc_aware_lambda_0p10,20260805,30,gaussian_noise,0.6696069266955009,0.7625416100236883,0.1299662138664272,-0.056375378353927585,0.18634159222035446,0.056375378353927585,0.18634159222035446,perimeter,3.3306690738754696e-16
153915726-153915736-001,nc_aware_lambda_0p10,20260805,10,gaussian_noise,0.6627417293595916,0.6032703150503036,-0.09401998587131342,-0.10965274835209671,0.015632762480783522,0.10965274835209671,0.015632762480783522,area,-2.3592239273284576e-16
153915726-153915736-001,nc_aware_lambda_0p10,20260805,20,gaussian_noise,0.6627417293595916,0.6086736019055818,-0.0851031992436479,-0.3334186048826378,0.24831540563899,0.3334186048826378,0.24831540563899,area,-8.326672684688674e-17
153915726-153915736-001,nc_aware_lambda_0p10,20260805,30,gaussian_noise,0.6627417293595916,0.44855794744521965,-0.39034748988560647,-1.5266298989984914,1.1362824091128854,1.5266298989984914,1.1362824091128854,area,-3.885780586188048e-16
153916114-153916129-002,nc_aware_lambda_0p10,20260805,10,gaussian_noise,0.5614243914955203,0.5707056946937583,0.01639654532255717,-0.007093159911721962,0.02348970523427926,0.007093159911721962,0.02348970523427926,perimeter,-1.2836953722228372e-16
153916114-153916129-002,nc_aware_lambda_0p10,20260805,20,gaussian_noise,0.5614243914955203,0.5727848446008391,0.02003304624124455,-0.021432226623507133,0.04146527286475163,0.021432226623507133,0.04146527286475163,perimeter,5.551115123125783e-17
153916114-153916129-002,nc_aware_lambda_0p10,20260805,30,gaussian_noise,0.5614243914955203,0.5015272734666207,-0.1128191209017628,-0.04169497580659994,-0.07112414509516285,0.04169497580659994,0.07112414509516285,perimeter,0.0
153916114-153916150-001,nc_aware_lambda_0p10,20260805,10,gaussian_noise,0.72991726895114,0.6678842904796702,-0.08881625682826903,-0.0255639483675972,-0.0632523084606718,0.0255639483675972,0.0632523084606718,perimeter,-4.163336342344337e-17
153916114-153916150-001,nc_aware_lambda_0p10,20260805,20,gaussian_noise,0.72991726895114,0.5688942737088264,-0.24923659135983325,-0.12881954096844062,-0.12041705039139257,0.12881954096844062,0.12041705039139257,area,-8.326672684688674e-17
153916114-153916150-001,nc_aware_lambda_0p10,20260805,30,gaussian_noise,0.72991726895114,0.41049595255843224,-0.5755651284568657,-0.947156822656786,0.3715916941999206,0.947156822656786,0.3715916941999206,area,-2.220446049250313e-16
153916114-153916167-001,nc_aware_lambda_0p10,20260805,10,gaussian_noise,0.7194566070242836,0.671477641613386,-0.06901549537863642,-0.024473537163337004,-0.044541958215299264,0.024473537163337004,0.044541958215299264,perimeter,-1.5265566588595902e-16
153916114-153916167-001,nc_aware_lambda_0p10,20260805,20,gaussian_noise,0.7194566070242836,0.6346833549605521,-0.1253699936867949,-0.23806238487506853,0.1126923911882736,0.23806238487506853,0.1126923911882736,area,2.7755575615628914e-17
153916114-153916167-001,nc_aware_lambda_0p10,20260805,30,gaussian_noise,0.7194566070242836,0.1954023378481527,-1.3034355106454114,-2.019901894846441,0.7164663842010291,2.019901894846441,0.7164663842010291,area,2.220446049250313e-16
153916569-153916586-001,nc_aware_lambda_0p10,20260805,10,gaussian_noise,0.6821569672656569,0.6376123618128232,-0.06752927331662295,-0.0932439705618443,0.02571469724522129,0.0932439705618443,0.02571469724522129,area,5.551115123125783e-17
153916569-153916586-001,nc_aware_lambda_0p10,20260805,20,gaussian_noise,0.6821569672656569,0.5454292511689438,-0.22368668716272921,-0.33872296905909205,0.11503628189636263,0.33872296905909205,0.11503628189636263,area,2.220446049250313e-16
153916569-153916586-001,nc_aware_lambda_0p10,20260805,30,gaussian_noise,0.6821569672656569,0.22411385597640074,-1.1131055803117627,-1.4924545569482812,0.37934897663651845,1.4924545569482812,0.37934897663651845,area,0.0
153956040-153956058-001,nc_aware_lambda_0p10,20260805,10,gaussian_noise,0.8462061752881551,0.8409602619458824,-0.006218628028662438,-0.006218628028662438,-0.0,0.006218628028662438,0.0,area,0.0
153956040-153956058-001,nc_aware_lambda_0p10,20260805,20,gaussian_noise,0.8462061752881551,0.6803409229342794,-0.21816900614021664,-0.0778197788445461,-0.1403492272956706,0.0778197788445461,0.1403492272956706,perimeter,5.551115123125783e-17
153956040-153956058-001,nc_aware_lambda_0p10,20260805,30,gaussian_noise,0.8462061752881551,0.5412923348551602,-0.4468035428487139,-0.20694264118430278,-0.23986090166441126,0.20694264118430278,0.23986090166441126,perimeter,1.6653345369377348e-16
153956040-153956058-003,nc_aware_lambda_0p10,20260805,10,gaussian_noise,0.8203774593575298,0.8154602753281156,-0.006011841804331663,-0.008654119144462515,0.0026422773401307952,0.008654119144462515,0.0026422773401307952,area,5.637851296924623e-17
153956040-153956058-003,nc_aware_lambda_0p10,20260805,20,gaussian_noise,0.8203774593575298,0.4096350140866235,-0.694497996953224,-0.21580095972629504,-0.4786970372269288,0.21580095972629504,0.4786970372269288,perimeter,-1.1102230246251565e-16
153956040-153956058-003,nc_aware_lambda_0p10,20260805,30,gaussian_noise,0.8203774593575298,0.23550399038488468,-1.2480366930125188,-0.3635009090091323,-0.8845357840033865,0.3635009090091323,0.8845357840033865,perimeter,0.0
153956040-153956072-003,nc_aware_lambda_0p10,20260805,10,gaussian_noise,0.7041781268602896,0.6833786459748612,-0.029982252813387435,0.0013280214435193206,-0.03131027425690716,0.0013280214435193206,0.03131027425690716,perimeter,4.0592529337857286e-16
153956040-153956072-003,nc_aware_lambda_0p10,20260805,20,gaussian_noise,0.7041781268602896,0.5286226821291043,-0.2867564341956833,-0.09617434045902652,-0.19058209373665666,0.09617434045902652,0.19058209373665666,perimeter,-1.1102230246251565e-16
153956040-153956072-003,nc_aware_lambda_0p10,20260805,30,gaussian_noise,0.7041781268602896,0.4134939627493766,-0.5323884312690709,-1.5235345687988324,0.9911461375297613,1.5235345687988324,0.9911461375297613,area,2.220446049250313e-16
153956444-153956458-004,nc_aware_lambda_0p10,20260805,10,gaussian_noise,0.851011786898535,0.8056178748793059,-0.054816449682671305,-0.01950993008934833,-0.03530651959332269,0.01950993008934833,0.03530651959332269,perimeter,-2.8449465006019636e-16
153956444-153956458-004,nc_aware_lambda_0p10,20260805,20,gaussian_noise,0.851011786898535,0.6997582746101486,-0.19569102570149577,-0.09449084342092241,-0.10120018228057309,0.09449084342092241,0.10120018228057309,perimeter,-2.7755575615628914e-16
153956444-153956458-004,nc_aware_lambda_0p10,20260805,30,gaussian_noise,0.851011786898535,0.41053182003076927,-0.728972537933414,-0.6219709020920503,-0.10700163584136356,0.6219709020920503,0.10700163584136356,area,-1.1102230246251565e-16
153958154-153958211-001,nc_aware_lambda_0p10,20260805,10,gaussian_noise,0.7400775012149651,0.7336712653263353,-0.008693851196700514,-0.03392455578191532,0.02523070458521457,0.03392455578191532,0.02523070458521457,area,2.3418766925686896e-16
153958154-153958211-001,nc_aware_lambda_0p10,20260805,20,gaussian_noise,0.7400775012149651,0.7760893635370301,0.04751276066426842,-0.19049361647345522,0.23800637713772332,0.19049361647345522,0.23800637713772332,perimeter,3.191891195797325e-16
153958154-153958211-001,nc_aware_lambda_0p10,20260805,30,gaussian_noise,0.7400775012149651,0.7548641911971634,0.01978294177392159,-0.4805999325367426,0.5003828743106642,0.4805999325367426,0.5003828743106642,perimeter,-3.469446951953614e-18
153958547-153958572-002,nc_aware_lambda_0p10,20260805,10,gaussian_noise,0.7817517759855912,0.7473112307298289,-0.04505552891094113,-0.02033416950589688,-0.02472135940504401,0.02033416950589688,0.02472135940504401,perimeter,-2.42861286636753e-16
153958547-153958572-002,nc_aware_lambda_0p10,20260805,20,gaussian_noise,0.7817517759855912,0.7089281553204695,-0.09778307915650364,-0.045293867883756014,-0.052489211272747666,0.045293867883756014,0.052489211272747666,perimeter,4.163336342344337e-17
153958547-153958572-002,nc_aware_lambda_0p10,20260805,30,gaussian_noise,0.7817517759855912,0.5370880922002799,-0.3753751420223277,-0.543839125208475,0.16846398318614744,0.543839125208475,0.16846398318614744,area,-1.1102230246251565e-16
153958547-153958572-006,nc_aware_lambda_0p10,20260805,10,gaussian_noise,0.7411828047711448,0.5815865871774668,-0.2424874309502102,-0.04792261606983142,-0.19456481488037863,0.04792261606983142,0.19456481488037863,perimeter,-1.3877787807814457e-16
153958547-153958572-006,nc_aware_lambda_0p10,20260805,20,gaussian_noise,0.7411828047711448,0.5553625689637561,-0.28862611710082703,-0.1797588057116857,-0.10886731138914127,0.1797588057116857,0.10886731138914127,area,-5.551115123125783e-17
153958547-153958572-006,nc_aware_lambda_0p10,20260805,30,gaussian_noise,0.7411828047711448,0.29512027097180804,-0.9208643235036283,-0.7245794347303613,-0.19628488877326686,0.7245794347303613,0.19628488877326686,area,-1.1102230246251565e-16
153958547-153958572-008,nc_aware_lambda_0p10,20260805,10,gaussian_noise,0.6227226960723763,0.5597452717592961,-0.10661950067285894,-0.016792263779434047,-0.08982723689342509,0.016792263779434047,0.08982723689342509,perimeter,1.942890293094024e-16
153958547-153958572-008,nc_aware_lambda_0p10,20260805,20,gaussian_noise,0.6227226960723763,0.5020117196651346,-0.21547784369236728,-0.12691752936889952,-0.08856031432346743,0.12691752936889952,0.08856031432346743,area,-3.3306690738754696e-16
153958547-153958572-008,nc_aware_lambda_0p10,20260805,30,gaussian_noise,0.6227226960723763,0.4715296076660265,-0.27811941433033616,-0.6278420821521785,0.3497226678218425,0.6278420821521785,0.3497226678218425,area,-1.6653345369377348e-16
153958547-153958572-009,nc_aware_lambda_0p10,20260805,10,gaussian_noise,0.8157293091911388,0.7883173866225133,-0.03418178732995665,-0.007891316707243315,-0.02629047062271333,0.007891316707243315,0.02629047062271333,perimeter,-6.938893903907228e-18
153958547-153958572-009,nc_aware_lambda_0p10,20260805,20,gaussian_noise,0.8157293091911388,0.7234441207611289,-0.12005926251664963,0.005226492733542589,-0.12528575525019248,0.005226492733542589,0.12528575525019248,perimeter,2.636779683484747e-16
153958547-153958572-009,nc_aware_lambda_0p10,20260805,30,gaussian_noise,0.8157293091911388,0.6505372760666085,-0.22628397097169914,-0.07430953764639206,-0.15197443332530697,0.07430953764639206,0.15197443332530697,perimeter,-1.1102230246251565e-16
153958547-153958590-002,nc_aware_lambda_0p10,20260805,10,gaussian_noise,0.4072787644445976,0.679417795602972,0.5117383725855242,-0.0026572203411910898,0.5143955929267154,0.0026572203411910898,0.5143955929267154,perimeter,-1.1102230246251565e-16
153958547-153958590-002,nc_aware_lambda_0p10,20260805,20,gaussian_noise,0.4072787644445976,0.8270738054337115,0.7083960599085315,-0.02644115499534462,0.734837214903876,0.02644115499534462,0.734837214903876,perimeter,1.1102230246251565e-16
153958547-153958590-002,nc_aware_lambda_0p10,20260805,30,gaussian_noise,0.4072787644445976,0.8189650086229211,0.6985434825123445,-0.2363887780642304,0.934932260576575,0.2363887780642304,0.934932260576575,perimeter,0.0
154519964-154519981-001,nc_aware_lambda_0p10,20260805,10,gaussian_noise,0.3506072804196208,0.37149844937256776,0.057877952313348593,-0.030852620493296706,0.0887305728066454,0.030852620493296706,0.0887305728066454,perimeter,-9.71445146547012e-17
154519964-154519981-001,nc_aware_lambda_0p10,20260805,20,gaussian_noise,0.3506072804196208,0.3049591853292135,-0.13948878881211355,-0.2081830104796177,0.06869422166750429,0.2081830104796177,0.06869422166750429,area,-1.3877787807814457e-16
154519964-154519981-001,nc_aware_lambda_0p10,20260805,30,gaussian_noise,0.3506072804196208,0.3194044224917473,-0.09320865593879626,-0.6875107166004764,0.5943020606616807,0.6875107166004764,0.5943020606616807,area,-5.828670879282072e-16
157181481-157181497-004,nc_aware_lambda_0p10,20260805,10,gaussian_noise,0.8641086521563763,0.7525242863074105,-0.13826524544330002,-0.00741430643922748,-0.1308509390040726,0.00741430643922748,0.1308509390040726,perimeter,5.551115123125783e-17
157181481-157181497-004,nc_aware_lambda_0p10,20260805,20,gaussian_noise,0.8641086521563763,0.35764491873548004,-0.8821578686209316,-1.2837077723447894,0.40154990372385796,1.2837077723447894,0.40154990372385796,area,-1.1102230246251565e-16
157181671-157181697-001,nc_aware_lambda_0p10,20260805,10,gaussian_noise,0.6151573120602911,0.6234577855363671,0.013403030127340447,0.013403030127340447,-0.0,0.013403030127340447,0.0,area,0.0
157181671-157181697-001,nc_aware_lambda_0p10,20260805,20,gaussian_noise,0.6151573120602911,0.5765024412399105,-0.06489845277725946,0.03534977785204623,-0.10024823062930562,0.03534977785204623,0.10024823062930562,perimeter,-6.938893903907228e-17
157181671-157181697-001,nc_aware_lambda_0p10,20260805,30,gaussian_noise,0.6151573120602911,0.6309433758554688,0.02533809429474461,0.03534977785204623,-0.010011683557302054,0.03534977785204623,0.010011683557302054,area,4.3021142204224816e-16
157183193-157183279-001,nc_aware_lambda_0p10,20260805,10,gaussian_noise,0.7567054315290124,0.7486552014075158,-0.010695519315179555,-0.02266879981271294,0.011973280497533436,0.02266879981271294,0.011973280497533436,area,-5.204170427930421e-17
157183193-157183279-001,nc_aware_lambda_0p10,20260805,20,gaussian_noise,0.7567054315290124,0.7514867733805365,-0.006920442844573683,-0.006920442844573795,-0.0,0.006920442844573795,0.0,area,1.1188966420050406e-16
157183193-157183279-001,nc_aware_lambda_0p10,20260805,30,gaussian_noise,0.7567054315290124,0.7175654954154428,-0.05310982531394841,-0.05310982531394841,-0.0,0.05310982531394841,0.0,area,0.0
157183828-157183877-001,nc_aware_lambda_0p10,20260805,10,gaussian_noise,0.7144226371450139,0.7151865050997579,0.0010686389795167579,-0.006358198742492402,0.0074268377220093875,0.006358198742492402,0.0074268377220093875,perimeter,-2.2724877535296173e-16
157183828-157183877-001,nc_aware_lambda_0p10,20260805,20,gaussian_noise,0.7144226371450139,0.7174413243442181,0.004216450378934825,0.004216450378934825,-0.0,0.004216450378934825,0.0,area,0.0
157183828-157183877-001,nc_aware_lambda_0p10,20260805,30,gaussian_noise,0.7144226371450139,0.7179444388774189,0.004917466881530106,0.004917466881530106,-0.0,0.004917466881530106,0.0,area,0.0
157183964-157183980-001,nc_aware_lambda_0p10,20260805,10,gaussian_noise,0.7191714389073017,0.723272826942603,0.005686734919719103,0.01739174271186924,-0.011705007792150026,0.01739174271186924,0.011705007792150026,area,-1.1015494072452725e-16
157183964-157183980-001,nc_aware_lambda_0p10,20260805,20,gaussian_noise,0.7191714389073017,0.7304436855371068,0.015552367861100076,-0.05406722127027582,0.06961958913137595,0.05406722127027582,0.06961958913137595,perimeter,-5.0306980803327406e-17
157183964-157183980-001,nc_aware_lambda_0p10,20260805,30,gaussian_noise,0.7191714389073017,0.7027692832831002,-0.023071120901311772,-0.023071120901311772,-0.0,0.023071120901311772,0.0,area,0.0
157184013-157184031-001,nc_aware_lambda_0p10,20260805,10,gaussian_noise,0.7660499943991413,0.7334873909942073,-0.043437027207076845,0.0,-0.04343702720707686,0.0,0.04343702720707686,perimeter,1.3877787807814457e-17
157184013-157184031-001,nc_aware_lambda_0p10,20260805,20,gaussian_noise,0.7660499943991413,0.7196480062584676,-0.06248522217777132,-0.019048194970694474,-0.04343702720707686,0.019048194970694474,0.04343702720707686,perimeter,1.3877787807814457e-17
157184013-157184031-001,nc_aware_lambda_0p10,20260805,30,gaussian_noise,0.7660499943991413,0.7499755809514446,-0.021206787181512005,-0.11307714461897077,0.09187035743745868,0.11307714461897077,0.09187035743745868,area,8.326672684688674e-17
157184850-157184920-002,nc_aware_lambda_0p10,20260805,10,gaussian_noise,0.5886991226212127,0.4193323738267959,-0.33925136524829086,-0.026569828666027827,-0.31268153658226294,0.026569828666027827,0.31268153658226294,perimeter,-1.1102230246251565e-16
157184850-157184920-002,nc_aware_lambda_0p10,20260805,20,gaussian_noise,0.5886991226212127,0.5663943556542779,-0.03862464863635079,-2.106759593351216,2.068134944714865,2.106759593351216,2.068134944714865,area,5.551115123125783e-17
157184850-157184920-002,nc_aware_lambda_0p10,20260805,30,gaussian_noise,0.5886991226212127,15.707963267948966,3.2840078515990814,-5.6153154933338705,8.899323344932952,5.6153154933338705,8.899323344932952,perimeter,-4.440892098500626e-16
157184850-157184942-001,nc_aware_lambda_0p10,20260805,10,gaussian_noise,0.5472302115630016,0.5507493408471573,0.006410212880105191,0.0356544005030957,-0.029244187622990657,0.0356544005030957,0.029244187622990657,area,1.48318857196017e-16
157184850-157184942-001,nc_aware_lambda_0p10,20260805,20,gaussian_noise,0.5472302115630016,0.550010488621316,0.005067772291301928,0.0547356385785233,-0.04966786628722179,0.0547356385785233,0.04966786628722179,area,4.189357194483989e-16
157184850-157184942-001,nc_aware_lambda_0p10,20260805,30,gaussian_noise,0.5472302115630016,0.5471753830098659,-0.00010019786714070348,0.0495676684200808,-0.04966786628722179,0.0495676684200808,0.04966786628722179,perimeter,2.90728812551988e-16
157185208-157185238-001,nc_aware_lambda_0p10,20260805,10,gaussian_noise,0.6424584461439745,0.6424584461439745,0.0,0.0,-0.0,0.0,0.0,area,0.0
157185208-157185238-001,nc_aware_lambda_0p10,20260805,20,gaussian_noise,0.6424584461439745,0.6634366811201043,0.03213127818279341,0.032131278182793196,-0.0,0.032131278182793196,0.0,area,2.1510571102112408e-16
157185208-157185238-001,nc_aware_lambda_0p10,20260805,30,gaussian_noise,0.6424584461439745,0.6555679633405503,0.020199840092585165,0.032131278182793196,-0.011931438090207998,0.032131278182793196,0.011931438090207998,area,-3.469446951953614e-17
157185433-157185479-002,nc_aware_lambda_0p10,20260805,10,gaussian_noise,0.9207077438019354,0.8219421765841649,-0.11347261324119393,0.00903620606393752,-0.12250881930513145,0.00903620606393752,0.12250881930513145,perimeter,0.0
157185433-157185479-002,nc_aware_lambda_0p10,20260805,20,gaussian_noise,0.9207077438019354,0.564012943160464,-0.4900654609341341,-0.2912183226637638,-0.1988471382703702,0.2912183226637638,0.1988471382703702,area,-1.1102230246251565e-16
157185433-157185479-002,nc_aware_lambda_0p10,20260805,30,gaussian_noise,0.9207077438019354,0.7844374409957294,-0.1601758358328551,-4.191168746857641,4.030992911024785,4.191168746857641,4.030992911024785,area,8.881784197001252e-16
157185433-157185479-003,nc_aware_lambda_0p10,20260805,10,gaussian_noise,0.8607292351875168,0.7943194715560987,-0.0802942403885363,-0.005474466227082848,-0.07481977416145337,0.005474466227082848,0.07481977416145337,perimeter,-8.326672684688674e-17
157185433-157185479-003,nc_aware_lambda_0p10,20260805,20,gaussian_noise,0.8607292351875168,0.6715397859213542,-0.24820671430275115,-0.2313665304946418,-0.016840183808109085,0.2313665304946418,0.016840183808109085,area,-2.7755575615628914e-16
157185433-157185479-003,nc_aware_lambda_0p10,20260805,30,gaussian_noise,0.8607292351875168,0.3514234490870377,-0.895788073839025,-1.7551318822431352,0.8593438084041103,1.7551318822431352,0.8593438084041103,area,-1.1102230246251565e-16
157185433-157185479-004,nc_aware_lambda_0p10,20260805,10,gaussian_noise,0.9100366247381172,0.8195447493403789,-0.10473584331047142,-0.022604562297397983,-0.08213128101307371,0.022604562297397983,0.08213128101307371,perimeter,2.7755575615628914e-16
157185433-157185479-004,nc_aware_lambda_0p10,20260805,20,gaussian_noise,0.9100366247381172,0.5133583077082117,-0.5725107887302141,-0.3996871308282757,-0.17282365790193846,0.3996871308282757,0.17282365790193846,area,1.1102230246251565e-16
157185433-157185479-004,nc_aware_lambda_0p10,20260805,30,gaussian_noise,0.9100366247381172,1.1978046490993792,0.27476085552217633,-4.794136285500715,5.068897141022891,4.794136285500715,5.068897141022891,perimeter,0.0
157185433-157185479-006,nc_aware_lambda_0p10,20260805,10,gaussian_noise,0.8809014323636788,0.8246982024594345,-0.0659282339301559,-0.05851003937517997,-0.007418194554975769,0.05851003937517997,0.007418194554975769,area,-1.6653345369377348e-16
157185433-157185479-006,nc_aware_lambda_0p10,20260805,20,gaussian_noise,0.8809014323636788,0.6022821397989218,-0.3802197318581379,-1.5822561710117478,1.2020364391536096,1.5822561710117478,1.2020364391536096,area,2.7755575615628914e-16
157185433-157185508-001,nc_aware_lambda_0p10,20260805,10,gaussian_noise,0.7361559847890006,0.6646680322964637,-0.10215431566818169,0.046151894887131756,-0.1483062105553136,0.046151894887131756,0.1483062105553136,perimeter,1.5265566588595902e-16
157185433-157185508-001,nc_aware_lambda_0p10,20260805,20,gaussian_noise,0.7361559847890006,0.5938672435164143,-0.21478623350813347,-0.15201620729862575,-0.06277002620950763,0.15201620729862575,0.06277002620950763,area,-1.1102230246251565e-16
157185730-157185758-001,nc_aware_lambda_0p10,20260805,10,gaussian_noise,0.3810057687508486,0.32595268476781647,-0.15606228400638772,-0.11653068733991762,-0.03953159666647022,0.11653068733991762,0.03953159666647022,area,1.1102230246251565e-16
157185730-157185758-001,nc_aware_lambda_0p10,20260805,20,gaussian_noise,0.3810057687508486,0.2469350880451795,-0.43368901543731053,-1.7388801316848697,1.3051911162475591,1.7388801316848697,1.3051911162475591,area,0.0
157185730-157185758-001,nc_aware_lambda_0p10,20260805,30,gaussian_noise,0.3810057687508486,0.9917822494542865,0.956689060500853,-5.050691778296933,6.007380838797786,5.050691778296933,6.007380838797786,perimeter,-1.1102230246251565e-16
157185781-157185793-003,nc_aware_lambda_0p10,20260805,10,gaussian_noise,0.837159417884331,0.8083732959117262,-0.03499056405300519,-0.13912094731069422,0.10413038325768892,0.13912094731069422,0.10413038325768892,area,1.0408340855860843e-16
157185781-157185793-003,nc_aware_lambda_0p10,20260805,20,gaussian_noise,0.837159417884331,0.473907990466381,-0.5690013258631635,-1.882224651939441,1.3132233260762773,1.882224651939441,1.3132233260762773,area,1.1102230246251565e-16
157222534-157222607-001,nc_aware_lambda_0p10,20260805,10,gaussian_noise,1.4745174920428268,1.5402026030554872,0.04358315596158313,0.04358315596158313,-0.0,0.04358315596158313,0.0,area,0.0
157222534-157222607-001,nc_aware_lambda_0p10,20260805,20,gaussian_noise,1.4745174920428268,1.498947371790474,0.016432297388911023,0.09097177820572679,-0.07453948081681541,0.09097177820572679,0.07453948081681541,area,-3.5041414214731503e-16
157222534-157222607-001,nc_aware_lambda_0p10,20260805,30,gaussian_noise,1.4745174920428268,1.549402823295343,0.04953876916395188,0.12407824998076732,-0.07453948081681541,0.12407824998076732,0.07453948081681541,area,-2.0816681711721685e-17
157222647-157222687-001,nc_aware_lambda_0p10,20260805,10,gaussian_noise,0.7018863977476109,0.6994207546641883,-0.0035190652151958434,-0.003519065215195732,-0.0,0.003519065215195732,0.0,area,-1.1145598333150986e-16
157222647-157222687-001,nc_aware_lambda_0p10,20260805,20,gaussian_noise,0.7018863977476109,0.6821612530802307,-0.028505492997926287,-0.028505492997926287,-0.0,0.028505492997926287,0.0,area,0.0
157222647-157222687-001,nc_aware_lambda_0p10,20260805,30,gaussian_noise,0.7018863977476109,0.6516515580517004,-0.07426156545292974,-0.044904281378050054,-0.029357284074879624,0.044904281378050054,0.029357284074879624,area,-5.551115123125783e-17
157222801-157222811-001,nc_aware_lambda_0p10,20260805,10,gaussian_noise,0.8349114659354744,0.8314397655483434,-0.0041668351121376904,-0.013552966404703456,0.009386131292565597,0.013552966404703456,0.009386131292565597,area,1.682681771697503e-16
157222801-157222811-001,nc_aware_lambda_0p10,20260805,20,gaussian_noise,0.8349114659354744,0.8060106844223235,-0.03522869188374372,-0.03522869188374383,-0.0,0.03522869188374383,0.0,area,1.1102230246251565e-16
157222801-157222811-001,nc_aware_lambda_0p10,20260805,30,gaussian_noise,0.8349114659354744,0.8577470678422275,0.02698357289375762,-0.08526465165468815,0.11224822454844569,0.08526465165468815,0.11224822454844569,perimeter,8.326672684688674e-17
157223549-157223570-001,nc_aware_lambda_0p10,20260805,10,gaussian_noise,0.8786523196623074,0.8507450297125702,-0.03227680754541867,-0.03995537707759451,0.0076785695321756105,0.03995537707759451,0.0076785695321756105,area,2.220446049250313e-16
157223549-157223570-001,nc_aware_lambda_0p10,20260805,20,gaussian_noise,0.8786523196623074,0.8263606180329105,-0.061358016846260424,-0.06903658637843617,0.0076785695321756105,0.06903658637843617,0.0076785695321756105,area,1.3183898417423734e-16
157223549-157223570-001,nc_aware_lambda_0p10,20260805,30,gaussian_noise,0.8786523196623074,0.8278403339401154,-0.05956897628246072,-0.07495570921763126,0.015386732935170332,0.07495570921763126,0.015386732935170332,area,2.0816681711721685e-16
157224412-157224429-001,nc_aware_lambda_0p10,20260805,10,gaussian_noise,1.195081129458197,1.208341391643586,0.011034594723708848,0.011034594723709068,-0.0,0.011034594723709068,0.0,area,-2.203098814490545e-16
157224412-157224429-001,nc_aware_lambda_0p10,20260805,20,gaussian_noise,1.195081129458197,1.1354099496239456,-0.05122029902272388,-0.051220299022723764,-0.0,0.051220299022723764,0.0,area,-1.1796119636642288e-16
157224412-157224429-001,nc_aware_lambda_0p10,20260805,30,gaussian_noise,1.195081129458197,1.2282317849216697,0.0273614880111378,0.0273614880111378,-0.0,0.0273614880111378,0.0,area,0.0
157224458-157224464-001,nc_aware_lambda_0p10,20260805,10,gaussian_noise,0.935429071238318,0.9662893470960869,0.03245799677084823,-0.05431198935373984,0.08676998612458801,0.05431198935373984,0.08676998612458801,perimeter,5.551115123125783e-17
157224458-157224464-001,nc_aware_lambda_0p10,20260805,20,gaussian_noise,0.935429071238318,1.0527250536938593,0.11813204668973908,-0.027239907055331216,0.1453719537450702,0.027239907055331216,0.1453719537450702,perimeter,9.71445146547012e-17
157224458-157224464-001,nc_aware_lambda_0p10,20260805,30,gaussian_noise,0.935429071238318,0.8601722230243144,-0.08387269521761016,-0.2220428357380242,0.13817014052041401,0.2220428357380242,0.13817014052041401,area,1.3877787807814457e-17
157224458-157224483-001,nc_aware_lambda_0p10,20260805,10,gaussian_noise,0.7800169896744157,0.7800169896744157,0.0,0.0,-0.0,0.0,0.0,area,0.0
157224458-157224483-001,nc_aware_lambda_0p10,20260805,20,gaussian_noise,0.7800169896744157,0.7800169896744157,0.0,0.0,-0.0,0.0,0.0,area,0.0
157224458-157224483-001,nc_aware_lambda_0p10,20260805,30,gaussian_noise,0.7800169896744157,0.7655722306063709,-0.018692133012152633,-0.01869213301215252,-0.0,0.01869213301215252,0.0,area,-1.1102230246251565e-16
157227058-157227087-001,nc_aware_lambda_0p10,20260805,10,gaussian_noise,0.5065594476973235,0.4641908566463311,-0.08734588975860079,-0.08926204610680724,0.0019161563482062787,0.08926204610680724,0.0019161563482062787,area,1.6653345369377348e-16
157227058-157227087-001,nc_aware_lambda_0p10,20260805,20,gaussian_noise,0.5065594476973235,0.3232431337700286,-0.44923691020241924,-0.6187080643003221,0.16947115409790262,0.6187080643003221,0.16947115409790262,area,2.7755575615628914e-16
157227461-157227503-003,nc_aware_lambda_0p10,20260805,10,gaussian_noise,0.7845018089168556,0.8179125752058,0.041706576622755516,-0.012590094360072013,0.054296670982827325,0.012590094360072013,0.054296670982827325,perimeter,2.0122792321330962e-16
157227461-157227503-003,nc_aware_lambda_0p10,20260805,20,gaussian_noise,0.7845018089168556,0.29743845731936147,-0.9698415405592636,-0.8727913595831835,-0.09705018097608008,0.8727913595831835,0.09705018097608008,area,0.0
157227461-157227503-003,nc_aware_lambda_0p10,20260805,30,gaussian_noise,0.7845018089168556,1.5378787877345392,0.6731104573519692,-4.312140507209715,4.9852509645616845,4.312140507209715,4.9852509645616845,perimeter,1.1102230246251565e-16
157266930-157266947-001,nc_aware_lambda_0p10,20260805,10,gaussian_noise,0.7396758888441369,0.6768701515159397,-0.08873264751737978,-0.0887326511571796,3.639799798208739e-09,0.0887326511571796,3.639799798208739e-09,area,2.7755575615628914e-17
157266930-157266947-001,nc_aware_lambda_0p10,20260805,20,gaussian_noise,0.7396758888441369,0.45502870491192426,-0.48585159752545143,-0.7628316367464303,0.27698003922097897,0.7628316367464303,0.27698003922097897,area,-1.1102230246251565e-16
157266930-157266947-001,nc_aware_lambda_0p10,20260805,30,gaussian_noise,0.7396758888441369,0.1548920921390677,-1.5634834074793251,-2.2482169005105517,0.684733493031227,2.2482169005105517,0.684733493031227,area,-4.440892098500626e-16
157268504-157268544-001,nc_aware_lambda_0p10,20260805,10,gaussian_noise,0.7720426799988889,0.7306828177152319,-0.055060369776507675,-0.01314847284350621,-0.041911896933001375,0.01314847284350621,0.041911896933001375,perimeter,-9.020562075079397e-17
157268504-157268544-001,nc_aware_lambda_0p10,20260805,20,gaussian_noise,0.7720426799988889,0.7636598357532854,-0.010917384612649893,-0.022011160101351575,0.011093775488701562,0.022011160101351575,0.011093775488701562,area,1.196959198423997e-16
157268504-157268544-001,nc_aware_lambda_0p10,20260805,30,gaussian_noise,0.7720426799988889,0.7653522354042157,-0.008703667175103381,-0.0309530974770129,0.022249430301909394,0.0309530974770129,0.022249430301909394,area,1.249000902703301e-16
158986766-158986776-001,nc_aware_lambda_0p10,20260805,10,gaussian_noise,0.8082056221711003,0.7977262788160423,-0.013050979424531628,-0.010533065572348465,-0.00251791385218337,0.010533065572348465,0.00251791385218337,area,2.0643209364124004e-16
158986766-158986776-001,nc_aware_lambda_0p10,20260805,20,gaussian_noise,0.8082056221711003,0.787192951551282,-0.026343117154935886,-0.017759451960958177,-0.008583665193977857,0.017759451960958177,0.008583665193977857,area,1.491862189340054e-16
158986766-158986776-001,nc_aware_lambda_0p10,20260805,30,gaussian_noise,0.8082056221711003,0.6850591397204707,-0.16531133913694945,-0.15422053418095932,-0.011090804955990246,0.15422053418095932,0.011090804955990246,area,1.1102230246251565e-16
158986813-158986820-001,nc_aware_lambda_0p10,20260805,10,gaussian_noise,0.8419071755378165,0.8289911255406365,-0.015460315275273275,0.001593625835278026,-0.01705394111055134,0.001593625835278026,0.01705394111055134,perimeter,3.8163916471489756e-17
158986813-158986820-001,nc_aware_lambda_0p10,20260805,20,gaussian_noise,0.8419071755378165,0.7982809676746166,-0.05320914003739326,-0.00881062968215492,-0.04439851035523832,0.00881062968215492,0.04439851035523832,perimeter,-1.3877787807814457e-17
158986813-158986820-001,nc_aware_lambda_0p10,20260805,30,gaussian_noise,0.8419071755378165,0.6965386366428497,-0.18954650108772286,-0.12017824638233832,-0.06936825470538449,0.12017824638233832,0.06936825470538449,area,-5.551115123125783e-17
204870858-204870872-001,nc_aware_lambda_0p10,20260805,10,gaussian_noise,0.518842246511405,0.4569366092976891,-0.12705520957161331,-0.03343050624052824,-0.09362470333108487,0.03343050624052824,0.09362470333108487,perimeter,-1.942890293094024e-16
204870858-204870872-001,nc_aware_lambda_0p10,20260805,20,gaussian_noise,0.518842246511405,0.3269445229673638,-0.46180937836604735,-0.1878019609886524,-0.27400741737739515,0.1878019609886524,0.27400741737739515,perimeter,1.6653345369377348e-16
204870858-204870872-001,nc_aware_lambda_0p10,20260805,30,gaussian_noise,0.518842246511405,0.107936907888126,-1.5700530101363779,-0.6521544064303605,-0.9178986037060176,0.6521544064303605,0.9178986037060176,perimeter,2.220446049250313e-16
204870951-204870961-002,nc_aware_lambda_0p10,20260805,10,gaussian_noise,0.5220444339014276,0.49555788673971735,-0.05206853482634753,-0.013015368112070361,-0.03905316671427741,0.013015368112070361,0.03905316671427741,perimeter,2.3592239273284576e-16
204870951-204870961-002,nc_aware_lambda_0p10,20260805,20,gaussian_noise,0.5220444339014276,0.5060825619317993,-0.031052884825975933,-0.054288971411995804,0.023236086586019753,0.054288971411995804,0.023236086586019753,area,1.1796119636642288e-16
204870951-204870961-002,nc_aware_lambda_0p10,20260805,30,gaussian_noise,0.5220444339014276,0.42438569617916866,-0.20711000413522263,-0.13627187118262568,-0.07083813295259704,0.13627187118262568,0.07083813295259704,area,1.1102230246251565e-16
204871030-204871038-001,nc_aware_lambda_0p10,20260805,10,gaussian_noise,0.6759916963238397,0.6652711735894657,-0.015986055052868563,-0.0005575690136085862,-0.015428486039260197,0.0005575690136085862,0.015428486039260197,perimeter,2.220446049250313e-16
204871030-204871038-001,nc_aware_lambda_0p10,20260805,20,gaussian_noise,0.6759916963238397,0.6012663651352808,-0.11714275285313366,-0.04372358952475048,-0.07341916332838343,0.04372358952475048,0.07341916332838343,perimeter,2.498001805406602e-16
204871030-204871038-001,nc_aware_lambda_0p10,20260805,30,gaussian_noise,0.6759916963238397,0.5858667063874071,-0.14308849222235667,-0.10604203112672486,-0.03704646109563191,0.10604203112672486,0.03704646109563191,area,8.326672684688674e-17
204871030-204871038-002,nc_aware_lambda_0p10,20260805,10,gaussian_noise,0.639203265160618,0.6313434100356526,-0.012372556701471176,0.011054084780300476,-0.023426641481771537,0.011054084780300476,0.023426641481771537,perimeter,-1.1449174941446927e-16
204871030-204871038-002,nc_aware_lambda_0p10,20260805,20,gaussian_noise,0.639203265160618,0.6387292888915197,-0.0007417860814783125,-0.007470323365165422,0.0067285372836870345,0.007470323365165422,0.0067285372836870345,area,7.524363077049401e-17
204871030-204871038-002,nc_aware_lambda_0p10,20260805,30,gaussian_noise,0.639203265160618,0.6893080255004108,0.07546573015782132,-0.06498968288670821,0.14045541304452946,0.06498968288670821,0.14045541304452946,perimeter,6.938893903907228e-17
209047342-209047443-001,nc_aware_lambda_0p10,20260805,10,gaussian_noise,0.6817349012668582,0.6902703396087319,0.012442442936339912,0.0025906750240924626,0.009851767912247351,0.0025906750240924626,0.009851767912247351,perimeter,9.71445146547012e-17
209047342-209047443-001,nc_aware_lambda_0p10,20260805,20,gaussian_noise,0.6817349012668582,0.7781150624057526,0.13223353390892262,0.13223353390892262,-0.0,0.13223353390892262,0.0,area,0.0
209047342-209047443-001,nc_aware_lambda_0p10,20260805,30,gaussian_noise,0.6817349012668582,1.081360525276615,0.4613343984738596,0.47113787549874814,-0.009803477024888353,0.47113787549874814,0.009803477024888353,area,-1.6653345369377348e-16
209047526-209047626-001,nc_aware_lambda_0p10,20260805,10,gaussian_noise,0.29093019504286605,0.30130114312424777,0.03502688128466063,0.012044883216522162,0.022981998068138453,0.012044883216522162,0.022981998068138453,perimeter,1.3877787807814457e-17
209047526-209047626-001,nc_aware_lambda_0p10,20260805,20,gaussian_noise,0.29093019504286605,0.329237984730873,0.12369748829477661,-0.026309614559703612,0.15000710285448043,0.026309614559703612,0.15000710285448043,perimeter,-2.0816681711721685e-16
209047526-209047626-001,nc_aware_lambda_0p10,20260805,30,gaussian_noise,0.29093019504286605,0.28417032489537497,-0.02350956487919451,-0.01160779139148619,-0.011901773487708519,0.01160779139148619,0.011901773487708519,perimeter,1.97758476261356e-16
209047526-209047798-001,nc_aware_lambda_0p10,20260805,10,gaussian_noise,0.731395242502382,0.7306544367190426,-0.0010133798560534543,-0.01526747213078842,0.014254092274735097,0.01526747213078842,0.014254092274735097,area,-1.3053794156725473e-16
209047526-209047798-001,nc_aware_lambda_0p10,20260805,20,gaussian_noise,0.731395242502382,0.9949746599038751,0.3077632683522376,0.26469255422708216,0.04307071412515575,0.26469255422708216,0.04307071412515575,area,-2.7755575615628914e-16
209047526-209047798-001,nc_aware_lambda_0p10,20260805,30,gaussian_noise,0.731395242502382,1.9446801164538023,0.977898776929833,0.7031975164134469,0.2747012605163864,0.7031975164134469,0.2747012605163864,area,-3.3306690738754696e-16
209307421-209307504-001,nc_aware_lambda_0p10,20260805,10,gaussian_noise,1.4566303032996215,1.4295805005016655,-0.018744711776027077,-0.025374287609280222,0.006629575833253103,0.025374287609280222,0.006629575833253103,area,4.163336342344337e-17
209307421-209307504-001,nc_aware_lambda_0p10,20260805,20,gaussian_noise,1.4566303032996215,1.1108673321336662,-0.27098466621173917,-0.2803667508754081,0.009382084663668794,0.2803667508754081,0.009382084663668794,area,1.1102230246251565e-16
209307421-209307504-001,nc_aware_lambda_0p10,20260805,30,gaussian_noise,1.4566303032996215,1.0109986767008612,-0.3651871255816748,-0.42731553556239854,0.0621284099807238,0.42731553556239854,0.0621284099807238,area,-5.551115123125783e-17
209522474-209522522-001,nc_aware_lambda_0p10,20260805,10,gaussian_noise,1.4409434966917865,1.4465138282761585,0.003858300135847829,-0.0028752176219271953,0.006733517757775082,0.0028752176219271953,0.006733517757775082,perimeter,-5.767955557622884e-17
209522474-209522522-001,nc_aware_lambda_0p10,20260805,20,gaussian_noise,1.4409434966917865,1.5838485279431762,0.09455955745113813,-0.01650059148193595,0.11106014893307392,0.01650059148193595,0.11106014893307392,perimeter,1.5265566588595902e-16
209522474-209522522-001,nc_aware_lambda_0p10,20260805,30,gaussian_noise,1.4409434966917865,1.5047023649187632,0.04329700939923679,-0.02676912824036259,0.07006613763959937,0.02676912824036259,0.07006613763959937,perimeter,6.938893903907228e-18
209522940-209522970-001,nc_aware_lambda_0p10,20260805,10,gaussian_noise,0.7292067506134287,0.7250424157195284,-0.005727142738499333,-0.013423020332140661,0.007695877593641459,0.013423020332140661,0.007695877593641459,area,-1.3097162243624894e-16
209522940-209522970-001,nc_aware_lambda_0p10,20260805,20,gaussian_noise,0.7292067506134287,0.7564803284650577,0.03671922921685058,-0.016430541396095927,0.05314977061294654,0.016430541396095927,0.05314977061294654,perimeter,-3.469446951953614e-17
209522940-209522970-001,nc_aware_lambda_0p10,20260805,30,gaussian_noise,0.7292067506134287,0.741813178374285,0.017140129975864303,-0.043913187089927995,0.06105331706579249,0.043913187089927995,0.06105331706579249,perimeter,-1.942890293094024e-16
209565409-209565503-001,nc_aware_lambda_0p10,20260805,10,gaussian_noise,0.6503585636398187,0.654652934199436,0.006581376589297994,0.006581376589297994,-0.0,0.006581376589297994,0.0,area,0.0
209565409-209565503-001,nc_aware_lambda_0p10,20260805,20,gaussian_noise,0.6503585636398187,0.655079217855329,0.0072323244495558076,0.0,0.007232324449555697,0.0,0.007232324449555697,perimeter,1.1015494072452725e-16
209565409-209565503-001,nc_aware_lambda_0p10,20260805,30,gaussian_noise,0.6503585636398187,0.6911358591004763,0.06081256958048206,0.0823539350616282,-0.02154136548114609,0.0823539350616282,0.02154136548114609,area,-5.551115123125783e-17
209565409-209565600-001,nc_aware_lambda_0p10,20260805,10,gaussian_noise,0.7068967994216478,0.6771666670678781,-0.042967258189162374,0.012654582851201844,-0.055621841040364356,0.012654582851201844,0.055621841040364356,perimeter,1.3877787807814457e-16
209565409-209565600-001,nc_aware_lambda_0p10,20260805,20,gaussian_noise,0.7068967994216478,0.6808160682676451,-0.03759250652242236,0.018029334517941854,-0.055621841040364356,0.018029334517941854,0.055621841040364356,perimeter,1.457167719820518e-16
209565409-209565600-001,nc_aware_lambda_0p10,20260805,30,gaussian_noise,0.7068967994216478,0.7133270310719358,0.009055298821555188,0.009055298821554968,-0.0,0.009055298821554968,0.0,area,2.203098814490545e-16
209565864-209565890-001,nc_aware_lambda_0p10,20260805,10,gaussian_noise,0.7319156759287111,0.7456773364286011,0.01862767123630351,-0.011851990587014293,0.030479661823317974,0.011851990587014293,0.030479661823317974,perimeter,-1.734723475976807e-16
209565864-209565890-001,nc_aware_lambda_0p10,20260805,20,gaussian_noise,0.7319156759287111,0.745969652278984,0.019019608278161192,-0.01783108164307246,0.036850689921233644,0.01783108164307246,0.036850689921233644,perimeter,6.938893903907228e-18
209565864-209565890-001,nc_aware_lambda_0p10,20260805,30,gaussian_noise,0.7319156759287111,0.7069706343195167,-0.03467618108896198,-0.047244966849365674,0.012568785760403843,0.047244966849365674,0.012568785760403843,area,-1.457167719820518e-16
209565864-209565911-001,nc_aware_lambda_0p10,20260805,10,gaussian_noise,0.7358383213353262,0.730012561178591,-0.007948681410328376,-0.007948681410328376,-0.0,0.007948681410328376,0.0,area,0.0
209565864-209565911-001,nc_aware_lambda_0p10,20260805,20,gaussian_noise,0.7358383213353262,0.7387273533442796,0.003918490380203917,0.010902591338215436,-0.006984100958011626,0.010902591338215436,0.006984100958011626,area,1.0668549377257364e-16
209565864-209565911-001,nc_aware_lambda_0p10,20260805,30,gaussian_noise,0.7358383213353262,0.7385271337153579,0.003647420457043568,0.003647420457043568,-0.0,0.003647420457043568,0.0,area,0.0
209566047-209566095-001,nc_aware_lambda_0p10,20260805,10,gaussian_noise,0.6458256619585173,0.6392385679790886,-0.010251863709569969,0.0008833922835969947,-0.011135255993166934,0.0008833922835969947,0.011135255993166934,perimeter,-2.949029909160572e-17
209566047-209566095-001,nc_aware_lambda_0p10,20260805,20,gaussian_noise,0.6458256619585173,0.6484785159155855,0.0040992800878164384,0.009674657694767646,-0.0055753776069513575,0.009674657694767646,0.0055753776069513575,area,1.5005358067199381e-16
209566047-209566095-001,nc_aware_lambda_0p10,20260805,30,gaussian_noise,0.6458256619585173,0.646011956778867,0.00028841832586233275,0.011423674319029218,-0.011135255993166934,0.011423674319029218,0.011135255993166934,area,4.9060148304969076e-17
209566205-209566247-001,nc_aware_lambda_0p10,20260805,10,gaussian_noise,0.7026715980081129,0.7072876887979472,0.006547858971131238,0.006547858971131238,-0.0,0.006547858971131238,0.0,area,0.0
209566205-209566247-001,nc_aware_lambda_0p10,20260805,20,gaussian_noise,0.7026715980081129,0.6989688620179448,-0.005283444234362043,0.0021873869458004583,-0.007470831180162184,0.0021873869458004583,0.007470831180162184,perimeter,-3.174543961037557e-16
209566205-209566247-001,nc_aware_lambda_0p10,20260805,30,gaussian_noise,0.7026715980081129,0.7145032936718587,0.016697968110343908,0.031611827634347514,-0.01491385952400363,0.031611827634347514,0.01491385952400363,area,2.42861286636753e-17
209566205-209566289-001,nc_aware_lambda_0p10,20260805,10,gaussian_noise,0.6276976493269175,0.6534659218790286,0.04023178420065086,-0.0159260167709861,0.05615780097163676,0.0159260167709861,0.05615780097163676,perimeter,2.0122792321330962e-16
209566205-209566289-001,nc_aware_lambda_0p10,20260805,20,gaussian_noise,0.6276976493269175,0.6403991663345314,0.02003307891553002,-0.04304632299018001,0.06307940190571008,0.04304632299018001,0.06307940190571008,perimeter,-5.204170427930421e-17
209566205-209566289-001,nc_aware_lambda_0p10,20260805,30,gaussian_noise,0.6276976493269175,0.6429754990528771,0.024048018977301824,-0.03210978199433531,0.05615780097163676,0.03210978199433531,0.05615780097163676,perimeter,3.7816971776294395e-16
209566399-209566485-001,nc_aware_lambda_0p10,20260805,10,gaussian_noise,0.7256377693607323,0.7040207081716185,-0.03024317929627324,0.0038265352813676595,-0.03406971457764083,0.0038265352813676595,0.03406971457764083,perimeter,-6.938893903907228e-17
209566399-209566485-001,nc_aware_lambda_0p10,20260805,20,gaussian_noise,0.7256377693607323,0.685161050066186,-0.05739702982423526,0.010171734235218381,-0.06756876405945401,0.010171734235218381,0.06756876405945401,perimeter,3.7470027081099033e-16
209566399-209566485-001,nc_aware_lambda_0p10,20260805,30,gaussian_noise,0.7256377693607323,0.7125352807083853,-0.018221522337617292,0.015848192240023713,-0.03406971457764083,0.015848192240023713,0.03406971457764083,perimeter,-1.734723475976807e-16
